mode,rsi_buy,rsi_sell,ma_fast,ma_slow,vol_min,sharpe,calmar,total_return,ann_return,max_drawdown,num_trades,win_rate,avg_trade_pct,in_market_pct,param_label
momentum,50,55,5,20,0.0,5.786817384647395,131.44876320404956,45.264690011016334,15.338261304872024,-0.1166862352372403,52,0.5,2.7162749234867034,15.06986027944112,momentum/B50/S55/MA5-20/V0.0
momentum,50,55,10,20,0.0,5.602918230491941,98.15625513138183,41.60639839265681,14.38658841717003,-0.14656822836113326,59,0.5254237288135594,2.5294130105002304,15.768463073852296,momentum/B50/S55/MA10-20/V0.0
momentum,50,60,10,20,0.0,5.177315639323498,84.63891130960126,26.155624591851424,10.082261519794276,-0.11912087908260424,55,0.5272727272727272,2.0511070262379363,13.972055888223553,momentum/B50/S60/MA10-20/V0.0
momentum,50,55,5,20,1.0,4.8419967092079315,54.37531486423209,14.440117707683129,6.3448507813467945,-0.1166862352372403,28,0.5714285714285714,4.649123629748593,8.715901530272788,momentum/B50/S55/MA5-20/V1.0
momentum,50,60,5,20,0.0,4.554414432771806,60.53834318285281,15.58464102239973,6.737634633296824,-0.11129532588868778,47,0.48936170212765956,1.6406869823156212,12.807717897538257,momentum/B50/S60/MA5-20/V0.0
momentum,50,55,5,50,0.0,4.509461332188646,49.50053535647696,21.75049602822866,8.741505564447962,-0.17659416209332307,51,0.5294117647058824,1.395077187076995,14.936793080505655,momentum/B50/S55/MA5-50/V0.0
momentum,50,55,10,20,1.0,4.346410539715602,34.32406118287587,10.780030800709248,5.030816837733261,-0.14656822836113326,29,0.6206896551724138,4.689700309812422,8.250166333998669,momentum/B50/S55/MA10-20/V1.0
momentum,50,60,10,20,1.0,4.211487222375108,35.49258028703104,8.68230637887357,4.227907364701047,-0.11912087908260424,28,0.5714285714285714,3.932400479255197,7.218895542248836,momentum/B50/S60/MA10-20/V1.0
momentum,50,65,10,20,0.0,4.167457823498485,30.554505738816324,11.505205879672037,5.299089255362754,-0.17343069793568325,53,0.4716981132075472,0.7387622466599985,14.67065868263473,momentum/B50/S65/MA10-20/V0.0
momentum,50,55,10,50,0.0,4.153218974777916,36.78427668857922,16.18325362450348,6.940124052141687,-0.18867093978489066,52,0.5192307692307693,0.9521091459277804,15.968063872255488,momentum/B50/S55/MA10-50/V0.0
momentum,50,60,5,20,1.0,3.9807579664837283,37.84387159868316,7.52018838823591,3.7629077480426796,-0.09943242033866367,27,0.5555555555555556,3.233522066893352,7.052561543579508,momentum/B50/S60/MA5-20/V1.0
momentum,50,55,20,50,0.0,3.970738190852865,32.50817338178139,17.50078321397586,7.379196567499882,-0.22699511537721212,54,0.5555555555555556,0.5092115258573348,18.09713905522289,momentum/B50/S55/MA20-50/V0.0
momentum,50,60,5,50,0.0,3.8233233800509963,40.83920971142354,13.680575085284955,6.07982292032206,-0.1488721981469052,42,0.5714285714285714,2.287056429496747,13.506320691949433,momentum/B50/S60/MA5-50/V0.0
momentum,50,65,5,20,0.0,3.7694692054154557,23.315058481977914,8.216742244679864,4.043546864940698,-0.1734306979356831,44,0.4090909090909091,0.6101776166286434,13.639387890884896,momentum/B50/S65/MA5-20/V0.0
momentum,50,65,5,50,0.0,3.7511196668277607,40.46550737495984,13.522462063855958,6.024189032040075,-0.1488721981469052,39,0.46153846153846156,3.1495508643015513,15.73519627411843,momentum/B50/S65/MA5-50/V0.0
momentum,45,60,10,20,0.0,3.7302586607883126,28.055459300734867,5.4975244897878115,2.909504720214864,-0.10370547453980389,31,0.41935483870967744,2.5764785155485397,7.0192947438456414,momentum/B45/S60/MA10-20/V0.0
momentum,45,55,10,20,0.0,3.6384418311840876,23.142810003574642,5.0254198764883435,2.7004473721278623,-0.11668623523724003,32,0.5,2.2015100600958473,6.553559547571523,momentum/B45/S55/MA10-20/V0.0
momentum,50,65,10,20,1.0,3.5981828023026243,14.40463663032645,4.578066537991972,2.4982061843074246,-0.17343069793568322,28,0.5357142857142857,1.7866405992300018,6.852960745176315,momentum/B50/S65/MA10-20/V1.0
momentum,50,70,5,50,0.0,3.4480367983695843,35.24256895262375,11.362503059498312,5.246638708320974,-0.14887219814690525,33,0.36363636363636365,4.065973226113185,18.496340652029275,momentum/B50/S70/MA5-50/V0.0
momentum,45,60,10,20,1.0,3.446713398623112,13.366152813000388,1.4692871763679674,0.9319917084766856,-0.06972774601007088,16,0.4375,1.5754083874071134,2.9607451763140387,momentum/B45/S60/MA10-20/V1.0
momentum,50,70,5,50,1.0,3.3794272164285912,27.399224311767476,8.101960691017425,3.9977091221437666,-0.14590592334494748,21,0.47619047619047616,7.17446619477202,10.944777112441784,momentum/B50/S70/MA5-50/V1.0
momentum,45,65,10,20,0.0,3.3564004278056174,17.711437379099483,3.1835818426399793,1.8367730181815345,-0.10370547453980401,29,0.41379310344827586,0.9932072438230811,7.584830339321358,momentum/B45/S65/MA10-20/V0.0
momentum,50,70,10,20,0.0,3.3470169856154484,19.60027177693955,8.025592738231005,3.967124834797385,-0.20240152177200194,48,0.4375,0.7303330163593134,19.228210246174317,momentum/B50/S70/MA10-20/V0.0
momentum,45,70,10,20,0.0,3.3141700327245163,16.293334015051983,3.3186348435350137,1.9032014978353287,-0.11680859768032299,29,0.41379310344827586,1.2935964366324684,9.148369926813041,momentum/B45/S70/MA10-20/V0.0
momentum,50,55,5,50,1.0,3.294818806332017,16.70021284152296,6.2532832104125164,3.2358094103758024,-0.19375857308419286,27,0.5185185185185185,2.2689611447088898,7.984031936127744,momentum/B50/S55/MA5-50/V1.0
momentum,50,75,10,20,0.0,3.292661839218859,20.056913716142205,8.25690689059995,4.059549858196915,-0.20240152177200166,48,0.4166666666666667,0.961686377748591,19.8270126413839,momentum/B50/S75/MA10-20/V0.0
momentum,45,55,10,20,1.0,3.2862154888698605,18.89447689694558,1.2605542249555337,0.8115935956804676,-0.04295401244009392,17,0.5294117647058824,0.9988493370548177,2.7278775781769795,momentum/B45/S55/MA10-20/V1.0
momentum,50,55,20,50,1.0,3.252217946515156,21.51223997423583,7.423074745670823,3.723295182611495,-0.17307798662857546,32,0.53125,0.7234723441512624,10.479041916167663,momentum/B50/S55/MA20-50/V1.0
momentum,50,65,5,20,1.0,3.2513999245886454,11.967333074511854,3.6742833687188687,2.075502927541376,-0.17343069793568316,25,0.48,1.1305350844342492,7.052561543579508,momentum/B50/S65/MA5-20/V1.0
momentum,50,55,10,50,1.0,3.2102243451890105,15.420959155067306,5.995507524270504,3.1255994675658956,-0.20268515311765337,28,0.5357142857142857,1.5800042149127658,9.148369926813041,momentum/B50/S55/MA10-50/V1.0
momentum,50,60,10,50,0.0,3.1806765809070496,17.32482237181925,8.154338095448239,4.018645262331224,-0.23195881470438606,42,0.5714285714285714,1.672185078734555,14.737192282102463,momentum/B50/S60/MA10-50/V0.0
momentum,45,75,10,20,0.0,3.157400079938778,16.754152243898456,3.428918311502642,1.9570290289324155,-0.11680859768032299,28,0.42857142857142855,1.818221323204813,9.813705921490353,momentum/B45/S75/MA10-20/V0.0
momentum,50,75,5,20,0.0,3.1061787294770453,19.517110399644938,6.605907204451989,3.3848660782982005,-0.1734306979356831,41,0.34146341463414637,0.9739219996946318,18.330006653359945,momentum/B50/S75/MA5-20/V0.0
momentum,50,75,5,20,1.0,3.0818723820053138,14.666798437555325,4.677819553805034,2.5436730895072084,-0.17343069793568322,25,0.4,2.7352642389418214,12.242182302062542,momentum/B50/S75/MA5-20/V1.0
momentum,50,70,10,20,1.0,3.0816852839775253,13.349906589036543,4.485654325804374,2.4558878472580936,-0.18396292370127618,26,0.5,2.625937811269069,11.676646706586826,momentum/B50/S70/MA10-20/V1.0
momentum,45,65,10,20,1.0,3.079573445097511,13.714793403811518,1.5120345071200325,0.9563016310415635,-0.06972774601007077,15,0.4,2.0098561123586265,4.324683965402528,momentum/B45/S65/MA10-20/V1.0
momentum,45,70,5,50,0.0,3.0592302155356927,14.446858931141689,3.582054266871176,2.031173149361061,-0.14059617796797744,24,0.25,3.0757354954427782,6.487025948103792,momentum/B45/S70/MA5-50/V0.0
momentum,50,60,20,50,0.0,3.0395953300693987,20.314824499607006,8.899332802029353,4.313022338321421,-0.2123091114277092,44,0.5909090909090909,1.3483096611151164,17.964071856287426,momentum/B50/S60/MA20-50/V0.0
momentum,50,65,5,50,1.0,3.03167699216984,20.643513335200353,5.732501727635077,3.012010874256144,-0.14590592334494748,23,0.5217391304347826,4.510911608992084,8.483033932135728,momentum/B50/S65/MA5-50/V1.0
momentum,50,70,5,20,0.0,3.0205604643128217,17.51338401110487,5.790954514655542,3.0373584122615513,-0.17343069793568316,41,0.34146341463414637,0.39682510820816597,17.731204258150367,momentum/B50/S70/MA5-20/V0.0
momentum,50,75,10,20,1.0,3.0077135672364887,13.72755518484059,4.637586082186078,2.5253611870738895,-0.18396292370127632,26,0.46153846153846156,2.9787038251255966,12.375249500998004,momentum/B50/S75/MA10-20/V1.0
momentum,50,70,5,20,1.0,2.9967460725409216,13.019885180502719,4.059257670504451,2.2580477738970455,-0.17343069793568322,25,0.4,1.8653760947692575,11.543579507651364,momentum/B50/S70/MA5-20/V1.0
momentum,45,65,10,50,1.0,2.9868469874182244,12.9454338190902,3.149824754112651,1.8200785171014795,-0.14059617796797744,13,0.46153846153846156,6.636800119300419,4.424484364604125,momentum/B45/S65/MA10-50/V1.0
momentum,45,55,10,50,0.0,2.970873947606449,14.5792681679012,4.068292249646356,2.2622854574052593,-0.1551714003303729,33,0.3939393939393939,-0.12944345663583634,8.582834331337326,momentum/B45/S55/MA10-50/V0.0
momentum,45,65,5,50,0.0,2.9599676674432582,13.619653740158343,3.342480047659656,1.914871261113532,-0.14059617796797744,24,0.25,2.610380497835673,6.487025948103792,momentum/B45/S65/MA5-50/V0.0
trend,50,60,5,20,0.0,2.924354223598142,19.867414882481256,16.392218522673193,7.010356306145123,-0.3528569946121543,100,0.32,0.9407212344029345,49.50099800399202,trend/MA5-20/V0.0
trend,30,55,5,20,0.0,2.924354223598142,19.867414882481256,16.392218522673193,7.010356306145123,-0.3528569946121543,100,0.32,0.9407212344029345,49.50099800399202,trend/MA5-20/V0.0
trend,40,70,5,20,0.0,2.924354223598142,19.867414882481256,16.392218522673193,7.010356306145123,-0.3528569946121543,100,0.32,0.9407212344029345,49.50099800399202,trend/MA5-20/V0.0
trend,35,55,5,20,0.0,2.924354223598142,19.867414882481256,16.392218522673193,7.010356306145123,-0.3528569946121543,100,0.32,0.9407212344029345,49.50099800399202,trend/MA5-20/V0.0
trend,50,70,5,20,0.0,2.924354223598142,19.867414882481256,16.392218522673193,7.010356306145123,-0.3528569946121543,100,0.32,0.9407212344029345,49.50099800399202,trend/MA5-20/V0.0
trend,30,75,5,20,0.0,2.924354223598142,19.867414882481256,16.392218522673193,7.010356306145123,-0.3528569946121543,100,0.32,0.9407212344029345,49.50099800399202,trend/MA5-20/V0.0
trend,30,60,5,20,0.0,2.924354223598142,19.867414882481256,16.392218522673193,7.010356306145123,-0.3528569946121543,100,0.32,0.9407212344029345,49.50099800399202,trend/MA5-20/V0.0
trend,50,55,5,20,0.0,2.924354223598142,19.867414882481256,16.392218522673193,7.010356306145123,-0.3528569946121543,100,0.32,0.9407212344029345,49.50099800399202,trend/MA5-20/V0.0
trend,35,70,5,20,0.0,2.924354223598142,19.867414882481256,16.392218522673193,7.010356306145123,-0.3528569946121543,100,0.32,0.9407212344029345,49.50099800399202,trend/MA5-20/V0.0
trend,35,65,5,20,0.0,2.924354223598142,19.867414882481256,16.392218522673193,7.010356306145123,-0.3528569946121543,100,0.32,0.9407212344029345,49.50099800399202,trend/MA5-20/V0.0
trend,50,65,5,20,0.0,2.924354223598142,19.867414882481256,16.392218522673193,7.010356306145123,-0.3528569946121543,100,0.32,0.9407212344029345,49.50099800399202,trend/MA5-20/V0.0
trend,50,75,5,20,0.0,2.924354223598142,19.867414882481256,16.392218522673193,7.010356306145123,-0.3528569946121543,100,0.32,0.9407212344029345,49.50099800399202,trend/MA5-20/V0.0
trend,45,75,5,20,0.0,2.924354223598142,19.867414882481256,16.392218522673193,7.010356306145123,-0.3528569946121543,100,0.32,0.9407212344029345,49.50099800399202,trend/MA5-20/V0.0
trend,30,70,5,20,0.0,2.924354223598142,19.867414882481256,16.392218522673193,7.010356306145123,-0.3528569946121543,100,0.32,0.9407212344029345,49.50099800399202,trend/MA5-20/V0.0
trend,30,65,5,20,0.0,2.924354223598142,19.867414882481256,16.392218522673193,7.010356306145123,-0.3528569946121543,100,0.32,0.9407212344029345,49.50099800399202,trend/MA5-20/V0.0
trend,45,55,5,20,0.0,2.924354223598142,19.867414882481256,16.392218522673193,7.010356306145123,-0.3528569946121543,100,0.32,0.9407212344029345,49.50099800399202,trend/MA5-20/V0.0
trend,40,65,5,20,0.0,2.924354223598142,19.867414882481256,16.392218522673193,7.010356306145123,-0.3528569946121543,100,0.32,0.9407212344029345,49.50099800399202,trend/MA5-20/V0.0
trend,40,60,5,20,0.0,2.924354223598142,19.867414882481256,16.392218522673193,7.010356306145123,-0.3528569946121543,100,0.32,0.9407212344029345,49.50099800399202,trend/MA5-20/V0.0
trend,45,70,5,20,0.0,2.924354223598142,19.867414882481256,16.392218522673193,7.010356306145123,-0.3528569946121543,100,0.32,0.9407212344029345,49.50099800399202,trend/MA5-20/V0.0
trend,35,75,5,20,0.0,2.924354223598142,19.867414882481256,16.392218522673193,7.010356306145123,-0.3528569946121543,100,0.32,0.9407212344029345,49.50099800399202,trend/MA5-20/V0.0
trend,35,60,5,20,0.0,2.924354223598142,19.867414882481256,16.392218522673193,7.010356306145123,-0.3528569946121543,100,0.32,0.9407212344029345,49.50099800399202,trend/MA5-20/V0.0
trend,45,65,5,20,0.0,2.924354223598142,19.867414882481256,16.392218522673193,7.010356306145123,-0.3528569946121543,100,0.32,0.9407212344029345,49.50099800399202,trend/MA5-20/V0.0
trend,40,75,5,20,0.0,2.924354223598142,19.867414882481256,16.392218522673193,7.010356306145123,-0.3528569946121543,100,0.32,0.9407212344029345,49.50099800399202,trend/MA5-20/V0.0
trend,40,55,5,20,0.0,2.924354223598142,19.867414882481256,16.392218522673193,7.010356306145123,-0.3528569946121543,100,0.32,0.9407212344029345,49.50099800399202,trend/MA5-20/V0.0
trend,45,60,5,20,0.0,2.924354223598142,19.867414882481256,16.392218522673193,7.010356306145123,-0.3528569946121543,100,0.32,0.9407212344029345,49.50099800399202,trend/MA5-20/V0.0
momentum,50,65,10,50,0.0,2.9207388309209024,15.022605422711631,6.844426098648073,3.4846257476238724,-0.23195881470438606,38,0.4473684210526316,2.210019282503664,17.465069860279442,momentum/B50/S65/MA10-50/V0.0
momentum,50,60,5,50,1.0,2.9201132430648853,19.396660586174377,5.317043688234245,2.8300876726343267,-0.14590592334494767,23,0.5652173913043478,3.8466728006394844,8.117099135063206,momentum/B50/S60/MA5-50/V1.0
momentum,45,55,5,50,0.0,2.898435336093685,20.43322422985126,3.061065117191913,1.7760055190669903,-0.08691753680617827,25,0.36,0.7322832885460624,5.788423153692615,momentum/B45/S55/MA5-50/V0.0
momentum,50,55,5,20,1.5,2.8829463412713188,10.983144541407883,2.1025284455572275,1.281581787603332,-0.1166862352372403,12,0.3333333333333333,4.811838810902459,2.9940119760479043,momentum/B50/S55/MA5-20/V1.5
momentum,50,65,5,20,1.5,2.839768171076764,16.552427860777463,1.1378702746542557,0.7394244624038622,-0.04467166198355699,12,0.4166666666666667,0.6371575710121755,3.4597471723220226,momentum/B50/S65/MA5-20/V1.5
momentum,50,65,20,50,0.0,2.786152766492189,14.116645583814066,7.329176937887574,3.684876297211665,-0.26103058799157564,40,0.475,1.8597259262338648,20.85828343313373,momentum/B50/S65/MA20-50/V0.0
momentum,45,60,5,50,0.0,2.777113773743626,12.395689901840191,2.994510535585566,1.7427866234749843,-0.14059617796797744,24,0.2916666666666667,2.182146158214034,6.121091151031271,momentum/B45/S60/MA5-50/V0.0
momentum,45,70,10,50,1.0,2.7758293148507938,11.647407770839326,2.785717881540294,1.6375810158145292,-0.14059617796797744,13,0.46153846153846156,6.276489918860892,5.023286759813706,momentum/B45/S70/MA10-50/V1.0
momentum,45,70,10,20,1.0,2.731355482203933,11.997183989727178,1.3033851192204344,0.836536598071786,-0.06972774601007092,15,0.4,1.7389795908331642,4.9234863606121095,momentum/B45/S70/MA10-20/V1.0
momentum,45,60,10,50,1.0,2.726275503447849,11.486469408044776,2.7412112754919216,1.6149536971171918,-0.14059617796797744,13,0.46153846153846156,5.8561549757868745,4.524284763805722,momentum/B45/S60/MA10-50/V1.0
momentum,50,60,5,20,1.5,2.710593338551279,12.14746050816817,1.8786314106239286,1.1604128424975428,-0.09552719613430811,12,0.4166666666666667,4.515327424461002,3.6926147704590817,momentum/B50/S60/MA5-20/V1.5
momentum,45,55,10,50,1.0,2.7082461198447993,17.711078051742486,2.59365024906438,1.5394032784394236,-0.08691753680617827,14,0.5,2.3750354777683023,4.39121756487026,momentum/B45/S55/MA10-50/V1.0
momentum,45,65,10,50,0.0,2.677080822287484,12.792200434615124,3.4864892540021755,1.9849836547460367,-0.15517140033037313,30,0.3,1.3042375435251627,9.481037924151696,momentum/B45/S65/MA10-50/V0.0
momentum,50,70,20,50,1.0,2.675092446258913,13.397404650174792,5.7663010970045665,3.026674925248231,-0.22591501893680152,25,0.48,3.682382511470253,15.003326679973386,momentum/B50/S70/MA20-50/V1.0
momentum,45,70,10,50,0.0,2.6317202505369615,10.435843707302102,3.422925506325951,1.9541134620084621,-0.1872501655655443,29,0.3103448275862069,1.5817225940514077,10.046573519627412,momentum/B45/S70/MA10-50/V0.0
momentum,45,70,5,50,1.0,2.6111350540325784,9.603583963411065,2.231367810395077,1.3502272000501563,-0.14059617796797744,9,0.4444444444444444,9.765794354966049,3.293413173652695,momentum/B45/S70/MA5-50/V1.0
momentum,45,65,5,50,1.0,2.601671243947888,9.668974255052177,2.248730792822567,1.359420825131108,-0.14059617796797744,9,0.4444444444444444,9.242256872570264,3.526280771789754,momentum/B45/S65/MA5-50/V1.0
momentum,45,60,10,50,0.0,2.589570946792559,12.144080149721301,3.2803205978310066,1.8844139225565355,-0.15517140033037263,31,0.3548387096774194,1.0493905136512083,8.815701929474384,momentum/B45/S60/MA10-50/V0.0
momentum,50,70,10,50,1.0,2.583096732385176,11.644229696961409,4.654605461433395,2.5331117192678065,-0.21754223209190288,20,0.5,5.795710207059946,13.972055888223553,momentum/B50/S70/MA10-50/V1.0
momentum,40,55,10,20,0.0,2.5783165088541993,7.680266392216454,0.6958936383895777,0.4693549914214721,-0.06111181142064795,10,0.5,0.16045691411988935,1.3639387890884898,momentum/B40/S55/MA10-20/V0.0
momentum,50,70,10,50,0.0,2.5751314862579537,12.322754136501022,5.38116220886319,2.858371443396347,-0.23195881470438603,32,0.375,3.054038163554381,20.42581503659348,momentum/B50/S70/MA10-50/V0.0
momentum,50,70,20,50,0.0,2.555930152792092,10.80041977213093,6.089448685145946,3.165888893308206,-0.29312646731355463,36,0.3888888888888889,2.071137212623806,22.954091816367264,momentum/B50/S70/MA20-50/V0.0
momentum,40,65,10,20,0.0,2.506462935465315,7.236917629540274,0.7520002273983413,0.5046139543683881,-0.06972774601007083,10,0.4,0.5532799361676689,1.9294743845642048,momentum/B40/S65/MA10-20/V0.0
momentum,50,60,20,50,1.0,2.5025166351128623,11.421813880372277,4.7586566408334505,2.5803592990769237,-0.22591501893680138,28,0.5714285714285714,1.882779988666972,12.142381902860945,momentum/B50/S60/MA20-50/V1.0
momentum,50,75,5,50,0.0,2.4944425522433904,10.566764668024277,5.447521495720805,2.8875625366145625,-0.27326836807036275,29,0.3448275862068966,3.000903337462563,21.39055222887558,momentum/B50/S75/MA5-50/V0.0
momentum,50,65,20,50,1.0,2.4800620639101774,11.206539062116716,4.651560408419552,2.531725484434102,-0.22591501893680133,27,0.5185185185185185,2.369168752985254,13.140385894876912,momentum/B50/S65/MA20-50/V1.0
momentum,40,60,10,20,0.0,2.4657484393622315,6.473874490207098,0.6675275040830755,0.4514086761542382,-0.06972774601007097,10,0.4,-0.10930276415088065,1.66333998669328,momentum/B40/S60/MA10-20/V0.0
trend,30,70,10,20,0.0,2.4574915694598682,11.107333222108016,9.463277560767459,4.531866760159602,-0.40800673478845334,78,0.358974358974359,1.9593411673101775,50.56553559547572,trend/MA10-20/V0.0
trend,45,55,10,20,0.0,2.4574915694598682,11.107333222108016,9.463277560767459,4.531866760159602,-0.40800673478845334,78,0.358974358974359,1.9593411673101775,50.56553559547572,trend/MA10-20/V0.0
trend,40,75,10,20,0.0,2.4574915694598682,11.107333222108016,9.463277560767459,4.531866760159602,-0.40800673478845334,78,0.358974358974359,1.9593411673101775,50.56553559547572,trend/MA10-20/V0.0
trend,45,60,10,20,0.0,2.4574915694598682,11.107333222108016,9.463277560767459,4.531866760159602,-0.40800673478845334,78,0.358974358974359,1.9593411673101775,50.56553559547572,trend/MA10-20/V0.0
trend,40,65,10,20,0.0,2.4574915694598682,11.107333222108016,9.463277560767459,4.531866760159602,-0.40800673478845334,78,0.358974358974359,1.9593411673101775,50.56553559547572,trend/MA10-20/V0.0
trend,45,70,10,20,0.0,2.4574915694598682,11.107333222108016,9.463277560767459,4.531866760159602,-0.40800673478845334,78,0.358974358974359,1.9593411673101775,50.56553559547572,trend/MA10-20/V0.0
trend,40,60,10,20,0.0,2.4574915694598682,11.107333222108016,9.463277560767459,4.531866760159602,-0.40800673478845334,78,0.358974358974359,1.9593411673101775,50.56553559547572,trend/MA10-20/V0.0
trend,45,75,10,20,0.0,2.4574915694598682,11.107333222108016,9.463277560767459,4.531866760159602,-0.40800673478845334,78,0.358974358974359,1.9593411673101775,50.56553559547572,trend/MA10-20/V0.0
trend,30,75,10,20,0.0,2.4574915694598682,11.107333222108016,9.463277560767459,4.531866760159602,-0.40800673478845334,78,0.358974358974359,1.9593411673101775,50.56553559547572,trend/MA10-20/V0.0
trend,35,65,10,20,0.0,2.4574915694598682,11.107333222108016,9.463277560767459,4.531866760159602,-0.40800673478845334,78,0.358974358974359,1.9593411673101775,50.56553559547572,trend/MA10-20/V0.0
trend,35,70,10,20,0.0,2.4574915694598682,11.107333222108016,9.463277560767459,4.531866760159602,-0.40800673478845334,78,0.358974358974359,1.9593411673101775,50.56553559547572,trend/MA10-20/V0.0
trend,30,55,10,20,0.0,2.4574915694598682,11.107333222108016,9.463277560767459,4.531866760159602,-0.40800673478845334,78,0.358974358974359,1.9593411673101775,50.56553559547572,trend/MA10-20/V0.0
trend,50,70,10,20,0.0,2.4574915694598682,11.107333222108016,9.463277560767459,4.531866760159602,-0.40800673478845334,78,0.358974358974359,1.9593411673101775,50.56553559547572,trend/MA10-20/V0.0
trend,50,65,10,20,0.0,2.4574915694598682,11.107333222108016,9.463277560767459,4.531866760159602,-0.40800673478845334,78,0.358974358974359,1.9593411673101775,50.56553559547572,trend/MA10-20/V0.0
trend,40,55,10,20,0.0,2.4574915694598682,11.107333222108016,9.463277560767459,4.531866760159602,-0.40800673478845334,78,0.358974358974359,1.9593411673101775,50.56553559547572,trend/MA10-20/V0.0
trend,30,65,10,20,0.0,2.4574915694598682,11.107333222108016,9.463277560767459,4.531866760159602,-0.40800673478845334,78,0.358974358974359,1.9593411673101775,50.56553559547572,trend/MA10-20/V0.0
trend,50,60,10,20,0.0,2.4574915694598682,11.107333222108016,9.463277560767459,4.531866760159602,-0.40800673478845334,78,0.358974358974359,1.9593411673101775,50.56553559547572,trend/MA10-20/V0.0
trend,35,55,10,20,0.0,2.4574915694598682,11.107333222108016,9.463277560767459,4.531866760159602,-0.40800673478845334,78,0.358974358974359,1.9593411673101775,50.56553559547572,trend/MA10-20/V0.0
trend,45,65,10,20,0.0,2.4574915694598682,11.107333222108016,9.463277560767459,4.531866760159602,-0.40800673478845334,78,0.358974358974359,1.9593411673101775,50.56553559547572,trend/MA10-20/V0.0
trend,40,70,10,20,0.0,2.4574915694598682,11.107333222108016,9.463277560767459,4.531866760159602,-0.40800673478845334,78,0.358974358974359,1.9593411673101775,50.56553559547572,trend/MA10-20/V0.0
trend,50,55,10,20,0.0,2.4574915694598682,11.107333222108016,9.463277560767459,4.531866760159602,-0.40800673478845334,78,0.358974358974359,1.9593411673101775,50.56553559547572,trend/MA10-20/V0.0
trend,35,60,10,20,0.0,2.4574915694598682,11.107333222108016,9.463277560767459,4.531866760159602,-0.40800673478845334,78,0.358974358974359,1.9593411673101775,50.56553559547572,trend/MA10-20/V0.0
trend,50,75,10,20,0.0,2.4574915694598682,11.107333222108016,9.463277560767459,4.531866760159602,-0.40800673478845334,78,0.358974358974359,1.9593411673101775,50.56553559547572,trend/MA10-20/V0.0
trend,30,60,10,20,0.0,2.4574915694598682,11.107333222108016,9.463277560767459,4.531866760159602,-0.40800673478845334,78,0.358974358974359,1.9593411673101775,50.56553559547572,trend/MA10-20/V0.0
trend,35,75,10,20,0.0,2.4574915694598682,11.107333222108016,9.463277560767459,4.531866760159602,-0.40800673478845334,78,0.358974358974359,1.9593411673101775,50.56553559547572,trend/MA10-20/V0.0
momentum,45,55,5,20,0.0,2.452644987285906,8.820451039896934,1.857820673680052,1.1490229261654679,-0.13026804649424073,17,0.35294117647058826,2.7399934430699453,3.7591483699268133,momentum/B45/S55/MA5-20/V0.0
momentum,45,55,20,50,0.0,2.4194486439635483,5.9286021960059285,3.237439578207284,1.86333277847789,-0.3142954640696265,38,0.42105263157894735,-0.9090079703510495,12.608117099135063,momentum/B45/S55/MA20-50/V0.0
momentum,50,75,5,50,1.0,2.4075335224581424,8.486557208889721,4.143779941180347,2.2976133931253666,-0.270735627719401,18,0.3888888888888889,5.930531590794706,13.83898868928809,momentum/B50/S75/MA5-50/V1.0
momentum,50,60,10,50,1.0,2.396226541894628,9.303176377578136,3.6319809869580997,2.0552001125306436,-0.22091380718997683,24,0.5833333333333334,2.49436183542002,9.647371922821025,momentum/B50/S60/MA10-50/V1.0
momentum,45,55,20,50,1.0,2.3887227977487666,9.901437785428493,2.427529829219983,1.4533346565339702,-0.14678016344987577,18,0.4444444444444444,-0.13477028567962868,6.453759148369927,momentum/B45/S55/MA20-50/V1.0
momentum,50,65,10,50,1.0,2.38205273202454,9.3228382825455,3.5757019530388883,2.0281110494167938,-0.21754223209190324,23,0.5217391304347826,3.0750430735277634,10.67864271457086,momentum/B50/S65/MA10-50/V1.0
momentum,45,55,5,50,1.0,2.3724615579830814,13.434567137880634,1.8919664459192091,1.167699483681813,-0.08691753680617827,10,0.5,3.272709943386541,3.293413173652695,momentum/B45/S55/MA5-50/V1.0
momentum,45,60,5,50,1.0,2.364931636904044,8.604649631922808,1.9693040002712832,1.2097808510019106,-0.14059617796797744,9,0.4444444444444444,8.260137730494558,3.592814371257485,momentum/B45/S60/MA5-50/V1.0
momentum,45,65,20,50,1.0,2.3279625578322283,9.420189786617714,2.4302824809255674,1.4547699299023855,-0.15443106379544774,17,0.4117647058823529,2.897823843060504,6.786427145708583,momentum/B45/S65/MA20-50/V1.0
momentum,50,75,5,20,1.5,2.3236060788906645,12.252279044761565,1.1578137024257615,0.7512312322433554,-0.061313591495824014,12,0.3333333333333333,1.815925189824404,5.222887558216899,momentum/B50/S75/MA5-20/V1.5
momentum,45,65,10,50,1.5,2.3069352532507788,7.643072581719746,1.7228341852110365,1.0745867929216382,-0.14059617796797744,6,0.6666666666666666,13.521624591625168,2.4617431803060548,momentum/B45/S65/MA10-50/V1.5
momentum,45,55,20,50,1.5,2.302446295541604,11.939456265974423,1.916693411671412,1.181186917119022,-0.09893138270334967,9,0.4444444444444444,1.337587972177026,3.1603459747172327,momentum/B45/S55/MA20-50/V1.5
momentum,45,75,10,20,1.0,2.2994687129459215,6.573188553273056,1.0640242663551702,0.6954431684356532,-0.10579997253986637,15,0.4,0.905740771884919,5.322687957418496,momentum/B45/S75/MA10-20/V1.0
momentum,45,70,10,50,1.5,2.2921987084342934,7.496841513497868,1.685864702619818,1.0540272636294676,-0.14059617796797744,6,0.6666666666666666,13.861200975137185,2.3286759813705924,momentum/B45/S70/MA10-50/V1.5
trend,30,70,10,20,1.5,2.2486861553816024,5.570915866792927,1.567467544064554,0.9876592704718672,-0.17728849153136544,10,0.5,6.901025492382276,9.181636726546905,trend/MA10-20/V1.5
trend,30,75,10,20,1.5,2.2486861553816024,5.570915866792927,1.567467544064554,0.9876592704718672,-0.17728849153136544,10,0.5,6.901025492382276,9.181636726546905,trend/MA10-20/V1.5
trend,30,60,10,20,1.5,2.2486861553816024,5.570915866792927,1.567467544064554,0.9876592704718672,-0.17728849153136544,10,0.5,6.901025492382276,9.181636726546905,trend/MA10-20/V1.5
trend,50,65,10,20,1.5,2.2486861553816024,5.570915866792927,1.567467544064554,0.9876592704718672,-0.17728849153136544,10,0.5,6.901025492382276,9.181636726546905,trend/MA10-20/V1.5
trend,50,60,10,20,1.5,2.2486861553816024,5.570915866792927,1.567467544064554,0.9876592704718672,-0.17728849153136544,10,0.5,6.901025492382276,9.181636726546905,trend/MA10-20/V1.5
trend,50,70,10,20,1.5,2.2486861553816024,5.570915866792927,1.567467544064554,0.9876592704718672,-0.17728849153136544,10,0.5,6.901025492382276,9.181636726546905,trend/MA10-20/V1.5
trend,35,60,10,20,1.5,2.2486861553816024,5.570915866792927,1.567467544064554,0.9876592704718672,-0.17728849153136544,10,0.5,6.901025492382276,9.181636726546905,trend/MA10-20/V1.5
trend,45,75,10,20,1.5,2.2486861553816024,5.570915866792927,1.567467544064554,0.9876592704718672,-0.17728849153136544,10,0.5,6.901025492382276,9.181636726546905,trend/MA10-20/V1.5
trend,30,55,10,20,1.5,2.2486861553816024,5.570915866792927,1.567467544064554,0.9876592704718672,-0.17728849153136544,10,0.5,6.901025492382276,9.181636726546905,trend/MA10-20/V1.5
trend,35,70,10,20,1.5,2.2486861553816024,5.570915866792927,1.567467544064554,0.9876592704718672,-0.17728849153136544,10,0.5,6.901025492382276,9.181636726546905,trend/MA10-20/V1.5
trend,35,75,10,20,1.5,2.2486861553816024,5.570915866792927,1.567467544064554,0.9876592704718672,-0.17728849153136544,10,0.5,6.901025492382276,9.181636726546905,trend/MA10-20/V1.5
trend,45,65,10,20,1.5,2.2486861553816024,5.570915866792927,1.567467544064554,0.9876592704718672,-0.17728849153136544,10,0.5,6.901025492382276,9.181636726546905,trend/MA10-20/V1.5
trend,40,55,10,20,1.5,2.2486861553816024,5.570915866792927,1.567467544064554,0.9876592704718672,-0.17728849153136544,10,0.5,6.901025492382276,9.181636726546905,trend/MA10-20/V1.5
trend,50,55,10,20,1.5,2.2486861553816024,5.570915866792927,1.567467544064554,0.9876592704718672,-0.17728849153136544,10,0.5,6.901025492382276,9.181636726546905,trend/MA10-20/V1.5
trend,35,65,10,20,1.5,2.2486861553816024,5.570915866792927,1.567467544064554,0.9876592704718672,-0.17728849153136544,10,0.5,6.901025492382276,9.181636726546905,trend/MA10-20/V1.5
trend,40,60,10,20,1.5,2.2486861553816024,5.570915866792927,1.567467544064554,0.9876592704718672,-0.17728849153136544,10,0.5,6.901025492382276,9.181636726546905,trend/MA10-20/V1.5
trend,45,60,10,20,1.5,2.2486861553816024,5.570915866792927,1.567467544064554,0.9876592704718672,-0.17728849153136544,10,0.5,6.901025492382276,9.181636726546905,trend/MA10-20/V1.5
trend,40,70,10,20,1.5,2.2486861553816024,5.570915866792927,1.567467544064554,0.9876592704718672,-0.17728849153136544,10,0.5,6.901025492382276,9.181636726546905,trend/MA10-20/V1.5
trend,50,75,10,20,1.5,2.2486861553816024,5.570915866792927,1.567467544064554,0.9876592704718672,-0.17728849153136544,10,0.5,6.901025492382276,9.181636726546905,trend/MA10-20/V1.5
trend,35,55,10,20,1.5,2.2486861553816024,5.570915866792927,1.567467544064554,0.9876592704718672,-0.17728849153136544,10,0.5,6.901025492382276,9.181636726546905,trend/MA10-20/V1.5
trend,30,65,10,20,1.5,2.2486861553816024,5.570915866792927,1.567467544064554,0.9876592704718672,-0.17728849153136544,10,0.5,6.901025492382276,9.181636726546905,trend/MA10-20/V1.5
trend,40,65,10,20,1.5,2.2486861553816024,5.570915866792927,1.567467544064554,0.9876592704718672,-0.17728849153136544,10,0.5,6.901025492382276,9.181636726546905,trend/MA10-20/V1.5
trend,45,70,10,20,1.5,2.2486861553816024,5.570915866792927,1.567467544064554,0.9876592704718672,-0.17728849153136544,10,0.5,6.901025492382276,9.181636726546905,trend/MA10-20/V1.5
trend,45,55,10,20,1.5,2.2486861553816024,5.570915866792927,1.567467544064554,0.9876592704718672,-0.17728849153136544,10,0.5,6.901025492382276,9.181636726546905,trend/MA10-20/V1.5
trend,40,75,10,20,1.5,2.2486861553816024,5.570915866792927,1.567467544064554,0.9876592704718672,-0.17728849153136544,10,0.5,6.901025492382276,9.181636726546905,trend/MA10-20/V1.5
momentum,50,55,10,20,1.5,2.2429247822153,4.5948032547816515,1.4391903844159866,0.9148074577000407,-0.19909611075251862,12,0.25,3.9706527600887975,2.8942115768463075,momentum/B50/S55/MA10-20/V1.5
momentum,50,65,5,50,1.5,2.237703579985032,7.9631611655762065,1.881301125342239,1.1618723826080246,-0.14590592334494748,9,0.5555555555555556,9.233087673505397,3.1270791749833666,momentum/B50/S65/MA5-50/V1.5
momentum,50,70,5,50,1.5,2.2193085144124423,7.773514132872273,1.9725112366991349,1.2115195204068039,-0.1558522310114015,9,0.4444444444444444,9.512495579940666,4.025282767797738,momentum/B50/S70/MA5-50/V1.5
momentum,50,55,20,50,1.5,2.2117085011586375,8.885060357158181,2.205015075119567,1.3362478681456027,-0.15039266076218208,12,0.5,-0.8988389579241098,4.1583499667332005,momentum/B50/S55/MA20-50/V1.5
momentum,40,70,10,20,0.0,2.2049536081141063,6.433324173351567,0.6630702199592058,0.4485811939599069,-0.06972774601007083,10,0.4,-0.22005993151182124,2.3286759813705924,momentum/B40/S70/MA10-20/V0.0
momentum,40,75,10,20,0.0,2.2049536081141063,6.433324173351567,0.6630702199592058,0.4485811939599069,-0.06972774601007083,10,0.4,-0.22005993151182124,2.3286759813705924,momentum/B40/S75/MA10-20/V0.0
trend,35,65,5,20,1.5,2.193782662003343,6.095105760936889,1.5091427689857952,0.9546606929337429,-0.15662742048745032,15,0.4,3.1780562307437887,9.647371922821025,trend/MA5-20/V1.5
trend,45,75,5,20,1.5,2.193782662003343,6.095105760936889,1.5091427689857952,0.9546606929337429,-0.15662742048745032,15,0.4,3.1780562307437887,9.647371922821025,trend/MA5-20/V1.5
trend,40,70,5,20,1.5,2.193782662003343,6.095105760936889,1.5091427689857952,0.9546606929337429,-0.15662742048745032,15,0.4,3.1780562307437887,9.647371922821025,trend/MA5-20/V1.5
trend,50,75,5,20,1.5,2.193782662003343,6.095105760936889,1.5091427689857952,0.9546606929337429,-0.15662742048745032,15,0.4,3.1780562307437887,9.647371922821025,trend/MA5-20/V1.5
trend,50,55,5,20,1.5,2.193782662003343,6.095105760936889,1.5091427689857952,0.9546606929337429,-0.15662742048745032,15,0.4,3.1780562307437887,9.647371922821025,trend/MA5-20/V1.5
trend,30,55,5,20,1.5,2.193782662003343,6.095105760936889,1.5091427689857952,0.9546606929337429,-0.15662742048745032,15,0.4,3.1780562307437887,9.647371922821025,trend/MA5-20/V1.5
trend,35,75,5,20,1.5,2.193782662003343,6.095105760936889,1.5091427689857952,0.9546606929337429,-0.15662742048745032,15,0.4,3.1780562307437887,9.647371922821025,trend/MA5-20/V1.5
trend,40,55,5,20,1.5,2.193782662003343,6.095105760936889,1.5091427689857952,0.9546606929337429,-0.15662742048745032,15,0.4,3.1780562307437887,9.647371922821025,trend/MA5-20/V1.5
trend,45,65,5,20,1.5,2.193782662003343,6.095105760936889,1.5091427689857952,0.9546606929337429,-0.15662742048745032,15,0.4,3.1780562307437887,9.647371922821025,trend/MA5-20/V1.5
trend,40,60,5,20,1.5,2.193782662003343,6.095105760936889,1.5091427689857952,0.9546606929337429,-0.15662742048745032,15,0.4,3.1780562307437887,9.647371922821025,trend/MA5-20/V1.5
trend,40,75,5,20,1.5,2.193782662003343,6.095105760936889,1.5091427689857952,0.9546606929337429,-0.15662742048745032,15,0.4,3.1780562307437887,9.647371922821025,trend/MA5-20/V1.5
trend,30,75,5,20,1.5,2.193782662003343,6.095105760936889,1.5091427689857952,0.9546606929337429,-0.15662742048745032,15,0.4,3.1780562307437887,9.647371922821025,trend/MA5-20/V1.5
trend,40,65,5,20,1.5,2.193782662003343,6.095105760936889,1.5091427689857952,0.9546606929337429,-0.15662742048745032,15,0.4,3.1780562307437887,9.647371922821025,trend/MA5-20/V1.5
trend,45,70,5,20,1.5,2.193782662003343,6.095105760936889,1.5091427689857952,0.9546606929337429,-0.15662742048745032,15,0.4,3.1780562307437887,9.647371922821025,trend/MA5-20/V1.5
trend,30,65,5,20,1.5,2.193782662003343,6.095105760936889,1.5091427689857952,0.9546606929337429,-0.15662742048745032,15,0.4,3.1780562307437887,9.647371922821025,trend/MA5-20/V1.5
trend,30,70,5,20,1.5,2.193782662003343,6.095105760936889,1.5091427689857952,0.9546606929337429,-0.15662742048745032,15,0.4,3.1780562307437887,9.647371922821025,trend/MA5-20/V1.5
trend,45,55,5,20,1.5,2.193782662003343,6.095105760936889,1.5091427689857952,0.9546606929337429,-0.15662742048745032,15,0.4,3.1780562307437887,9.647371922821025,trend/MA5-20/V1.5
trend,35,60,5,20,1.5,2.193782662003343,6.095105760936889,1.5091427689857952,0.9546606929337429,-0.15662742048745032,15,0.4,3.1780562307437887,9.647371922821025,trend/MA5-20/V1.5
trend,30,60,5,20,1.5,2.193782662003343,6.095105760936889,1.5091427689857952,0.9546606929337429,-0.15662742048745032,15,0.4,3.1780562307437887,9.647371922821025,trend/MA5-20/V1.5
trend,35,55,5,20,1.5,2.193782662003343,6.095105760936889,1.5091427689857952,0.9546606929337429,-0.15662742048745032,15,0.4,3.1780562307437887,9.647371922821025,trend/MA5-20/V1.5
trend,50,70,5,20,1.5,2.193782662003343,6.095105760936889,1.5091427689857952,0.9546606929337429,-0.15662742048745032,15,0.4,3.1780562307437887,9.647371922821025,trend/MA5-20/V1.5
trend,50,65,5,20,1.5,2.193782662003343,6.095105760936889,1.5091427689857952,0.9546606929337429,-0.15662742048745032,15,0.4,3.1780562307437887,9.647371922821025,trend/MA5-20/V1.5
trend,45,60,5,20,1.5,2.193782662003343,6.095105760936889,1.5091427689857952,0.9546606929337429,-0.15662742048745032,15,0.4,3.1780562307437887,9.647371922821025,trend/MA5-20/V1.5
trend,35,70,5,20,1.5,2.193782662003343,6.095105760936889,1.5091427689857952,0.9546606929337429,-0.15662742048745032,15,0.4,3.1780562307437887,9.647371922821025,trend/MA5-20/V1.5
trend,50,60,5,20,1.5,2.193782662003343,6.095105760936889,1.5091427689857952,0.9546606929337429,-0.15662742048745032,15,0.4,3.1780562307437887,9.647371922821025,trend/MA5-20/V1.5
momentum,45,55,10,50,1.5,2.1862734949054174,11.576782493495408,1.6004424315160675,1.0062254184755073,-0.08691753680617827,7,0.5714285714285714,4.68942244356743,2.6280771789753827,momentum/B45/S55/MA10-50/V1.5
momentum,45,60,5,20,0.0,2.182122106974786,8.685293116085038,1.6827593370457712,1.05229681733331,-0.12115846906588235,16,0.375,3.479429878096487,4.956753160345975,momentum/B45/S60/MA5-20/V0.0
momentum,40,55,10,20,1.0,2.168333140384145,5.700179161847492,0.5071854590496798,0.3483482740027317,-0.06111181142064807,7,0.42857142857142855,0.08660295193903897,1.1643379906852962,momentum/B40/S55/MA10-20/V1.0
momentum,50,70,5,20,1.5,2.1448998958526824,9.589855409476591,0.8866164566115651,0.587988477080664,-0.06131359149582382,12,0.3333333333333333,0.1618132488852686,4.8902195608782435,momentum/B50/S70/MA5-20/V1.5
momentum,50,75,10,20,1.5,2.142733644950211,4.800183483485905,0.9926552451925417,0.6525293566595869,-0.13593841962593448,12,0.25,2.1655203054995504,4.657351962741185,momentum/B50/S75/MA10-20/V1.5
momentum,50,65,20,50,1.5,2.142641334321207,6.098209952429611,2.2832843462733976,1.377677216883726,-0.22591501893680133,11,0.5454545454545454,5.461191204651119,5.289421157684631,momentum/B50/S65/MA20-50/V1.5
momentum,45,55,5,50,1.5,2.1380116148670805,11.15401932379573,1.5352905836342376,0.969479885112839,-0.08691753680617827,5,0.6,6.641375415721338,2.4617431803060548,momentum/B45/S55/MA5-50/V1.5
trend,30,60,5,20,1.0,2.1361802868973885,9.452392033831618,3.1646836397078904,1.82743147410206,-0.19333005524542268,42,0.38095238095238093,0.6769723703794911,24.28476380572189,trend/MA5-20/V1.0
trend,35,55,5,20,1.0,2.1361802868973885,9.452392033831618,3.1646836397078904,1.82743147410206,-0.19333005524542268,42,0.38095238095238093,0.6769723703794911,24.28476380572189,trend/MA5-20/V1.0
trend,40,75,5,20,1.0,2.1361802868973885,9.452392033831618,3.1646836397078904,1.82743147410206,-0.19333005524542268,42,0.38095238095238093,0.6769723703794911,24.28476380572189,trend/MA5-20/V1.0
trend,45,55,5,20,1.0,2.1361802868973885,9.452392033831618,3.1646836397078904,1.82743147410206,-0.19333005524542268,42,0.38095238095238093,0.6769723703794911,24.28476380572189,trend/MA5-20/V1.0
trend,45,70,5,20,1.0,2.1361802868973885,9.452392033831618,3.1646836397078904,1.82743147410206,-0.19333005524542268,42,0.38095238095238093,0.6769723703794911,24.28476380572189,trend/MA5-20/V1.0
trend,40,60,5,20,1.0,2.1361802868973885,9.452392033831618,3.1646836397078904,1.82743147410206,-0.19333005524542268,42,0.38095238095238093,0.6769723703794911,24.28476380572189,trend/MA5-20/V1.0
trend,40,70,5,20,1.0,2.1361802868973885,9.452392033831618,3.1646836397078904,1.82743147410206,-0.19333005524542268,42,0.38095238095238093,0.6769723703794911,24.28476380572189,trend/MA5-20/V1.0
trend,50,75,5,20,1.0,2.1361802868973885,9.452392033831618,3.1646836397078904,1.82743147410206,-0.19333005524542268,42,0.38095238095238093,0.6769723703794911,24.28476380572189,trend/MA5-20/V1.0
trend,30,65,5,20,1.0,2.1361802868973885,9.452392033831618,3.1646836397078904,1.82743147410206,-0.19333005524542268,42,0.38095238095238093,0.6769723703794911,24.28476380572189,trend/MA5-20/V1.0
trend,30,70,5,20,1.0,2.1361802868973885,9.452392033831618,3.1646836397078904,1.82743147410206,-0.19333005524542268,42,0.38095238095238093,0.6769723703794911,24.28476380572189,trend/MA5-20/V1.0
trend,40,65,5,20,1.0,2.1361802868973885,9.452392033831618,3.1646836397078904,1.82743147410206,-0.19333005524542268,42,0.38095238095238093,0.6769723703794911,24.28476380572189,trend/MA5-20/V1.0
trend,45,65,5,20,1.0,2.1361802868973885,9.452392033831618,3.1646836397078904,1.82743147410206,-0.19333005524542268,42,0.38095238095238093,0.6769723703794911,24.28476380572189,trend/MA5-20/V1.0
trend,35,60,5,20,1.0,2.1361802868973885,9.452392033831618,3.1646836397078904,1.82743147410206,-0.19333005524542268,42,0.38095238095238093,0.6769723703794911,24.28476380572189,trend/MA5-20/V1.0
trend,45,75,5,20,1.0,2.1361802868973885,9.452392033831618,3.1646836397078904,1.82743147410206,-0.19333005524542268,42,0.38095238095238093,0.6769723703794911,24.28476380572189,trend/MA5-20/V1.0
trend,40,55,5,20,1.0,2.1361802868973885,9.452392033831618,3.1646836397078904,1.82743147410206,-0.19333005524542268,42,0.38095238095238093,0.6769723703794911,24.28476380572189,trend/MA5-20/V1.0
trend,35,70,5,20,1.0,2.1361802868973885,9.452392033831618,3.1646836397078904,1.82743147410206,-0.19333005524542268,42,0.38095238095238093,0.6769723703794911,24.28476380572189,trend/MA5-20/V1.0
trend,35,75,5,20,1.0,2.1361802868973885,9.452392033831618,3.1646836397078904,1.82743147410206,-0.19333005524542268,42,0.38095238095238093,0.6769723703794911,24.28476380572189,trend/MA5-20/V1.0
trend,30,75,5,20,1.0,2.1361802868973885,9.452392033831618,3.1646836397078904,1.82743147410206,-0.19333005524542268,42,0.38095238095238093,0.6769723703794911,24.28476380572189,trend/MA5-20/V1.0
trend,50,55,5,20,1.0,2.1361802868973885,9.452392033831618,3.1646836397078904,1.82743147410206,-0.19333005524542268,42,0.38095238095238093,0.6769723703794911,24.28476380572189,trend/MA5-20/V1.0
trend,50,60,5,20,1.0,2.1361802868973885,9.452392033831618,3.1646836397078904,1.82743147410206,-0.19333005524542268,42,0.38095238095238093,0.6769723703794911,24.28476380572189,trend/MA5-20/V1.0
trend,30,55,5,20,1.0,2.1361802868973885,9.452392033831618,3.1646836397078904,1.82743147410206,-0.19333005524542268,42,0.38095238095238093,0.6769723703794911,24.28476380572189,trend/MA5-20/V1.0
trend,45,60,5,20,1.0,2.1361802868973885,9.452392033831618,3.1646836397078904,1.82743147410206,-0.19333005524542268,42,0.38095238095238093,0.6769723703794911,24.28476380572189,trend/MA5-20/V1.0
trend,50,70,5,20,1.0,2.1361802868973885,9.452392033831618,3.1646836397078904,1.82743147410206,-0.19333005524542268,42,0.38095238095238093,0.6769723703794911,24.28476380572189,trend/MA5-20/V1.0
trend,35,65,5,20,1.0,2.1361802868973885,9.452392033831618,3.1646836397078904,1.82743147410206,-0.19333005524542268,42,0.38095238095238093,0.6769723703794911,24.28476380572189,trend/MA5-20/V1.0
trend,50,65,5,20,1.0,2.1361802868973885,9.452392033831618,3.1646836397078904,1.82743147410206,-0.19333005524542268,42,0.38095238095238093,0.6769723703794911,24.28476380572189,trend/MA5-20/V1.0
momentum,50,60,10,20,1.5,2.1247123451646983,4.8575548817683645,1.3127946875751002,0.8419994247135283,-0.17333811870531113,12,0.25,3.463733178362569,3.493013972055888,momentum/B50/S60/MA10-20/V1.5
momentum,45,60,20,50,1.0,2.118453026694722,8.263989309274539,2.0925189028868454,1.2762166602254785,-0.15443106379544824,17,0.4117647058823529,2.30085990978544,6.88622754491018,momentum/B45/S60/MA20-50/V1.0
momentum,40,65,10,20,1.0,2.1155208120131714,5.459857160780034,0.5570488662803281,0.38070353335813656,-0.06972774601007081,7,0.2857142857142857,0.6477786977215814,1.7298735861610113,momentum/B40/S65/MA10-20/V1.0
momentum,45,70,20,50,1.0,2.0957026622002823,5.825765412039729,2.029414792500195,1.2422833931687092,-0.21323951537790437,17,0.4117647058823529,2.5827494553161454,7.551563539587491,momentum/B45/S70/MA20-50/V1.0
momentum,45,65,20,50,1.5,2.089977665657027,7.475498376316841,1.6804803151437437,1.0510265001159689,-0.14059617796797744,8,0.375,7.060879972014231,3.093812375249501,momentum/B45/S65/MA20-50/V1.5
momentum,45,70,20,50,1.5,2.073816237733798,7.330927998694336,1.6440858953568003,1.0307004575748575,-0.14059617796797744,8,0.375,7.315562259648245,2.9607451763140387,momentum/B45/S70/MA20-50/V1.5
momentum,45,60,10,50,1.5,2.0671038256209022,6.707235369889261,1.488640319500952,0.9430116577380636,-0.14059617796797744,6,0.6666666666666666,12.048445878511606,2.5282767797737855,momentum/B45/S60/MA10-50/V1.5
momentum,40,60,10,20,1.0,2.050734881595664,4.75965339387809,0.48197572644120745,0.3318799029443025,-0.0697277460100707,7,0.2857142857142857,-0.29876801701920386,1.4637391882900865,momentum/B40/S60/MA10-20/V1.0
momentum,45,75,5,50,0.0,2.0182012573988146,5.259428326807249,1.9288279928784484,1.1877944169065748,-0.22584097417059562,22,0.2727272727272727,2.059845709203466,8.616101131071192,momentum/B45/S75/MA5-50/V0.0
trend,35,55,10,20,1.0,1.9892324030586914,5.1298360071291444,2.478133995615461,1.4796707417908945,-0.2884440632672341,28,0.35714285714285715,3.5658594073835683,19.926813040585493,trend/MA10-20/V1.0
trend,30,65,10,20,1.0,1.9892324030586914,5.1298360071291444,2.478133995615461,1.4796707417908945,-0.2884440632672341,28,0.35714285714285715,3.5658594073835683,19.926813040585493,trend/MA10-20/V1.0
trend,45,65,10,20,1.0,1.9892324030586914,5.1298360071291444,2.478133995615461,1.4796707417908945,-0.2884440632672341,28,0.35714285714285715,3.5658594073835683,19.926813040585493,trend/MA10-20/V1.0
trend,40,55,10,20,1.0,1.9892324030586914,5.1298360071291444,2.478133995615461,1.4796707417908945,-0.2884440632672341,28,0.35714285714285715,3.5658594073835683,19.926813040585493,trend/MA10-20/V1.0
trend,35,65,10,20,1.0,1.9892324030586914,5.1298360071291444,2.478133995615461,1.4796707417908945,-0.2884440632672341,28,0.35714285714285715,3.5658594073835683,19.926813040585493,trend/MA10-20/V1.0
trend,35,70,10,20,1.0,1.9892324030586914,5.1298360071291444,2.478133995615461,1.4796707417908945,-0.2884440632672341,28,0.35714285714285715,3.5658594073835683,19.926813040585493,trend/MA10-20/V1.0
trend,35,75,10,20,1.0,1.9892324030586914,5.1298360071291444,2.478133995615461,1.4796707417908945,-0.2884440632672341,28,0.35714285714285715,3.5658594073835683,19.926813040585493,trend/MA10-20/V1.0
trend,45,75,10,20,1.0,1.9892324030586914,5.1298360071291444,2.478133995615461,1.4796707417908945,-0.2884440632672341,28,0.35714285714285715,3.5658594073835683,19.926813040585493,trend/MA10-20/V1.0
trend,50,70,10,20,1.0,1.9892324030586914,5.1298360071291444,2.478133995615461,1.4796707417908945,-0.2884440632672341,28,0.35714285714285715,3.5658594073835683,19.926813040585493,trend/MA10-20/V1.0
trend,50,75,10,20,1.0,1.9892324030586914,5.1298360071291444,2.478133995615461,1.4796707417908945,-0.2884440632672341,28,0.35714285714285715,3.5658594073835683,19.926813040585493,trend/MA10-20/V1.0
trend,30,75,10,20,1.0,1.9892324030586914,5.1298360071291444,2.478133995615461,1.4796707417908945,-0.2884440632672341,28,0.35714285714285715,3.5658594073835683,19.926813040585493,trend/MA10-20/V1.0
trend,50,65,10,20,1.0,1.9892324030586914,5.1298360071291444,2.478133995615461,1.4796707417908945,-0.2884440632672341,28,0.35714285714285715,3.5658594073835683,19.926813040585493,trend/MA10-20/V1.0
trend,35,60,10,20,1.0,1.9892324030586914,5.1298360071291444,2.478133995615461,1.4796707417908945,-0.2884440632672341,28,0.35714285714285715,3.5658594073835683,19.926813040585493,trend/MA10-20/V1.0
trend,30,55,10,20,1.0,1.9892324030586914,5.1298360071291444,2.478133995615461,1.4796707417908945,-0.2884440632672341,28,0.35714285714285715,3.5658594073835683,19.926813040585493,trend/MA10-20/V1.0
trend,50,55,10,20,1.0,1.9892324030586914,5.1298360071291444,2.478133995615461,1.4796707417908945,-0.2884440632672341,28,0.35714285714285715,3.5658594073835683,19.926813040585493,trend/MA10-20/V1.0
trend,30,60,10,20,1.0,1.9892324030586914,5.1298360071291444,2.478133995615461,1.4796707417908945,-0.2884440632672341,28,0.35714285714285715,3.5658594073835683,19.926813040585493,trend/MA10-20/V1.0
trend,30,70,10,20,1.0,1.9892324030586914,5.1298360071291444,2.478133995615461,1.4796707417908945,-0.2884440632672341,28,0.35714285714285715,3.5658594073835683,19.926813040585493,trend/MA10-20/V1.0
trend,45,60,10,20,1.0,1.9892324030586914,5.1298360071291444,2.478133995615461,1.4796707417908945,-0.2884440632672341,28,0.35714285714285715,3.5658594073835683,19.926813040585493,trend/MA10-20/V1.0
trend,40,65,10,20,1.0,1.9892324030586914,5.1298360071291444,2.478133995615461,1.4796707417908945,-0.2884440632672341,28,0.35714285714285715,3.5658594073835683,19.926813040585493,trend/MA10-20/V1.0
trend,40,60,10,20,1.0,1.9892324030586914,5.1298360071291444,2.478133995615461,1.4796707417908945,-0.2884440632672341,28,0.35714285714285715,3.5658594073835683,19.926813040585493,trend/MA10-20/V1.0
trend,45,70,10,20,1.0,1.9892324030586914,5.1298360071291444,2.478133995615461,1.4796707417908945,-0.2884440632672341,28,0.35714285714285715,3.5658594073835683,19.926813040585493,trend/MA10-20/V1.0
trend,50,60,10,20,1.0,1.9892324030586914,5.1298360071291444,2.478133995615461,1.4796707417908945,-0.2884440632672341,28,0.35714285714285715,3.5658594073835683,19.926813040585493,trend/MA10-20/V1.0
trend,40,70,10,20,1.0,1.9892324030586914,5.1298360071291444,2.478133995615461,1.4796707417908945,-0.2884440632672341,28,0.35714285714285715,3.5658594073835683,19.926813040585493,trend/MA10-20/V1.0
trend,40,75,10,20,1.0,1.9892324030586914,5.1298360071291444,2.478133995615461,1.4796707417908945,-0.2884440632672341,28,0.35714285714285715,3.5658594073835683,19.926813040585493,trend/MA10-20/V1.0
trend,45,55,10,20,1.0,1.9892324030586914,5.1298360071291444,2.478133995615461,1.4796707417908945,-0.2884440632672341,28,0.35714285714285715,3.5658594073835683,19.926813040585493,trend/MA10-20/V1.0
momentum,45,60,20,50,0.0,1.93648167432756,4.0432974421502,2.2529004676463487,1.3616266619824975,-0.3367614382726177,36,0.3888888888888889,0.08067062962806142,13.339986693280107,momentum/B45/S60/MA20-50/V0.0
momentum,50,70,10,20,1.5,1.9343726414250786,3.645094536426115,0.7374633801435688,0.4955083906688946,-0.13593841962593456,12,0.25,0.392457663520162,4.357950765136394,momentum/B50/S70/MA10-20/V1.5
momentum,45,60,20,50,1.5,1.881896493142346,6.550289111605455,1.4499293508680227,0.9209456136769854,-0.14059617796797744,8,0.375,5.955995937179061,3.1603459747172327,momentum/B45/S60/MA20-50/V1.5
momentum,45,65,20,50,0.0,1.8579248705020164,3.280405484963371,2.081022125712116,1.27004855297049,-0.3871620623706741,35,0.3142857142857143,0.014148084132933256,14.337990685296075,momentum/B45/S65/MA20-50/V0.0
momentum,50,70,20,50,1.5,1.855738990284095,4.6986431019748665,1.8677423633083845,1.1544559605791949,-0.24569986175242176,11,0.36363636363636365,4.469598022485443,7.385229540918163,momentum/B50/S70/MA20-50/V1.5
momentum,50,75,20,50,1.0,1.8487233704571076,5.056631454596716,2.7496318935342163,1.6192403499001338,-0.32022115205334334,22,0.45454545454545453,1.9807829432875457,18.330006653359945,momentum/B50/S75/MA20-50/V1.0
momentum,45,70,20,50,0.0,1.8273839711387125,3.0372197718181937,2.0373707756483803,1.2465720973314673,-0.4104319710078874,34,0.3235294117647059,0.2117493439285188,14.90352628077179,momentum/B45/S70/MA20-50/V0.0
momentum,45,75,10,50,1.0,1.8202345756057987,4.364405889981148,1.60788000854741,1.0104042097419685,-0.23151013796893508,13,0.46153846153846156,3.205767879338413,6.387225548902195,momentum/B45/S75/MA10-50/V1.0
momentum,40,70,10,20,1.0,1.806034760156529,4.72244254281645,0.4780144203390575,0.32928527417265885,-0.06972774601007092,7,0.2857142857142857,-0.45699254182054755,2.1290751829673984,momentum/B40/S70/MA10-20/V1.0
momentum,40,75,10,20,1.0,1.806034760156529,4.72244254281645,0.4780144203390575,0.32928527417265885,-0.06972774601007092,7,0.2857142857142857,-0.45699254182054755,2.1290751829673984,momentum/B40/S75/MA10-20/V1.0
momentum,50,65,10,20,1.5,1.796286921451661,3.055907459995205,0.611029918691987,0.415415230634852,-0.13593841962593456,12,0.25,-0.7237104642954393,3.093812375249501,momentum/B50/S65/MA10-20/V1.5
momentum,50,60,5,50,1.5,1.792693620192351,5.6919548097519455,1.2929820409006383,0.8304899221545736,-0.14590592334494767,9,0.5555555555555556,5.694802711113995,2.694610778443114,momentum/B50/S60/MA5-50/V1.5
momentum,45,75,10,50,0.0,1.7842380623447884,4.890392483425793,1.8271136217225705,1.1321754385601484,-0.23151013796893508,25,0.36,0.614160914870889,12.17564870259481,momentum/B45/S75/MA10-50/V0.0
momentum,50,75,20,50,0.0,1.7555252115025533,5.23495209040935,2.7389331954911227,1.6137935534341632,-0.30827284100473434,31,0.3870967741935484,0.8443961888261089,26.180971390552227,momentum/B50/S75/MA20-50/V0.0
momentum,50,60,20,50,1.5,1.7494459373356739,4.396309097869798,1.5772825875451804,0.9931922530972876,-0.22591501893680138,11,0.5454545454545454,2.447637268100672,4.8902195608782435,momentum/B50/S60/MA20-50/V1.5
momentum,50,75,10,50,1.0,1.7444479151331735,4.152796942364507,2.2409027312032244,1.355277555327509,-0.3263529554025931,17,0.47058823529411764,4.072526515766098,17.065868263473057,momentum/B50/S75/MA10-50/V1.0
momentum,50,55,5,50,1.5,1.7424085176682051,4.0645268838977975,1.21945291171019,0.7875369292863794,-0.1937585730841932,10,0.4,0.31185283111562545,2.4617431803060548,momentum/B50/S55/MA5-50/V1.5
momentum,50,75,10,50,0.0,1.722293929092359,4.296408241902309,2.403919151153077,1.4410108122765264,-0.33539894980708207,27,0.4074074074074074,1.859170276024218,23.486360612109113,momentum/B50/S75/MA10-50/V0.0
momentum,50,75,5,50,1.5,1.7065634581378275,3.3152415288230292,1.409073457723443,0.8975539963473296,-0.270735627719401,8,0.5,8.444074958486624,5.655355954757153,momentum/B50/S75/MA5-50/V1.5
momentum,45,75,5,50,1.0,1.6965682455857063,3.5435914669886257,1.2412131387572862,0.8002881489673213,-0.22584097417059562,9,0.4444444444444444,6.8371857989013085,4.091816367265469,momentum/B45/S75/MA5-50/V1.0
trend,45,60,5,50,0.0,1.6927953281551005,3.7013288796988113,2.904891373583033,1.6978171658490684,-0.4587047574078921,52,0.2692307692307692,0.723937919634842,47.73785761809714,trend/MA5-50/V0.0
trend,40,65,5,50,0.0,1.6927953281551005,3.7013288796988113,2.904891373583033,1.6978171658490684,-0.4587047574078921,52,0.2692307692307692,0.723937919634842,47.73785761809714,trend/MA5-50/V0.0
trend,45,70,5,50,0.0,1.6927953281551005,3.7013288796988113,2.904891373583033,1.6978171658490684,-0.4587047574078921,52,0.2692307692307692,0.723937919634842,47.73785761809714,trend/MA5-50/V0.0
trend,50,75,5,50,0.0,1.6927953281551005,3.7013288796988113,2.904891373583033,1.6978171658490684,-0.4587047574078921,52,0.2692307692307692,0.723937919634842,47.73785761809714,trend/MA5-50/V0.0
trend,50,65,5,50,0.0,1.6927953281551005,3.7013288796988113,2.904891373583033,1.6978171658490684,-0.4587047574078921,52,0.2692307692307692,0.723937919634842,47.73785761809714,trend/MA5-50/V0.0
trend,50,70,5,50,0.0,1.6927953281551005,3.7013288796988113,2.904891373583033,1.6978171658490684,-0.4587047574078921,52,0.2692307692307692,0.723937919634842,47.73785761809714,trend/MA5-50/V0.0
trend,35,75,5,50,0.0,1.6927953281551005,3.7013288796988113,2.904891373583033,1.6978171658490684,-0.4587047574078921,52,0.2692307692307692,0.723937919634842,47.73785761809714,trend/MA5-50/V0.0
trend,35,70,5,50,0.0,1.6927953281551005,3.7013288796988113,2.904891373583033,1.6978171658490684,-0.4587047574078921,52,0.2692307692307692,0.723937919634842,47.73785761809714,trend/MA5-50/V0.0
trend,40,55,5,50,0.0,1.6927953281551005,3.7013288796988113,2.904891373583033,1.6978171658490684,-0.4587047574078921,52,0.2692307692307692,0.723937919634842,47.73785761809714,trend/MA5-50/V0.0
trend,45,65,5,50,0.0,1.6927953281551005,3.7013288796988113,2.904891373583033,1.6978171658490684,-0.4587047574078921,52,0.2692307692307692,0.723937919634842,47.73785761809714,trend/MA5-50/V0.0
trend,40,60,5,50,0.0,1.6927953281551005,3.7013288796988113,2.904891373583033,1.6978171658490684,-0.4587047574078921,52,0.2692307692307692,0.723937919634842,47.73785761809714,trend/MA5-50/V0.0
trend,45,55,5,50,0.0,1.6927953281551005,3.7013288796988113,2.904891373583033,1.6978171658490684,-0.4587047574078921,52,0.2692307692307692,0.723937919634842,47.73785761809714,trend/MA5-50/V0.0
trend,40,75,5,50,0.0,1.6927953281551005,3.7013288796988113,2.904891373583033,1.6978171658490684,-0.4587047574078921,52,0.2692307692307692,0.723937919634842,47.73785761809714,trend/MA5-50/V0.0
trend,40,70,5,50,0.0,1.6927953281551005,3.7013288796988113,2.904891373583033,1.6978171658490684,-0.4587047574078921,52,0.2692307692307692,0.723937919634842,47.73785761809714,trend/MA5-50/V0.0
trend,35,65,5,50,0.0,1.6927953281551005,3.7013288796988113,2.904891373583033,1.6978171658490684,-0.4587047574078921,52,0.2692307692307692,0.723937919634842,47.73785761809714,trend/MA5-50/V0.0
trend,30,55,5,50,0.0,1.6927953281551005,3.7013288796988113,2.904891373583033,1.6978171658490684,-0.4587047574078921,52,0.2692307692307692,0.723937919634842,47.73785761809714,trend/MA5-50/V0.0
trend,45,75,5,50,0.0,1.6927953281551005,3.7013288796988113,2.904891373583033,1.6978171658490684,-0.4587047574078921,52,0.2692307692307692,0.723937919634842,47.73785761809714,trend/MA5-50/V0.0
trend,50,55,5,50,0.0,1.6927953281551005,3.7013288796988113,2.904891373583033,1.6978171658490684,-0.4587047574078921,52,0.2692307692307692,0.723937919634842,47.73785761809714,trend/MA5-50/V0.0
trend,50,60,5,50,0.0,1.6927953281551005,3.7013288796988113,2.904891373583033,1.6978171658490684,-0.4587047574078921,52,0.2692307692307692,0.723937919634842,47.73785761809714,trend/MA5-50/V0.0
trend,35,55,5,50,0.0,1.6927953281551005,3.7013288796988113,2.904891373583033,1.6978171658490684,-0.4587047574078921,52,0.2692307692307692,0.723937919634842,47.73785761809714,trend/MA5-50/V0.0
trend,35,60,5,50,0.0,1.6927953281551005,3.7013288796988113,2.904891373583033,1.6978171658490684,-0.4587047574078921,52,0.2692307692307692,0.723937919634842,47.73785761809714,trend/MA5-50/V0.0
trend,30,65,5,50,0.0,1.6927953281551005,3.7013288796988113,2.904891373583033,1.6978171658490684,-0.4587047574078921,52,0.2692307692307692,0.723937919634842,47.73785761809714,trend/MA5-50/V0.0
trend,30,60,5,50,0.0,1.6927953281551005,3.7013288796988113,2.904891373583033,1.6978171658490684,-0.4587047574078921,52,0.2692307692307692,0.723937919634842,47.73785761809714,trend/MA5-50/V0.0
trend,30,75,5,50,0.0,1.6927953281551005,3.7013288796988113,2.904891373583033,1.6978171658490684,-0.4587047574078921,52,0.2692307692307692,0.723937919634842,47.73785761809714,trend/MA5-50/V0.0
trend,30,70,5,50,0.0,1.6927953281551005,3.7013288796988113,2.904891373583033,1.6978171658490684,-0.4587047574078921,52,0.2692307692307692,0.723937919634842,47.73785761809714,trend/MA5-50/V0.0
momentum,45,55,5,20,1.0,1.6911975880809873,5.075961818392129,0.3109188777848604,0.2180329270926573,-0.04295401244009393,8,0.375,-0.9001142778583562,0.8982035928143712,momentum/B45/S55/MA5-20/V1.0
momentum,45,75,10,50,1.5,1.576892767736517,3.1554784386286316,1.1228714342797423,0.7305252486849143,-0.23151013796893508,6,0.6666666666666666,9.222260464530667,3.1270791749833666,momentum/B45/S75/MA10-50/V1.5
momentum,50,65,10,50,1.5,1.5653602019491337,3.3142954801298754,1.1068479994420666,0.7209992365595592,-0.21754223209190324,8,0.625,5.4041737131234395,4.224883566200932,momentum/B50/S65/MA10-50/V1.5
momentum,40,75,10,50,0.0,1.5616657804751977,3.774437677189261,0.23499785348736424,0.166226115680423,-0.044039968307069216,7,0.2857142857142857,-3.090280497223064,0.5655355954757153,momentum/B40/S75/MA10-50/V0.0
momentum,40,70,10,50,0.0,1.5616657804751977,3.774437677189261,0.23499785348736424,0.166226115680423,-0.044039968307069216,7,0.2857142857142857,-3.090280497223064,0.5655355954757153,momentum/B40/S70/MA10-50/V0.0
momentum,40,60,10,50,0.0,1.5616657804751977,3.774437677189261,0.23499785348736424,0.166226115680423,-0.044039968307069216,7,0.2857142857142857,-3.090280497223064,0.5655355954757153,momentum/B40/S60/MA10-50/V0.0
momentum,40,65,10,50,0.0,1.5616657804751977,3.774437677189261,0.23499785348736424,0.166226115680423,-0.044039968307069216,7,0.2857142857142857,-3.090280497223064,0.5655355954757153,momentum/B40/S65/MA10-50/V0.0
momentum,40,55,10,50,0.0,1.5616657804751977,3.774437677189261,0.23499785348736424,0.166226115680423,-0.044039968307069216,7,0.2857142857142857,-3.090280497223064,0.5655355954757153,momentum/B40/S55/MA10-50/V0.0
momentum,50,55,10,50,1.5,1.53783492226539,3.2685122753816627,1.0091413376123586,0.6624789110026623,-0.2026851531176535,9,0.4444444444444444,-2.1394436215512713,3.1936127744510974,momentum/B50/S55/MA10-50/V1.5
momentum,45,75,20,50,1.5,1.464261762981884,2.965261225576094,1.0898500254163608,0.7108723319181978,-0.23973345949650313,8,0.375,3.8363568766933547,3.7591483699268133,momentum/B45/S75/MA20-50/V1.5
momentum,50,75,20,50,1.5,1.4543746461944311,2.6133295984473284,1.3039133263442517,0.8368434147099046,-0.32022115205334334,10,0.4,2.7665010237013226,9.181636726546905,momentum/B50/S75/MA20-50/V1.5
trend,40,70,5,50,1.5,1.4115807603710353,3.3438095235592242,1.0842932042591324,0.7075568938168013,-0.2116020331994456,10,0.4,2.4308910405824324,14.171656686626747,trend/MA5-50/V1.5
trend,40,75,5,50,1.5,1.4115807603710353,3.3438095235592242,1.0842932042591324,0.7075568938168013,-0.2116020331994456,10,0.4,2.4308910405824324,14.171656686626747,trend/MA5-50/V1.5
trend,40,65,5,50,1.5,1.4115807603710353,3.3438095235592242,1.0842932042591324,0.7075568938168013,-0.2116020331994456,10,0.4,2.4308910405824324,14.171656686626747,trend/MA5-50/V1.5
trend,40,60,5,50,1.5,1.4115807603710353,3.3438095235592242,1.0842932042591324,0.7075568938168013,-0.2116020331994456,10,0.4,2.4308910405824324,14.171656686626747,trend/MA5-50/V1.5
trend,45,55,5,50,1.5,1.4115807603710353,3.3438095235592242,1.0842932042591324,0.7075568938168013,-0.2116020331994456,10,0.4,2.4308910405824324,14.171656686626747,trend/MA5-50/V1.5
trend,45,70,5,50,1.5,1.4115807603710353,3.3438095235592242,1.0842932042591324,0.7075568938168013,-0.2116020331994456,10,0.4,2.4308910405824324,14.171656686626747,trend/MA5-50/V1.5
trend,45,65,5,50,1.5,1.4115807603710353,3.3438095235592242,1.0842932042591324,0.7075568938168013,-0.2116020331994456,10,0.4,2.4308910405824324,14.171656686626747,trend/MA5-50/V1.5
trend,50,65,5,50,1.5,1.4115807603710353,3.3438095235592242,1.0842932042591324,0.7075568938168013,-0.2116020331994456,10,0.4,2.4308910405824324,14.171656686626747,trend/MA5-50/V1.5
trend,30,55,5,50,1.5,1.4115807603710353,3.3438095235592242,1.0842932042591324,0.7075568938168013,-0.2116020331994456,10,0.4,2.4308910405824324,14.171656686626747,trend/MA5-50/V1.5
trend,35,65,5,50,1.5,1.4115807603710353,3.3438095235592242,1.0842932042591324,0.7075568938168013,-0.2116020331994456,10,0.4,2.4308910405824324,14.171656686626747,trend/MA5-50/V1.5
trend,50,60,5,50,1.5,1.4115807603710353,3.3438095235592242,1.0842932042591324,0.7075568938168013,-0.2116020331994456,10,0.4,2.4308910405824324,14.171656686626747,trend/MA5-50/V1.5
trend,50,70,5,50,1.5,1.4115807603710353,3.3438095235592242,1.0842932042591324,0.7075568938168013,-0.2116020331994456,10,0.4,2.4308910405824324,14.171656686626747,trend/MA5-50/V1.5
trend,45,75,5,50,1.5,1.4115807603710353,3.3438095235592242,1.0842932042591324,0.7075568938168013,-0.2116020331994456,10,0.4,2.4308910405824324,14.171656686626747,trend/MA5-50/V1.5
trend,30,60,5,50,1.5,1.4115807603710353,3.3438095235592242,1.0842932042591324,0.7075568938168013,-0.2116020331994456,10,0.4,2.4308910405824324,14.171656686626747,trend/MA5-50/V1.5
trend,35,60,5,50,1.5,1.4115807603710353,3.3438095235592242,1.0842932042591324,0.7075568938168013,-0.2116020331994456,10,0.4,2.4308910405824324,14.171656686626747,trend/MA5-50/V1.5
trend,35,55,5,50,1.5,1.4115807603710353,3.3438095235592242,1.0842932042591324,0.7075568938168013,-0.2116020331994456,10,0.4,2.4308910405824324,14.171656686626747,trend/MA5-50/V1.5
trend,30,65,5,50,1.5,1.4115807603710353,3.3438095235592242,1.0842932042591324,0.7075568938168013,-0.2116020331994456,10,0.4,2.4308910405824324,14.171656686626747,trend/MA5-50/V1.5
trend,30,75,5,50,1.5,1.4115807603710353,3.3438095235592242,1.0842932042591324,0.7075568938168013,-0.2116020331994456,10,0.4,2.4308910405824324,14.171656686626747,trend/MA5-50/V1.5
trend,30,70,5,50,1.5,1.4115807603710353,3.3438095235592242,1.0842932042591324,0.7075568938168013,-0.2116020331994456,10,0.4,2.4308910405824324,14.171656686626747,trend/MA5-50/V1.5
trend,50,75,5,50,1.5,1.4115807603710353,3.3438095235592242,1.0842932042591324,0.7075568938168013,-0.2116020331994456,10,0.4,2.4308910405824324,14.171656686626747,trend/MA5-50/V1.5
trend,40,55,5,50,1.5,1.4115807603710353,3.3438095235592242,1.0842932042591324,0.7075568938168013,-0.2116020331994456,10,0.4,2.4308910405824324,14.171656686626747,trend/MA5-50/V1.5
trend,50,55,5,50,1.5,1.4115807603710353,3.3438095235592242,1.0842932042591324,0.7075568938168013,-0.2116020331994456,10,0.4,2.4308910405824324,14.171656686626747,trend/MA5-50/V1.5
trend,35,70,5,50,1.5,1.4115807603710353,3.3438095235592242,1.0842932042591324,0.7075568938168013,-0.2116020331994456,10,0.4,2.4308910405824324,14.171656686626747,trend/MA5-50/V1.5
trend,35,75,5,50,1.5,1.4115807603710353,3.3438095235592242,1.0842932042591324,0.7075568938168013,-0.2116020331994456,10,0.4,2.4308910405824324,14.171656686626747,trend/MA5-50/V1.5
trend,45,60,5,50,1.5,1.4115807603710353,3.3438095235592242,1.0842932042591324,0.7075568938168013,-0.2116020331994456,10,0.4,2.4308910405824324,14.171656686626747,trend/MA5-50/V1.5
momentum,45,75,20,50,1.0,1.3293076542241824,3.001966082523802,1.0632596778210734,0.694985581943149,-0.23151013796893508,17,0.35294117647058826,0.16329752160449137,9.081836327345309,momentum/B45/S75/MA20-50/V1.0
trend,50,75,20,50,1.5,1.3292741194614044,3.0583306270028743,1.182878084051509,0.7660277594445724,-0.2504725135605335,10,0.4,7.601227880042972,17.365269461077844,trend/MA20-50/V1.5
trend,35,55,20,50,1.5,1.3292741194614044,3.0583306270028743,1.182878084051509,0.7660277594445724,-0.2504725135605335,10,0.4,7.601227880042972,17.365269461077844,trend/MA20-50/V1.5
trend,30,70,20,50,1.5,1.3292741194614044,3.0583306270028743,1.182878084051509,0.7660277594445724,-0.2504725135605335,10,0.4,7.601227880042972,17.365269461077844,trend/MA20-50/V1.5
trend,30,60,20,50,1.5,1.3292741194614044,3.0583306270028743,1.182878084051509,0.7660277594445724,-0.2504725135605335,10,0.4,7.601227880042972,17.365269461077844,trend/MA20-50/V1.5
trend,30,65,20,50,1.5,1.3292741194614044,3.0583306270028743,1.182878084051509,0.7660277594445724,-0.2504725135605335,10,0.4,7.601227880042972,17.365269461077844,trend/MA20-50/V1.5
trend,50,70,20,50,1.5,1.3292741194614044,3.0583306270028743,1.182878084051509,0.7660277594445724,-0.2504725135605335,10,0.4,7.601227880042972,17.365269461077844,trend/MA20-50/V1.5
trend,50,65,20,50,1.5,1.3292741194614044,3.0583306270028743,1.182878084051509,0.7660277594445724,-0.2504725135605335,10,0.4,7.601227880042972,17.365269461077844,trend/MA20-50/V1.5
trend,50,60,20,50,1.5,1.3292741194614044,3.0583306270028743,1.182878084051509,0.7660277594445724,-0.2504725135605335,10,0.4,7.601227880042972,17.365269461077844,trend/MA20-50/V1.5
trend,35,60,20,50,1.5,1.3292741194614044,3.0583306270028743,1.182878084051509,0.7660277594445724,-0.2504725135605335,10,0.4,7.601227880042972,17.365269461077844,trend/MA20-50/V1.5
trend,30,55,20,50,1.5,1.3292741194614044,3.0583306270028743,1.182878084051509,0.7660277594445724,-0.2504725135605335,10,0.4,7.601227880042972,17.365269461077844,trend/MA20-50/V1.5
trend,35,65,20,50,1.5,1.3292741194614044,3.0583306270028743,1.182878084051509,0.7660277594445724,-0.2504725135605335,10,0.4,7.601227880042972,17.365269461077844,trend/MA20-50/V1.5
trend,40,65,20,50,1.5,1.3292741194614044,3.0583306270028743,1.182878084051509,0.7660277594445724,-0.2504725135605335,10,0.4,7.601227880042972,17.365269461077844,trend/MA20-50/V1.5
trend,40,55,20,50,1.5,1.3292741194614044,3.0583306270028743,1.182878084051509,0.7660277594445724,-0.2504725135605335,10,0.4,7.601227880042972,17.365269461077844,trend/MA20-50/V1.5
trend,45,65,20,50,1.5,1.3292741194614044,3.0583306270028743,1.182878084051509,0.7660277594445724,-0.2504725135605335,10,0.4,7.601227880042972,17.365269461077844,trend/MA20-50/V1.5
trend,40,60,20,50,1.5,1.3292741194614044,3.0583306270028743,1.182878084051509,0.7660277594445724,-0.2504725135605335,10,0.4,7.601227880042972,17.365269461077844,trend/MA20-50/V1.5
trend,45,60,20,50,1.5,1.3292741194614044,3.0583306270028743,1.182878084051509,0.7660277594445724,-0.2504725135605335,10,0.4,7.601227880042972,17.365269461077844,trend/MA20-50/V1.5
trend,45,55,20,50,1.5,1.3292741194614044,3.0583306270028743,1.182878084051509,0.7660277594445724,-0.2504725135605335,10,0.4,7.601227880042972,17.365269461077844,trend/MA20-50/V1.5
trend,40,70,20,50,1.5,1.3292741194614044,3.0583306270028743,1.182878084051509,0.7660277594445724,-0.2504725135605335,10,0.4,7.601227880042972,17.365269461077844,trend/MA20-50/V1.5
trend,40,75,20,50,1.5,1.3292741194614044,3.0583306270028743,1.182878084051509,0.7660277594445724,-0.2504725135605335,10,0.4,7.601227880042972,17.365269461077844,trend/MA20-50/V1.5
trend,30,75,20,50,1.5,1.3292741194614044,3.0583306270028743,1.182878084051509,0.7660277594445724,-0.2504725135605335,10,0.4,7.601227880042972,17.365269461077844,trend/MA20-50/V1.5
trend,50,55,20,50,1.5,1.3292741194614044,3.0583306270028743,1.182878084051509,0.7660277594445724,-0.2504725135605335,10,0.4,7.601227880042972,17.365269461077844,trend/MA20-50/V1.5
trend,45,75,20,50,1.5,1.3292741194614044,3.0583306270028743,1.182878084051509,0.7660277594445724,-0.2504725135605335,10,0.4,7.601227880042972,17.365269461077844,trend/MA20-50/V1.5
trend,35,75,20,50,1.5,1.3292741194614044,3.0583306270028743,1.182878084051509,0.7660277594445724,-0.2504725135605335,10,0.4,7.601227880042972,17.365269461077844,trend/MA20-50/V1.5
trend,35,70,20,50,1.5,1.3292741194614044,3.0583306270028743,1.182878084051509,0.7660277594445724,-0.2504725135605335,10,0.4,7.601227880042972,17.365269461077844,trend/MA20-50/V1.5
trend,45,70,20,50,1.5,1.3292741194614044,3.0583306270028743,1.182878084051509,0.7660277594445724,-0.2504725135605335,10,0.4,7.601227880042972,17.365269461077844,trend/MA20-50/V1.5
trend,30,75,5,50,1.0,1.3059025500546493,2.680397428285816,1.267271241358435,0.8155137433526414,-0.30425105424540855,23,0.30434782608695654,0.49183471677577245,26.180971390552227,trend/MA5-50/V1.0
trend,30,65,5,50,1.0,1.3059025500546493,2.680397428285816,1.267271241358435,0.8155137433526414,-0.30425105424540855,23,0.30434782608695654,0.49183471677577245,26.180971390552227,trend/MA5-50/V1.0
trend,30,70,5,50,1.0,1.3059025500546493,2.680397428285816,1.267271241358435,0.8155137433526414,-0.30425105424540855,23,0.30434782608695654,0.49183471677577245,26.180971390552227,trend/MA5-50/V1.0
trend,35,60,5,50,1.0,1.3059025500546493,2.680397428285816,1.267271241358435,0.8155137433526414,-0.30425105424540855,23,0.30434782608695654,0.49183471677577245,26.180971390552227,trend/MA5-50/V1.0
trend,50,75,5,50,1.0,1.3059025500546493,2.680397428285816,1.267271241358435,0.8155137433526414,-0.30425105424540855,23,0.30434782608695654,0.49183471677577245,26.180971390552227,trend/MA5-50/V1.0
trend,30,60,5,50,1.0,1.3059025500546493,2.680397428285816,1.267271241358435,0.8155137433526414,-0.30425105424540855,23,0.30434782608695654,0.49183471677577245,26.180971390552227,trend/MA5-50/V1.0
trend,35,55,5,50,1.0,1.3059025500546493,2.680397428285816,1.267271241358435,0.8155137433526414,-0.30425105424540855,23,0.30434782608695654,0.49183471677577245,26.180971390552227,trend/MA5-50/V1.0
trend,45,75,5,50,1.0,1.3059025500546493,2.680397428285816,1.267271241358435,0.8155137433526414,-0.30425105424540855,23,0.30434782608695654,0.49183471677577245,26.180971390552227,trend/MA5-50/V1.0
trend,50,55,5,50,1.0,1.3059025500546493,2.680397428285816,1.267271241358435,0.8155137433526414,-0.30425105424540855,23,0.30434782608695654,0.49183471677577245,26.180971390552227,trend/MA5-50/V1.0
trend,35,70,5,50,1.0,1.3059025500546493,2.680397428285816,1.267271241358435,0.8155137433526414,-0.30425105424540855,23,0.30434782608695654,0.49183471677577245,26.180971390552227,trend/MA5-50/V1.0
trend,40,55,5,50,1.0,1.3059025500546493,2.680397428285816,1.267271241358435,0.8155137433526414,-0.30425105424540855,23,0.30434782608695654,0.49183471677577245,26.180971390552227,trend/MA5-50/V1.0
trend,40,60,5,50,1.0,1.3059025500546493,2.680397428285816,1.267271241358435,0.8155137433526414,-0.30425105424540855,23,0.30434782608695654,0.49183471677577245,26.180971390552227,trend/MA5-50/V1.0
trend,40,65,5,50,1.0,1.3059025500546493,2.680397428285816,1.267271241358435,0.8155137433526414,-0.30425105424540855,23,0.30434782608695654,0.49183471677577245,26.180971390552227,trend/MA5-50/V1.0
trend,45,55,5,50,1.0,1.3059025500546493,2.680397428285816,1.267271241358435,0.8155137433526414,-0.30425105424540855,23,0.30434782608695654,0.49183471677577245,26.180971390552227,trend/MA5-50/V1.0
trend,40,75,5,50,1.0,1.3059025500546493,2.680397428285816,1.267271241358435,0.8155137433526414,-0.30425105424540855,23,0.30434782608695654,0.49183471677577245,26.180971390552227,trend/MA5-50/V1.0
trend,40,70,5,50,1.0,1.3059025500546493,2.680397428285816,1.267271241358435,0.8155137433526414,-0.30425105424540855,23,0.30434782608695654,0.49183471677577245,26.180971390552227,trend/MA5-50/V1.0
trend,45,70,5,50,1.0,1.3059025500546493,2.680397428285816,1.267271241358435,0.8155137433526414,-0.30425105424540855,23,0.30434782608695654,0.49183471677577245,26.180971390552227,trend/MA5-50/V1.0
trend,45,65,5,50,1.0,1.3059025500546493,2.680397428285816,1.267271241358435,0.8155137433526414,-0.30425105424540855,23,0.30434782608695654,0.49183471677577245,26.180971390552227,trend/MA5-50/V1.0
trend,50,60,5,50,1.0,1.3059025500546493,2.680397428285816,1.267271241358435,0.8155137433526414,-0.30425105424540855,23,0.30434782608695654,0.49183471677577245,26.180971390552227,trend/MA5-50/V1.0
trend,30,55,5,50,1.0,1.3059025500546493,2.680397428285816,1.267271241358435,0.8155137433526414,-0.30425105424540855,23,0.30434782608695654,0.49183471677577245,26.180971390552227,trend/MA5-50/V1.0
trend,35,65,5,50,1.0,1.3059025500546493,2.680397428285816,1.267271241358435,0.8155137433526414,-0.30425105424540855,23,0.30434782608695654,0.49183471677577245,26.180971390552227,trend/MA5-50/V1.0
trend,50,70,5,50,1.0,1.3059025500546493,2.680397428285816,1.267271241358435,0.8155137433526414,-0.30425105424540855,23,0.30434782608695654,0.49183471677577245,26.180971390552227,trend/MA5-50/V1.0
trend,50,65,5,50,1.0,1.3059025500546493,2.680397428285816,1.267271241358435,0.8155137433526414,-0.30425105424540855,23,0.30434782608695654,0.49183471677577245,26.180971390552227,trend/MA5-50/V1.0
trend,45,60,5,50,1.0,1.3059025500546493,2.680397428285816,1.267271241358435,0.8155137433526414,-0.30425105424540855,23,0.30434782608695654,0.49183471677577245,26.180971390552227,trend/MA5-50/V1.0
trend,35,75,5,50,1.0,1.3059025500546493,2.680397428285816,1.267271241358435,0.8155137433526414,-0.30425105424540855,23,0.30434782608695654,0.49183471677577245,26.180971390552227,trend/MA5-50/V1.0
momentum,50,70,10,50,1.5,1.2815122834244772,2.6610727406242014,0.871804466699188,0.5788957037543061,-0.21754223209190288,8,0.5,4.933978005420651,6.154357950765137,momentum/B50/S70/MA10-50/V1.5
momentum,35,55,20,50,0.0,1.2194418500397664,2.784072846653986,0.24392334852102993,0.17236061455257,-0.06190952034883718,10,0.2,-2.001159930098468,0.8982035928143712,momentum/B35/S55/MA20-50/V0.0
momentum,40,65,10,50,1.0,1.2040925067200439,2.7197293214193725,0.1679869228229356,0.11977679311911604,-0.04403996830706922,5,0.0,-4.669135185335792,0.4657351962741184,momentum/B40/S65/MA10-50/V1.0
momentum,40,75,10,50,1.0,1.2040925067200439,2.7197293214193725,0.1679869228229356,0.11977679311911604,-0.04403996830706922,5,0.0,-4.669135185335792,0.4657351962741184,momentum/B40/S75/MA10-50/V1.0
momentum,40,55,10,50,1.0,1.2040925067200439,2.7197293214193725,0.1679869228229356,0.11977679311911604,-0.04403996830706922,5,0.0,-4.669135185335792,0.4657351962741184,momentum/B40/S55/MA10-50/V1.0
momentum,40,70,10,50,1.0,1.2040925067200439,2.7197293214193725,0.1679869228229356,0.11977679311911604,-0.04403996830706922,5,0.0,-4.669135185335792,0.4657351962741184,momentum/B40/S70/MA10-50/V1.0
momentum,40,60,10,50,1.0,1.2040925067200439,2.7197293214193725,0.1679869228229356,0.11977679311911604,-0.04403996830706922,5,0.0,-4.669135185335792,0.4657351962741184,momentum/B40/S60/MA10-50/V1.0
momentum,45,75,5,20,0.0,1.191438995392179,2.175892726296,0.5927607969525392,0.40370341485204886,-0.18553461297665583,16,0.3125,0.0509688809372931,5.2561543579507655,momentum/B45/S75/MA5-20/V0.0
momentum,50,60,10,50,1.5,1.1753316707718247,2.1864492276218885,0.705866436343882,0.4756450453324834,-0.21754223209190324,8,0.625,1.9529644362586924,3.792415169660679,momentum/B50/S60/MA10-50/V1.5
momentum,45,75,20,50,0.0,1.1473079861311088,1.5142507228947344,0.9414734165827356,0.6214969087978062,-0.4104319710078887,30,0.3,-0.7739482054242385,17.032601463739187,momentum/B45/S75/MA20-50/V0.0
momentum,35,55,20,50,1.0,1.0791640936428788,2.2517620021511986,0.19618074845743982,0.13940550549291797,-0.06190952034883718,6,0.16666666666666666,-3.0406140711936813,0.5322687957418496,momentum/B35/S55/MA20-50/V1.0
trend,50,55,10,50,0.0,1.0633045204004783,1.390224323429517,1.028007761701661,0.6738378745557048,-0.4846972270585997,41,0.24390243902439024,0.4571795039295057,47.238855622089154,trend/MA10-50/V0.0
trend,45,75,10,50,0.0,1.0633045204004783,1.390224323429517,1.028007761701661,0.6738378745557048,-0.4846972270585997,41,0.24390243902439024,0.4571795039295057,47.238855622089154,trend/MA10-50/V0.0
trend,45,60,10,50,0.0,1.0633045204004783,1.390224323429517,1.028007761701661,0.6738378745557048,-0.4846972270585997,41,0.24390243902439024,0.4571795039295057,47.238855622089154,trend/MA10-50/V0.0
trend,40,75,10,50,0.0,1.0633045204004783,1.390224323429517,1.028007761701661,0.6738378745557048,-0.4846972270585997,41,0.24390243902439024,0.4571795039295057,47.238855622089154,trend/MA10-50/V0.0
trend,30,70,10,50,0.0,1.0633045204004783,1.390224323429517,1.028007761701661,0.6738378745557048,-0.4846972270585997,41,0.24390243902439024,0.4571795039295057,47.238855622089154,trend/MA10-50/V0.0
trend,35,75,10,50,0.0,1.0633045204004783,1.390224323429517,1.028007761701661,0.6738378745557048,-0.4846972270585997,41,0.24390243902439024,0.4571795039295057,47.238855622089154,trend/MA10-50/V0.0
trend,35,70,10,50,0.0,1.0633045204004783,1.390224323429517,1.028007761701661,0.6738378745557048,-0.4846972270585997,41,0.24390243902439024,0.4571795039295057,47.238855622089154,trend/MA10-50/V0.0
trend,50,75,10,50,0.0,1.0633045204004783,1.390224323429517,1.028007761701661,0.6738378745557048,-0.4846972270585997,41,0.24390243902439024,0.4571795039295057,47.238855622089154,trend/MA10-50/V0.0
trend,30,60,10,50,0.0,1.0633045204004783,1.390224323429517,1.028007761701661,0.6738378745557048,-0.4846972270585997,41,0.24390243902439024,0.4571795039295057,47.238855622089154,trend/MA10-50/V0.0
trend,35,55,10,50,0.0,1.0633045204004783,1.390224323429517,1.028007761701661,0.6738378745557048,-0.4846972270585997,41,0.24390243902439024,0.4571795039295057,47.238855622089154,trend/MA10-50/V0.0
trend,30,65,10,50,0.0,1.0633045204004783,1.390224323429517,1.028007761701661,0.6738378745557048,-0.4846972270585997,41,0.24390243902439024,0.4571795039295057,47.238855622089154,trend/MA10-50/V0.0
trend,30,75,10,50,0.0,1.0633045204004783,1.390224323429517,1.028007761701661,0.6738378745557048,-0.4846972270585997,41,0.24390243902439024,0.4571795039295057,47.238855622089154,trend/MA10-50/V0.0
trend,40,60,10,50,0.0,1.0633045204004783,1.390224323429517,1.028007761701661,0.6738378745557048,-0.4846972270585997,41,0.24390243902439024,0.4571795039295057,47.238855622089154,trend/MA10-50/V0.0
trend,40,70,10,50,0.0,1.0633045204004783,1.390224323429517,1.028007761701661,0.6738378745557048,-0.4846972270585997,41,0.24390243902439024,0.4571795039295057,47.238855622089154,trend/MA10-50/V0.0
trend,40,65,10,50,0.0,1.0633045204004783,1.390224323429517,1.028007761701661,0.6738378745557048,-0.4846972270585997,41,0.24390243902439024,0.4571795039295057,47.238855622089154,trend/MA10-50/V0.0
trend,45,55,10,50,0.0,1.0633045204004783,1.390224323429517,1.028007761701661,0.6738378745557048,-0.4846972270585997,41,0.24390243902439024,0.4571795039295057,47.238855622089154,trend/MA10-50/V0.0
trend,45,70,10,50,0.0,1.0633045204004783,1.390224323429517,1.028007761701661,0.6738378745557048,-0.4846972270585997,41,0.24390243902439024,0.4571795039295057,47.238855622089154,trend/MA10-50/V0.0
trend,45,65,10,50,0.0,1.0633045204004783,1.390224323429517,1.028007761701661,0.6738378745557048,-0.4846972270585997,41,0.24390243902439024,0.4571795039295057,47.238855622089154,trend/MA10-50/V0.0
trend,40,55,10,50,0.0,1.0633045204004783,1.390224323429517,1.028007761701661,0.6738378745557048,-0.4846972270585997,41,0.24390243902439024,0.4571795039295057,47.238855622089154,trend/MA10-50/V0.0
trend,50,70,10,50,0.0,1.0633045204004783,1.390224323429517,1.028007761701661,0.6738378745557048,-0.4846972270585997,41,0.24390243902439024,0.4571795039295057,47.238855622089154,trend/MA10-50/V0.0
trend,35,60,10,50,0.0,1.0633045204004783,1.390224323429517,1.028007761701661,0.6738378745557048,-0.4846972270585997,41,0.24390243902439024,0.4571795039295057,47.238855622089154,trend/MA10-50/V0.0
trend,35,65,10,50,0.0,1.0633045204004783,1.390224323429517,1.028007761701661,0.6738378745557048,-0.4846972270585997,41,0.24390243902439024,0.4571795039295057,47.238855622089154,trend/MA10-50/V0.0
trend,30,55,10,50,0.0,1.0633045204004783,1.390224323429517,1.028007761701661,0.6738378745557048,-0.4846972270585997,41,0.24390243902439024,0.4571795039295057,47.238855622089154,trend/MA10-50/V0.0
trend,50,65,10,50,0.0,1.0633045204004783,1.390224323429517,1.028007761701661,0.6738378745557048,-0.4846972270585997,41,0.24390243902439024,0.4571795039295057,47.238855622089154,trend/MA10-50/V0.0
trend,50,60,10,50,0.0,1.0633045204004783,1.390224323429517,1.028007761701661,0.6738378745557048,-0.4846972270585997,41,0.24390243902439024,0.4571795039295057,47.238855622089154,trend/MA10-50/V0.0
momentum,45,65,5,20,0.0,1.018919991098605,1.6471572622483772,0.44199401067967115,0.30560468516294126,-0.1855346129766562,16,0.3125,-1.080612616862613,4.757152361942781,momentum/B45/S65/MA5-20/V0.0
trend,45,60,10,50,1.0,1.0189176985116148,1.2239543959786645,0.711469450153307,0.4791746033501123,-0.3914971055494008,16,0.3125,1.7142249900472626,20.758483033932134,trend/MA10-50/V1.0
trend,30,70,10,50,1.0,1.0189176985116148,1.2239543959786645,0.711469450153307,0.4791746033501123,-0.3914971055494008,16,0.3125,1.7142249900472626,20.758483033932134,trend/MA10-50/V1.0
trend,45,65,10,50,1.0,1.0189176985116148,1.2239543959786645,0.711469450153307,0.4791746033501123,-0.3914971055494008,16,0.3125,1.7142249900472626,20.758483033932134,trend/MA10-50/V1.0
trend,40,55,10,50,1.0,1.0189176985116148,1.2239543959786645,0.711469450153307,0.4791746033501123,-0.3914971055494008,16,0.3125,1.7142249900472626,20.758483033932134,trend/MA10-50/V1.0
trend,40,60,10,50,1.0,1.0189176985116148,1.2239543959786645,0.711469450153307,0.4791746033501123,-0.3914971055494008,16,0.3125,1.7142249900472626,20.758483033932134,trend/MA10-50/V1.0
trend,40,65,10,50,1.0,1.0189176985116148,1.2239543959786645,0.711469450153307,0.4791746033501123,-0.3914971055494008,16,0.3125,1.7142249900472626,20.758483033932134,trend/MA10-50/V1.0
trend,40,70,10,50,1.0,1.0189176985116148,1.2239543959786645,0.711469450153307,0.4791746033501123,-0.3914971055494008,16,0.3125,1.7142249900472626,20.758483033932134,trend/MA10-50/V1.0
trend,45,55,10,50,1.0,1.0189176985116148,1.2239543959786645,0.711469450153307,0.4791746033501123,-0.3914971055494008,16,0.3125,1.7142249900472626,20.758483033932134,trend/MA10-50/V1.0
trend,40,75,10,50,1.0,1.0189176985116148,1.2239543959786645,0.711469450153307,0.4791746033501123,-0.3914971055494008,16,0.3125,1.7142249900472626,20.758483033932134,trend/MA10-50/V1.0
trend,50,65,10,50,1.0,1.0189176985116148,1.2239543959786645,0.711469450153307,0.4791746033501123,-0.3914971055494008,16,0.3125,1.7142249900472626,20.758483033932134,trend/MA10-50/V1.0
trend,50,70,10,50,1.0,1.0189176985116148,1.2239543959786645,0.711469450153307,0.4791746033501123,-0.3914971055494008,16,0.3125,1.7142249900472626,20.758483033932134,trend/MA10-50/V1.0
trend,45,70,10,50,1.0,1.0189176985116148,1.2239543959786645,0.711469450153307,0.4791746033501123,-0.3914971055494008,16,0.3125,1.7142249900472626,20.758483033932134,trend/MA10-50/V1.0
trend,45,75,10,50,1.0,1.0189176985116148,1.2239543959786645,0.711469450153307,0.4791746033501123,-0.3914971055494008,16,0.3125,1.7142249900472626,20.758483033932134,trend/MA10-50/V1.0
trend,30,55,10,50,1.0,1.0189176985116148,1.2239543959786645,0.711469450153307,0.4791746033501123,-0.3914971055494008,16,0.3125,1.7142249900472626,20.758483033932134,trend/MA10-50/V1.0
trend,35,65,10,50,1.0,1.0189176985116148,1.2239543959786645,0.711469450153307,0.4791746033501123,-0.3914971055494008,16,0.3125,1.7142249900472626,20.758483033932134,trend/MA10-50/V1.0
trend,50,60,10,50,1.0,1.0189176985116148,1.2239543959786645,0.711469450153307,0.4791746033501123,-0.3914971055494008,16,0.3125,1.7142249900472626,20.758483033932134,trend/MA10-50/V1.0
trend,50,55,10,50,1.0,1.0189176985116148,1.2239543959786645,0.711469450153307,0.4791746033501123,-0.3914971055494008,16,0.3125,1.7142249900472626,20.758483033932134,trend/MA10-50/V1.0
trend,35,70,10,50,1.0,1.0189176985116148,1.2239543959786645,0.711469450153307,0.4791746033501123,-0.3914971055494008,16,0.3125,1.7142249900472626,20.758483033932134,trend/MA10-50/V1.0
trend,35,75,10,50,1.0,1.0189176985116148,1.2239543959786645,0.711469450153307,0.4791746033501123,-0.3914971055494008,16,0.3125,1.7142249900472626,20.758483033932134,trend/MA10-50/V1.0
trend,30,65,10,50,1.0,1.0189176985116148,1.2239543959786645,0.711469450153307,0.4791746033501123,-0.3914971055494008,16,0.3125,1.7142249900472626,20.758483033932134,trend/MA10-50/V1.0
trend,30,60,10,50,1.0,1.0189176985116148,1.2239543959786645,0.711469450153307,0.4791746033501123,-0.3914971055494008,16,0.3125,1.7142249900472626,20.758483033932134,trend/MA10-50/V1.0
trend,35,55,10,50,1.0,1.0189176985116148,1.2239543959786645,0.711469450153307,0.4791746033501123,-0.3914971055494008,16,0.3125,1.7142249900472626,20.758483033932134,trend/MA10-50/V1.0
trend,35,60,10,50,1.0,1.0189176985116148,1.2239543959786645,0.711469450153307,0.4791746033501123,-0.3914971055494008,16,0.3125,1.7142249900472626,20.758483033932134,trend/MA10-50/V1.0
trend,50,75,10,50,1.0,1.0189176985116148,1.2239543959786645,0.711469450153307,0.4791746033501123,-0.3914971055494008,16,0.3125,1.7142249900472626,20.758483033932134,trend/MA10-50/V1.0
trend,30,75,10,50,1.0,1.0189176985116148,1.2239543959786645,0.711469450153307,0.4791746033501123,-0.3914971055494008,16,0.3125,1.7142249900472626,20.758483033932134,trend/MA10-50/V1.0
trend,35,55,20,50,1.0,0.9921728968142696,1.4037843464589332,0.7844481661093632,0.5248650531831938,-0.3738929376917285,19,0.42105263157894735,2.8415843091495927,28.409846972721226,trend/MA20-50/V1.0
trend,35,60,20,50,1.0,0.9921728968142696,1.4037843464589332,0.7844481661093632,0.5248650531831938,-0.3738929376917285,19,0.42105263157894735,2.8415843091495927,28.409846972721226,trend/MA20-50/V1.0
trend,30,75,20,50,1.0,0.9921728968142696,1.4037843464589332,0.7844481661093632,0.5248650531831938,-0.3738929376917285,19,0.42105263157894735,2.8415843091495927,28.409846972721226,trend/MA20-50/V1.0
trend,30,60,20,50,1.0,0.9921728968142696,1.4037843464589332,0.7844481661093632,0.5248650531831938,-0.3738929376917285,19,0.42105263157894735,2.8415843091495927,28.409846972721226,trend/MA20-50/V1.0
trend,50,70,20,50,1.0,0.9921728968142696,1.4037843464589332,0.7844481661093632,0.5248650531831938,-0.3738929376917285,19,0.42105263157894735,2.8415843091495927,28.409846972721226,trend/MA20-50/V1.0
trend,35,75,20,50,1.0,0.9921728968142696,1.4037843464589332,0.7844481661093632,0.5248650531831938,-0.3738929376917285,19,0.42105263157894735,2.8415843091495927,28.409846972721226,trend/MA20-50/V1.0
trend,30,55,20,50,1.0,0.9921728968142696,1.4037843464589332,0.7844481661093632,0.5248650531831938,-0.3738929376917285,19,0.42105263157894735,2.8415843091495927,28.409846972721226,trend/MA20-50/V1.0
trend,35,65,20,50,1.0,0.9921728968142696,1.4037843464589332,0.7844481661093632,0.5248650531831938,-0.3738929376917285,19,0.42105263157894735,2.8415843091495927,28.409846972721226,trend/MA20-50/V1.0
trend,50,75,20,50,1.0,0.9921728968142696,1.4037843464589332,0.7844481661093632,0.5248650531831938,-0.3738929376917285,19,0.42105263157894735,2.8415843091495927,28.409846972721226,trend/MA20-50/V1.0
trend,50,65,20,50,1.0,0.9921728968142696,1.4037843464589332,0.7844481661093632,0.5248650531831938,-0.3738929376917285,19,0.42105263157894735,2.8415843091495927,28.409846972721226,trend/MA20-50/V1.0
trend,35,70,20,50,1.0,0.9921728968142696,1.4037843464589332,0.7844481661093632,0.5248650531831938,-0.3738929376917285,19,0.42105263157894735,2.8415843091495927,28.409846972721226,trend/MA20-50/V1.0
trend,40,55,20,50,1.0,0.9921728968142696,1.4037843464589332,0.7844481661093632,0.5248650531831938,-0.3738929376917285,19,0.42105263157894735,2.8415843091495927,28.409846972721226,trend/MA20-50/V1.0
trend,30,65,20,50,1.0,0.9921728968142696,1.4037843464589332,0.7844481661093632,0.5248650531831938,-0.3738929376917285,19,0.42105263157894735,2.8415843091495927,28.409846972721226,trend/MA20-50/V1.0
trend,40,60,20,50,1.0,0.9921728968142696,1.4037843464589332,0.7844481661093632,0.5248650531831938,-0.3738929376917285,19,0.42105263157894735,2.8415843091495927,28.409846972721226,trend/MA20-50/V1.0
trend,45,60,20,50,1.0,0.9921728968142696,1.4037843464589332,0.7844481661093632,0.5248650531831938,-0.3738929376917285,19,0.42105263157894735,2.8415843091495927,28.409846972721226,trend/MA20-50/V1.0
trend,45,55,20,50,1.0,0.9921728968142696,1.4037843464589332,0.7844481661093632,0.5248650531831938,-0.3738929376917285,19,0.42105263157894735,2.8415843091495927,28.409846972721226,trend/MA20-50/V1.0
trend,40,75,20,50,1.0,0.9921728968142696,1.4037843464589332,0.7844481661093632,0.5248650531831938,-0.3738929376917285,19,0.42105263157894735,2.8415843091495927,28.409846972721226,trend/MA20-50/V1.0
trend,45,65,20,50,1.0,0.9921728968142696,1.4037843464589332,0.7844481661093632,0.5248650531831938,-0.3738929376917285,19,0.42105263157894735,2.8415843091495927,28.409846972721226,trend/MA20-50/V1.0
trend,40,70,20,50,1.0,0.9921728968142696,1.4037843464589332,0.7844481661093632,0.5248650531831938,-0.3738929376917285,19,0.42105263157894735,2.8415843091495927,28.409846972721226,trend/MA20-50/V1.0
trend,30,70,20,50,1.0,0.9921728968142696,1.4037843464589332,0.7844481661093632,0.5248650531831938,-0.3738929376917285,19,0.42105263157894735,2.8415843091495927,28.409846972721226,trend/MA20-50/V1.0
trend,50,55,20,50,1.0,0.9921728968142696,1.4037843464589332,0.7844481661093632,0.5248650531831938,-0.3738929376917285,19,0.42105263157894735,2.8415843091495927,28.409846972721226,trend/MA20-50/V1.0
trend,45,70,20,50,1.0,0.9921728968142696,1.4037843464589332,0.7844481661093632,0.5248650531831938,-0.3738929376917285,19,0.42105263157894735,2.8415843091495927,28.409846972721226,trend/MA20-50/V1.0
trend,45,75,20,50,1.0,0.9921728968142696,1.4037843464589332,0.7844481661093632,0.5248650531831938,-0.3738929376917285,19,0.42105263157894735,2.8415843091495927,28.409846972721226,trend/MA20-50/V1.0
trend,50,60,20,50,1.0,0.9921728968142696,1.4037843464589332,0.7844481661093632,0.5248650531831938,-0.3738929376917285,19,0.42105263157894735,2.8415843091495927,28.409846972721226,trend/MA20-50/V1.0
trend,40,65,20,50,1.0,0.9921728968142696,1.4037843464589332,0.7844481661093632,0.5248650531831938,-0.3738929376917285,19,0.42105263157894735,2.8415843091495927,28.409846972721226,trend/MA20-50/V1.0
momentum,45,70,5,20,0.0,0.9345781520551915,1.4706463946815769,0.39258024341876285,0.27285580966276113,-0.1855346129766562,16,0.3125,-1.3014139096298032,4.9234863606121095,momentum/B45/S70/MA5-20/V0.0
momentum,40,55,20,50,0.0,0.9089750699349578,2.0947384498436366,0.273673035848786,0.1927219959205384,-0.09200289226319605,15,0.13333333333333333,-2.3392360206984506,2.761144377910845,momentum/B40/S55/MA20-50/V0.0
momentum,50,75,10,50,1.5,0.9051022449578948,1.1767744737330408,0.5376894982875151,0.3681755642986011,-0.312868414905917,7,0.5714285714285714,2.6583945079974973,7.884231536926148,momentum/B50/S75/MA10-50/V1.5
momentum,40,55,20,50,1.0,0.901183889702089,1.7989241830305986,0.23395158484342837,0.1655062278010222,-0.09200289226319608,9,0.2222222222222222,-2.255962642196828,1.4637391882900865,momentum/B40/S55/MA20-50/V1.0
momentum,45,60,5,20,1.0,0.749576975865648,1.1578543565682375,0.16133678102719506,0.11512826107324603,-0.09943242033866373,7,0.2857142857142857,-0.5960903768712206,1.5968063872255487,momentum/B45/S60/MA5-20/V1.0
trend,50,70,20,50,0.0,0.7396888204114639,0.6181052486942771,0.4563909801976487,0.3150886082876041,-0.509765301222108,35,0.37142857142857144,0.5921234123220727,48.27012641383899,trend/MA20-50/V0.0
trend,35,75,20,50,0.0,0.7396888204114639,0.6181052486942771,0.4563909801976487,0.3150886082876041,-0.509765301222108,35,0.37142857142857144,0.5921234123220727,48.27012641383899,trend/MA20-50/V0.0
trend,40,55,20,50,0.0,0.7396888204114639,0.6181052486942771,0.4563909801976487,0.3150886082876041,-0.509765301222108,35,0.37142857142857144,0.5921234123220727,48.27012641383899,trend/MA20-50/V0.0
trend,45,55,20,50,0.0,0.7396888204114639,0.6181052486942771,0.4563909801976487,0.3150886082876041,-0.509765301222108,35,0.37142857142857144,0.5921234123220727,48.27012641383899,trend/MA20-50/V0.0
trend,40,70,20,50,0.0,0.7396888204114639,0.6181052486942771,0.4563909801976487,0.3150886082876041,-0.509765301222108,35,0.37142857142857144,0.5921234123220727,48.27012641383899,trend/MA20-50/V0.0
trend,40,65,20,50,0.0,0.7396888204114639,0.6181052486942771,0.4563909801976487,0.3150886082876041,-0.509765301222108,35,0.37142857142857144,0.5921234123220727,48.27012641383899,trend/MA20-50/V0.0
trend,45,60,20,50,0.0,0.7396888204114639,0.6181052486942771,0.4563909801976487,0.3150886082876041,-0.509765301222108,35,0.37142857142857144,0.5921234123220727,48.27012641383899,trend/MA20-50/V0.0
trend,30,70,20,50,0.0,0.7396888204114639,0.6181052486942771,0.4563909801976487,0.3150886082876041,-0.509765301222108,35,0.37142857142857144,0.5921234123220727,48.27012641383899,trend/MA20-50/V0.0
trend,50,60,20,50,0.0,0.7396888204114639,0.6181052486942771,0.4563909801976487,0.3150886082876041,-0.509765301222108,35,0.37142857142857144,0.5921234123220727,48.27012641383899,trend/MA20-50/V0.0
trend,45,75,20,50,0.0,0.7396888204114639,0.6181052486942771,0.4563909801976487,0.3150886082876041,-0.509765301222108,35,0.37142857142857144,0.5921234123220727,48.27012641383899,trend/MA20-50/V0.0
trend,45,70,20,50,0.0,0.7396888204114639,0.6181052486942771,0.4563909801976487,0.3150886082876041,-0.509765301222108,35,0.37142857142857144,0.5921234123220727,48.27012641383899,trend/MA20-50/V0.0
trend,50,55,20,50,0.0,0.7396888204114639,0.6181052486942771,0.4563909801976487,0.3150886082876041,-0.509765301222108,35,0.37142857142857144,0.5921234123220727,48.27012641383899,trend/MA20-50/V0.0
trend,40,60,20,50,0.0,0.7396888204114639,0.6181052486942771,0.4563909801976487,0.3150886082876041,-0.509765301222108,35,0.37142857142857144,0.5921234123220727,48.27012641383899,trend/MA20-50/V0.0
trend,40,75,20,50,0.0,0.7396888204114639,0.6181052486942771,0.4563909801976487,0.3150886082876041,-0.509765301222108,35,0.37142857142857144,0.5921234123220727,48.27012641383899,trend/MA20-50/V0.0
trend,45,65,20,50,0.0,0.7396888204114639,0.6181052486942771,0.4563909801976487,0.3150886082876041,-0.509765301222108,35,0.37142857142857144,0.5921234123220727,48.27012641383899,trend/MA20-50/V0.0
trend,30,65,20,50,0.0,0.7396888204114639,0.6181052486942771,0.4563909801976487,0.3150886082876041,-0.509765301222108,35,0.37142857142857144,0.5921234123220727,48.27012641383899,trend/MA20-50/V0.0
trend,30,60,20,50,0.0,0.7396888204114639,0.6181052486942771,0.4563909801976487,0.3150886082876041,-0.509765301222108,35,0.37142857142857144,0.5921234123220727,48.27012641383899,trend/MA20-50/V0.0
trend,30,75,20,50,0.0,0.7396888204114639,0.6181052486942771,0.4563909801976487,0.3150886082876041,-0.509765301222108,35,0.37142857142857144,0.5921234123220727,48.27012641383899,trend/MA20-50/V0.0
trend,35,70,20,50,0.0,0.7396888204114639,0.6181052486942771,0.4563909801976487,0.3150886082876041,-0.509765301222108,35,0.37142857142857144,0.5921234123220727,48.27012641383899,trend/MA20-50/V0.0
trend,35,55,20,50,0.0,0.7396888204114639,0.6181052486942771,0.4563909801976487,0.3150886082876041,-0.509765301222108,35,0.37142857142857144,0.5921234123220727,48.27012641383899,trend/MA20-50/V0.0
trend,30,55,20,50,0.0,0.7396888204114639,0.6181052486942771,0.4563909801976487,0.3150886082876041,-0.509765301222108,35,0.37142857142857144,0.5921234123220727,48.27012641383899,trend/MA20-50/V0.0
trend,35,65,20,50,0.0,0.7396888204114639,0.6181052486942771,0.4563909801976487,0.3150886082876041,-0.509765301222108,35,0.37142857142857144,0.5921234123220727,48.27012641383899,trend/MA20-50/V0.0
trend,35,60,20,50,0.0,0.7396888204114639,0.6181052486942771,0.4563909801976487,0.3150886082876041,-0.509765301222108,35,0.37142857142857144,0.5921234123220727,48.27012641383899,trend/MA20-50/V0.0
trend,50,65,20,50,0.0,0.7396888204114639,0.6181052486942771,0.4563909801976487,0.3150886082876041,-0.509765301222108,35,0.37142857142857144,0.5921234123220727,48.27012641383899,trend/MA20-50/V0.0
trend,50,75,20,50,0.0,0.7396888204114639,0.6181052486942771,0.4563909801976487,0.3150886082876041,-0.509765301222108,35,0.37142857142857144,0.5921234123220727,48.27012641383899,trend/MA20-50/V0.0
rsi,30,75,20,50,0.0,0.5902713252232447,0.2879597961366673,0.23245933490611193,0.1644791945555275,-0.5711880504230694,7,0.7142857142857143,13.82485634025962,46.972721224218226,rsi/B30/S75/MA20-50/V0.0
rsi,30,75,5,50,0.0,0.5902713252232447,0.2879597961366673,0.23245933490611193,0.1644791945555275,-0.5711880504230694,7,0.7142857142857143,13.82485634025962,46.972721224218226,rsi/B30/S75/MA5-50/V0.0
rsi,30,75,10,20,0.0,0.5902713252232447,0.2879597961366673,0.23245933490611193,0.1644791945555275,-0.5711880504230694,7,0.7142857142857143,13.82485634025962,46.972721224218226,rsi/B30/S75/MA10-20/V0.0
rsi,30,75,5,20,0.0,0.5902713252232447,0.2879597961366673,0.23245933490611193,0.1644791945555275,-0.5711880504230694,7,0.7142857142857143,13.82485634025962,46.972721224218226,rsi/B30/S75/MA5-20/V0.0
rsi,30,75,10,50,0.0,0.5902713252232447,0.2879597961366673,0.23245933490611193,0.1644791945555275,-0.5711880504230694,7,0.7142857142857143,13.82485634025962,46.972721224218226,rsi/B30/S75/MA10-50/V0.0
rsi,35,75,5,20,0.0,0.5700678945437455,0.0997988876878116,0.08967069758160773,0.06456260462510821,-0.6469270962926095,10,0.7,10.88885879734742,76.14770459081836,rsi/B35/S75/MA5-20/V0.0
rsi,35,75,10,50,0.0,0.5700678945437455,0.0997988876878116,0.08967069758160773,0.06456260462510821,-0.6469270962926095,10,0.7,10.88885879734742,76.14770459081836,rsi/B35/S75/MA10-50/V0.0
rsi,35,75,20,50,0.0,0.5700678945437455,0.0997988876878116,0.08967069758160773,0.06456260462510821,-0.6469270962926095,10,0.7,10.88885879734742,76.14770459081836,rsi/B35/S75/MA20-50/V0.0
rsi,35,75,10,20,0.0,0.5700678945437455,0.0997988876878116,0.08967069758160773,0.06456260462510821,-0.6469270962926095,10,0.7,10.88885879734742,76.14770459081836,rsi/B35/S75/MA10-20/V0.0
rsi,35,75,5,50,0.0,0.5700678945437455,0.0997988876878116,0.08967069758160773,0.06456260462510821,-0.6469270962926095,10,0.7,10.88885879734742,76.14770459081836,rsi/B35/S75/MA5-50/V0.0
trend,30,70,10,50,1.5,0.5443740970059111,0.5106984024119183,0.2165343485097304,0.153497773788267,-0.300564429149044,10,0.3,0.5214910127404737,12.840984697272123,trend/MA10-50/V1.5
trend,40,75,10,50,1.5,0.5443740970059111,0.5106984024119183,0.2165343485097304,0.153497773788267,-0.300564429149044,10,0.3,0.5214910127404737,12.840984697272123,trend/MA10-50/V1.5
trend,40,60,10,50,1.5,0.5443740970059111,0.5106984024119183,0.2165343485097304,0.153497773788267,-0.300564429149044,10,0.3,0.5214910127404737,12.840984697272123,trend/MA10-50/V1.5
trend,45,65,10,50,1.5,0.5443740970059111,0.5106984024119183,0.2165343485097304,0.153497773788267,-0.300564429149044,10,0.3,0.5214910127404737,12.840984697272123,trend/MA10-50/V1.5
trend,50,60,10,50,1.5,0.5443740970059111,0.5106984024119183,0.2165343485097304,0.153497773788267,-0.300564429149044,10,0.3,0.5214910127404737,12.840984697272123,trend/MA10-50/V1.5
trend,45,60,10,50,1.5,0.5443740970059111,0.5106984024119183,0.2165343485097304,0.153497773788267,-0.300564429149044,10,0.3,0.5214910127404737,12.840984697272123,trend/MA10-50/V1.5
trend,45,55,10,50,1.5,0.5443740970059111,0.5106984024119183,0.2165343485097304,0.153497773788267,-0.300564429149044,10,0.3,0.5214910127404737,12.840984697272123,trend/MA10-50/V1.5
trend,40,70,10,50,1.5,0.5443740970059111,0.5106984024119183,0.2165343485097304,0.153497773788267,-0.300564429149044,10,0.3,0.5214910127404737,12.840984697272123,trend/MA10-50/V1.5
trend,45,70,10,50,1.5,0.5443740970059111,0.5106984024119183,0.2165343485097304,0.153497773788267,-0.300564429149044,10,0.3,0.5214910127404737,12.840984697272123,trend/MA10-50/V1.5
trend,50,55,10,50,1.5,0.5443740970059111,0.5106984024119183,0.2165343485097304,0.153497773788267,-0.300564429149044,10,0.3,0.5214910127404737,12.840984697272123,trend/MA10-50/V1.5
trend,45,75,10,50,1.5,0.5443740970059111,0.5106984024119183,0.2165343485097304,0.153497773788267,-0.300564429149044,10,0.3,0.5214910127404737,12.840984697272123,trend/MA10-50/V1.5
trend,40,65,10,50,1.5,0.5443740970059111,0.5106984024119183,0.2165343485097304,0.153497773788267,-0.300564429149044,10,0.3,0.5214910127404737,12.840984697272123,trend/MA10-50/V1.5
trend,30,55,10,50,1.5,0.5443740970059111,0.5106984024119183,0.2165343485097304,0.153497773788267,-0.300564429149044,10,0.3,0.5214910127404737,12.840984697272123,trend/MA10-50/V1.5
trend,35,75,10,50,1.5,0.5443740970059111,0.5106984024119183,0.2165343485097304,0.153497773788267,-0.300564429149044,10,0.3,0.5214910127404737,12.840984697272123,trend/MA10-50/V1.5
trend,35,70,10,50,1.5,0.5443740970059111,0.5106984024119183,0.2165343485097304,0.153497773788267,-0.300564429149044,10,0.3,0.5214910127404737,12.840984697272123,trend/MA10-50/V1.5
trend,50,65,10,50,1.5,0.5443740970059111,0.5106984024119183,0.2165343485097304,0.153497773788267,-0.300564429149044,10,0.3,0.5214910127404737,12.840984697272123,trend/MA10-50/V1.5
trend,30,65,10,50,1.5,0.5443740970059111,0.5106984024119183,0.2165343485097304,0.153497773788267,-0.300564429149044,10,0.3,0.5214910127404737,12.840984697272123,trend/MA10-50/V1.5
trend,30,60,10,50,1.5,0.5443740970059111,0.5106984024119183,0.2165343485097304,0.153497773788267,-0.300564429149044,10,0.3,0.5214910127404737,12.840984697272123,trend/MA10-50/V1.5
trend,50,70,10,50,1.5,0.5443740970059111,0.5106984024119183,0.2165343485097304,0.153497773788267,-0.300564429149044,10,0.3,0.5214910127404737,12.840984697272123,trend/MA10-50/V1.5
trend,50,75,10,50,1.5,0.5443740970059111,0.5106984024119183,0.2165343485097304,0.153497773788267,-0.300564429149044,10,0.3,0.5214910127404737,12.840984697272123,trend/MA10-50/V1.5
trend,40,55,10,50,1.5,0.5443740970059111,0.5106984024119183,0.2165343485097304,0.153497773788267,-0.300564429149044,10,0.3,0.5214910127404737,12.840984697272123,trend/MA10-50/V1.5
trend,35,55,10,50,1.5,0.5443740970059111,0.5106984024119183,0.2165343485097304,0.153497773788267,-0.300564429149044,10,0.3,0.5214910127404737,12.840984697272123,trend/MA10-50/V1.5
trend,35,60,10,50,1.5,0.5443740970059111,0.5106984024119183,0.2165343485097304,0.153497773788267,-0.300564429149044,10,0.3,0.5214910127404737,12.840984697272123,trend/MA10-50/V1.5
trend,30,75,10,50,1.5,0.5443740970059111,0.5106984024119183,0.2165343485097304,0.153497773788267,-0.300564429149044,10,0.3,0.5214910127404737,12.840984697272123,trend/MA10-50/V1.5
trend,35,65,10,50,1.5,0.5443740970059111,0.5106984024119183,0.2165343485097304,0.153497773788267,-0.300564429149044,10,0.3,0.5214910127404737,12.840984697272123,trend/MA10-50/V1.5
momentum,45,75,5,20,1.0,0.4990475130583204,0.7610991487958573,0.10531777630189221,0.07567793048246885,-0.09943242033866373,7,0.2857142857142857,-1.1745055718998334,2.162341982701264,momentum/B45/S75/MA5-20/V1.0
momentum,45,70,5,20,1.0,0.4990475130583204,0.7610991487958573,0.10531777630189221,0.07567793048246885,-0.09943242033866373,7,0.2857142857142857,-1.1745055718998334,2.162341982701264,momentum/B45/S70/MA5-20/V1.0
momentum,45,65,5,20,1.0,0.4990475130583204,0.7610991487958573,0.10531777630189221,0.07567793048246885,-0.09943242033866373,7,0.2857142857142857,-1.1745055718998334,2.162341982701264,momentum/B45/S65/MA5-20/V1.0
momentum,35,60,20,50,0.0,0.4970154092394293,0.6266242450142419,0.10049109577751358,0.07225375035604786,-0.11530634336436454,10,0.2,-2.189204988238002,0.9314703925482368,momentum/B35/S60/MA20-50/V0.0
momentum,35,70,20,50,0.0,0.4970154092394293,0.6266242450142419,0.10049109577751358,0.07225375035604786,-0.11530634336436454,10,0.2,-2.189204988238002,0.9314703925482368,momentum/B35/S70/MA20-50/V0.0
momentum,35,65,20,50,0.0,0.4970154092394293,0.6266242450142419,0.10049109577751358,0.07225375035604786,-0.11530634336436454,10,0.2,-2.189204988238002,0.9314703925482368,momentum/B35/S65/MA20-50/V0.0
momentum,35,75,20,50,0.0,0.4970154092394293,0.6266242450142419,0.10049109577751358,0.07225375035604786,-0.11530634336436454,10,0.2,-2.189204988238002,0.9314703925482368,momentum/B35/S75/MA20-50/V0.0
rsi,35,75,5,50,1.5,0.48244894993536314,-0.007251718711557516,-0.006433703456104722,-0.004691333329198688,-0.6469270962926096,9,0.6666666666666666,9.959941564274118,69.32801064537591,rsi/B35/S75/MA5-50/V1.5
rsi,35,75,5,20,1.5,0.48244894993536314,-0.007251718711557516,-0.006433703456104722,-0.004691333329198688,-0.6469270962926096,9,0.6666666666666666,9.959941564274118,69.32801064537591,rsi/B35/S75/MA5-20/V1.5
rsi,35,75,20,50,1.5,0.48244894993536314,-0.007251718711557516,-0.006433703456104722,-0.004691333329198688,-0.6469270962926096,9,0.6666666666666666,9.959941564274118,69.32801064537591,rsi/B35/S75/MA20-50/V1.5
rsi,35,75,10,50,1.5,0.48244894993536314,-0.007251718711557516,-0.006433703456104722,-0.004691333329198688,-0.6469270962926096,9,0.6666666666666666,9.959941564274118,69.32801064537591,rsi/B35/S75/MA10-50/V1.5
rsi,35,75,10,20,1.5,0.48244894993536314,-0.007251718711557516,-0.006433703456104722,-0.004691333329198688,-0.6469270962926096,9,0.6666666666666666,9.959941564274118,69.32801064537591,rsi/B35/S75/MA10-20/V1.5
momentum,40,70,20,50,0.0,0.45753035947332527,0.7336140141155149,0.11790743758333311,0.0845903494085134,-0.11530634336436464,15,0.13333333333333333,-2.6127146921262843,2.860944777112442,momentum/B40/S70/MA20-50/V0.0
momentum,40,65,20,50,0.0,0.45753035947332527,0.7336140141155149,0.11790743758333311,0.0845903494085134,-0.11530634336436464,15,0.13333333333333333,-2.6127146921262843,2.860944777112442,momentum/B40/S65/MA20-50/V0.0
momentum,40,75,20,50,0.0,0.45753035947332527,0.7336140141155149,0.11790743758333311,0.0845903494085134,-0.11530634336436464,15,0.13333333333333333,-2.6127146921262843,2.860944777112442,momentum/B40/S75/MA20-50/V0.0
momentum,40,60,20,50,0.0,0.45753035947332527,0.7336140141155149,0.11790743758333311,0.0845903494085134,-0.11530634336436464,15,0.13333333333333333,-2.6127146921262843,2.860944777112442,momentum/B40/S60/MA20-50/V0.0
rsi,45,75,10,50,0.0,0.4409471786053844,-0.159470369478841,-0.15261587725776116,-0.11365371544149017,-0.7126948775055675,11,0.7272727272727273,7.605376930172708,84.76380572188955,rsi/B45/S75/MA10-50/V0.0
rsi,45,75,10,20,0.0,0.4409471786053844,-0.159470369478841,-0.15261587725776116,-0.11365371544149017,-0.7126948775055675,11,0.7272727272727273,7.605376930172708,84.76380572188955,rsi/B45/S75/MA10-20/V0.0
rsi,45,75,5,20,0.0,0.4409471786053844,-0.159470369478841,-0.15261587725776116,-0.11365371544149017,-0.7126948775055675,11,0.7272727272727273,7.605376930172708,84.76380572188955,rsi/B45/S75/MA5-20/V0.0
rsi,45,75,5,50,0.0,0.4409471786053844,-0.159470369478841,-0.15261587725776116,-0.11365371544149017,-0.7126948775055675,11,0.7272727272727273,7.605376930172708,84.76380572188955,rsi/B45/S75/MA5-50/V0.0
rsi,45,75,20,50,0.0,0.4409471786053844,-0.159470369478841,-0.15261587725776116,-0.11365371544149017,-0.7126948775055675,11,0.7272727272727273,7.605376930172708,84.76380572188955,rsi/B45/S75/MA20-50/V0.0
rsi,45,70,5,20,1.5,0.4076662824638263,-0.142291085662354,-0.12533247360776423,-0.09295228871983041,-0.6532544768152179,18,0.7222222222222222,6.802651064034815,69.12840984697272,rsi/B45/S70/MA5-20/V1.5
rsi,45,70,10,50,1.5,0.4076662824638263,-0.142291085662354,-0.12533247360776423,-0.09295228871983041,-0.6532544768152179,18,0.7222222222222222,6.802651064034815,69.12840984697272,rsi/B45/S70/MA10-50/V1.5
rsi,45,70,20,50,1.5,0.4076662824638263,-0.142291085662354,-0.12533247360776423,-0.09295228871983041,-0.6532544768152179,18,0.7222222222222222,6.802651064034815,69.12840984697272,rsi/B45/S70/MA20-50/V1.5
rsi,45,70,5,50,1.5,0.4076662824638263,-0.142291085662354,-0.12533247360776423,-0.09295228871983041,-0.6532544768152179,18,0.7222222222222222,6.802651064034815,69.12840984697272,rsi/B45/S70/MA5-50/V1.5
rsi,45,70,10,20,1.5,0.4076662824638263,-0.142291085662354,-0.12533247360776423,-0.09295228871983041,-0.6532544768152179,18,0.7222222222222222,6.802651064034815,69.12840984697272,rsi/B45/S70/MA10-20/V1.5
rsi,50,75,5,50,0.0,0.39028843206715236,-0.2658907078583157,-0.2505288502052663,-0.1894989454669509,-0.7126948775055673,11,0.7272727272727273,7.693877028680565,89.85362608117099,rsi/B50/S75/MA5-50/V0.0
rsi,50,75,10,50,0.0,0.39028843206715236,-0.2658907078583157,-0.2505288502052663,-0.1894989454669509,-0.7126948775055673,11,0.7272727272727273,7.693877028680565,89.85362608117099,rsi/B50/S75/MA10-50/V0.0
rsi,50,75,10,20,0.0,0.39028843206715236,-0.2658907078583157,-0.2505288502052663,-0.1894989454669509,-0.7126948775055673,11,0.7272727272727273,7.693877028680565,89.85362608117099,rsi/B50/S75/MA10-20/V0.0
rsi,50,75,5,20,0.0,0.39028843206715236,-0.2658907078583157,-0.2505288502052663,-0.1894989454669509,-0.7126948775055673,11,0.7272727272727273,7.693877028680565,89.85362608117099,rsi/B50/S75/MA5-20/V0.0
rsi,50,75,20,50,0.0,0.39028843206715236,-0.2658907078583157,-0.2505288502052663,-0.1894989454669509,-0.7126948775055673,11,0.7272727272727273,7.693877028680565,89.85362608117099,rsi/B50/S75/MA20-50/V0.0
momentum,40,70,20,50,1.0,0.37932843953630524,0.5189822952951147,0.08304377614066238,0.05984195074132459,-0.11530634336436464,9,0.2222222222222222,-2.711760427909884,1.5635395874916833,momentum/B40/S70/MA20-50/V1.0
momentum,40,65,20,50,1.0,0.37932843953630524,0.5189822952951147,0.08304377614066238,0.05984195074132459,-0.11530634336436464,9,0.2222222222222222,-2.711760427909884,1.5635395874916833,momentum/B40/S65/MA20-50/V1.0
momentum,40,75,20,50,1.0,0.37932843953630524,0.5189822952951147,0.08304377614066238,0.05984195074132459,-0.11530634336436464,9,0.2222222222222222,-2.711760427909884,1.5635395874916833,momentum/B40/S75/MA20-50/V1.0
momentum,40,60,20,50,1.0,0.37932843953630524,0.5189822952951147,0.08304377614066238,0.05984195074132459,-0.11530634336436464,9,0.2222222222222222,-2.711760427909884,1.5635395874916833,momentum/B40/S60/MA20-50/V1.0
rsi,40,75,10,50,1.5,0.36447155953476207,-0.19018542704412206,-0.16837166298165807,-0.12569080935168186,-0.6608855962582361,9,0.5555555555555556,6.242961758942373,73.91882900864937,rsi/B40/S75/MA10-50/V1.5
rsi,40,75,5,20,1.5,0.36447155953476207,-0.19018542704412206,-0.16837166298165807,-0.12569080935168186,-0.6608855962582361,9,0.5555555555555556,6.242961758942373,73.91882900864937,rsi/B40/S75/MA5-20/V1.5
rsi,40,75,20,50,1.5,0.36447155953476207,-0.19018542704412206,-0.16837166298165807,-0.12569080935168186,-0.6608855962582361,9,0.5555555555555556,6.242961758942373,73.91882900864937,rsi/B40/S75/MA20-50/V1.5
rsi,40,75,5,50,1.5,0.36447155953476207,-0.19018542704412206,-0.16837166298165807,-0.12569080935168186,-0.6608855962582361,9,0.5555555555555556,6.242961758942373,73.91882900864937,rsi/B40/S75/MA5-50/V1.5
rsi,40,75,10,20,1.5,0.36447155953476207,-0.19018542704412206,-0.16837166298165807,-0.12569080935168186,-0.6608855962582361,9,0.5555555555555556,6.242961758942373,73.91882900864937,rsi/B40/S75/MA10-20/V1.5
rsi,40,75,5,50,0.0,0.36096523925235674,-0.2297502625763438,-0.20231877410028298,-0.15183863927325314,-0.6608855962582355,10,0.6,7.480098772133992,80.13972055888223,rsi/B40/S75/MA5-50/V0.0
rsi,40,75,10,20,0.0,0.36096523925235674,-0.2297502625763438,-0.20231877410028298,-0.15183863927325314,-0.6608855962582355,10,0.6,7.480098772133992,80.13972055888223,rsi/B40/S75/MA10-20/V0.0
rsi,40,75,10,50,0.0,0.36096523925235674,-0.2297502625763438,-0.20231877410028298,-0.15183863927325314,-0.6608855962582355,10,0.6,7.480098772133992,80.13972055888223,rsi/B40/S75/MA10-50/V0.0
rsi,40,75,5,20,0.0,0.36096523925235674,-0.2297502625763438,-0.20231877410028298,-0.15183863927325314,-0.6608855962582355,10,0.6,7.480098772133992,80.13972055888223,rsi/B40/S75/MA5-20/V0.0
rsi,40,75,20,50,0.0,0.36096523925235674,-0.2297502625763438,-0.20231877410028298,-0.15183863927325314,-0.6608855962582355,10,0.6,7.480098772133992,80.13972055888223,rsi/B40/S75/MA20-50/V0.0
rsi,35,75,5,50,1.0,0.36026469903345576,-0.1951998735887067,-0.16914092595500319,-0.12628008741742647,-0.6469270962926096,9,0.6666666666666666,7.025697000421122,74.81703260146374,rsi/B35/S75/MA5-50/V1.0
rsi,35,75,20,50,1.0,0.36026469903345576,-0.1951998735887067,-0.16914092595500319,-0.12628008741742647,-0.6469270962926096,9,0.6666666666666666,7.025697000421122,74.81703260146374,rsi/B35/S75/MA20-50/V1.0
rsi,35,75,5,20,1.0,0.36026469903345576,-0.1951998735887067,-0.16914092595500319,-0.12628008741742647,-0.6469270962926096,9,0.6666666666666666,7.025697000421122,74.81703260146374,rsi/B35/S75/MA5-20/V1.0
rsi,35,75,10,50,1.0,0.36026469903345576,-0.1951998735887067,-0.16914092595500319,-0.12628008741742647,-0.6469270962926096,9,0.6666666666666666,7.025697000421122,74.81703260146374,rsi/B35/S75/MA10-50/V1.0
rsi,35,75,10,20,1.0,0.36026469903345576,-0.1951998735887067,-0.16914092595500319,-0.12628008741742647,-0.6469270962926096,9,0.6666666666666666,7.025697000421122,74.81703260146374,rsi/B35/S75/MA10-20/V1.0
rsi,50,70,10,50,1.5,0.3561138288543296,-0.24099699630771154,-0.21408863952344115,-0.16097451344331137,-0.6679523641770818,21,0.7619047619047619,7.337612285932828,76.1144377910845,rsi/B50/S70/MA10-50/V1.5
rsi,50,70,5,20,1.5,0.3561138288543296,-0.24099699630771154,-0.21408863952344115,-0.16097451344331137,-0.6679523641770818,21,0.7619047619047619,7.337612285932828,76.1144377910845,rsi/B50/S70/MA5-20/V1.5
rsi,50,70,20,50,1.5,0.3561138288543296,-0.24099699630771154,-0.21408863952344115,-0.16097451344331137,-0.6679523641770818,21,0.7619047619047619,7.337612285932828,76.1144377910845,rsi/B50/S70/MA20-50/V1.5
rsi,50,70,5,50,1.5,0.3561138288543296,-0.24099699630771154,-0.21408863952344115,-0.16097451344331137,-0.6679523641770818,21,0.7619047619047619,7.337612285932828,76.1144377910845,rsi/B50/S70/MA5-50/V1.5
rsi,50,70,10,20,1.5,0.3561138288543296,-0.24099699630771154,-0.21408863952344115,-0.16097451344331137,-0.6679523641770818,21,0.7619047619047619,7.337612285932828,76.1144377910845,rsi/B50/S70/MA10-20/V1.5
momentum,35,65,20,50,1.0,0.33678967873792004,0.36522404991962787,0.05825352034996345,0.04211264970495643,-0.11530634336436454,6,0.16666666666666666,-3.3540225014262375,0.5655355954757153,momentum/B35/S65/MA20-50/V1.0
momentum,35,75,20,50,1.0,0.33678967873792004,0.36522404991962787,0.05825352034996345,0.04211264970495643,-0.11530634336436454,6,0.16666666666666666,-3.3540225014262375,0.5655355954757153,momentum/B35/S75/MA20-50/V1.0
momentum,35,70,20,50,1.0,0.33678967873792004,0.36522404991962787,0.05825352034996345,0.04211264970495643,-0.11530634336436454,6,0.16666666666666666,-3.3540225014262375,0.5655355954757153,momentum/B35/S70/MA20-50/V1.0
momentum,35,60,20,50,1.0,0.33678967873792004,0.36522404991962787,0.05825352034996345,0.04211264970495643,-0.11530634336436454,6,0.16666666666666666,-3.3540225014262375,0.5655355954757153,momentum/B35/S60/MA20-50/V1.0
rsi,45,70,5,50,0.0,0.31530830744253857,-0.3019084697568857,-0.2653139654087012,-0.20117912780555014,-0.6663580123060189,21,0.7619047619047619,6.971413061577597,77.31204258150366,rsi/B45/S70/MA5-50/V0.0
rsi,45,70,10,20,0.0,0.31530830744253857,-0.3019084697568857,-0.2653139654087012,-0.20117912780555014,-0.6663580123060189,21,0.7619047619047619,6.971413061577597,77.31204258150366,rsi/B45/S70/MA10-20/V0.0
rsi,45,70,20,50,0.0,0.31530830744253857,-0.3019084697568857,-0.2653139654087012,-0.20117912780555014,-0.6663580123060189,21,0.7619047619047619,6.971413061577597,77.31204258150366,rsi/B45/S70/MA20-50/V0.0
rsi,45,70,5,20,0.0,0.31530830744253857,-0.3019084697568857,-0.2653139654087012,-0.20117912780555014,-0.6663580123060189,21,0.7619047619047619,6.971413061577597,77.31204258150366,rsi/B45/S70/MA5-20/V0.0
rsi,45,70,10,50,0.0,0.31530830744253857,-0.3019084697568857,-0.2653139654087012,-0.20117912780555014,-0.6663580123060189,21,0.7619047619047619,6.971413061577597,77.31204258150366,rsi/B45/S70/MA10-50/V0.0
rsi,50,75,5,50,1.5,0.31329370875239015,-0.3284210454900806,-0.3065066728938015,-0.23406399678580314,-0.7126948775055667,10,0.7,4.373460177151618,85.92814371257485,rsi/B50/S75/MA5-50/V1.5
rsi,50,75,10,20,1.5,0.31329370875239015,-0.3284210454900806,-0.3065066728938015,-0.23406399678580314,-0.7126948775055667,10,0.7,4.373460177151618,85.92814371257485,rsi/B50/S75/MA10-20/V1.5
rsi,50,75,10,50,1.5,0.31329370875239015,-0.3284210454900806,-0.3065066728938015,-0.23406399678580314,-0.7126948775055667,10,0.7,4.373460177151618,85.92814371257485,rsi/B50/S75/MA10-50/V1.5
rsi,50,75,5,20,1.5,0.31329370875239015,-0.3284210454900806,-0.3065066728938015,-0.23406399678580314,-0.7126948775055667,10,0.7,4.373460177151618,85.92814371257485,rsi/B50/S75/MA5-20/V1.5
rsi,50,75,20,50,1.5,0.31329370875239015,-0.3284210454900806,-0.3065066728938015,-0.23406399678580314,-0.7126948775055667,10,0.7,4.373460177151618,85.92814371257485,rsi/B50/S75/MA20-50/V1.5
rsi,30,75,5,50,1.0,0.30317143685862846,-0.10379740637223228,-0.08046836645498545,-0.059287838184726493,-0.57118805042307,6,0.6666666666666666,8.03725912579691,45.77511643379907,rsi/B30/S75/MA5-50/V1.0
rsi,30,75,10,50,1.0,0.30317143685862846,-0.10379740637223228,-0.08046836645498545,-0.059287838184726493,-0.57118805042307,6,0.6666666666666666,8.03725912579691,45.77511643379907,rsi/B30/S75/MA10-50/V1.0
rsi,30,75,20,50,1.0,0.30317143685862846,-0.10379740637223228,-0.08046836645498545,-0.059287838184726493,-0.57118805042307,6,0.6666666666666666,8.03725912579691,45.77511643379907,rsi/B30/S75/MA20-50/V1.0
rsi,30,75,5,20,1.5,0.30317143685862846,-0.10379740637223228,-0.08046836645498545,-0.059287838184726493,-0.57118805042307,6,0.6666666666666666,8.03725912579691,45.77511643379907,rsi/B30/S75/MA5-20/V1.5
rsi,30,75,5,50,1.5,0.30317143685862846,-0.10379740637223228,-0.08046836645498545,-0.059287838184726493,-0.57118805042307,6,0.6666666666666666,8.03725912579691,45.77511643379907,rsi/B30/S75/MA5-50/V1.5
rsi,30,75,10,20,1.0,0.30317143685862846,-0.10379740637223228,-0.08046836645498545,-0.059287838184726493,-0.57118805042307,6,0.6666666666666666,8.03725912579691,45.77511643379907,rsi/B30/S75/MA10-20/V1.0
rsi,30,75,5,20,1.0,0.30317143685862846,-0.10379740637223228,-0.08046836645498545,-0.059287838184726493,-0.57118805042307,6,0.6666666666666666,8.03725912579691,45.77511643379907,rsi/B30/S75/MA5-20/V1.0
rsi,30,75,10,20,1.5,0.30317143685862846,-0.10379740637223228,-0.08046836645498545,-0.059287838184726493,-0.57118805042307,6,0.6666666666666666,8.03725912579691,45.77511643379907,rsi/B30/S75/MA10-20/V1.5
rsi,30,75,20,50,1.5,0.30317143685862846,-0.10379740637223228,-0.08046836645498545,-0.059287838184726493,-0.57118805042307,6,0.6666666666666666,8.03725912579691,45.77511643379907,rsi/B30/S75/MA20-50/V1.5
rsi,30,75,10,50,1.5,0.30317143685862846,-0.10379740637223228,-0.08046836645498545,-0.059287838184726493,-0.57118805042307,6,0.6666666666666666,8.03725912579691,45.77511643379907,rsi/B30/S75/MA10-50/V1.5
rsi,45,75,10,50,1.5,0.2991474658277254,-0.3129482301975763,-0.2927653835575077,-0.22303660058624553,-0.7126948775055667,9,0.6666666666666666,3.7648569446553073,80.1729873586161,rsi/B45/S75/MA10-50/V1.5
rsi,45,75,20,50,1.5,0.2991474658277254,-0.3129482301975763,-0.2927653835575077,-0.22303660058624553,-0.7126948775055667,9,0.6666666666666666,3.7648569446553073,80.1729873586161,rsi/B45/S75/MA20-50/V1.5
rsi,45,75,5,20,1.5,0.2991474658277254,-0.3129482301975763,-0.2927653835575077,-0.22303660058624553,-0.7126948775055667,9,0.6666666666666666,3.7648569446553073,80.1729873586161,rsi/B45/S75/MA5-20/V1.5
rsi,45,75,5,50,1.5,0.2991474658277254,-0.3129482301975763,-0.2927653835575077,-0.22303660058624553,-0.7126948775055667,9,0.6666666666666666,3.7648569446553073,80.1729873586161,rsi/B45/S75/MA5-50/V1.5
rsi,45,75,10,20,1.5,0.2991474658277254,-0.3129482301975763,-0.2927653835575077,-0.22303660058624553,-0.7126948775055667,9,0.6666666666666666,3.7648569446553073,80.1729873586161,rsi/B45/S75/MA10-20/V1.5
rsi,30,70,10,50,0.0,0.22750180885080237,-0.16084060839208242,-0.10836584564518137,-0.08016724571624989,-0.4984266505684035,9,0.6666666666666666,7.2536880995790405,30.938123752495013,rsi/B30/S70/MA10-50/V0.0
rsi,30,70,5,20,0.0,0.22750180885080237,-0.16084060839208242,-0.10836584564518137,-0.08016724571624989,-0.4984266505684035,9,0.6666666666666666,7.2536880995790405,30.938123752495013,rsi/B30/S70/MA5-20/V0.0
rsi,30,70,20,50,0.0,0.22750180885080237,-0.16084060839208242,-0.10836584564518137,-0.08016724571624989,-0.4984266505684035,9,0.6666666666666666,7.2536880995790405,30.938123752495013,rsi/B30/S70/MA20-50/V0.0
rsi,30,70,10,20,0.0,0.22750180885080237,-0.16084060839208242,-0.10836584564518137,-0.08016724571624989,-0.4984266505684035,9,0.6666666666666666,7.2536880995790405,30.938123752495013,rsi/B30/S70/MA10-20/V0.0
rsi,30,70,5,50,0.0,0.22750180885080237,-0.16084060839208242,-0.10836584564518137,-0.08016724571624989,-0.4984266505684035,9,0.6666666666666666,7.2536880995790405,30.938123752495013,rsi/B30/S70/MA5-50/V0.0
rsi,30,70,20,50,1.0,0.22490197433598205,-0.11605582783665597,-0.0772319705190172,-0.05687682457503973,-0.4900815894837408,8,0.625,9.506603515228491,28.2435129740519,rsi/B30/S70/MA20-50/V1.0
rsi,30,70,20,50,1.5,0.22490197433598205,-0.11605582783665597,-0.0772319705190172,-0.05687682457503973,-0.4900815894837408,8,0.625,9.506603515228491,28.2435129740519,rsi/B30/S70/MA20-50/V1.5
rsi,30,70,10,50,1.5,0.22490197433598205,-0.11605582783665597,-0.0772319705190172,-0.05687682457503973,-0.4900815894837408,8,0.625,9.506603515228491,28.2435129740519,rsi/B30/S70/MA10-50/V1.5
rsi,30,70,10,50,1.0,0.22490197433598205,-0.11605582783665597,-0.0772319705190172,-0.05687682457503973,-0.4900815894837408,8,0.625,9.506603515228491,28.2435129740519,rsi/B30/S70/MA10-50/V1.0
rsi,30,70,5,20,1.0,0.22490197433598205,-0.11605582783665597,-0.0772319705190172,-0.05687682457503973,-0.4900815894837408,8,0.625,9.506603515228491,28.2435129740519,rsi/B30/S70/MA5-20/V1.0
rsi,30,70,5,20,1.5,0.22490197433598205,-0.11605582783665597,-0.0772319705190172,-0.05687682457503973,-0.4900815894837408,8,0.625,9.506603515228491,28.2435129740519,rsi/B30/S70/MA5-20/V1.5
rsi,30,70,5,50,1.0,0.22490197433598205,-0.11605582783665597,-0.0772319705190172,-0.05687682457503973,-0.4900815894837408,8,0.625,9.506603515228491,28.2435129740519,rsi/B30/S70/MA5-50/V1.0
rsi,30,70,10,20,1.0,0.22490197433598205,-0.11605582783665597,-0.0772319705190172,-0.05687682457503973,-0.4900815894837408,8,0.625,9.506603515228491,28.2435129740519,rsi/B30/S70/MA10-20/V1.0
rsi,30,70,10,20,1.5,0.22490197433598205,-0.11605582783665597,-0.0772319705190172,-0.05687682457503973,-0.4900815894837408,8,0.625,9.506603515228491,28.2435129740519,rsi/B30/S70/MA10-20/V1.5
rsi,30,70,5,50,1.5,0.22490197433598205,-0.11605582783665597,-0.0772319705190172,-0.05687682457503973,-0.4900815894837408,8,0.625,9.506603515228491,28.2435129740519,rsi/B30/S70/MA5-50/V1.5
rsi,45,70,10,20,1.0,0.2223446637704754,-0.390596861462639,-0.34007939798177345,-0.2612594346120256,-0.668872334595078,19,0.7368421052631579,5.992465106542564,74.0851630073187,rsi/B45/S70/MA10-20/V1.0
rsi,45,70,5,50,1.0,0.2223446637704754,-0.390596861462639,-0.34007939798177345,-0.2612594346120256,-0.668872334595078,19,0.7368421052631579,5.992465106542564,74.0851630073187,rsi/B45/S70/MA5-50/V1.0
rsi,45,70,20,50,1.0,0.2223446637704754,-0.390596861462639,-0.34007939798177345,-0.2612594346120256,-0.668872334595078,19,0.7368421052631579,5.992465106542564,74.0851630073187,rsi/B45/S70/MA20-50/V1.0
rsi,45,70,10,50,1.0,0.2223446637704754,-0.390596861462639,-0.34007939798177345,-0.2612594346120256,-0.668872334595078,19,0.7368421052631579,5.992465106542564,74.0851630073187,rsi/B45/S70/MA10-50/V1.0
rsi,45,70,5,20,1.0,0.2223446637704754,-0.390596861462639,-0.34007939798177345,-0.2612594346120256,-0.668872334595078,19,0.7368421052631579,5.992465106542564,74.0851630073187,rsi/B45/S70/MA5-20/V1.0
rsi,45,75,10,20,1.0,0.22117948810058127,-0.40660256306891684,-0.37480068524388344,-0.28978356387985116,-0.7126948775055667,9,0.6666666666666666,2.8476363584450946,82.36859614105123,rsi/B45/S75/MA10-20/V1.0
rsi,45,75,20,50,1.0,0.22117948810058127,-0.40660256306891684,-0.37480068524388344,-0.28978356387985116,-0.7126948775055667,9,0.6666666666666666,2.8476363584450946,82.36859614105123,rsi/B45/S75/MA20-50/V1.0
rsi,45,75,10,50,1.0,0.22117948810058127,-0.40660256306891684,-0.37480068524388344,-0.28978356387985116,-0.7126948775055667,9,0.6666666666666666,2.8476363584450946,82.36859614105123,rsi/B45/S75/MA10-50/V1.0
rsi,45,75,5,50,1.0,0.22117948810058127,-0.40660256306891684,-0.37480068524388344,-0.28978356387985116,-0.7126948775055667,9,0.6666666666666666,2.8476363584450946,82.36859614105123,rsi/B45/S75/MA5-50/V1.0
rsi,45,75,5,20,1.0,0.22117948810058127,-0.40660256306891684,-0.37480068524388344,-0.28978356387985116,-0.7126948775055667,9,0.6666666666666666,2.8476363584450946,82.36859614105123,rsi/B45/S75/MA5-20/V1.0
rsi,35,70,20,50,0.0,0.21762708714750448,-0.36376675459322955,-0.2870004569631467,-0.21842759888758045,-0.6004605867070785,14,0.6428571428571429,5.644453155827155,62.40851630073186,rsi/B35/S70/MA20-50/V0.0
rsi,35,70,10,50,0.0,0.21762708714750448,-0.36376675459322955,-0.2870004569631467,-0.21842759888758045,-0.6004605867070785,14,0.6428571428571429,5.644453155827155,62.40851630073186,rsi/B35/S70/MA10-50/V0.0
rsi,35,70,5,20,0.0,0.21762708714750448,-0.36376675459322955,-0.2870004569631467,-0.21842759888758045,-0.6004605867070785,14,0.6428571428571429,5.644453155827155,62.40851630073186,rsi/B35/S70/MA5-20/V0.0
rsi,35,70,5,50,0.0,0.21762708714750448,-0.36376675459322955,-0.2870004569631467,-0.21842759888758045,-0.6004605867070785,14,0.6428571428571429,5.644453155827155,62.40851630073186,rsi/B35/S70/MA5-50/V0.0
rsi,35,70,10,20,0.0,0.21762708714750448,-0.36376675459322955,-0.2870004569631467,-0.21842759888758045,-0.6004605867070785,14,0.6428571428571429,5.644453155827155,62.40851630073186,rsi/B35/S70/MA10-20/V0.0
rsi,40,75,5,50,1.0,0.1950834372230295,-0.4112620158040202,-0.3529657983230058,-0.271797142533004,-0.6608855962582361,9,0.5555555555555556,3.504363813296305,78.67598137059215,rsi/B40/S75/MA5-50/V1.0
rsi,40,75,10,50,1.0,0.1950834372230295,-0.4112620158040202,-0.3529657983230058,-0.271797142533004,-0.6608855962582361,9,0.5555555555555556,3.504363813296305,78.67598137059215,rsi/B40/S75/MA10-50/V1.0
rsi,40,75,10,20,1.0,0.1950834372230295,-0.4112620158040202,-0.3529657983230058,-0.271797142533004,-0.6608855962582361,9,0.5555555555555556,3.504363813296305,78.67598137059215,rsi/B40/S75/MA10-20/V1.0
rsi,40,75,5,20,1.0,0.1950834372230295,-0.4112620158040202,-0.3529657983230058,-0.271797142533004,-0.6608855962582361,9,0.5555555555555556,3.504363813296305,78.67598137059215,rsi/B40/S75/MA5-20/V1.0
rsi,40,75,20,50,1.0,0.1950834372230295,-0.4112620158040202,-0.3529657983230058,-0.271797142533004,-0.6608855962582361,9,0.5555555555555556,3.504363813296305,78.67598137059215,rsi/B40/S75/MA20-50/V1.0
rsi,35,70,10,50,1.5,0.18413337165549584,-0.36921301779340115,-0.2887442613758927,-0.21982068244615816,-0.595376305418251,13,0.6923076923076923,5.876562048831116,55.88822355289421,rsi/B35/S70/MA10-50/V1.5
rsi,35,70,10,20,1.5,0.18413337165549584,-0.36921301779340115,-0.2887442613758927,-0.21982068244615816,-0.595376305418251,13,0.6923076923076923,5.876562048831116,55.88822355289421,rsi/B35/S70/MA10-20/V1.5
rsi,35,70,5,20,1.5,0.18413337165549584,-0.36921301779340115,-0.2887442613758927,-0.21982068244615816,-0.595376305418251,13,0.6923076923076923,5.876562048831116,55.88822355289421,rsi/B35/S70/MA5-20/V1.5
rsi,35,70,20,50,1.5,0.18413337165549584,-0.36921301779340115,-0.2887442613758927,-0.21982068244615816,-0.595376305418251,13,0.6923076923076923,5.876562048831116,55.88822355289421,rsi/B35/S70/MA20-50/V1.5
rsi,35,70,5,50,1.5,0.18413337165549584,-0.36921301779340115,-0.2887442613758927,-0.21982068244615816,-0.595376305418251,13,0.6923076923076923,5.876562048831116,55.88822355289421,rsi/B35/S70/MA5-50/V1.5
rsi,40,70,5,50,0.0,0.17650968820548543,-0.42027497502898165,-0.3563165829416789,-0.274546508931086,-0.6532544768152175,18,0.7222222222222222,5.907612722489802,70.65868263473054,rsi/B40/S70/MA5-50/V0.0
rsi,40,70,5,20,0.0,0.17650968820548543,-0.42027497502898165,-0.3563165829416789,-0.274546508931086,-0.6532544768152175,18,0.7222222222222222,5.907612722489802,70.65868263473054,rsi/B40/S70/MA5-20/V0.0
rsi,40,70,10,20,0.0,0.17650968820548543,-0.42027497502898165,-0.3563165829416789,-0.274546508931086,-0.6532544768152175,18,0.7222222222222222,5.907612722489802,70.65868263473054,rsi/B40/S70/MA10-20/V0.0
rsi,40,70,10,50,0.0,0.17650968820548543,-0.42027497502898165,-0.3563165829416789,-0.274546508931086,-0.6532544768152175,18,0.7222222222222222,5.907612722489802,70.65868263473054,rsi/B40/S70/MA10-50/V0.0
rsi,40,70,20,50,0.0,0.17650968820548543,-0.42027497502898165,-0.3563165829416789,-0.274546508931086,-0.6532544768152175,18,0.7222222222222222,5.907612722489802,70.65868263473054,rsi/B40/S70/MA20-50/V0.0
rsi,50,75,5,20,1.0,0.15649631576686132,-0.5109752528945954,-0.4628867591865886,-0.3641694452700902,-0.7126948775055678,10,0.7,2.677485139643191,86.79308050565535,rsi/B50/S75/MA5-20/V1.0
rsi,50,75,20,50,1.0,0.15649631576686132,-0.5109752528945954,-0.4628867591865886,-0.3641694452700902,-0.7126948775055678,10,0.7,2.677485139643191,86.79308050565535,rsi/B50/S75/MA20-50/V1.0
rsi,50,75,5,50,1.0,0.15649631576686132,-0.5109752528945954,-0.4628867591865886,-0.3641694452700902,-0.7126948775055678,10,0.7,2.677485139643191,86.79308050565535,rsi/B50/S75/MA5-50/V1.0
rsi,50,75,10,20,1.0,0.15649631576686132,-0.5109752528945954,-0.4628867591865886,-0.3641694452700902,-0.7126948775055678,10,0.7,2.677485139643191,86.79308050565535,rsi/B50/S75/MA10-20/V1.0
rsi,50,75,10,50,1.0,0.15649631576686132,-0.5109752528945954,-0.4628867591865886,-0.3641694452700902,-0.7126948775055678,10,0.7,2.677485139643191,86.79308050565535,rsi/B50/S75/MA10-50/V1.0
rsi,50,70,20,50,0.0,0.1296728255253322,-0.5310817975248584,-0.47778470694571795,-0.37706703326645996,-0.7099980361289083,22,0.6818181818181818,6.474102166375134,83.96540252827678,rsi/B50/S70/MA20-50/V0.0
rsi,50,70,10,20,0.0,0.1296728255253322,-0.5310817975248584,-0.47778470694571795,-0.37706703326645996,-0.7099980361289083,22,0.6818181818181818,6.474102166375134,83.96540252827678,rsi/B50/S70/MA10-20/V0.0
rsi,50,70,10,50,0.0,0.1296728255253322,-0.5310817975248584,-0.47778470694571795,-0.37706703326645996,-0.7099980361289083,22,0.6818181818181818,6.474102166375134,83.96540252827678,rsi/B50/S70/MA10-50/V0.0
rsi,50,70,5,50,0.0,0.1296728255253322,-0.5310817975248584,-0.47778470694571795,-0.37706703326645996,-0.7099980361289083,22,0.6818181818181818,6.474102166375134,83.96540252827678,rsi/B50/S70/MA5-50/V0.0
rsi,50,70,5,20,0.0,0.1296728255253322,-0.5310817975248584,-0.47778470694571795,-0.37706703326645996,-0.7099980361289083,22,0.6818181818181818,6.474102166375134,83.96540252827678,rsi/B50/S70/MA5-20/V0.0
rsi,40,70,20,50,1.5,0.08727445330888717,-0.4660339780540175,-0.3924401282182688,-0.3044387825117921,-0.6532544768152183,15,0.7333333333333333,4.303101908853271,60.87824351297405,rsi/B40/S70/MA20-50/V1.5
rsi,40,70,5,50,1.5,0.08727445330888717,-0.4660339780540175,-0.3924401282182688,-0.3044387825117921,-0.6532544768152183,15,0.7333333333333333,4.303101908853271,60.87824351297405,rsi/B40/S70/MA5-50/V1.5
rsi,40,70,5,20,1.5,0.08727445330888717,-0.4660339780540175,-0.3924401282182688,-0.3044387825117921,-0.6532544768152183,15,0.7333333333333333,4.303101908853271,60.87824351297405,rsi/B40/S70/MA5-20/V1.5
rsi,40,70,10,50,1.5,0.08727445330888717,-0.4660339780540175,-0.3924401282182688,-0.3044387825117921,-0.6532544768152183,15,0.7333333333333333,4.303101908853271,60.87824351297405,rsi/B40/S70/MA10-50/V1.5
rsi,40,70,10,20,1.5,0.08727445330888717,-0.4660339780540175,-0.3924401282182688,-0.3044387825117921,-0.6532544768152183,15,0.7333333333333333,4.303101908853271,60.87824351297405,rsi/B40/S70/MA10-20/V1.5
rsi,35,70,10,20,1.0,0.05982745234951495,-0.5284746099047138,-0.40522007795751747,-0.3151288359500106,-0.5962989139758855,13,0.6153846153846154,4.014793007186162,61.377245508982035,rsi/B35/S70/MA10-20/V1.0
rsi,35,70,10,50,1.0,0.05982745234951495,-0.5284746099047138,-0.40522007795751747,-0.3151288359500106,-0.5962989139758855,13,0.6153846153846154,4.014793007186162,61.377245508982035,rsi/B35/S70/MA10-50/V1.0
rsi,35,70,5,50,1.0,0.05982745234951495,-0.5284746099047138,-0.40522007795751747,-0.3151288359500106,-0.5962989139758855,13,0.6153846153846154,4.014793007186162,61.377245508982035,rsi/B35/S70/MA5-50/V1.0
rsi,35,70,20,50,1.0,0.05982745234951495,-0.5284746099047138,-0.40522007795751747,-0.3151288359500106,-0.5962989139758855,13,0.6153846153846154,4.014793007186162,61.377245508982035,rsi/B35/S70/MA20-50/V1.0
rsi,35,70,5,20,1.0,0.05982745234951495,-0.5284746099047138,-0.40522007795751747,-0.3151288359500106,-0.5962989139758855,13,0.6153846153846154,4.014793007186162,61.377245508982035,rsi/B35/S70/MA5-20/V1.0
rsi,50,70,10,20,1.0,-0.02604485363504047,-0.6290114339934525,-0.5686342122125526,-0.4580372716462715,-0.72818592300985,21,0.7619047619047619,5.398413669171891,79.34131736526946,rsi/B50/S70/MA10-20/V1.0
rsi,50,70,10,50,1.0,-0.02604485363504047,-0.6290114339934525,-0.5686342122125526,-0.4580372716462715,-0.72818592300985,21,0.7619047619047619,5.398413669171891,79.34131736526946,rsi/B50/S70/MA10-50/V1.0
rsi,50,70,20,50,1.0,-0.02604485363504047,-0.6290114339934525,-0.5686342122125526,-0.4580372716462715,-0.72818592300985,21,0.7619047619047619,5.398413669171891,79.34131736526946,rsi/B50/S70/MA20-50/V1.0
rsi,50,70,5,20,1.0,-0.02604485363504047,-0.6290114339934525,-0.5686342122125526,-0.4580372716462715,-0.72818592300985,21,0.7619047619047619,5.398413669171891,79.34131736526946,rsi/B50/S70/MA5-20/V1.0
rsi,50,70,5,50,1.0,-0.02604485363504047,-0.6290114339934525,-0.5686342122125526,-0.4580372716462715,-0.72818592300985,21,0.7619047619047619,5.398413669171891,79.34131736526946,rsi/B50/S70/MA5-50/V1.0
rsi,40,70,10,50,1.0,-0.08953649856237951,-0.6041730769653535,-0.5308258323299195,-0.4238271608270384,-0.7014995818016945,16,0.6875,3.1046816059076816,66.53359946773121,rsi/B40/S70/MA10-50/V1.0
rsi,40,70,10,20,1.0,-0.08953649856237951,-0.6041730769653535,-0.5308258323299195,-0.4238271608270384,-0.7014995818016945,16,0.6875,3.1046816059076816,66.53359946773121,rsi/B40/S70/MA10-20/V1.0
rsi,40,70,20,50,1.0,-0.08953649856237951,-0.6041730769653535,-0.5308258323299195,-0.4238271608270384,-0.7014995818016945,16,0.6875,3.1046816059076816,66.53359946773121,rsi/B40/S70/MA20-50/V1.0
rsi,40,70,5,20,1.0,-0.08953649856237951,-0.6041730769653535,-0.5308258323299195,-0.4238271608270384,-0.7014995818016945,16,0.6875,3.1046816059076816,66.53359946773121,rsi/B40/S70/MA5-20/V1.0
rsi,40,70,5,50,1.0,-0.08953649856237951,-0.6041730769653535,-0.5308258323299195,-0.4238271608270384,-0.7014995818016945,16,0.6875,3.1046816059076816,66.53359946773121,rsi/B40/S70/MA5-50/V1.0
hybrid,50,70,5,50,1.5,-0.3194643733998117,-0.3940528819107534,-0.29670918911240096,-0.22619550907241537,-0.5740232325559923,30,0.36666666666666664,3.380175683353306,10.179640718562874,hybrid/B50/S70/MA5-50/V1.5
rsi,30,60,20,50,0.0,-0.39631697102598923,-0.6133240660504421,-0.4161928090662339,-0.32435703875564803,-0.5288509887511437,13,0.7692307692307693,4.54200720126305,19.627411842980706,rsi/B30/S60/MA20-50/V0.0
rsi,30,60,10,50,0.0,-0.39631697102598923,-0.6133240660504421,-0.4161928090662339,-0.32435703875564803,-0.5288509887511437,13,0.7692307692307693,4.54200720126305,19.627411842980706,rsi/B30/S60/MA10-50/V0.0
rsi,30,60,10,20,0.0,-0.39631697102598923,-0.6133240660504421,-0.4161928090662339,-0.32435703875564803,-0.5288509887511437,13,0.7692307692307693,4.54200720126305,19.627411842980706,rsi/B30/S60/MA10-20/V0.0
rsi,30,60,5,20,0.0,-0.39631697102598923,-0.6133240660504421,-0.4161928090662339,-0.32435703875564803,-0.5288509887511437,13,0.7692307692307693,4.54200720126305,19.627411842980706,rsi/B30/S60/MA5-20/V0.0
rsi,30,60,5,50,0.0,-0.39631697102598923,-0.6133240660504421,-0.4161928090662339,-0.32435703875564803,-0.5288509887511437,13,0.7692307692307693,4.54200720126305,19.627411842980706,rsi/B30/S60/MA5-50/V0.0
hybrid,50,75,5,50,1.5,-0.39915230703517773,-0.44891116399576536,-0.37830192393658857,-0.2926834427216811,-0.6519852171117804,28,0.39285714285714285,2.013518592600061,11.776447105788424,hybrid/B50/S75/MA5-50/V1.5
rsi,45,65,5,50,1.5,-0.40126507100640535,-0.693445717934122,-0.6754934159464433,-0.5595411367190047,-0.8068996927199451,27,0.6666666666666666,4.240259331497237,56.986027944111775,rsi/B45/S65/MA5-50/V1.5
rsi,45,65,5,20,1.5,-0.40126507100640535,-0.693445717934122,-0.6754934159464433,-0.5595411367190047,-0.8068996927199451,27,0.6666666666666666,4.240259331497237,56.986027944111775,rsi/B45/S65/MA5-20/V1.5
rsi,45,65,10,20,1.5,-0.40126507100640535,-0.693445717934122,-0.6754934159464433,-0.5595411367190047,-0.8068996927199451,27,0.6666666666666666,4.240259331497237,56.986027944111775,rsi/B45/S65/MA10-20/V1.5
rsi,45,65,10,50,1.5,-0.40126507100640535,-0.693445717934122,-0.6754934159464433,-0.5595411367190047,-0.8068996927199451,27,0.6666666666666666,4.240259331497237,56.986027944111775,rsi/B45/S65/MA10-50/V1.5
rsi,45,65,20,50,1.5,-0.40126507100640535,-0.693445717934122,-0.6754934159464433,-0.5595411367190047,-0.8068996927199451,27,0.6666666666666666,4.240259331497237,56.986027944111775,rsi/B45/S65/MA20-50/V1.5
hybrid,50,75,10,20,0.0,-0.4129944961746001,-0.5129292726379937,-0.4407730985232503,-0.34520241962721165,-0.6730019869052056,75,0.4266666666666667,1.3798537863880154,24.251497005988025,hybrid/B50/S75/MA10-20/V0.0
hybrid,45,70,5,50,0.0,-0.4359390045663003,-0.4692889832448731,-0.3051176173590463,-0.23294660117410104,-0.4963819938056173,39,0.41025641025641024,2.8884028945202376,7.48502994011976,hybrid/B45/S70/MA5-50/V0.0
rsi,45,65,5,50,0.0,-0.4394590598417859,-0.7364354265179004,-0.7211510661090751,-0.6056085361830237,-0.822351172113667,32,0.6875,4.6986428034334535,66.69993346640052,rsi/B45/S65/MA5-50/V0.0
rsi,45,65,20,50,0.0,-0.4394590598417859,-0.7364354265179004,-0.7211510661090751,-0.6056085361830237,-0.822351172113667,32,0.6875,4.6986428034334535,66.69993346640052,rsi/B45/S65/MA20-50/V0.0
rsi,45,65,10,50,0.0,-0.4394590598417859,-0.7364354265179004,-0.7211510661090751,-0.6056085361830237,-0.822351172113667,32,0.6875,4.6986428034334535,66.69993346640052,rsi/B45/S65/MA10-50/V0.0
rsi,45,65,5,20,0.0,-0.4394590598417859,-0.7364354265179004,-0.7211510661090751,-0.6056085361830237,-0.822351172113667,32,0.6875,4.6986428034334535,66.69993346640052,rsi/B45/S65/MA5-20/V0.0
rsi,45,65,10,20,0.0,-0.4394590598417859,-0.7364354265179004,-0.7211510661090751,-0.6056085361830237,-0.822351172113667,32,0.6875,4.6986428034334535,66.69993346640052,rsi/B45/S65/MA10-20/V0.0
rsi,30,65,10,20,1.5,-0.4503963406796822,-0.6204812920306003,-0.44160818077100616,-0.3459149304591539,-0.55749453674438,9,0.7777777777777778,4.4545591670876705,21.689953426480375,rsi/B30/S65/MA10-20/V1.5
rsi,30,65,10,50,1.0,-0.4503963406796822,-0.6204812920306003,-0.44160818077100616,-0.3459149304591539,-0.55749453674438,9,0.7777777777777778,4.4545591670876705,21.689953426480375,rsi/B30/S65/MA10-50/V1.0
rsi,30,65,20,50,1.0,-0.4503963406796822,-0.6204812920306003,-0.44160818077100616,-0.3459149304591539,-0.55749453674438,9,0.7777777777777778,4.4545591670876705,21.689953426480375,rsi/B30/S65/MA20-50/V1.0
rsi,30,65,10,20,1.0,-0.4503963406796822,-0.6204812920306003,-0.44160818077100616,-0.3459149304591539,-0.55749453674438,9,0.7777777777777778,4.4545591670876705,21.689953426480375,rsi/B30/S65/MA10-20/V1.0
rsi,30,65,10,50,1.5,-0.4503963406796822,-0.6204812920306003,-0.44160818077100616,-0.3459149304591539,-0.55749453674438,9,0.7777777777777778,4.4545591670876705,21.689953426480375,rsi/B30/S65/MA10-50/V1.5
rsi,30,65,5,20,1.5,-0.4503963406796822,-0.6204812920306003,-0.44160818077100616,-0.3459149304591539,-0.55749453674438,9,0.7777777777777778,4.4545591670876705,21.689953426480375,rsi/B30/S65/MA5-20/V1.5
rsi,30,65,5,20,1.0,-0.4503963406796822,-0.6204812920306003,-0.44160818077100616,-0.3459149304591539,-0.55749453674438,9,0.7777777777777778,4.4545591670876705,21.689953426480375,rsi/B30/S65/MA5-20/V1.0
rsi,30,65,5,50,1.5,-0.4503963406796822,-0.6204812920306003,-0.44160818077100616,-0.3459149304591539,-0.55749453674438,9,0.7777777777777778,4.4545591670876705,21.689953426480375,rsi/B30/S65/MA5-50/V1.5
rsi,30,65,20,50,1.5,-0.4503963406796822,-0.6204812920306003,-0.44160818077100616,-0.3459149304591539,-0.55749453674438,9,0.7777777777777778,4.4545591670876705,21.689953426480375,rsi/B30/S65/MA20-50/V1.5
rsi,30,65,5,50,1.0,-0.4503963406796822,-0.6204812920306003,-0.44160818077100616,-0.3459149304591539,-0.55749453674438,9,0.7777777777777778,4.4545591670876705,21.689953426480375,rsi/B30/S65/MA5-50/V1.0
rsi,50,65,10,50,1.5,-0.46025477158913286,-0.728712725121913,-0.7251345971796646,-0.6097212478494958,-0.8367100324033588,33,0.6666666666666666,4.64727251225899,66.53359946773121,rsi/B50/S65/MA10-50/V1.5
rsi,50,65,5,50,1.5,-0.46025477158913286,-0.728712725121913,-0.7251345971796646,-0.6097212478494958,-0.8367100324033588,33,0.6666666666666666,4.64727251225899,66.53359946773121,rsi/B50/S65/MA5-50/V1.5
rsi,50,65,5,20,1.5,-0.46025477158913286,-0.728712725121913,-0.7251345971796646,-0.6097212478494958,-0.8367100324033588,33,0.6666666666666666,4.64727251225899,66.53359946773121,rsi/B50/S65/MA5-20/V1.5
rsi,50,65,10,20,1.5,-0.46025477158913286,-0.728712725121913,-0.7251345971796646,-0.6097212478494958,-0.8367100324033588,33,0.6666666666666666,4.64727251225899,66.53359946773121,rsi/B50/S65/MA10-20/V1.5
rsi,50,65,20,50,1.5,-0.46025477158913286,-0.728712725121913,-0.7251345971796646,-0.6097212478494958,-0.8367100324033588,33,0.6666666666666666,4.64727251225899,66.53359946773121,rsi/B50/S65/MA20-50/V1.5
hybrid,45,70,5,50,1.5,-0.47068885875635724,-0.43159201304985945,-0.27117235552636043,-0.2058248413035081,-0.47689678001462527,17,0.5294117647058824,3.05012925661982,1.8962075848303395,hybrid/B45/S70/MA5-50/V1.5
rsi,30,65,10,50,0.0,-0.4837404959133325,-0.6067116304891077,-0.5042912564165984,-0.4002648766775446,-0.6597283726947288,10,0.8,3.4385718304026645,24.318030605455753,rsi/B30/S65/MA10-50/V0.0
rsi,30,65,10,20,0.0,-0.4837404959133325,-0.6067116304891077,-0.5042912564165984,-0.4002648766775446,-0.6597283726947288,10,0.8,3.4385718304026645,24.318030605455753,rsi/B30/S65/MA10-20/V0.0
rsi,30,65,5,20,0.0,-0.4837404959133325,-0.6067116304891077,-0.5042912564165984,-0.4002648766775446,-0.6597283726947288,10,0.8,3.4385718304026645,24.318030605455753,rsi/B30/S65/MA5-20/V0.0
rsi,30,65,5,50,0.0,-0.4837404959133325,-0.6067116304891077,-0.5042912564165984,-0.4002648766775446,-0.6597283726947288,10,0.8,3.4385718304026645,24.318030605455753,rsi/B30/S65/MA5-50/V0.0
rsi,30,65,20,50,0.0,-0.4837404959133325,-0.6067116304891077,-0.5042912564165984,-0.4002648766775446,-0.6597283726947288,10,0.8,3.4385718304026645,24.318030605455753,rsi/B30/S65/MA20-50/V0.0
rsi,35,65,20,50,1.5,-0.5540455724490512,-0.7351918725053435,-0.6430590239497846,-0.5278855615449711,-0.7180242074032646,18,0.6666666666666666,2.9492368386226455,40.286094477711245,rsi/B35/S65/MA20-50/V1.5
rsi,35,65,10,20,1.5,-0.5540455724490512,-0.7351918725053435,-0.6430590239497846,-0.5278855615449711,-0.7180242074032646,18,0.6666666666666666,2.9492368386226455,40.286094477711245,rsi/B35/S65/MA10-20/V1.5
rsi,35,65,5,20,1.5,-0.5540455724490512,-0.7351918725053435,-0.6430590239497846,-0.5278855615449711,-0.7180242074032646,18,0.6666666666666666,2.9492368386226455,40.286094477711245,rsi/B35/S65/MA5-20/V1.5
rsi,35,65,10,50,1.5,-0.5540455724490512,-0.7351918725053435,-0.6430590239497846,-0.5278855615449711,-0.7180242074032646,18,0.6666666666666666,2.9492368386226455,40.286094477711245,rsi/B35/S65/MA10-50/V1.5
rsi,35,65,5,50,1.5,-0.5540455724490512,-0.7351918725053435,-0.6430590239497846,-0.5278855615449711,-0.7180242074032646,18,0.6666666666666666,2.9492368386226455,40.286094477711245,rsi/B35/S65/MA5-50/V1.5
hybrid,45,75,5,50,0.0,-0.5603823467681117,-0.5270948630418155,-0.3951502616833773,-0.3067005890414676,-0.5818698123361077,35,0.4,1.8520909049101326,9.713905522288755,hybrid/B45/S75/MA5-50/V0.0
hybrid,45,70,5,50,1.0,-0.562592156640728,-0.48897737667712665,-0.32356135756832605,-0.24783328586465936,-0.5068399841907297,28,0.4642857142857143,2.9354476432042302,4.1583499667332005,hybrid/B45/S70/MA5-50/V1.0
rsi,45,65,5,20,1.0,-0.5631736589847227,-0.7654487278729583,-0.7505322153095992,-0.6363369597798394,-0.8313253868069037,29,0.6896551724137931,3.9736626419203094,62.6746506986028,rsi/B45/S65/MA5-20/V1.0
rsi,45,65,5,50,1.0,-0.5631736589847227,-0.7654487278729583,-0.7505322153095992,-0.6363369597798394,-0.8313253868069037,29,0.6896551724137931,3.9736626419203094,62.6746506986028,rsi/B45/S65/MA5-50/V1.0
rsi,45,65,10,20,1.0,-0.5631736589847227,-0.7654487278729583,-0.7505322153095992,-0.6363369597798394,-0.8313253868069037,29,0.6896551724137931,3.9736626419203094,62.6746506986028,rsi/B45/S65/MA10-20/V1.0
rsi,45,65,20,50,1.0,-0.5631736589847227,-0.7654487278729583,-0.7505322153095992,-0.6363369597798394,-0.8313253868069037,29,0.6896551724137931,3.9736626419203094,62.6746506986028,rsi/B45/S65/MA20-50/V1.0
rsi,45,65,10,50,1.0,-0.5631736589847227,-0.7654487278729583,-0.7505322153095992,-0.6363369597798394,-0.8313253868069037,29,0.6896551724137931,3.9736626419203094,62.6746506986028,rsi/B45/S65/MA10-50/V1.0
rsi,40,65,5,50,1.5,-0.5645113554002225,-0.7278299045789878,-0.6925138159773291,-0.5764945778083703,-0.7920732223030089,22,0.6818181818181818,3.28938311810556,48.56952761144378,rsi/B40/S65/MA5-50/V1.5
rsi,40,65,10,20,1.5,-0.5645113554002225,-0.7278299045789878,-0.6925138159773291,-0.5764945778083703,-0.7920732223030089,22,0.6818181818181818,3.28938311810556,48.56952761144378,rsi/B40/S65/MA10-20/V1.5
rsi,40,65,5,20,1.5,-0.5645113554002225,-0.7278299045789878,-0.6925138159773291,-0.5764945778083703,-0.7920732223030089,22,0.6818181818181818,3.28938311810556,48.56952761144378,rsi/B40/S65/MA5-20/V1.5
rsi,40,65,20,50,1.5,-0.5645113554002225,-0.7278299045789878,-0.6925138159773291,-0.5764945778083703,-0.7920732223030089,22,0.6818181818181818,3.28938311810556,48.56952761144378,rsi/B40/S65/MA20-50/V1.5
rsi,40,65,10,50,1.5,-0.5645113554002225,-0.7278299045789878,-0.6925138159773291,-0.5764945778083703,-0.7920732223030089,22,0.6818181818181818,3.28938311810556,48.56952761144378,rsi/B40/S65/MA10-50/V1.5
hybrid,50,70,10,50,1.5,-0.5658760515288056,-0.5260938493826853,-0.4336718574539393,-0.33915509546371503,-0.6446665283421905,33,0.36363636363636365,2.6830884102121955,13.17365269461078,hybrid/B50/S70/MA10-50/V1.5
rsi,35,65,20,50,0.0,-0.5780831920887805,-0.7402352361622397,-0.6807023571299178,-0.5647033754243296,-0.7628701632092555,19,0.631578947368421,2.382142420044472,47.30538922155689,rsi/B35/S65/MA20-50/V0.0
rsi,35,65,10,50,0.0,-0.5780831920887805,-0.7402352361622397,-0.6807023571299178,-0.5647033754243296,-0.7628701632092555,19,0.631578947368421,2.382142420044472,47.30538922155689,rsi/B35/S65/MA10-50/V0.0
rsi,35,65,10,20,0.0,-0.5780831920887805,-0.7402352361622397,-0.6807023571299178,-0.5647033754243296,-0.7628701632092555,19,0.631578947368421,2.382142420044472,47.30538922155689,rsi/B35/S65/MA10-20/V0.0
rsi,35,65,5,50,0.0,-0.5780831920887805,-0.7402352361622397,-0.6807023571299178,-0.5647033754243296,-0.7628701632092555,19,0.631578947368421,2.382142420044472,47.30538922155689,rsi/B35/S65/MA5-50/V0.0
rsi,35,65,5,20,0.0,-0.5780831920887805,-0.7402352361622397,-0.6807023571299178,-0.5647033754243296,-0.7628701632092555,19,0.631578947368421,2.382142420044472,47.30538922155689,rsi/B35/S65/MA5-20/V0.0
hybrid,50,75,10,50,1.5,-0.5962835638040507,-0.5607599462566064,-0.5030408571087683,-0.3991631136040267,-0.711825293993747,31,0.3870967741935484,0.956397130180857,15.236194278110446,hybrid/B50/S75/MA10-50/V1.5
hybrid,50,70,10,20,0.0,-0.6256043854944197,-0.6094237489690721,-0.5192502978569449,-0.4135049396721395,-0.6785179284063717,76,0.42105263157894735,1.1692778171651352,23.38656021290752,hybrid/B50/S70/MA10-20/V0.0
hybrid,50,75,5,50,0.0,-0.6354566548351261,-0.6354966711570627,-0.572611906433185,-0.46168275903982126,-0.7264912311802127,51,0.3333333333333333,0.7299984565698018,25.349301397205586,hybrid/B50/S75/MA5-50/V0.0
rsi,40,65,10,20,0.0,-0.6711919103792289,-0.7722964864118209,-0.7548012858279324,-0.640881480539623,-0.8298386588772827,25,0.64,3.381127368750488,56.719893546240854,rsi/B40/S65/MA10-20/V0.0
rsi,40,65,5,50,0.0,-0.6711919103792289,-0.7722964864118209,-0.7548012858279324,-0.640881480539623,-0.8298386588772827,25,0.64,3.381127368750488,56.719893546240854,rsi/B40/S65/MA5-50/V0.0
rsi,40,65,20,50,0.0,-0.6711919103792289,-0.7722964864118209,-0.7548012858279324,-0.640881480539623,-0.8298386588772827,25,0.64,3.381127368750488,56.719893546240854,rsi/B40/S65/MA20-50/V0.0
rsi,40,65,10,50,0.0,-0.6711919103792289,-0.7722964864118209,-0.7548012858279324,-0.640881480539623,-0.8298386588772827,25,0.64,3.381127368750488,56.719893546240854,rsi/B40/S65/MA10-50/V0.0
rsi,40,65,5,20,0.0,-0.6711919103792289,-0.7722964864118209,-0.7548012858279324,-0.640881480539623,-0.8298386588772827,25,0.64,3.381127368750488,56.719893546240854,rsi/B40/S65/MA5-20/V0.0
rsi,35,65,20,50,1.0,-0.6999717523738515,-0.7815189538383306,-0.710085868618342,-0.5942671509553756,-0.7604001771635971,18,0.6111111111111112,1.245796359980372,46.34065202927478,rsi/B35/S65/MA20-50/V1.0
rsi,35,65,5,50,1.0,-0.6999717523738515,-0.7815189538383306,-0.710085868618342,-0.5942671509553756,-0.7604001771635971,18,0.6111111111111112,1.245796359980372,46.34065202927478,rsi/B35/S65/MA5-50/V1.0
rsi,35,65,5,20,1.0,-0.6999717523738515,-0.7815189538383306,-0.710085868618342,-0.5942671509553756,-0.7604001771635971,18,0.6111111111111112,1.245796359980372,46.34065202927478,rsi/B35/S65/MA5-20/V1.0
rsi,35,65,10,20,1.0,-0.6999717523738515,-0.7815189538383306,-0.710085868618342,-0.5942671509553756,-0.7604001771635971,18,0.6111111111111112,1.245796359980372,46.34065202927478,rsi/B35/S65/MA10-20/V1.0
rsi,35,65,10,50,1.0,-0.6999717523738515,-0.7815189538383306,-0.710085868618342,-0.5942671509553756,-0.7604001771635971,18,0.6111111111111112,1.245796359980372,46.34065202927478,rsi/B35/S65/MA10-50/V1.0
hybrid,45,70,10,50,1.5,-0.7034053821488971,-0.5500253867208532,-0.3969486934960401,-0.30820303168808516,-0.5603432843809866,24,0.4166666666666667,1.5723132946413396,4.956753160345975,hybrid/B45/S70/MA10-50/V1.5
hybrid,50,75,10,20,1.0,-0.7200021555354534,-0.6802883179767998,-0.4863172011368798,-0.3844987926995509,-0.5651997580129895,54,0.5,1.381968628808861,15.635395874916833,hybrid/B50/S75/MA10-20/V1.0
hybrid,50,75,5,20,1.0,-0.7285146677933662,-0.6554855808422615,-0.4429860569600047,-0.34709119797849053,-0.5295176707510456,49,0.46938775510204084,1.081272787223719,11.34397870924817,hybrid/B50/S75/MA5-20/V1.0
hybrid,45,70,10,50,0.0,-0.73698885937257,-0.5838279471832702,-0.47798089807097965,-0.3772375426853549,-0.6461450578126158,43,0.4418604651162791,2.0560395308778214,12.075848303393213,hybrid/B45/S70/MA10-50/V0.0
hybrid,50,75,10,50,0.0,-0.7628843210892446,-0.6922446547824382,-0.6415068557392614,-0.5263907416633603,-0.7604114210586382,44,0.3181818181818182,0.12229499800133121,28.642714570858285,hybrid/B50/S75/MA10-50/V0.0
hybrid,45,70,10,50,1.0,-0.7721934448796535,-0.5675502694548801,-0.4718385987606709,-0.3719074907119643,-0.6552855504221211,34,0.47058823529411764,1.6839150105782976,9.214903526280773,hybrid/B45/S70/MA10-50/V1.0
rsi,50,65,5,50,0.0,-0.7725930014594664,-0.8375538907477036,-0.8480545055088616,-0.7465895823512961,-0.8913928889815059,39,0.6923076923076923,4.094351151900734,75.54890219560878,rsi/B50/S65/MA5-50/V0.0
rsi,50,65,5,20,0.0,-0.7725930014594664,-0.8375538907477036,-0.8480545055088616,-0.7465895823512961,-0.8913928889815059,39,0.6923076923076923,4.094351151900734,75.54890219560878,rsi/B50/S65/MA5-20/V0.0
rsi,50,65,10,20,0.0,-0.7725930014594664,-0.8375538907477036,-0.8480545055088616,-0.7465895823512961,-0.8913928889815059,39,0.6923076923076923,4.094351151900734,75.54890219560878,rsi/B50/S65/MA10-20/V0.0
rsi,50,65,10,50,0.0,-0.7725930014594664,-0.8375538907477036,-0.8480545055088616,-0.7465895823512961,-0.8913928889815059,39,0.6923076923076923,4.094351151900734,75.54890219560878,rsi/B50/S65/MA10-50/V0.0
rsi,50,65,20,50,0.0,-0.7725930014594664,-0.8375538907477036,-0.8480545055088616,-0.7465895823512961,-0.8913928889815059,39,0.6923076923076923,4.094351151900734,75.54890219560878,rsi/B50/S65/MA20-50/V0.0
rsi,35,60,10,20,0.0,-0.7768284922882497,-0.78222240195074,-0.711243386707026,-0.5954479864412856,-0.7612259441257777,26,0.8076923076923077,2.7566534608947224,38.92215568862276,rsi/B35/S60/MA10-20/V0.0
rsi,35,60,20,50,0.0,-0.7768284922882497,-0.78222240195074,-0.711243386707026,-0.5954479864412856,-0.7612259441257777,26,0.8076923076923077,2.7566534608947224,38.92215568862276,rsi/B35/S60/MA20-50/V0.0
rsi,35,60,5,20,0.0,-0.7768284922882497,-0.78222240195074,-0.711243386707026,-0.5954479864412856,-0.7612259441257777,26,0.8076923076923077,2.7566534608947224,38.92215568862276,rsi/B35/S60/MA5-20/V0.0
rsi,35,60,5,50,0.0,-0.7768284922882497,-0.78222240195074,-0.711243386707026,-0.5954479864412856,-0.7612259441257777,26,0.8076923076923077,2.7566534608947224,38.92215568862276,rsi/B35/S60/MA5-50/V0.0
rsi,35,60,10,50,0.0,-0.7768284922882497,-0.78222240195074,-0.711243386707026,-0.5954479864412856,-0.7612259441257777,26,0.8076923076923077,2.7566534608947224,38.92215568862276,rsi/B35/S60/MA10-50/V0.0
rsi,40,65,10,20,1.0,-0.7782537129117254,-0.7908500271166302,-0.7730207506321056,-0.6605246248532642,-0.8352084493965045,23,0.6086956521739131,2.2304963944188567,54.258150365934796,rsi/B40/S65/MA10-20/V1.0
rsi,40,65,5,20,1.0,-0.7782537129117254,-0.7908500271166302,-0.7730207506321056,-0.6605246248532642,-0.8352084493965045,23,0.6086956521739131,2.2304963944188567,54.258150365934796,rsi/B40/S65/MA5-20/V1.0
rsi,40,65,20,50,1.0,-0.7782537129117254,-0.7908500271166302,-0.7730207506321056,-0.6605246248532642,-0.8352084493965045,23,0.6086956521739131,2.2304963944188567,54.258150365934796,rsi/B40/S65/MA20-50/V1.0
rsi,40,65,5,50,1.0,-0.7782537129117254,-0.7908500271166302,-0.7730207506321056,-0.6605246248532642,-0.8352084493965045,23,0.6086956521739131,2.2304963944188567,54.258150365934796,rsi/B40/S65/MA5-50/V1.0
rsi,40,65,10,50,1.0,-0.7782537129117254,-0.7908500271166302,-0.7730207506321056,-0.6605246248532642,-0.8352084493965045,23,0.6086956521739131,2.2304963944188567,54.258150365934796,rsi/B40/S65/MA10-50/V1.0
hybrid,50,75,5,50,1.0,-0.7837849381089442,-0.6306929797645191,-0.567264636276716,-0.4567841938445162,-0.7242576158292819,39,0.358974358974359,1.0924101312883248,15.934797072521622,hybrid/B50/S75/MA5-50/V1.0
rsi,30,60,5,50,1.0,-0.7918209883721228,-0.7283255261586208,-0.5413252885006896,-0.4332497531134415,-0.5948572960205225,10,0.7,1.4407756953901059,17.63140385894877,rsi/B30/S60/MA5-50/V1.0
rsi,30,60,10,50,1.5,-0.7918209883721228,-0.7283255261586208,-0.5413252885006896,-0.4332497531134415,-0.5948572960205225,10,0.7,1.4407756953901059,17.63140385894877,rsi/B30/S60/MA10-50/V1.5
rsi,30,60,5,50,1.5,-0.7918209883721228,-0.7283255261586208,-0.5413252885006896,-0.4332497531134415,-0.5948572960205225,10,0.7,1.4407756953901059,17.63140385894877,rsi/B30/S60/MA5-50/V1.5
rsi,30,60,5,20,1.5,-0.7918209883721228,-0.7283255261586208,-0.5413252885006896,-0.4332497531134415,-0.5948572960205225,10,0.7,1.4407756953901059,17.63140385894877,rsi/B30/S60/MA5-20/V1.5
rsi,30,60,10,50,1.0,-0.7918209883721228,-0.7283255261586208,-0.5413252885006896,-0.4332497531134415,-0.5948572960205225,10,0.7,1.4407756953901059,17.63140385894877,rsi/B30/S60/MA10-50/V1.0
rsi,30,60,10,20,1.0,-0.7918209883721228,-0.7283255261586208,-0.5413252885006896,-0.4332497531134415,-0.5948572960205225,10,0.7,1.4407756953901059,17.63140385894877,rsi/B30/S60/MA10-20/V1.0
rsi,30,60,10,20,1.5,-0.7918209883721228,-0.7283255261586208,-0.5413252885006896,-0.4332497531134415,-0.5948572960205225,10,0.7,1.4407756953901059,17.63140385894877,rsi/B30/S60/MA10-20/V1.5
rsi,30,60,20,50,1.5,-0.7918209883721228,-0.7283255261586208,-0.5413252885006896,-0.4332497531134415,-0.5948572960205225,10,0.7,1.4407756953901059,17.63140385894877,rsi/B30/S60/MA20-50/V1.5
rsi,30,60,20,50,1.0,-0.7918209883721228,-0.7283255261586208,-0.5413252885006896,-0.4332497531134415,-0.5948572960205225,10,0.7,1.4407756953901059,17.63140385894877,rsi/B30/S60/MA20-50/V1.0
rsi,30,60,5,20,1.0,-0.7918209883721228,-0.7283255261586208,-0.5413252885006896,-0.4332497531134415,-0.5948572960205225,10,0.7,1.4407756953901059,17.63140385894877,rsi/B30/S60/MA5-20/V1.0
hybrid,45,65,5,50,1.5,-0.8114214237839374,-0.5733655480178406,-0.37127125843511666,-0.2868647967744635,-0.500317463730028,17,0.5294117647058824,2.3976470710344198,1.7964071856287425,hybrid/B45/S65/MA5-50/V1.5
hybrid,50,70,10,20,1.0,-0.8261644845716237,-0.7185489050570272,-0.5168734045663295,-0.4113937889908875,-0.5725341533409442,55,0.4909090909090909,1.4331996335656711,15.06986027944112,hybrid/B50/S70/MA10-20/V1.0
hybrid,45,75,10,50,0.0,-0.8278761939060066,-0.6390397950940525,-0.5456164595826412,-0.4371176172555751,-0.684022529756916,39,0.46153846153846156,0.9840355972743605,14.30472388556221,hybrid/B45/S75/MA10-50/V0.0
rsi,35,60,10,20,1.5,-0.836307520602615,-0.7929833876678436,-0.7044075740161546,-0.5884928783302673,-0.7421251031008596,23,0.782608695652174,3.052764309762833,33.06719893546241,rsi/B35/S60/MA10-20/V1.5
rsi,35,60,10,50,1.5,-0.836307520602615,-0.7929833876678436,-0.7044075740161546,-0.5884928783302673,-0.7421251031008596,23,0.782608695652174,3.052764309762833,33.06719893546241,rsi/B35/S60/MA10-50/V1.5
rsi,35,60,5,50,1.5,-0.836307520602615,-0.7929833876678436,-0.7044075740161546,-0.5884928783302673,-0.7421251031008596,23,0.782608695652174,3.052764309762833,33.06719893546241,rsi/B35/S60/MA5-50/V1.5
rsi,35,60,5,20,1.5,-0.836307520602615,-0.7929833876678436,-0.7044075740161546,-0.5884928783302673,-0.7421251031008596,23,0.782608695652174,3.052764309762833,33.06719893546241,rsi/B35/S60/MA5-20/V1.5
rsi,35,60,20,50,1.5,-0.836307520602615,-0.7929833876678436,-0.7044075740161546,-0.5884928783302673,-0.7421251031008596,23,0.782608695652174,3.052764309762833,33.06719893546241,rsi/B35/S60/MA20-50/V1.5
hybrid,45,75,5,50,1.0,-0.8548427867214012,-0.5830517157691723,-0.46530862964282194,-0.36625945256589576,-0.6281766139436186,26,0.4230769230769231,1.3296197042869022,5.52228875582169,hybrid/B45/S75/MA5-50/V1.0
rsi,35,60,5,20,1.0,-0.8610304635818249,-0.8013052070850958,-0.7234512745558314,-0.6079813765829418,-0.7587388316052417,25,0.8,2.383727709974184,38.05721889554225,rsi/B35/S60/MA5-20/V1.0
rsi,35,60,20,50,1.0,-0.8610304635818249,-0.8013052070850958,-0.7234512745558314,-0.6079813765829418,-0.7587388316052417,25,0.8,2.383727709974184,38.05721889554225,rsi/B35/S60/MA20-50/V1.0
rsi,35,60,10,20,1.0,-0.8610304635818249,-0.8013052070850958,-0.7234512745558314,-0.6079813765829418,-0.7587388316052417,25,0.8,2.383727709974184,38.05721889554225,rsi/B35/S60/MA10-20/V1.0
rsi,35,60,5,50,1.0,-0.8610304635818249,-0.8013052070850958,-0.7234512745558314,-0.6079813765829418,-0.7587388316052417,25,0.8,2.383727709974184,38.05721889554225,rsi/B35/S60/MA5-50/V1.0
rsi,35,60,10,50,1.0,-0.8610304635818249,-0.8013052070850958,-0.7234512745558314,-0.6079813765829418,-0.7587388316052417,25,0.8,2.383727709974184,38.05721889554225,rsi/B35/S60/MA10-50/V1.0
hybrid,50,70,5,50,0.0,-0.8621310229476373,-0.6884921919190126,-0.6181699427903704,-0.504122465423618,-0.732212320401911,57,0.3508771929824561,1.7658052994041815,22.322022621423816,hybrid/B50/S70/MA5-50/V0.0
hybrid,50,70,5,20,1.0,-0.8768048916308286,-0.708824914852802,-0.48872246416903486,-0.3865998024648468,-0.5454094436637149,49,0.46938775510204084,0.9783699915674701,11.244178310046573,hybrid/B50/S70/MA5-20/V1.0
hybrid,50,65,5,50,1.5,-0.8819732567949428,-0.6032776824937042,-0.48262399605740025,-0.3812779484340323,-0.6320106967292153,32,0.375,2.641160546589195,8.516300731869594,hybrid/B50/S65/MA5-50/V1.5
rsi,50,65,5,50,1.0,-0.9029708959553405,-0.8584082381056439,-0.8627582759540059,-0.7647001462778735,-0.8908350506577527,34,0.6764705882352942,3.2510398479470894,70.45908183632734,rsi/B50/S65/MA5-50/V1.0
rsi,50,65,10,50,1.0,-0.9029708959553405,-0.8584082381056439,-0.8627582759540059,-0.7647001462778735,-0.8908350506577527,34,0.6764705882352942,3.2510398479470894,70.45908183632734,rsi/B50/S65/MA10-50/V1.0
rsi,50,65,10,20,1.0,-0.9029708959553405,-0.8584082381056439,-0.8627582759540059,-0.7647001462778735,-0.8908350506577527,34,0.6764705882352942,3.2510398479470894,70.45908183632734,rsi/B50/S65/MA10-20/V1.0
rsi,50,65,5,20,1.0,-0.9029708959553405,-0.8584082381056439,-0.8627582759540059,-0.7647001462778735,-0.8908350506577527,34,0.6764705882352942,3.2510398479470894,70.45908183632734,rsi/B50/S65/MA5-20/V1.0
rsi,50,65,20,50,1.0,-0.9029708959553405,-0.8584082381056439,-0.8627582759540059,-0.7647001462778735,-0.8908350506577527,34,0.6764705882352942,3.2510398479470894,70.45908183632734,rsi/B50/S65/MA20-50/V1.0
rsi,30,55,5,20,0.0,-0.9105136991089949,-0.7313375134293182,-0.536870704174975,-0.42924497243664417,-0.586931429818046,14,0.8571428571428571,3.264177842029871,13.30671989354624,rsi/B30/S55/MA5-20/V0.0
rsi,30,55,10,20,0.0,-0.9105136991089949,-0.7313375134293182,-0.536870704174975,-0.42924497243664417,-0.586931429818046,14,0.8571428571428571,3.264177842029871,13.30671989354624,rsi/B30/S55/MA10-20/V0.0
rsi,30,55,5,50,0.0,-0.9105136991089949,-0.7313375134293182,-0.536870704174975,-0.42924497243664417,-0.586931429818046,14,0.8571428571428571,3.264177842029871,13.30671989354624,rsi/B30/S55/MA5-50/V0.0
rsi,30,55,10,50,0.0,-0.9105136991089949,-0.7313375134293182,-0.536870704174975,-0.42924497243664417,-0.586931429818046,14,0.8571428571428571,3.264177842029871,13.30671989354624,rsi/B30/S55/MA10-50/V0.0
rsi,30,55,20,50,0.0,-0.9105136991089949,-0.7313375134293182,-0.536870704174975,-0.42924497243664417,-0.586931429818046,14,0.8571428571428571,3.264177842029871,13.30671989354624,rsi/B30/S55/MA20-50/V0.0
hybrid,45,75,5,50,1.5,-0.9247664758052345,-0.5802359987227799,-0.4614564934113118,-0.36293636711827404,-0.6254978455614137,17,0.5294117647058824,0.796710320538929,2.927478376580173,hybrid/B45/S75/MA5-50/V1.5
hybrid,45,65,5,50,0.0,-0.9290331617519838,-0.631297571398575,-0.46078100403207134,-0.36235431512471117,-0.5739833820712352,39,0.41025641025641024,2.118730489566801,7.052561543579508,hybrid/B45/S65/MA5-50/V0.0
hybrid,45,70,10,20,1.0,-0.9462104877383535,-0.5976133437079959,-0.4087306961342423,-0.31807624201638485,-0.5322442100151672,34,0.5588235294117647,1.8346787330079508,6.453759148369927,hybrid/B45/S70/MA10-20/V1.0
rsi,40,60,10,50,1.5,-0.9533191332010615,-0.8034047578728142,-0.776056608852634,-0.6638386128694612,-0.8262816548748303,29,0.7241379310344828,2.952719946087886,40.286094477711245,rsi/B40/S60/MA10-50/V1.5
rsi,40,60,5,20,1.5,-0.9533191332010615,-0.8034047578728142,-0.776056608852634,-0.6638386128694612,-0.8262816548748303,29,0.7241379310344828,2.952719946087886,40.286094477711245,rsi/B40/S60/MA5-20/V1.5
rsi,40,60,5,50,1.5,-0.9533191332010615,-0.8034047578728142,-0.776056608852634,-0.6638386128694612,-0.8262816548748303,29,0.7241379310344828,2.952719946087886,40.286094477711245,rsi/B40/S60/MA5-50/V1.5
rsi,40,60,20,50,1.5,-0.9533191332010615,-0.8034047578728142,-0.776056608852634,-0.6638386128694612,-0.8262816548748303,29,0.7241379310344828,2.952719946087886,40.286094477711245,rsi/B40/S60/MA20-50/V1.5
rsi,40,60,10,20,1.5,-0.9533191332010615,-0.8034047578728142,-0.776056608852634,-0.6638386128694612,-0.8262816548748303,29,0.7241379310344828,2.952719946087886,40.286094477711245,rsi/B40/S60/MA10-20/V1.5
hybrid,45,75,10,20,1.0,-0.9538658288063795,-0.5846889365948076,-0.42116606371344634,-0.32855508602338757,-0.5619314227781907,34,0.5588235294117647,1.50106289709257,7.052561543579508,hybrid/B45/S75/MA10-20/V1.0
hybrid,45,65,5,50,1.0,-0.9660146061046713,-0.6200593807027248,-0.43875582993213125,-0.3434824312368301,-0.5539508665243562,28,0.4642857142857143,2.428855577435397,4.025282767797738,hybrid/B45/S65/MA5-50/V1.0
hybrid,40,65,10,20,1.5,-0.9672501010869574,-0.5804576429982056,-0.2827087801071083,-0.21500301297171642,-0.37040258762236866,12,0.5833333333333334,2.5574512437672894,1.0312707917498336,hybrid/B40/S65/MA10-20/V1.5
hybrid,50,70,5,50,1.0,-0.9688961555198905,-0.6667863214017213,-0.5912153076439878,-0.47885669653661433,-0.7181561486293833,43,0.37209302325581395,2.244606967772013,14.171656686626747,hybrid/B50/S70/MA5-50/V1.0
hybrid,40,65,10,20,0.0,-0.9733386974183957,-0.5897407808848913,-0.3148954795891764,-0.2408251636212918,-0.4083576571725965,18,0.7222222222222222,2.4272574250970704,1.5635395874916833,hybrid/B40/S65/MA10-20/V0.0
hybrid,40,65,10,20,1.0,-0.9783566728180161,-0.5870574520623771,-0.31123997241097434,-0.23787617003380734,-0.4052008354516758,15,0.6666666666666666,2.597172137265698,1.3639387890884898,hybrid/B40/S65/MA10-20/V1.0
hybrid,50,70,10,50,0.0,-0.9837835709636169,-0.7364934505694333,-0.6797209378484039,-0.5637290179344361,-0.7654229884849333,50,0.3,1.406158841873054,25.615435795076515,hybrid/B50/S70/MA10-50/V0.0
hybrid,35,70,10,50,0.0,-0.9933889165809082,-0.7056798851126578,-0.1652741671733695,-0.12331953191329581,-0.17475279445383163,6,0.5,0.5379208299258664,0.36593479707252163,hybrid/B35/S70/MA10-50/V0.0
hybrid,35,70,10,50,1.0,-0.9933889165809082,-0.7056798851126578,-0.1652741671733695,-0.12331953191329581,-0.17475279445383163,6,0.5,0.5379208299258664,0.36593479707252163,hybrid/B35/S70/MA10-50/V1.0
hybrid,35,55,10,50,1.0,-0.9933889165809082,-0.7056798851126578,-0.1652741671733695,-0.12331953191329581,-0.17475279445383163,6,0.5,0.5379208299258664,0.36593479707252163,hybrid/B35/S55/MA10-50/V1.0
hybrid,35,55,10,50,0.0,-0.9933889165809082,-0.7056798851126578,-0.1652741671733695,-0.12331953191329581,-0.17475279445383163,6,0.5,0.5379208299258664,0.36593479707252163,hybrid/B35/S55/MA10-50/V0.0
hybrid,35,65,10,50,1.0,-0.9933889165809082,-0.7056798851126578,-0.1652741671733695,-0.12331953191329581,-0.17475279445383163,6,0.5,0.5379208299258664,0.36593479707252163,hybrid/B35/S65/MA10-50/V1.0
hybrid,35,65,10,50,0.0,-0.9933889165809082,-0.7056798851126578,-0.1652741671733695,-0.12331953191329581,-0.17475279445383163,6,0.5,0.5379208299258664,0.36593479707252163,hybrid/B35/S65/MA10-50/V0.0
hybrid,35,75,10,50,0.0,-0.9933889165809082,-0.7056798851126578,-0.1652741671733695,-0.12331953191329581,-0.17475279445383163,6,0.5,0.5379208299258664,0.36593479707252163,hybrid/B35/S75/MA10-50/V0.0
hybrid,35,75,10,50,1.0,-0.9933889165809082,-0.7056798851126578,-0.1652741671733695,-0.12331953191329581,-0.17475279445383163,6,0.5,0.5379208299258664,0.36593479707252163,hybrid/B35/S75/MA10-50/V1.0
hybrid,35,60,10,50,1.0,-0.9933889165809082,-0.7056798851126578,-0.1652741671733695,-0.12331953191329581,-0.17475279445383163,6,0.5,0.5379208299258664,0.36593479707252163,hybrid/B35/S60/MA10-50/V1.0
hybrid,35,60,10,50,0.0,-0.9933889165809082,-0.7056798851126578,-0.1652741671733695,-0.12331953191329581,-0.17475279445383163,6,0.5,0.5379208299258664,0.36593479707252163,hybrid/B35/S60/MA10-50/V0.0
hybrid,50,75,20,50,0.0,-0.9936011586535365,-0.7530416798609382,-0.7326758155406359,-0.6175516625221686,-0.8200763371241416,39,0.358974358974359,-0.4318459730845241,31.636726546906186,hybrid/B50/S75/MA20-50/V0.0
hybrid,50,75,10,50,1.0,-0.9987046958654274,-0.7160473570566879,-0.6782629389962765,-0.562283004943825,-0.7852595214583137,37,0.3783783783783784,0.18416206275592417,20.625415834996673,hybrid/B50/S75/MA10-50/V1.0
hybrid,45,65,10,50,1.5,-1.005427936382834,-0.6458040857564793,-0.47977317831965605,-0.3787960172442669,-0.5865494282225768,24,0.4166666666666667,1.1101384131850136,4.8569527611443775,hybrid/B45/S65/MA10-50/V1.5
hybrid,45,70,10,20,1.5,-1.0091826298865925,-0.5939051154314454,-0.35911287207201836,-0.2768438788916532,-0.46614159686188006,23,0.5217391304347826,2.3582387695586315,3.6593479707252166,hybrid/B45/S70/MA10-20/V1.5
hybrid,45,75,10,50,1.0,-1.0130731682544654,-0.6633943393466328,-0.5825144725865528,-0.4707985833525772,-0.7096813394824256,31,0.4838709677419355,0.24548673415232428,10.578842315369261,hybrid/B45/S75/MA10-50/V1.0
hybrid,40,70,10,20,1.5,-1.0339995757369005,-0.5766784193983897,-0.30398079740846207,-0.23203256213822798,-0.40236040457399486,12,0.5833333333333334,1.5928125207903872,1.4637391882900865,hybrid/B40/S70/MA10-20/V1.5
hybrid,40,75,10,20,1.5,-1.0339995757369005,-0.5766784193983897,-0.30398079740846207,-0.23203256213822798,-0.40236040457399486,12,0.5833333333333334,1.5928125207903872,1.4637391882900865,hybrid/B40/S75/MA10-20/V1.5
hybrid,40,75,10,20,0.0,-1.0354093960574005,-0.5869093132577174,-0.335212966834581,-0.2572945328236269,-0.43838890781180434,18,0.7222222222222222,1.7841649431124693,1.996007984031936,hybrid/B40/S75/MA10-20/V0.0
hybrid,40,70,10,20,0.0,-1.0354093960574005,-0.5869093132577174,-0.335212966834581,-0.2572945328236269,-0.43838890781180434,18,0.7222222222222222,1.7841649431124693,1.996007984031936,hybrid/B40/S70/MA10-20/V0.0
hybrid,45,65,10,20,1.5,-1.0367642330043219,-0.6062566223455235,-0.3543988785154438,-0.2729725310205091,-0.4502590503084584,23,0.5217391304347826,2.765529615857497,2.761144377910845,hybrid/B45/S65/MA10-20/V1.5
hybrid,35,70,10,50,1.5,-1.0399833285708373,-0.7079294547912423,-0.1712293226441971,-0.12788060812415547,-0.18064032688379317,5,0.6,0.7026022711954747,0.29940119760479045,hybrid/B35/S70/MA10-50/V1.5
hybrid,35,65,10,50,1.5,-1.0399833285708373,-0.7079294547912423,-0.1712293226441971,-0.12788060812415547,-0.18064032688379317,5,0.6,0.7026022711954747,0.29940119760479045,hybrid/B35/S65/MA10-50/V1.5
hybrid,35,75,10,50,1.5,-1.0399833285708373,-0.7079294547912423,-0.1712293226441971,-0.12788060812415547,-0.18064032688379317,5,0.6,0.7026022711954747,0.29940119760479045,hybrid/B35/S75/MA10-50/V1.5
hybrid,35,60,10,50,1.5,-1.0399833285708373,-0.7079294547912423,-0.1712293226441971,-0.12788060812415547,-0.18064032688379317,5,0.6,0.7026022711954747,0.29940119760479045,hybrid/B35/S60/MA10-50/V1.5
hybrid,35,55,10,50,1.5,-1.0399833285708373,-0.7079294547912423,-0.1712293226441971,-0.12788060812415547,-0.18064032688379317,5,0.6,0.7026022711954747,0.29940119760479045,hybrid/B35/S55/MA10-50/V1.5
hybrid,45,75,10,50,1.5,-1.0401896665813875,-0.6469055632555403,-0.5574189520938019,-0.44780741290887904,-0.6922299611326521,24,0.4166666666666667,-0.6218492107501351,6.553559547571523,hybrid/B45/S75/MA10-50/V1.5
hybrid,40,75,10,20,1.0,-1.041020148575342,-0.5843224610194572,-0.3316658675244578,-0.25440951404384227,-0.4353923236152491,15,0.6666666666666666,1.825461158884176,1.7964071856287425,hybrid/B40/S75/MA10-20/V1.0
hybrid,40,70,10,20,1.0,-1.041020148575342,-0.5843224610194572,-0.3316658675244578,-0.25440951404384227,-0.4353923236152491,15,0.6666666666666666,1.825461158884176,1.7964071856287425,hybrid/B40/S70/MA10-20/V1.0
rsi,40,60,20,50,0.0,-1.0469312111429923,-0.8309775970963363,-0.824155494523548,-0.7181331915184025,-0.8642028305308793,35,0.6857142857142857,2.7285492846060504,48.8356620093147,rsi/B40/S60/MA20-50/V0.0
rsi,40,60,10,50,0.0,-1.0469312111429923,-0.8309775970963363,-0.824155494523548,-0.7181331915184025,-0.8642028305308793,35,0.6857142857142857,2.7285492846060504,48.8356620093147,rsi/B40/S60/MA10-50/V0.0
rsi,40,60,5,50,0.0,-1.0469312111429923,-0.8309775970963363,-0.824155494523548,-0.7181331915184025,-0.8642028305308793,35,0.6857142857142857,2.7285492846060504,48.8356620093147,rsi/B40/S60/MA5-50/V0.0
rsi,40,60,10,20,0.0,-1.0469312111429923,-0.8309775970963363,-0.824155494523548,-0.7181331915184025,-0.8642028305308793,35,0.6857142857142857,2.7285492846060504,48.8356620093147,rsi/B40/S60/MA10-20/V0.0
rsi,40,60,5,20,0.0,-1.0469312111429923,-0.8309775970963363,-0.824155494523548,-0.7181331915184025,-0.8642028305308793,35,0.6857142857142857,2.7285492846060504,48.8356620093147,rsi/B40/S60/MA5-20/V0.0
hybrid,50,70,20,50,1.5,-1.0535444531244584,-0.6871699497497618,-0.6267770439668686,-0.5122912210818118,-0.74550876572581,35,0.34285714285714286,1.098930065352417,14.737192282102463,hybrid/B50/S70/MA20-50/V1.5
hybrid,50,75,5,20,0.0,-1.056833078485262,-0.6732263967373637,-0.6138628204249431,-0.5000534962597734,-0.7427716718820996,80,0.35,0.49537517218516974,17.764471057884233,hybrid/B50/S75/MA5-20/V0.0
hybrid,50,75,20,50,1.5,-1.0878636690318033,-0.7190765650081128,-0.6866893428052225,-0.570665014297419,-0.7936081386423443,33,0.36363636363636365,-0.7545163288420558,16.633399866932802,hybrid/B50/S75/MA20-50/V1.5
hybrid,50,65,10,50,1.5,-1.0923786332171224,-0.6804808053977681,-0.583380606180643,-0.47159867912957043,-0.6930374455660101,35,0.37142857142857144,2.0464268985553313,11.510312707917498,hybrid/B50/S65/MA10-50/V1.5
rsi,45,60,10,50,1.5,-1.1055389660184185,-0.8384499070196865,-0.8329519339845518,-0.7284769854724988,-0.8688378153226922,38,0.6578947368421053,3.246023956359679,47.50499001996008,rsi/B45/S60/MA10-50/V1.5
rsi,45,60,20,50,1.5,-1.1055389660184185,-0.8384499070196865,-0.8329519339845518,-0.7284769854724988,-0.8688378153226922,38,0.6578947368421053,3.246023956359679,47.50499001996008,rsi/B45/S60/MA20-50/V1.5
rsi,45,60,5,20,1.5,-1.1055389660184185,-0.8384499070196865,-0.8329519339845518,-0.7284769854724988,-0.8688378153226922,38,0.6578947368421053,3.246023956359679,47.50499001996008,rsi/B45/S60/MA5-20/V1.5
rsi,45,60,5,50,1.5,-1.1055389660184185,-0.8384499070196865,-0.8329519339845518,-0.7284769854724988,-0.8688378153226922,38,0.6578947368421053,3.246023956359679,47.50499001996008,rsi/B45/S60/MA5-50/V1.5
rsi,45,60,10,20,1.5,-1.1055389660184185,-0.8384499070196865,-0.8329519339845518,-0.7284769854724988,-0.8688378153226922,38,0.6578947368421053,3.246023956359679,47.50499001996008,rsi/B45/S60/MA10-20/V1.5
hybrid,45,65,10,50,1.0,-1.109883408797476,-0.6598161014528519,-0.560110625189866,-0.45025610673823613,-0.6823963612691708,35,0.45714285714285713,1.4590101621332416,8.483033932135728,hybrid/B45/S65/MA10-50/V1.0
rsi,40,60,20,50,1.0,-1.114674738757206,-0.8316355960589585,-0.826950285874831,-0.7214040508954502,-0.8674521080075396,33,0.6666666666666666,2.3745955716131704,46.8063872255489,rsi/B40/S60/MA20-50/V1.0
rsi,40,60,5,20,1.0,-1.114674738757206,-0.8316355960589585,-0.826950285874831,-0.7214040508954502,-0.8674521080075396,33,0.6666666666666666,2.3745955716131704,46.8063872255489,rsi/B40/S60/MA5-20/V1.0
rsi,40,60,5,50,1.0,-1.114674738757206,-0.8316355960589585,-0.826950285874831,-0.7214040508954502,-0.8674521080075396,33,0.6666666666666666,2.3745955716131704,46.8063872255489,rsi/B40/S60/MA5-50/V1.0
rsi,40,60,10,50,1.0,-1.114674738757206,-0.8316355960589585,-0.826950285874831,-0.7214040508954502,-0.8674521080075396,33,0.6666666666666666,2.3745955716131704,46.8063872255489,rsi/B40/S60/MA10-50/V1.0
rsi,40,60,10,20,1.0,-1.114674738757206,-0.8316355960589585,-0.826950285874831,-0.7214040508954502,-0.8674521080075396,33,0.6666666666666666,2.3745955716131704,46.8063872255489,rsi/B40/S60/MA10-20/V1.0
hybrid,45,75,10,20,1.5,-1.1253919648584716,-0.621125467543518,-0.39978826921568156,-0.3105777440297298,-0.5000241662252719,23,0.5217391304347826,1.6933961298106919,4.091816367265469,hybrid/B45/S75/MA10-20/V1.5
rsi,30,55,5,50,1.5,-1.1309548791951796,-0.7548795696612197,-0.5700019820246758,-0.45928977527495085,-0.6084278787423989,11,0.8181818181818182,1.3495131160545424,11.809713905522289,rsi/B30/S55/MA5-50/V1.5
rsi,30,55,10,50,1.5,-1.1309548791951796,-0.7548795696612197,-0.5700019820246758,-0.45928977527495085,-0.6084278787423989,11,0.8181818181818182,1.3495131160545424,11.809713905522289,rsi/B30/S55/MA10-50/V1.5
rsi,30,55,10,20,1.0,-1.1309548791951796,-0.7548795696612197,-0.5700019820246758,-0.45928977527495085,-0.6084278787423989,11,0.8181818181818182,1.3495131160545424,11.809713905522289,rsi/B30/S55/MA10-20/V1.0
rsi,30,55,20,50,1.5,-1.1309548791951796,-0.7548795696612197,-0.5700019820246758,-0.45928977527495085,-0.6084278787423989,11,0.8181818181818182,1.3495131160545424,11.809713905522289,rsi/B30/S55/MA20-50/V1.5
rsi,30,55,20,50,1.0,-1.1309548791951796,-0.7548795696612197,-0.5700019820246758,-0.45928977527495085,-0.6084278787423989,11,0.8181818181818182,1.3495131160545424,11.809713905522289,rsi/B30/S55/MA20-50/V1.0
rsi,30,55,5,20,1.0,-1.1309548791951796,-0.7548795696612197,-0.5700019820246758,-0.45928977527495085,-0.6084278787423989,11,0.8181818181818182,1.3495131160545424,11.809713905522289,rsi/B30/S55/MA5-20/V1.0
rsi,30,55,10,20,1.5,-1.1309548791951796,-0.7548795696612197,-0.5700019820246758,-0.45928977527495085,-0.6084278787423989,11,0.8181818181818182,1.3495131160545424,11.809713905522289,rsi/B30/S55/MA10-20/V1.5
rsi,30,55,10,50,1.0,-1.1309548791951796,-0.7548795696612197,-0.5700019820246758,-0.45928977527495085,-0.6084278787423989,11,0.8181818181818182,1.3495131160545424,11.809713905522289,rsi/B30/S55/MA10-50/V1.0
rsi,30,55,5,50,1.0,-1.1309548791951796,-0.7548795696612197,-0.5700019820246758,-0.45928977527495085,-0.6084278787423989,11,0.8181818181818182,1.3495131160545424,11.809713905522289,rsi/B30/S55/MA5-50/V1.0
rsi,30,55,5,20,1.5,-1.1309548791951796,-0.7548795696612197,-0.5700019820246758,-0.45928977527495085,-0.6084278787423989,11,0.8181818181818182,1.3495131160545424,11.809713905522289,rsi/B30/S55/MA5-20/V1.5
hybrid,45,65,10,20,1.0,-1.1513425668937154,-0.674645832780046,-0.4460246590998278,-0.3496879927142845,-0.5183282482800022,34,0.5588235294117647,1.8029546234357354,4.790419161676647,hybrid/B45/S65/MA10-20/V1.0
hybrid,40,60,10,20,0.0,-1.1530045666546789,-0.650908561898649,-0.3456447177116415,-0.26580349537051606,-0.40835765717259614,18,0.7222222222222222,2.082219221292547,1.2974051896207583,hybrid/B40/S60/MA10-20/V0.0
hybrid,40,60,10,20,1.0,-1.1620834419934576,-0.6489412321337885,-0.34215327901836756,-0.26295152941965094,-0.40520083545167573,15,0.6666666666666666,2.18312629270027,1.097804391217565,hybrid/B40/S60/MA10-20/V1.0
hybrid,45,65,10,50,0.0,-1.1702603642711822,-0.6918086511291444,-0.5933753927927953,-0.48086440484089776,-0.6950829597982748,44,0.4318181818181818,1.508847708888433,11.04457751164338,hybrid/B45/S65/MA10-50/V0.0
hybrid,50,70,10,50,1.0,-1.173033471069772,-0.7431940081897856,-0.6960701700681047,-0.5800687715623118,-0.7805078689684251,41,0.36585365853658536,1.529781172735133,18.862275449101794,hybrid/B50/S70/MA10-50/V1.0
hybrid,40,60,10,20,1.5,-1.1741005691590036,-0.6501869907297605,-0.3149026393892136,-0.24083094380470427,-0.3704025876223686,12,0.5833333333333334,2.039893938060504,0.7651363938789089,hybrid/B40/S60/MA10-20/V1.5
hybrid,45,70,20,50,0.0,-1.1779210162145914,-0.7095727204356843,-0.6673464306367836,-0.5515120328610726,-0.7772452589812628,41,0.36585365853658536,1.2664862336376546,17.731204258150367,hybrid/B45/S70/MA20-50/V0.0
hybrid,45,70,20,50,1.5,-1.1960490167709887,-0.686437601488944,-0.6037356582061781,-0.4905344577629547,-0.7146089560055305,29,0.3793103448275862,0.23705641316669182,8.383233532934131,hybrid/B45/S70/MA20-50/V1.5
hybrid,50,70,20,50,0.0,-1.2143188482965563,-0.7862001373843629,-0.7611716138515234,-0.6477030192213891,-0.8238398703112101,45,0.3333333333333333,1.0860797577863492,28.60944777112442,hybrid/B50/S70/MA20-50/V0.0
hybrid,50,75,10,20,1.5,-1.2303203187394105,-0.6777616515403203,-0.5269370266082152,-0.42035177578055727,-0.6202059010350343,34,0.5588235294117647,1.2513735188042607,9.214903526280773,hybrid/B50/S75/MA10-20/V1.5
hybrid,45,75,20,50,0.0,-1.237320479747269,-0.7422831520671516,-0.7104467901247755,-0.5946352054298341,-0.8010894545751992,37,0.3783783783783784,0.05219636859730169,19.960079840319363,hybrid/B45/S75/MA20-50/V0.0
rsi,50,60,5,50,1.5,-1.2797376408048389,-0.872118248427183,-0.8814632323177216,-0.7885234463202313,-0.9041473994407178,47,0.7021276595744681,3.52461486516126,57.08582834331337,rsi/B50/S60/MA5-50/V1.5
rsi,50,60,10,20,1.5,-1.2797376408048389,-0.872118248427183,-0.8814632323177216,-0.7885234463202313,-0.9041473994407178,47,0.7021276595744681,3.52461486516126,57.08582834331337,rsi/B50/S60/MA10-20/V1.5
rsi,50,60,10,50,1.5,-1.2797376408048389,-0.872118248427183,-0.8814632323177216,-0.7885234463202313,-0.9041473994407178,47,0.7021276595744681,3.52461486516126,57.08582834331337,rsi/B50/S60/MA10-50/V1.5
rsi,50,60,20,50,1.5,-1.2797376408048389,-0.872118248427183,-0.8814632323177216,-0.7885234463202313,-0.9041473994407178,47,0.7021276595744681,3.52461486516126,57.08582834331337,rsi/B50/S60/MA20-50/V1.5
rsi,50,60,5,20,1.5,-1.2797376408048389,-0.872118248427183,-0.8814632323177216,-0.7885234463202313,-0.9041473994407178,47,0.7021276595744681,3.52461486516126,57.08582834331337,rsi/B50/S60/MA5-20/V1.5
hybrid,40,55,10,20,0.0,-1.304460324611044,-0.7056424874978664,-0.37366388329052413,-0.2888429636892177,-0.40933329385171274,18,0.7222222222222222,1.957418168852613,1.2641383898868928,hybrid/B40/S55/MA10-20/V0.0
hybrid,50,65,20,50,1.5,-1.3143778810118385,-0.7409174528365672,-0.6815253884066954,-0.5655211114782303,-0.7632714134525508,36,0.3611111111111111,0.817780244990767,14.37125748502994,hybrid/B50/S65/MA20-50/V1.5
hybrid,50,70,10,20,1.5,-1.314551031691702,-0.7034825720139238,-0.5395231658362754,-0.43162833457646566,-0.6135593854739056,35,0.5428571428571428,1.4410733729689031,8.715901530272788,hybrid/B50/S70/MA10-20/V1.5
hybrid,40,55,10,20,1.0,-1.3167863487783014,-0.7043165891759264,-0.37032194625407655,-0.2860804939137723,-0.40618167782828446,15,0.6666666666666666,2.0333650297723485,1.0645375914836992,hybrid/B40/S55/MA10-20/V1.0
hybrid,45,70,20,50,1.0,-1.3229426739663104,-0.7146746516947972,-0.686021502178445,-0.5699984784158949,-0.7975635865413533,38,0.34210526315789475,0.5678044933323493,14.238190286094476,hybrid/B45/S70/MA20-50/V1.0
hybrid,50,75,20,50,1.0,-1.32701072105563,-0.7862108535542013,-0.7830035873978402,-0.6714683536108897,-0.854056326716175,39,0.3333333333333333,-0.885427901493091,24.451097804391217,hybrid/B50/S75/MA20-50/V1.0
hybrid,45,75,10,20,0.0,-1.3272660570057984,-0.7180759669486019,-0.5695937608252619,-0.45891584306233957,-0.6390909377074134,46,0.5,1.0663364470968524,10.911510312707918,hybrid/B45/S75/MA10-20/V0.0
hybrid,45,70,10,20,0.0,-1.3396300678147008,-0.7343766628370068,-0.5637087330597146,-0.45353577429657266,-0.6175792304517088,47,0.48936170212765956,1.2302176481002551,10.379241516966067,hybrid/B45/S70/MA10-20/V0.0
hybrid,50,70,5,20,0.0,-1.3423503910052577,-0.7402585231376125,-0.6760355828729993,-0.5600773882473657,-0.7565970140721345,80,0.35,0.1966420364953936,17.365269461077844,hybrid/B50/S70/MA5-20/V0.0
hybrid,40,55,10,20,1.5,-1.3479588784786214,-0.7125066881200418,-0.3442381653705713,-0.26465406378479295,-0.3714408133951502,12,0.5833333333333334,1.8526923594006028,0.7318695941450433,hybrid/B40/S55/MA10-20/V1.5
rsi,45,60,10,20,0.0,-1.3540164379616428,-0.8820728091002791,-0.8981683749927493,-0.8106784932324866,-0.9190607451774699,46,0.6739130434782609,3.1375764315828296,58.94876912840985,rsi/B45/S60/MA10-20/V0.0
rsi,45,60,10,50,0.0,-1.3540164379616428,-0.8820728091002791,-0.8981683749927493,-0.8106784932324866,-0.9190607451774699,46,0.6739130434782609,3.1375764315828296,58.94876912840985,rsi/B45/S60/MA10-50/V0.0
rsi,45,60,20,50,0.0,-1.3540164379616428,-0.8820728091002791,-0.8981683749927493,-0.8106784932324866,-0.9190607451774699,46,0.6739130434782609,3.1375764315828296,58.94876912840985,rsi/B45/S60/MA20-50/V0.0
rsi,45,60,5,50,0.0,-1.3540164379616428,-0.8820728091002791,-0.8981683749927493,-0.8106784932324866,-0.9190607451774699,46,0.6739130434782609,3.1375764315828296,58.94876912840985,rsi/B45/S60/MA5-50/V0.0
rsi,45,60,5,20,0.0,-1.3540164379616428,-0.8820728091002791,-0.8981683749927493,-0.8106784932324866,-0.9190607451774699,46,0.6739130434782609,3.1375764315828296,58.94876912840985,rsi/B45/S60/MA5-20/V0.0
rsi,45,60,5,20,1.0,-1.4141095412615492,-0.8856918949977155,-0.8971550890458977,-0.8093078641170227,-0.9137577849451927,41,0.6585365853658537,2.6591588449758845,54.75715236194279,rsi/B45/S60/MA5-20/V1.0
rsi,45,60,20,50,1.0,-1.4141095412615492,-0.8856918949977155,-0.8971550890458977,-0.8093078641170227,-0.9137577849451927,41,0.6585365853658537,2.6591588449758845,54.75715236194279,rsi/B45/S60/MA20-50/V1.0
rsi,45,60,10,20,1.0,-1.4141095412615492,-0.8856918949977155,-0.8971550890458977,-0.8093078641170227,-0.9137577849451927,41,0.6585365853658537,2.6591588449758845,54.75715236194279,rsi/B45/S60/MA10-20/V1.0
rsi,45,60,5,50,1.0,-1.4141095412615492,-0.8856918949977155,-0.8971550890458977,-0.8093078641170227,-0.9137577849451927,41,0.6585365853658537,2.6591588449758845,54.75715236194279,rsi/B45/S60/MA5-50/V1.0
rsi,45,60,10,50,1.0,-1.4141095412615492,-0.8856918949977155,-0.8971550890458977,-0.8093078641170227,-0.9137577849451927,41,0.6585365853658537,2.6591588449758845,54.75715236194279,rsi/B45/S60/MA10-50/V1.0
hybrid,45,60,10,20,1.5,-1.458364245073919,-0.6829564527346472,-0.4294154388491772,-0.3355402559112628,-0.4913054918329208,23,0.5217391304347826,2.2297668455262576,2.19560878243513,hybrid/B45/S60/MA10-20/V1.5
hybrid,45,65,20,50,1.5,-1.4644729227684838,-0.7415350138442022,-0.6581595349295539,-0.5425218114402492,-0.7316199522767701,29,0.3793103448275862,-0.14543314390061257,8.283433133732535,hybrid/B45/S65/MA20-50/V1.5
hybrid,45,75,20,50,1.5,-1.4719983087510584,-0.7435730728695656,-0.712472535796414,-0.5967033034892395,-0.8024810543319804,29,0.3793103448275862,-1.6216399300340731,10.146373918829008,hybrid/B45/S75/MA20-50/V1.5
hybrid,50,70,20,50,1.0,-1.5047122172037848,-0.8067000575304103,-0.7950137215393949,-0.6848175889740584,-0.8489122847846614,43,0.32558139534883723,0.505579875825186,22.68795741849634,hybrid/B50/S70/MA20-50/V1.0
hybrid,45,75,20,50,1.0,-1.5104889380390454,-0.7687699535170713,-0.7518154896364411,-0.6377007988189506,-0.8295079638603354,35,0.34285714285714286,-0.7969868912645605,15.602129075182965,hybrid/B45/S75/MA20-50/V1.0
hybrid,45,60,10,20,1.0,-1.5162448280620902,-0.7399292750526122,-0.5154570180945421,-0.4101370989574241,-0.5542922989879832,34,0.5588235294117647,1.4081159940414165,4.125083166999334,hybrid/B45/S60/MA10-20/V1.0
hybrid,45,65,10,20,0.0,-1.5246929747408628,-0.782429734066646,-0.5912275476592517,-0.47886806499038415,-0.6120269260493045,47,0.48936170212765956,1.207894639133184,8.715901530272788,hybrid/B45/S65/MA10-20/V0.0
hybrid,50,65,10,20,0.0,-1.5532773425930508,-0.7775418299841792,-0.7250157578826085,-0.6095983216202067,-0.7840071081868486,83,0.46987951807228917,1.189902160251477,18.429807052561546,hybrid/B50/S65/MA10-20/V0.0
hybrid,50,65,10,20,1.0,-1.5544893238767086,-0.8065113777012398,-0.6617637548358529,-0.5460409566750304,-0.6770406119147189,58,0.5172413793103449,1.2772051052623026,11.011310711909514,hybrid/B50/S65/MA10-20/V1.0
hybrid,45,65,20,50,0.0,-1.5659642998888195,-0.774875597600134,-0.7408808863918068,-0.6261398467301473,-0.8080520907734919,42,0.35714285714285715,0.7133051979581568,16.699933466400534,hybrid/B45/S65/MA20-50/V0.0
hybrid,50,65,5,50,1.0,-1.6043119512095476,-0.7814572242058624,-0.7196932685440991,-0.6041074581006567,-0.7730524965260469,46,0.391304347826087,1.696468935802265,12.208915502328676,hybrid/B50/S65/MA5-50/V1.0
hybrid,45,65,20,50,1.0,-1.627870236306145,-0.7666243291044087,-0.7384969731099986,-0.6236371122271693,-0.8134846345872158,39,0.3333333333333333,0.3959512675226834,13.506320691949433,hybrid/B45/S65/MA20-50/V1.0
rsi,35,55,20,50,1.5,-1.6394711985039234,-0.8541632867543733,-0.8245481419364177,-0.7185918661716095,-0.8412816112737597,26,0.7307692307692307,2.1351937186839436,24.617431803060548,rsi/B35/S55/MA20-50/V1.5
rsi,35,55,5,50,1.5,-1.6394711985039234,-0.8541632867543733,-0.8245481419364177,-0.7185918661716095,-0.8412816112737597,26,0.7307692307692307,2.1351937186839436,24.617431803060548,rsi/B35/S55/MA5-50/V1.5
rsi,35,55,10,50,1.5,-1.6394711985039234,-0.8541632867543733,-0.8245481419364177,-0.7185918661716095,-0.8412816112737597,26,0.7307692307692307,2.1351937186839436,24.617431803060548,rsi/B35/S55/MA10-50/V1.5
rsi,35,55,5,20,1.5,-1.6394711985039234,-0.8541632867543733,-0.8245481419364177,-0.7185918661716095,-0.8412816112737597,26,0.7307692307692307,2.1351937186839436,24.617431803060548,rsi/B35/S55/MA5-20/V1.5
rsi,35,55,10,20,1.5,-1.6394711985039234,-0.8541632867543733,-0.8245481419364177,-0.7185918661716095,-0.8412816112737597,26,0.7307692307692307,2.1351937186839436,24.617431803060548,rsi/B35/S55/MA10-20/V1.5
hybrid,50,75,5,20,1.5,-1.6447618589022457,-0.7192324729773075,-0.5129604664077545,-0.4079244561139582,-0.5671663494632404,29,0.4827586206896552,0.16719636414627323,5.056553559547571,hybrid/B50/S75/MA5-20/V1.5
rsi,35,55,20,50,0.0,-1.6548007172853005,-0.8678254455024657,-0.8429885154073468,-0.7404616534466202,-0.8532380068873152,30,0.7,2.101456220904592,28.043912175648707,rsi/B35/S55/MA20-50/V0.0
rsi,35,55,10,50,0.0,-1.6548007172853005,-0.8678254455024657,-0.8429885154073468,-0.7404616534466202,-0.8532380068873152,30,0.7,2.101456220904592,28.043912175648707,rsi/B35/S55/MA10-50/V0.0
rsi,35,55,5,50,0.0,-1.6548007172853005,-0.8678254455024657,-0.8429885154073468,-0.7404616534466202,-0.8532380068873152,30,0.7,2.101456220904592,28.043912175648707,rsi/B35/S55/MA5-50/V0.0
rsi,35,55,10,20,0.0,-1.6548007172853005,-0.8678254455024657,-0.8429885154073468,-0.7404616534466202,-0.8532380068873152,30,0.7,2.101456220904592,28.043912175648707,rsi/B35/S55/MA10-20/V0.0
rsi,35,55,5,20,0.0,-1.6548007172853005,-0.8678254455024657,-0.8429885154073468,-0.7404616534466202,-0.8532380068873152,30,0.7,2.101456220904592,28.043912175648707,rsi/B35/S55/MA5-20/V0.0
hybrid,50,65,5,50,0.0,-1.669248657126063,-0.8147644026989322,-0.7776075321277435,-0.6655363258588272,-0.8168451194654768,64,0.375,1.3784417505265405,18.6626746506986,hybrid/B50/S65/MA5-50/V0.0
rsi,35,55,20,50,1.0,-1.6758523187337717,-0.8596653706741435,-0.8360752171050027,-0.7321849981229835,-0.8517093081797737,29,0.6896551724137931,1.945088010744521,27.21224218230206,rsi/B35/S55/MA20-50/V1.0
rsi,35,55,5,50,1.0,-1.6758523187337717,-0.8596653706741435,-0.8360752171050027,-0.7321849981229835,-0.8517093081797737,29,0.6896551724137931,1.945088010744521,27.21224218230206,rsi/B35/S55/MA5-50/V1.0
rsi,35,55,5,20,1.0,-1.6758523187337717,-0.8596653706741435,-0.8360752171050027,-0.7321849981229835,-0.8517093081797737,29,0.6896551724137931,1.945088010744521,27.21224218230206,rsi/B35/S55/MA5-20/V1.0
rsi,35,55,10,20,1.0,-1.6758523187337717,-0.8596653706741435,-0.8360752171050027,-0.7321849981229835,-0.8517093081797737,29,0.6896551724137931,1.945088010744521,27.21224218230206,rsi/B35/S55/MA10-20/V1.0
rsi,35,55,10,50,1.0,-1.6758523187337717,-0.8596653706741435,-0.8360752171050027,-0.7321849981229835,-0.8517093081797737,29,0.6896551724137931,1.945088010744521,27.21224218230206,rsi/B35/S55/MA10-50/V1.0
rsi,40,55,10,20,1.5,-1.7267417405495438,-0.8654473248587042,-0.8702555409642214,-0.7741359329635524,-0.8944922593526307,34,0.6470588235294118,2.2552449415778684,30.172987358616098,rsi/B40/S55/MA10-20/V1.5
rsi,40,55,5,20,1.5,-1.7267417405495438,-0.8654473248587042,-0.8702555409642214,-0.7741359329635524,-0.8944922593526307,34,0.6470588235294118,2.2552449415778684,30.172987358616098,rsi/B40/S55/MA5-20/V1.5
rsi,40,55,5,50,1.5,-1.7267417405495438,-0.8654473248587042,-0.8702555409642214,-0.7741359329635524,-0.8944922593526307,34,0.6470588235294118,2.2552449415778684,30.172987358616098,rsi/B40/S55/MA5-50/V1.5
rsi,40,55,10,50,1.5,-1.7267417405495438,-0.8654473248587042,-0.8702555409642214,-0.7741359329635524,-0.8944922593526307,34,0.6470588235294118,2.2552449415778684,30.172987358616098,rsi/B40/S55/MA10-50/V1.5
rsi,40,55,20,50,1.5,-1.7267417405495438,-0.8654473248587042,-0.8702555409642214,-0.7741359329635524,-0.8944922593526307,34,0.6470588235294118,2.2552449415778684,30.172987358616098,rsi/B40/S55/MA20-50/V1.5
hybrid,50,65,10,20,1.5,-1.7289275308645684,-0.7726836139109853,-0.6000963349432312,-0.48712985859115043,-0.630438965989602,36,0.5555555555555556,1.4519425948682294,6.520292747837658,hybrid/B50/S65/MA10-20/V1.5
hybrid,35,55,20,50,1.5,-1.7467218113748977,-0.7636975401562193,-0.4034442599164596,-0.31363971361847365,-0.41068577169217624,12,0.3333333333333333,-0.02683238037002003,1.6300731869594145,hybrid/B35/S55/MA20-50/V1.5
hybrid,50,65,10,50,0.0,-1.746954220765848,-0.8371210539321531,-0.8134571920287551,-0.7057402576071931,-0.8430563946422877,57,0.3333333333333333,1.0157419165706287,21.956087824351297,hybrid/B50/S65/MA10-50/V0.0
hybrid,50,65,10,50,1.0,-1.7482894402744233,-0.8253815546657776,-0.7907981074055341,-0.6801083611314707,-0.8239926822775528,45,0.37777777777777777,1.1551672599153926,16.300731869594145,hybrid/B50/S65/MA10-50/V1.0
hybrid,35,70,20,50,1.5,-1.7655258163099512,-0.7726549105724491,-0.44744426848964614,-0.35090251792410243,-0.4541516699403667,12,0.25,-1.2627540397263923,1.6966067864271457,hybrid/B35/S70/MA20-50/V1.5
hybrid,35,60,20,50,1.5,-1.7655258163099512,-0.7726549105724491,-0.44744426848964614,-0.35090251792410243,-0.4541516699403667,12,0.25,-1.2627540397263923,1.6966067864271457,hybrid/B35/S60/MA20-50/V1.5
hybrid,35,75,20,50,1.5,-1.7655258163099512,-0.7726549105724491,-0.44744426848964614,-0.35090251792410243,-0.4541516699403667,12,0.25,-1.2627540397263923,1.6966067864271457,hybrid/B35/S75/MA20-50/V1.5
hybrid,35,65,20,50,1.5,-1.7655258163099512,-0.7726549105724491,-0.44744426848964614,-0.35090251792410243,-0.4541516699403667,12,0.25,-1.2627540397263923,1.6966067864271457,hybrid/B35/S65/MA20-50/V1.5
hybrid,35,55,20,50,0.0,-1.775596708544656,-0.7651215549406613,-0.4104295860836914,-0.31950428216383087,-0.4175863039025347,15,0.3333333333333333,-0.01579736713331,1.9627411842980707,hybrid/B35/S55/MA20-50/V0.0
hybrid,35,55,20,50,1.0,-1.775596708544656,-0.7651215549406613,-0.4104295860836914,-0.31950428216383087,-0.4175863039025347,15,0.3333333333333333,-0.01579736713331,1.9627411842980707,hybrid/B35/S55/MA20-50/V1.0
hybrid,45,55,5,20,1.5,-1.7814147821586033,-0.7677420346279388,-0.33656060875594385,-0.258391726541906,-0.33656060875594385,11,0.6363636363636364,0.2682136526703027,0.5655355954757153,hybrid/B45/S55/MA5-20/V1.5
hybrid,45,70,5,20,1.5,-1.7814147821586033,-0.7677420346279388,-0.33656060875594385,-0.258391726541906,-0.33656060875594385,11,0.6363636363636364,0.2682136526703027,0.5655355954757153,hybrid/B45/S70/MA5-20/V1.5
hybrid,45,65,5,20,1.5,-1.7814147821586033,-0.7677420346279388,-0.33656060875594385,-0.258391726541906,-0.33656060875594385,11,0.6363636363636364,0.2682136526703027,0.5655355954757153,hybrid/B45/S65/MA5-20/V1.5
hybrid,45,60,5,20,1.5,-1.7814147821586033,-0.7677420346279388,-0.33656060875594385,-0.258391726541906,-0.33656060875594385,11,0.6363636363636364,0.2682136526703027,0.5655355954757153,hybrid/B45/S60/MA5-20/V1.5
hybrid,45,75,5,20,1.5,-1.7814147821586033,-0.7677420346279388,-0.33656060875594385,-0.258391726541906,-0.33656060875594385,11,0.6363636363636364,0.2682136526703027,0.5655355954757153,hybrid/B45/S75/MA5-20/V1.5
hybrid,35,65,20,50,1.0,-1.792235767435755,-0.7739744380652923,-0.45391437974803905,-0.35644869644256216,-0.46054324136799496,15,0.26666666666666666,-1.004534694618408,2.0292747837658016,hybrid/B35/S65/MA20-50/V1.0
hybrid,35,70,20,50,1.0,-1.792235767435755,-0.7739744380652923,-0.45391437974803905,-0.35644869644256216,-0.46054324136799496,15,0.26666666666666666,-1.004534694618408,2.0292747837658016,hybrid/B35/S70/MA20-50/V1.0
hybrid,35,75,20,50,1.0,-1.792235767435755,-0.7739744380652923,-0.45391437974803905,-0.35644869644256216,-0.46054324136799496,15,0.26666666666666666,-1.004534694618408,2.0292747837658016,hybrid/B35/S75/MA20-50/V1.0
hybrid,35,70,20,50,0.0,-1.792235767435755,-0.7739744380652923,-0.45391437974803905,-0.35644869644256216,-0.46054324136799496,15,0.26666666666666666,-1.004534694618408,2.0292747837658016,hybrid/B35/S70/MA20-50/V0.0
hybrid,35,60,20,50,1.0,-1.792235767435755,-0.7739744380652923,-0.45391437974803905,-0.35644869644256216,-0.46054324136799496,15,0.26666666666666666,-1.004534694618408,2.0292747837658016,hybrid/B35/S60/MA20-50/V1.0
hybrid,35,60,20,50,0.0,-1.792235767435755,-0.7739744380652923,-0.45391437974803905,-0.35644869644256216,-0.46054324136799496,15,0.26666666666666666,-1.004534694618408,2.0292747837658016,hybrid/B35/S60/MA20-50/V0.0
hybrid,35,65,20,50,0.0,-1.792235767435755,-0.7739744380652923,-0.45391437974803905,-0.35644869644256216,-0.46054324136799496,15,0.26666666666666666,-1.004534694618408,2.0292747837658016,hybrid/B35/S65/MA20-50/V0.0
hybrid,35,75,20,50,0.0,-1.792235767435755,-0.7739744380652923,-0.45391437974803905,-0.35644869644256216,-0.46054324136799496,15,0.26666666666666666,-1.004534694618408,2.0292747837658016,hybrid/B35/S75/MA20-50/V0.0
hybrid,50,70,5,20,1.5,-1.7976381329480593,-0.7575401067130161,-0.5373231535301227,-0.4296512568964149,-0.5671663494632404,29,0.4827586206896552,0.10561599614738774,5.023286759813706,hybrid/B50/S70/MA5-20/V1.5
hybrid,45,60,10,20,0.0,-1.8169570245696423,-0.7974664336882381,-0.6253599138589125,-0.5109427750444389,-0.6407075626761578,49,0.5102040816326531,1.2796337851340756,6.986027944111776,hybrid/B45/S60/MA10-20/V0.0
hybrid,50,65,5,20,1.0,-1.8382875966047207,-0.809331838927272,-0.6499999573001679,-0.5345917869896808,-0.6605347291146422,51,0.47058823529411764,0.9465369471375098,8.117099135063206,hybrid/B50/S65/MA5-20/V1.0
hybrid,50,65,20,50,0.0,-1.8473173888131948,-0.8572265839080736,-0.8527474982161345,-0.7523159947261013,-0.8776162672141038,50,0.36,0.6625017238892703,25.88157019294744,hybrid/B50/S65/MA20-50/V0.0
rsi,50,60,5,50,1.0,-1.8775198032659548,-0.9315510775595065,-0.9535569867414677,-0.8931451360666463,-0.9587720497372224,49,0.673469387755102,2.2228133739487594,63.240186294078505,rsi/B50/S60/MA5-50/V1.0
rsi,50,60,10,20,1.0,-1.8775198032659548,-0.9315510775595065,-0.9535569867414677,-0.8931451360666463,-0.9587720497372224,49,0.673469387755102,2.2228133739487594,63.240186294078505,rsi/B50/S60/MA10-20/V1.0
rsi,50,60,20,50,1.0,-1.8775198032659548,-0.9315510775595065,-0.9535569867414677,-0.8931451360666463,-0.9587720497372224,49,0.673469387755102,2.2228133739487594,63.240186294078505,rsi/B50/S60/MA20-50/V1.0
rsi,50,60,10,50,1.0,-1.8775198032659548,-0.9315510775595065,-0.9535569867414677,-0.8931451360666463,-0.9587720497372224,49,0.673469387755102,2.2228133739487594,63.240186294078505,rsi/B50/S60/MA10-50/V1.0
rsi,50,60,5,20,1.0,-1.8775198032659548,-0.9315510775595065,-0.9535569867414677,-0.8931451360666463,-0.9587720497372224,49,0.673469387755102,2.2228133739487594,63.240186294078505,rsi/B50/S60/MA5-20/V1.0
hybrid,40,55,5,50,1.5,-1.8956745828417345,-0.7717995321919056,-0.3653301838773787,-0.2819616650121437,-0.3653301838773787,7,0.42857142857142855,-0.7143173645169933,0.4324683965402528,hybrid/B40/S55/MA5-50/V1.5
hybrid,40,65,5,50,1.5,-1.8956745828417345,-0.7717995321919056,-0.3653301838773787,-0.2819616650121437,-0.3653301838773787,7,0.42857142857142855,-0.7143173645169933,0.4324683965402528,hybrid/B40/S65/MA5-50/V1.5
hybrid,40,75,5,50,1.5,-1.8956745828417345,-0.7717995321919056,-0.3653301838773787,-0.2819616650121437,-0.3653301838773787,7,0.42857142857142855,-0.7143173645169933,0.4324683965402528,hybrid/B40/S75/MA5-50/V1.5
hybrid,40,70,5,50,1.5,-1.8956745828417345,-0.7717995321919056,-0.3653301838773787,-0.2819616650121437,-0.3653301838773787,7,0.42857142857142855,-0.7143173645169933,0.4324683965402528,hybrid/B40/S70/MA5-50/V1.5
hybrid,40,60,5,50,1.5,-1.8956745828417345,-0.7717995321919056,-0.3653301838773787,-0.2819616650121437,-0.3653301838773787,7,0.42857142857142855,-0.7143173645169933,0.4324683965402528,hybrid/B40/S60/MA5-50/V1.5
hybrid,50,60,5,50,1.5,-1.8998700348386752,-0.7235404921070705,-0.6184906317887059,-0.5044259195466286,-0.697163358580881,32,0.40625,2.3204520363442627,7.4184963406520295,hybrid/B50/S60/MA5-50/V1.5
hybrid,45,60,5,20,0.0,-1.90188747464276,-0.773711602939582,-0.5298322361233614,-0.42293845298320176,-0.5466357895840273,35,0.45714285714285713,0.20974702736309825,3.6260811709913505,hybrid/B45/S60/MA5-20/V0.0
hybrid,45,65,5,20,0.0,-1.9223578404541042,-0.7749395992047415,-0.556448557942204,-0.4469256091920356,-0.576723153198881,34,0.4117647058823529,-0.6169078549495013,4.624085163007319,hybrid/B45/S65/MA5-20/V0.0
rsi,50,60,10,20,0.0,-1.924993182061933,-0.9368204248422863,-0.9611706070583774,-0.9062129333636874,-0.9673283260409787,59,0.6949152542372882,2.5368521323205115,67.73120425815037,rsi/B50/S60/MA10-20/V0.0
rsi,50,60,5,50,0.0,-1.924993182061933,-0.9368204248422863,-0.9611706070583774,-0.9062129333636874,-0.9673283260409787,59,0.6949152542372882,2.5368521323205115,67.73120425815037,rsi/B50/S60/MA5-50/V0.0
rsi,50,60,5,20,0.0,-1.924993182061933,-0.9368204248422863,-0.9611706070583774,-0.9062129333636874,-0.9673283260409787,59,0.6949152542372882,2.5368521323205115,67.73120425815037,rsi/B50/S60/MA5-20/V0.0
rsi,50,60,20,50,0.0,-1.924993182061933,-0.9368204248422863,-0.9611706070583774,-0.9062129333636874,-0.9673283260409787,59,0.6949152542372882,2.5368521323205115,67.73120425815037,rsi/B50/S60/MA20-50/V0.0
rsi,50,60,10,50,0.0,-1.924993182061933,-0.9368204248422863,-0.9611706070583774,-0.9062129333636874,-0.9673283260409787,59,0.6949152542372882,2.5368521323205115,67.73120425815037,rsi/B50/S60/MA10-50/V0.0
hybrid,50,65,20,50,1.0,-1.9274955590618867,-0.8545078211697941,-0.8480692545384242,-0.7466075032978448,-0.8737281096804507,46,0.32608695652173914,0.2608918936048547,20.924817032601464,hybrid/B50/S65/MA20-50/V1.0
hybrid,45,55,10,20,1.5,-1.9336725029037076,-0.7427514408336182,-0.5048984762574344,-0.4008001877600206,-0.5396154968210998,23,0.5217391304347826,1.593994103386989,2.0292747837658016,hybrid/B45/S55/MA10-20/V1.5
hybrid,45,65,5,20,1.0,-1.9389196705531544,-0.7416601461878323,-0.45462055914716903,-0.3570551099671082,-0.4814268527200607,19,0.5263157894736842,-0.07002225353437729,1.4637391882900865,hybrid/B45/S65/MA5-20/V1.0
hybrid,45,60,10,50,1.5,-1.9643497598749966,-0.7479979924298326,-0.58336078729462,-0.4715803662775314,-0.6304567272241295,25,0.4,0.8437806474217378,3.825681969394544,hybrid/B45/S60/MA10-50/V1.5
hybrid,45,55,10,20,1.0,-1.9660234325979575,-0.7978457965816208,-0.5909899372658989,-0.4786473903731647,-0.599924687732811,34,0.5588235294117647,0.9579565520112278,3.9254823685961413,hybrid/B45/S55/MA10-20/V1.0
hybrid,45,75,5,20,0.0,-1.970914773120697,-0.7909764632441525,-0.5665977677886722,-0.45617443998826646,-0.576723153198881,34,0.4117647058823529,-0.752244389046881,4.823685961410512,hybrid/B45/S75/MA5-20/V0.0
hybrid,45,70,5,20,0.0,-1.970914773120697,-0.7909764632441525,-0.5665977677886722,-0.45617443998826646,-0.576723153198881,34,0.4117647058823529,-0.752244389046881,4.823685961410512,hybrid/B45/S70/MA5-20/V0.0
rsi,45,55,5,20,1.5,-1.9710716486687896,-0.8929309734141996,-0.915802319263042,-0.8351704685854026,-0.9353135835260091,47,0.6808510638297872,2.2145589638460974,36.72654690618762,rsi/B45/S55/MA5-20/V1.5
rsi,45,55,10,20,1.5,-1.9710716486687896,-0.8929309734141996,-0.915802319263042,-0.8351704685854026,-0.9353135835260091,47,0.6808510638297872,2.2145589638460974,36.72654690618762,rsi/B45/S55/MA10-20/V1.5
rsi,45,55,10,50,1.5,-1.9710716486687896,-0.8929309734141996,-0.915802319263042,-0.8351704685854026,-0.9353135835260091,47,0.6808510638297872,2.2145589638460974,36.72654690618762,rsi/B45/S55/MA10-50/V1.5
rsi,45,55,20,50,1.5,-1.9710716486687896,-0.8929309734141996,-0.915802319263042,-0.8351704685854026,-0.9353135835260091,47,0.6808510638297872,2.2145589638460974,36.72654690618762,rsi/B45/S55/MA20-50/V1.5
rsi,45,55,5,50,1.5,-1.9710716486687896,-0.8929309734141996,-0.915802319263042,-0.8351704685854026,-0.9353135835260091,47,0.6808510638297872,2.2145589638460974,36.72654690618762,rsi/B45/S55/MA5-50/V1.5
hybrid,45,60,5,20,1.0,-1.9753549531364774,-0.7517345578181955,-0.46025963756071375,-0.3619052022513204,-0.4814268527200607,19,0.5263157894736842,-0.14867412199764402,1.3639387890884898,hybrid/B45/S60/MA5-20/V1.0
hybrid,50,60,10,50,1.5,-1.9883899067393842,-0.7696491515769609,-0.6886001063930149,-0.5725741793709138,-0.743941805428807,37,0.40540540540540543,1.8154447870313875,9.91350632069195,hybrid/B50/S60/MA10-50/V1.5
hybrid,45,70,5,20,1.0,-1.9992643912902877,-0.7639931285641497,-0.46709976644155893,-0.3678068073843913,-0.4814268527200607,19,0.5263157894736842,-0.3129395120649946,1.66333998669328,hybrid/B45/S70/MA5-20/V1.0
hybrid,45,75,5,20,1.0,-1.9992643912902877,-0.7639931285641497,-0.46709976644155893,-0.3678068073843913,-0.4814268527200607,19,0.5263157894736842,-0.3129395120649946,1.66333998669328,hybrid/B45/S75/MA5-20/V1.0
hybrid,40,70,5,50,0.0,-2.0311509870391293,-0.7756136087614816,-0.3914640522967183,-0.30362484630225106,-0.3914640522967183,8,0.375,-0.7946238342953,0.4657351962741184,hybrid/B40/S70/MA5-50/V0.0
hybrid,40,75,5,50,1.0,-2.0311509870391293,-0.7756136087614816,-0.3914640522967183,-0.30362484630225106,-0.3914640522967183,8,0.375,-0.7946238342953,0.4657351962741184,hybrid/B40/S75/MA5-50/V1.0
hybrid,40,70,5,50,1.0,-2.0311509870391293,-0.7756136087614816,-0.3914640522967183,-0.30362484630225106,-0.3914640522967183,8,0.375,-0.7946238342953,0.4657351962741184,hybrid/B40/S70/MA5-50/V1.0
hybrid,40,60,5,50,0.0,-2.0311509870391293,-0.7756136087614816,-0.3914640522967183,-0.30362484630225106,-0.3914640522967183,8,0.375,-0.7946238342953,0.4657351962741184,hybrid/B40/S60/MA5-50/V0.0
hybrid,40,75,5,50,0.0,-2.0311509870391293,-0.7756136087614816,-0.3914640522967183,-0.30362484630225106,-0.3914640522967183,8,0.375,-0.7946238342953,0.4657351962741184,hybrid/B40/S75/MA5-50/V0.0
hybrid,40,65,5,50,0.0,-2.0311509870391293,-0.7756136087614816,-0.3914640522967183,-0.30362484630225106,-0.3914640522967183,8,0.375,-0.7946238342953,0.4657351962741184,hybrid/B40/S65/MA5-50/V0.0
hybrid,40,65,5,50,1.0,-2.0311509870391293,-0.7756136087614816,-0.3914640522967183,-0.30362484630225106,-0.3914640522967183,8,0.375,-0.7946238342953,0.4657351962741184,hybrid/B40/S65/MA5-50/V1.0
hybrid,40,55,5,50,1.0,-2.0311509870391293,-0.7756136087614816,-0.3914640522967183,-0.30362484630225106,-0.3914640522967183,8,0.375,-0.7946238342953,0.4657351962741184,hybrid/B40/S55/MA5-50/V1.0
hybrid,40,60,5,50,1.0,-2.0311509870391293,-0.7756136087614816,-0.3914640522967183,-0.30362484630225106,-0.3914640522967183,8,0.375,-0.7946238342953,0.4657351962741184,hybrid/B40/S60/MA5-50/V1.0
hybrid,40,55,5,50,0.0,-2.0311509870391293,-0.7756136087614816,-0.3914640522967183,-0.30362484630225106,-0.3914640522967183,8,0.375,-0.7946238342953,0.4657351962741184,hybrid/B40/S55/MA5-50/V0.0
rsi,40,55,5,50,1.0,-2.031288376617938,-0.8958201149292135,-0.9121395529374107,-0.8299768053643183,-0.9264994071157935,39,0.6153846153846154,1.4913698973430325,35.12974051896208,rsi/B40/S55/MA5-50/V1.0
rsi,40,55,20,50,1.0,-2.031288376617938,-0.8958201149292135,-0.9121395529374107,-0.8299768053643183,-0.9264994071157935,39,0.6153846153846154,1.4913698973430325,35.12974051896208,rsi/B40/S55/MA20-50/V1.0
rsi,40,55,10,50,1.0,-2.031288376617938,-0.8958201149292135,-0.9121395529374107,-0.8299768053643183,-0.9264994071157935,39,0.6153846153846154,1.4913698973430325,35.12974051896208,rsi/B40/S55/MA10-50/V1.0
rsi,40,55,5,20,1.0,-2.031288376617938,-0.8958201149292135,-0.9121395529374107,-0.8299768053643183,-0.9264994071157935,39,0.6153846153846154,1.4913698973430325,35.12974051896208,rsi/B40/S55/MA5-20/V1.0
rsi,40,55,10,20,1.0,-2.031288376617938,-0.8958201149292135,-0.9121395529374107,-0.8299768053643183,-0.9264994071157935,39,0.6153846153846154,1.4913698973430325,35.12974051896208,rsi/B40/S55/MA10-20/V1.0
hybrid,45,55,10,50,1.5,-2.0313642364657714,-0.7595093103312279,-0.5403697673428851,-0.43238982992317443,-0.5693015530443015,26,0.46153846153846156,0.5170416502335523,2.927478376580173,hybrid/B45/S55/MA10-50/V1.5
rsi,40,55,20,50,0.0,-2.0361496352956863,-0.9072836527274827,-0.9208628115561645,-0.8424483324315866,-0.9285390846611336,43,0.6511627906976745,1.7963346971089533,38.02395209580838,rsi/B40/S55/MA20-50/V0.0
rsi,40,55,10,20,0.0,-2.0361496352956863,-0.9072836527274827,-0.9208628115561645,-0.8424483324315866,-0.9285390846611336,43,0.6511627906976745,1.7963346971089533,38.02395209580838,rsi/B40/S55/MA10-20/V0.0
rsi,40,55,5,50,0.0,-2.0361496352956863,-0.9072836527274827,-0.9208628115561645,-0.8424483324315866,-0.9285390846611336,43,0.6511627906976745,1.7963346971089533,38.02395209580838,rsi/B40/S55/MA5-50/V0.0
rsi,40,55,5,20,0.0,-2.0361496352956863,-0.9072836527274827,-0.9208628115561645,-0.8424483324315866,-0.9285390846611336,43,0.6511627906976745,1.7963346971089533,38.02395209580838,rsi/B40/S55/MA5-20/V0.0
rsi,40,55,10,50,0.0,-2.0361496352956863,-0.9072836527274827,-0.9208628115561645,-0.8424483324315866,-0.9285390846611336,43,0.6511627906976745,1.7963346971089533,38.02395209580838,rsi/B40/S55/MA10-50/V0.0
hybrid,45,60,5,50,1.5,-2.0769807190748546,-0.7162803214414137,-0.508680441638579,-0.4041383050997971,-0.564218076362234,17,0.5294117647058824,1.7079866642713972,1.6966067864271457,hybrid/B45/S60/MA5-50/V1.5
hybrid,45,55,5,20,1.0,-2.0830734212589888,-0.7780893033246157,-0.4749358883928485,-0.3745930844347144,-0.4814268527200607,19,0.5263157894736842,-0.192073363918053,1.330671989354624,hybrid/B45/S55/MA5-20/V1.0
hybrid,45,60,10,50,1.0,-2.089709077080128,-0.7867227455039706,-0.678037007687526,-0.5620590903023592,-0.7144309650565741,36,0.4444444444444444,0.7932715974169922,6.88622754491018,hybrid/B45/S60/MA10-50/V1.0
hybrid,50,60,20,50,1.5,-2.1091008068730748,-0.8081310842534408,-0.7619578885718374,-0.6485483890038035,-0.8025287006537296,38,0.39473684210526316,0.6463083937588296,12.77445109780439,hybrid/B50/S60/MA20-50/V1.5
hybrid,50,65,5,20,1.5,-2.225262275567244,-0.7887884674911309,-0.5835119606586363,-0.4717200579800993,-0.5980311292842315,29,0.4827586206896552,-0.06089900336988724,4.191616766467066,hybrid/B50/S65/MA5-20/V1.5
hybrid,45,55,5,50,1.5,-2.22539478870102,-0.7417635882512924,-0.48754030574018137,-0.3855668464222013,-0.5197974833614779,17,0.5294117647058824,0.502603113105613,1.3639387890884898,hybrid/B45/S55/MA5-50/V1.5
hybrid,40,55,20,50,1.5,-2.2343416647910233,-0.808967464290911,-0.6161638875650806,-0.5022257890656053,-0.6208232237199109,19,0.3684210526315789,-0.7863368154904368,3.7258815701929473,hybrid/B40/S55/MA20-50/V1.5
hybrid,50,60,10,20,1.5,-2.24016798884193,-0.8076726038515452,-0.6491281224985403,-0.5337474640615072,-0.6608463150987514,36,0.5555555555555556,1.4901499534553164,4.990019960079841,hybrid/B50/S60/MA10-20/V1.5
hybrid,40,75,10,50,1.5,-2.24116643665622,-0.7933960779487974,-0.5024397322884913,-0.3986337130033327,-0.5024397322884913,13,0.46153846153846156,-1.2600051070635048,1.2974051896207583,hybrid/B40/S75/MA10-50/V1.5
hybrid,40,60,10,50,1.5,-2.24116643665622,-0.7933960779487974,-0.5024397322884913,-0.3986337130033327,-0.5024397322884913,13,0.46153846153846156,-1.2600051070635048,1.2974051896207583,hybrid/B40/S60/MA10-50/V1.5
hybrid,40,65,10,50,1.5,-2.24116643665622,-0.7933960779487974,-0.5024397322884913,-0.3986337130033327,-0.5024397322884913,13,0.46153846153846156,-1.2600051070635048,1.2974051896207583,hybrid/B40/S65/MA10-50/V1.5
hybrid,40,70,10,50,1.5,-2.24116643665622,-0.7933960779487974,-0.5024397322884913,-0.3986337130033327,-0.5024397322884913,13,0.46153846153846156,-1.2600051070635048,1.2974051896207583,hybrid/B40/S70/MA10-50/V1.5
hybrid,40,55,10,50,1.5,-2.24116643665622,-0.7933960779487974,-0.5024397322884913,-0.3986337130033327,-0.5024397322884913,13,0.46153846153846156,-1.2600051070635048,1.2974051896207583,hybrid/B40/S55/MA10-50/V1.5
hybrid,40,65,20,50,1.5,-2.248800387241659,-0.815381048320413,-0.6429673825432434,-0.527797257087242,-0.6473013545929733,19,0.3157894736842105,-1.709730974106001,3.8922155688622757,hybrid/B40/S65/MA20-50/V1.5
hybrid,40,70,20,50,1.5,-2.248800387241659,-0.815381048320413,-0.6429673825432434,-0.527797257087242,-0.6473013545929733,19,0.3157894736842105,-1.709730974106001,3.8922155688622757,hybrid/B40/S70/MA20-50/V1.5
hybrid,40,75,20,50,1.5,-2.248800387241659,-0.815381048320413,-0.6429673825432434,-0.527797257087242,-0.6473013545929733,19,0.3157894736842105,-1.709730974106001,3.8922155688622757,hybrid/B40/S75/MA20-50/V1.5
hybrid,40,60,20,50,1.5,-2.248800387241659,-0.815381048320413,-0.6429673825432434,-0.527797257087242,-0.6473013545929733,19,0.3157894736842105,-1.709730974106001,3.8922155688622757,hybrid/B40/S60/MA20-50/V1.5
hybrid,50,60,10,20,1.0,-2.2787736832298773,-0.8384617281849353,-0.7517785243045437,-0.6376614860464722,-0.7605135268688453,60,0.55,1.3421050036286237,8.982035928143713,hybrid/B50/S60/MA10-20/V1.0
hybrid,45,60,5,50,1.0,-2.279622768477427,-0.7477420265989962,-0.5827415392291224,-0.4710082938241681,-0.6299074775380565,28,0.4642857142857143,1.5246632675422456,3.493013972055888,hybrid/B45/S60/MA5-50/V1.0
hybrid,45,60,20,50,1.5,-2.3168719304934626,-0.8065106163221306,-0.7328288300596963,-0.6177111608205892,-0.7659058025020063,29,0.3793103448275862,-0.4620851036547973,7.4184963406520295,hybrid/B45/S60/MA20-50/V1.5
hybrid,45,60,10,50,0.0,-2.3206167624641525,-0.8086742048045132,-0.7307643760270619,-0.6155613108738041,-0.7611981527500413,46,0.45652173913043476,0.9905433085083468,9.580838323353294,hybrid/B45/S60/MA10-50/V0.0
hybrid,45,60,5,50,0.0,-2.332503236097065,-0.768415937748585,-0.63845368854462,-0.5234554953922491,-0.6812137407325829,40,0.45,1.432429127315683,5.9880239520958085,hybrid/B45/S60/MA5-50/V0.0
hybrid,50,60,10,20,0.0,-2.379480561346322,-0.8424579076293583,-0.8199516932753407,-0.713239742112699,-0.8466176596522503,89,0.5056179775280899,1.228102031933812,15.469061876247507,hybrid/B50/S60/MA10-20/V0.0
hybrid,50,60,5,20,1.0,-2.3858720181181496,-0.8282761258624315,-0.7036131769799241,-0.5876874655019111,-0.7095308522746437,52,0.5,1.1895380766528583,6.753160345974717,hybrid/B50/S60/MA5-20/V1.0
hybrid,45,55,10,50,1.0,-2.420930079235758,-0.7911677159244596,-0.6910293627616286,-0.5750060020758423,-0.7267814276318925,38,0.5,1.0573287808589475,5.655355954757153,hybrid/B45/S55/MA10-50/V1.0
hybrid,45,55,10,20,0.0,-2.432858695750334,-0.8321643116852617,-0.7103726967362793,-0.5945596375639641,-0.7144738475504779,49,0.5102040816326531,0.805447750455403,6.487025948103792,hybrid/B45/S55/MA10-20/V0.0
hybrid,50,65,5,20,0.0,-2.4381467638202725,-0.8314613569513383,-0.8105644763396279,-0.7024228093508971,-0.844805117493881,85,0.36470588235294116,0.1055637260525831,14.105123087159017,hybrid/B50/S65/MA5-20/V0.0
hybrid,45,55,20,50,1.5,-2.4798445349007974,-0.8163184055211007,-0.7211434453128891,-0.6056006836026079,-0.7418682214031667,31,0.45161290322580644,-0.21879633989452513,6.35395874916833,hybrid/B45/S55/MA20-50/V1.5
hybrid,40,60,10,50,1.0,-2.491331311747019,-0.803241788179187,-0.5568011503952173,-0.44724595170368275,-0.5568011503952173,18,0.5,-0.9334533315006945,1.6300731869594145,hybrid/B40/S60/MA10-50/V1.0
hybrid,40,70,10,50,1.0,-2.491331311747019,-0.803241788179187,-0.5568011503952173,-0.44724595170368275,-0.5568011503952173,18,0.5,-0.9334533315006945,1.6300731869594145,hybrid/B40/S70/MA10-50/V1.0
hybrid,40,55,10,50,1.0,-2.491331311747019,-0.803241788179187,-0.5568011503952173,-0.44724595170368275,-0.5568011503952173,18,0.5,-0.9334533315006945,1.6300731869594145,hybrid/B40/S55/MA10-50/V1.0
hybrid,40,75,10,50,1.0,-2.491331311747019,-0.803241788179187,-0.5568011503952173,-0.44724595170368275,-0.5568011503952173,18,0.5,-0.9334533315006945,1.6300731869594145,hybrid/B40/S75/MA10-50/V1.0
hybrid,40,65,10,50,1.0,-2.491331311747019,-0.803241788179187,-0.5568011503952173,-0.44724595170368275,-0.5568011503952173,18,0.5,-0.9334533315006945,1.6300731869594145,hybrid/B40/S65/MA10-50/V1.0
hybrid,45,55,5,20,0.0,-2.4965914429079574,-0.805314451324175,-0.5923630736990997,-0.47992313726771796,-0.5959450205799517,35,0.45714285714285713,-0.01879703048136872,2.7944111776447107,hybrid/B45/S55/MA5-20/V0.0
rsi,45,55,10,20,1.0,-2.5008927756130954,-0.9364959204923361,-0.9610494371957611,-0.9059998015089714,-0.9674359297077,56,0.6785714285714286,2.1940542296711656,43.74584165003327,rsi/B45/S55/MA10-20/V1.0
rsi,45,55,20,50,1.0,-2.5008927756130954,-0.9364959204923361,-0.9610494371957611,-0.9059998015089714,-0.9674359297077,56,0.6785714285714286,2.1940542296711656,43.74584165003327,rsi/B45/S55/MA20-50/V1.0
rsi,45,55,10,50,1.0,-2.5008927756130954,-0.9364959204923361,-0.9610494371957611,-0.9059998015089714,-0.9674359297077,56,0.6785714285714286,2.1940542296711656,43.74584165003327,rsi/B45/S55/MA10-50/V1.0
rsi,45,55,5,20,1.0,-2.5008927756130954,-0.9364959204923361,-0.9610494371957611,-0.9059998015089714,-0.9674359297077,56,0.6785714285714286,2.1940542296711656,43.74584165003327,rsi/B45/S55/MA5-20/V1.0
rsi,45,55,5,50,1.0,-2.5008927756130954,-0.9364959204923361,-0.9610494371957611,-0.9059998015089714,-0.9674359297077,56,0.6785714285714286,2.1940542296711656,43.74584165003327,rsi/B45/S55/MA5-50/V1.0
hybrid,45,60,20,50,0.0,-2.5060865399294805,-0.8487927917902067,-0.8238783863045421,-0.7178096523673221,-0.8456830210037183,45,0.4,0.3397200186996375,15.13639387890885,hybrid/B45/S60/MA20-50/V0.0
hybrid,50,60,5,20,1.5,-2.5172658819811793,-0.7890648930583436,-0.584527111239415,-0.472658464451686,-0.5990108907515894,29,0.4827586206896552,0.3498728864988195,3.260146373918829,hybrid/B50/S60/MA5-20/V1.5
hybrid,45,60,20,50,1.0,-2.517960238662822,-0.8435120297664609,-0.8132167522741792,-0.7054639850084437,-0.8363413444189551,39,0.3333333333333333,-0.27434820092927137,12.075848303393213,hybrid/B45/S60/MA20-50/V1.0
rsi,50,55,10,20,1.5,-2.562504094727703,-0.9369847660352706,-0.9610498271435832,-0.9060004871191577,-0.9669319288431776,62,0.6774193548387096,2.1826516771756728,43.11377245508982,rsi/B50/S55/MA10-20/V1.5
rsi,50,55,20,50,1.5,-2.562504094727703,-0.9369847660352706,-0.9610498271435832,-0.9060004871191577,-0.9669319288431776,62,0.6774193548387096,2.1826516771756728,43.11377245508982,rsi/B50/S55/MA20-50/V1.5
rsi,50,55,5,50,1.5,-2.562504094727703,-0.9369847660352706,-0.9610498271435832,-0.9060004871191577,-0.9669319288431776,62,0.6774193548387096,2.1826516771756728,43.11377245508982,rsi/B50/S55/MA5-50/V1.5
rsi,50,55,10,50,1.5,-2.562504094727703,-0.9369847660352706,-0.9610498271435832,-0.9060004871191577,-0.9669319288431776,62,0.6774193548387096,2.1826516771756728,43.11377245508982,rsi/B50/S55/MA10-50/V1.5
rsi,50,55,5,20,1.5,-2.562504094727703,-0.9369847660352706,-0.9610498271435832,-0.9060004871191577,-0.9669319288431776,62,0.6774193548387096,2.1826516771756728,43.11377245508982,rsi/B50/S55/MA5-20/V1.5
hybrid,40,65,10,50,0.0,-2.5928650873901757,-0.8066707707603952,-0.5746424743123809,-0.4635472876652289,-0.5746424743123809,21,0.5238095238095238,-0.7550038608280624,1.763140385894877,hybrid/B40/S65/MA10-50/V0.0
hybrid,40,55,10,50,0.0,-2.5928650873901757,-0.8066707707603952,-0.5746424743123809,-0.4635472876652289,-0.5746424743123809,21,0.5238095238095238,-0.7550038608280624,1.763140385894877,hybrid/B40/S55/MA10-50/V0.0
hybrid,40,60,10,50,0.0,-2.5928650873901757,-0.8066707707603952,-0.5746424743123809,-0.4635472876652289,-0.5746424743123809,21,0.5238095238095238,-0.7550038608280624,1.763140385894877,hybrid/B40/S60/MA10-50/V0.0
hybrid,40,75,10,50,0.0,-2.5928650873901757,-0.8066707707603952,-0.5746424743123809,-0.4635472876652289,-0.5746424743123809,21,0.5238095238095238,-0.7550038608280624,1.763140385894877,hybrid/B40/S75/MA10-50/V0.0
hybrid,40,70,10,50,0.0,-2.5928650873901757,-0.8066707707603952,-0.5746424743123809,-0.4635472876652289,-0.5746424743123809,21,0.5238095238095238,-0.7550038608280624,1.763140385894877,hybrid/B40/S70/MA10-50/V0.0
rsi,45,55,5,50,0.0,-2.631316945032028,-0.9490103419927816,-0.971132560495524,-0.9244314045542816,-0.9741004535452292,63,0.6507936507936508,2.1960684680156226,48.80239520958084,rsi/B45/S55/MA5-50/V0.0
rsi,45,55,20,50,0.0,-2.631316945032028,-0.9490103419927816,-0.971132560495524,-0.9244314045542816,-0.9741004535452292,63,0.6507936507936508,2.1960684680156226,48.80239520958084,rsi/B45/S55/MA20-50/V0.0
rsi,45,55,5,20,0.0,-2.631316945032028,-0.9490103419927816,-0.971132560495524,-0.9244314045542816,-0.9741004535452292,63,0.6507936507936508,2.1960684680156226,48.80239520958084,rsi/B45/S55/MA5-20/V0.0
rsi,45,55,10,50,0.0,-2.631316945032028,-0.9490103419927816,-0.971132560495524,-0.9244314045542816,-0.9741004535452292,63,0.6507936507936508,2.1960684680156226,48.80239520958084,rsi/B45/S55/MA10-50/V0.0
rsi,45,55,10,20,0.0,-2.631316945032028,-0.9490103419927816,-0.971132560495524,-0.9244314045542816,-0.9741004535452292,63,0.6507936507936508,2.1960684680156226,48.80239520958084,rsi/B45/S55/MA10-20/V0.0
hybrid,40,70,20,50,1.0,-2.6550973523057944,-0.835952883045388,-0.721489972786373,-0.605957809537411,-0.7248707694264995,25,0.36,-1.9247997046747216,5.023286759813706,hybrid/B40/S70/MA20-50/V1.0
hybrid,40,60,20,50,1.0,-2.6550973523057944,-0.835952883045388,-0.721489972786373,-0.605957809537411,-0.7248707694264995,25,0.36,-1.9247997046747216,5.023286759813706,hybrid/B40/S60/MA20-50/V1.0
hybrid,40,65,20,50,1.0,-2.6550973523057944,-0.835952883045388,-0.721489972786373,-0.605957809537411,-0.7248707694264995,25,0.36,-1.9247997046747216,5.023286759813706,hybrid/B40/S65/MA20-50/V1.0
hybrid,40,75,20,50,1.0,-2.6550973523057944,-0.835952883045388,-0.721489972786373,-0.605957809537411,-0.7248707694264995,25,0.36,-1.9247997046747216,5.023286759813706,hybrid/B40/S75/MA20-50/V1.0
hybrid,40,55,20,50,1.0,-2.6565985876389258,-0.8301700213146381,-0.7005814009898689,-0.5846190150813794,-0.7042160040368479,25,0.4,-1.2230201441268929,4.8569527611443775,hybrid/B40/S55/MA20-50/V1.0
hybrid,50,60,10,50,1.0,-2.68645703900988,-0.8754303751177259,-0.8578195293620049,-0.7585609316748025,-0.8665005844385888,47,0.40425531914893614,0.7796675223996621,14.471057884231536,hybrid/B50/S60/MA10-50/V1.0
hybrid,45,55,5,50,1.0,-2.697728364060738,-0.781855421607908,-0.6086068131009041,-0.49510475765828255,-0.6332433644062805,29,0.4827586206896552,1.5722626432401847,2.9607451763140387,hybrid/B45/S55/MA5-50/V1.0
hybrid,50,60,5,50,1.0,-2.713001119064218,-0.8478980380363769,-0.8114629031414411,-0.7034516688904564,-0.8296418169802118,47,0.40425531914893614,1.2597200952134033,10.81170991350632,hybrid/B50/S60/MA5-50/V1.0
hybrid,45,55,10,50,0.0,-2.739448442057947,-0.8286770638943719,-0.7586369723835412,-0.6449830034819777,-0.7783285330124583,50,0.5,1.2162585678118294,8.216899534264805,hybrid/B45/S55/MA10-50/V0.0
hybrid,40,70,20,50,0.0,-2.7453988820281334,-0.8411208539983387,-0.7394051922046458,-0.6245898663062315,-0.7425685183492848,28,0.35714285714285715,-1.8103109165630813,5.588822355289421,hybrid/B40/S70/MA20-50/V0.0
hybrid,40,75,20,50,0.0,-2.7453988820281334,-0.8411208539983387,-0.7394051922046458,-0.6245898663062315,-0.7425685183492848,28,0.35714285714285715,-1.8103109165630813,5.588822355289421,hybrid/B40/S75/MA20-50/V0.0
hybrid,40,65,20,50,0.0,-2.7453988820281334,-0.8411208539983387,-0.7394051922046458,-0.6245898663062315,-0.7425685183492848,28,0.35714285714285715,-1.8103109165630813,5.588822355289421,hybrid/B40/S65/MA20-50/V0.0
hybrid,40,60,20,50,0.0,-2.7453988820281334,-0.8411208539983387,-0.7394051922046458,-0.6245898663062315,-0.7425685183492848,28,0.35714285714285715,-1.8103109165630813,5.588822355289421,hybrid/B40/S60/MA20-50/V0.0
hybrid,40,55,20,50,0.0,-2.748962271885813,-0.8354876387154762,-0.7198415689373014,-0.6042600643878171,-0.7232423753352464,28,0.39285714285714285,-1.1837220232168055,5.422488356620094,hybrid/B40/S55/MA20-50/V0.0
hybrid,50,60,20,50,1.0,-2.761623908816034,-0.8944145099707844,-0.8967428801613061,-0.8087513367315371,-0.904224302843605,48,0.3541666666666667,-0.07560478569741806,19.095143047238857,hybrid/B50/S60/MA20-50/V1.0
hybrid,45,55,5,50,0.0,-2.8118646049112757,-0.8003252290264964,-0.6707567207660311,-0.5548664077207502,-0.693301157575254,43,0.4883720930232558,1.600587272078207,4.956753160345975,hybrid/B45/S55/MA5-50/V0.0
hybrid,50,55,10,50,1.5,-2.830692645125316,-0.8184475345570476,-0.7356641587072397,-0.6206711389922348,-0.7583517730652687,41,0.5365853658536586,1.4585809052996614,6.487025948103792,hybrid/B50/S55/MA10-50/V1.5
hybrid,50,55,20,50,1.5,-2.840596360557874,-0.8462873963260443,-0.8037935064681365,-0.6947108694040829,-0.8208923734655686,42,0.5238095238095238,0.9207206692048195,9.281437125748502,hybrid/B50/S55/MA20-50/V1.5
hybrid,45,55,20,50,1.0,-2.8502127589786457,-0.849496285142757,-0.826196086638551,-0.7205199768684099,-0.8481731933028138,43,0.4418604651162791,0.49972469451141255,10.412508316699935,hybrid/B45/S55/MA20-50/V1.0
hybrid,50,60,20,50,0.0,-2.954106496522362,-0.9083352290069563,-0.9195597326416106,-0.8405624992575219,-0.9253879761731499,57,0.43859649122807015,0.4175734520617684,23.087159015302728,hybrid/B50/S60/MA20-50/V0.0
hybrid,50,55,5,20,1.5,-2.9697642624191984,-0.8145607263136351,-0.6255568788988196,-0.511130110818002,-0.6274917195322753,30,0.5333333333333333,0.08120356845862042,2.5948103792415167,hybrid/B50/S55/MA5-20/V1.5
hybrid,50,60,5,20,0.0,-2.9915341158720263,-0.858417774575077,-0.8440715777101175,-0.7417671817862015,-0.8641097653801282,90,0.4,0.3269161415241198,11.976047904191617,hybrid/B50/S60/MA5-20/V0.0
hybrid,50,55,5,50,1.5,-2.992217735682999,-0.8009476826003884,-0.7013713118980467,-0.5854176655348579,-0.7309062480013897,35,0.5428571428571428,1.641498567074005,4.590818363273453,hybrid/B50/S55/MA5-50/V1.5
hybrid,45,55,20,50,0.0,-2.9953507025264186,-0.8696737520829855,-0.8554138323359417,-0.7555915074170965,-0.8688217916285886,50,0.46,0.8825733089211686,13.373253493013973,hybrid/B45/S55/MA20-50/V0.0
hybrid,50,60,10,50,0.0,-3.006286023579475,-0.897566029906574,-0.9002393074641823,-0.8134913389066333,-0.9063303554294586,64,0.390625,0.7358047510336166,19.028609447771125,hybrid/B50/S60/MA10-50/V0.0
hybrid,50,55,10,20,1.5,-3.0331098799905494,-0.8424593434890356,-0.7346063727743666,-0.6195658465214607,-0.7354252182135412,37,0.5675675675675675,0.8816757995128908,4.424484364604125,hybrid/B50/S55/MA10-20/V1.5
hybrid,50,60,5,50,0.0,-3.0663693645013095,-0.8873738630562535,-0.882875664786987,-0.790362258407383,-0.8906756118387942,70,0.4142857142857143,1.016690409080128,15.934797072521622,hybrid/B50/S60/MA5-50/V0.0
hybrid,50,55,10,20,1.0,-3.2178204354307822,-0.8767190227835537,-0.8386630109527307,-0.7352718154071909,-0.8386630109527307,61,0.5573770491803278,0.7254615999983395,7.95076513639388,hybrid/B50/S55/MA10-20/V1.0
rsi,50,55,10,20,1.0,-3.3321838009470164,-0.9717279677147626,-0.9884325143775676,-0.9611861722704024,-0.989151495279948,77,0.6883116883116883,1.746563252480524,51.1643379906853,rsi/B50/S55/MA10-20/V1.0
rsi,50,55,10,50,1.0,-3.3321838009470164,-0.9717279677147626,-0.9884325143775676,-0.9611861722704024,-0.989151495279948,77,0.6883116883116883,1.746563252480524,51.1643379906853,rsi/B50/S55/MA10-50/V1.0
rsi,50,55,5,20,1.0,-3.3321838009470164,-0.9717279677147626,-0.9884325143775676,-0.9611861722704024,-0.989151495279948,77,0.6883116883116883,1.746563252480524,51.1643379906853,rsi/B50/S55/MA5-20/V1.0
rsi,50,55,5,50,1.0,-3.3321838009470164,-0.9717279677147626,-0.9884325143775676,-0.9611861722704024,-0.989151495279948,77,0.6883116883116883,1.746563252480524,51.1643379906853,rsi/B50/S55/MA5-50/V1.0
rsi,50,55,20,50,1.0,-3.3321838009470164,-0.9717279677147626,-0.9884325143775676,-0.9611861722704024,-0.989151495279948,77,0.6883116883116883,1.746563252480524,51.1643379906853,rsi/B50/S55/MA20-50/V1.0
hybrid,50,55,5,20,1.0,-3.4670384925841136,-0.8594176292815616,-0.7925135380630008,-0.6820215169993973,-0.7935856721598086,53,0.5471698113207547,0.703957324748927,5.023286759813706,hybrid/B50/S55/MA5-20/V1.0
hybrid,50,55,20,50,1.0,-3.617765000143743,-0.9141234636899422,-0.9222707439906728,-0.8444954121612076,-0.9238308015334442,56,0.5178571428571429,0.3682870243019251,14.836992681304059,hybrid/B50/S55/MA20-50/V1.0
hybrid,50,55,10,50,1.0,-3.6358126621922326,-0.8972325414425605,-0.8890761629565618,-0.7985071470394736,-0.8899667702150467,54,0.5370370370370371,0.6877211613973694,10.578842315369261,hybrid/B50/S55/MA10-50/V1.0
hybrid,50,55,5,50,1.0,-3.900079499731024,-0.8830990055759778,-0.8597767206379953,-0.7609868235504338,-0.8617231122959995,53,0.5283018867924528,1.024809377085992,7.651363938789088,hybrid/B50/S55/MA5-50/V1.0
rsi,50,55,5,20,0.0,-3.92867568166113,-0.9855048995301013,-0.9958634554159872,-0.9816507511146222,-0.996089163618246,92,0.6630434782608695,1.4376140892934872,58.08383233532935,rsi/B50/S55/MA5-20/V0.0
rsi,50,55,20,50,0.0,-3.92867568166113,-0.9855048995301013,-0.9958634554159872,-0.9816507511146222,-0.996089163618246,92,0.6630434782608695,1.4376140892934872,58.08383233532935,rsi/B50/S55/MA20-50/V0.0
rsi,50,55,10,50,0.0,-3.92867568166113,-0.9855048995301013,-0.9958634554159872,-0.9816507511146222,-0.996089163618246,92,0.6630434782608695,1.4376140892934872,58.08383233532935,rsi/B50/S55/MA10-50/V0.0
rsi,50,55,10,20,0.0,-3.92867568166113,-0.9855048995301013,-0.9958634554159872,-0.9816507511146222,-0.996089163618246,92,0.6630434782608695,1.4376140892934872,58.08383233532935,rsi/B50/S55/MA10-20/V0.0
rsi,50,55,5,50,0.0,-3.92867568166113,-0.9855048995301013,-0.9958634554159872,-0.9816507511146222,-0.996089163618246,92,0.6630434782608695,1.4376140892934872,58.08383233532935,rsi/B50/S55/MA5-50/V0.0
hybrid,50,55,10,20,0.0,-3.997799597024426,-0.9121647922722694,-0.9227951523992529,-0.8452604486081157,-0.9266532273214688,92,0.5217391304347826,0.6352371643889559,13.373253493013973,hybrid/B50/S55/MA10-20/V0.0
hybrid,50,55,20,50,0.0,-4.33000930774949,-0.9442221398467391,-0.9636196850621609,-0.9105604814466194,-0.9643498526675265,70,0.5428571428571428,0.4331007423826772,19.527611443779108,hybrid/B50/S55/MA20-50/V0.0
hybrid,50,55,10,50,0.0,-4.536949327143123,-0.9365998115398638,-0.9539646658149565,-0.8938293099953603,-0.9543342834180325,76,0.4868421052631579,0.4119373260504348,15.602129075182965,hybrid/B50/S55/MA10-50/V0.0
hybrid,50,55,5,20,0.0,-4.693016291458119,-0.9120185260727599,-0.9225666543863761,-0.8449269300119342,-0.9264361477943561,97,0.44329896907216493,0.07158564103107354,9.547571523619428,hybrid/B50/S55/MA5-20/V0.0
hybrid,50,55,5,50,0.0,-4.705670748300801,-0.9283372531954207,-0.9433096528161856,-0.8764400000651146,-0.9440965522479345,82,0.5121951219512195,0.6815845685970265,12.608117099135063,hybrid/B50/S55/MA5-50/V0.0
hybrid,30,55,5,20,0.0,,0.0,0.0,0.0,0.0,0,0.0,0.0,0.0,hybrid/B30/S55/MA5-20/V0.0
hybrid,30,55,5,20,1.0,,0.0,0.0,0.0,0.0,0,0.0,0.0,0.0,hybrid/B30/S55/MA5-20/V1.0
hybrid,30,55,5,20,1.5,,0.0,0.0,0.0,0.0,0,0.0,0.0,0.0,hybrid/B30/S55/MA5-20/V1.5
hybrid,30,55,5,50,0.0,,0.0,0.0,0.0,0.0,0,0.0,0.0,0.0,hybrid/B30/S55/MA5-50/V0.0
hybrid,30,55,5,50,1.0,,0.0,0.0,0.0,0.0,0,0.0,0.0,0.0,hybrid/B30/S55/MA5-50/V1.0
hybrid,30,55,5,50,1.5,,0.0,0.0,0.0,0.0,0,0.0,0.0,0.0,hybrid/B30/S55/MA5-50/V1.5
hybrid,30,55,10,20,0.0,,0.0,0.0,0.0,0.0,0,0.0,0.0,0.0,hybrid/B30/S55/MA10-20/V0.0
hybrid,30,55,10,20,1.0,,0.0,0.0,0.0,0.0,0,0.0,0.0,0.0,hybrid/B30/S55/MA10-20/V1.0
hybrid,30,55,10,20,1.5,,0.0,0.0,0.0,0.0,0,0.0,0.0,0.0,hybrid/B30/S55/MA10-20/V1.5
hybrid,30,55,10,50,0.0,,0.0,0.0,0.0,0.0,0,0.0,0.0,0.0,hybrid/B30/S55/MA10-50/V0.0
hybrid,30,55,10,50,1.0,,0.0,0.0,0.0,0.0,0,0.0,0.0,0.0,hybrid/B30/S55/MA10-50/V1.0
hybrid,30,55,10,50,1.5,,0.0,0.0,0.0,0.0,0,0.0,0.0,0.0,hybrid/B30/S55/MA10-50/V1.5
hybrid,30,55,20,50,0.0,,-0.7382231609180062,-0.09394198862769976,-0.0693501517876639,-0.09394198862769976,2,0.0,-3.705236222171858,0.0665335994677312,hybrid/B30/S55/MA20-50/V0.0
hybrid,30,55,20,50,1.0,,-0.735748683655482,-0.07066543738814479,-0.05199200253826641,-0.07066543738814479,1,0.0,-5.234593837535005,0.0332667997338656,hybrid/B30/S55/MA20-50/V1.0
hybrid,30,55,20,50,1.5,,-0.735748683655482,-0.07066543738814479,-0.05199200253826641,-0.07066543738814479,1,0.0,-5.234593837535005,0.0332667997338656,hybrid/B30/S55/MA20-50/V1.5
hybrid,30,60,5,20,0.0,,0.0,0.0,0.0,0.0,0,0.0,0.0,0.0,hybrid/B30/S60/MA5-20/V0.0
hybrid,30,60,5,20,1.0,,0.0,0.0,0.0,0.0,0,0.0,0.0,0.0,hybrid/B30/S60/MA5-20/V1.0
hybrid,30,60,5,20,1.5,,0.0,0.0,0.0,0.0,0,0.0,0.0,0.0,hybrid/B30/S60/MA5-20/V1.5
hybrid,30,60,5,50,0.0,,0.0,0.0,0.0,0.0,0,0.0,0.0,0.0,hybrid/B30/S60/MA5-50/V0.0
hybrid,30,60,5,50,1.0,,0.0,0.0,0.0,0.0,0,0.0,0.0,0.0,hybrid/B30/S60/MA5-50/V1.0
hybrid,30,60,5,50,1.5,,0.0,0.0,0.0,0.0,0,0.0,0.0,0.0,hybrid/B30/S60/MA5-50/V1.5
hybrid,30,60,10,20,0.0,,0.0,0.0,0.0,0.0,0,0.0,0.0,0.0,hybrid/B30/S60/MA10-20/V0.0
hybrid,30,60,10,20,1.0,,0.0,0.0,0.0,0.0,0,0.0,0.0,0.0,hybrid/B30/S60/MA10-20/V1.0
hybrid,30,60,10,20,1.5,,0.0,0.0,0.0,0.0,0,0.0,0.0,0.0,hybrid/B30/S60/MA10-20/V1.5
hybrid,30,60,10,50,0.0,,0.0,0.0,0.0,0.0,0,0.0,0.0,0.0,hybrid/B30/S60/MA10-50/V0.0
hybrid,30,60,10,50,1.0,,0.0,0.0,0.0,0.0,0,0.0,0.0,0.0,hybrid/B30/S60/MA10-50/V1.0
hybrid,30,60,10,50,1.5,,0.0,0.0,0.0,0.0,0,0.0,0.0,0.0,hybrid/B30/S60/MA10-50/V1.5
hybrid,30,60,20,50,0.0,,-0.7382231609180062,-0.09394198862769976,-0.0693501517876639,-0.09394198862769976,2,0.0,-3.705236222171858,0.0665335994677312,hybrid/B30/S60/MA20-50/V0.0
hybrid,30,60,20,50,1.0,,-0.735748683655482,-0.07066543738814479,-0.05199200253826641,-0.07066543738814479,1,0.0,-5.234593837535005,0.0332667997338656,hybrid/B30/S60/MA20-50/V1.0
hybrid,30,60,20,50,1.5,,-0.735748683655482,-0.07066543738814479,-0.05199200253826641,-0.07066543738814479,1,0.0,-5.234593837535005,0.0332667997338656,hybrid/B30/S60/MA20-50/V1.5
hybrid,30,65,5,20,0.0,,0.0,0.0,0.0,0.0,0,0.0,0.0,0.0,hybrid/B30/S65/MA5-20/V0.0
hybrid,30,65,5,20,1.0,,0.0,0.0,0.0,0.0,0,0.0,0.0,0.0,hybrid/B30/S65/MA5-20/V1.0
hybrid,30,65,5,20,1.5,,0.0,0.0,0.0,0.0,0,0.0,0.0,0.0,hybrid/B30/S65/MA5-20/V1.5
hybrid,30,65,5,50,0.0,,0.0,0.0,0.0,0.0,0,0.0,0.0,0.0,hybrid/B30/S65/MA5-50/V0.0
hybrid,30,65,5,50,1.0,,0.0,0.0,0.0,0.0,0,0.0,0.0,0.0,hybrid/B30/S65/MA5-50/V1.0
hybrid,30,65,5,50,1.5,,0.0,0.0,0.0,0.0,0,0.0,0.0,0.0,hybrid/B30/S65/MA5-50/V1.5
hybrid,30,65,10,20,0.0,,0.0,0.0,0.0,0.0,0,0.0,0.0,0.0,hybrid/B30/S65/MA10-20/V0.0
hybrid,30,65,10,20,1.0,,0.0,0.0,0.0,0.0,0,0.0,0.0,0.0,hybrid/B30/S65/MA10-20/V1.0
hybrid,30,65,10,20,1.5,,0.0,0.0,0.0,0.0,0,0.0,0.0,0.0,hybrid/B30/S65/MA10-20/V1.5
hybrid,30,65,10,50,0.0,,0.0,0.0,0.0,0.0,0,0.0,0.0,0.0,hybrid/B30/S65/MA10-50/V0.0
hybrid,30,65,10,50,1.0,,0.0,0.0,0.0,0.0,0,0.0,0.0,0.0,hybrid/B30/S65/MA10-50/V1.0
hybrid,30,65,10,50,1.5,,0.0,0.0,0.0,0.0,0,0.0,0.0,0.0,hybrid/B30/S65/MA10-50/V1.5
hybrid,30,65,20,50,0.0,,-0.7382231609180062,-0.09394198862769976,-0.0693501517876639,-0.09394198862769976,2,0.0,-3.705236222171858,0.0665335994677312,hybrid/B30/S65/MA20-50/V0.0
hybrid,30,65,20,50,1.0,,-0.735748683655482,-0.07066543738814479,-0.05199200253826641,-0.07066543738814479,1,0.0,-5.234593837535005,0.0332667997338656,hybrid/B30/S65/MA20-50/V1.0
hybrid,30,65,20,50,1.5,,-0.735748683655482,-0.07066543738814479,-0.05199200253826641,-0.07066543738814479,1,0.0,-5.234593837535005,0.0332667997338656,hybrid/B30/S65/MA20-50/V1.5
hybrid,30,70,5,20,0.0,,0.0,0.0,0.0,0.0,0,0.0,0.0,0.0,hybrid/B30/S70/MA5-20/V0.0
hybrid,30,70,5,20,1.0,,0.0,0.0,0.0,0.0,0,0.0,0.0,0.0,hybrid/B30/S70/MA5-20/V1.0
hybrid,30,70,5,20,1.5,,0.0,0.0,0.0,0.0,0,0.0,0.0,0.0,hybrid/B30/S70/MA5-20/V1.5
hybrid,30,70,5,50,0.0,,0.0,0.0,0.0,0.0,0,0.0,0.0,0.0,hybrid/B30/S70/MA5-50/V0.0
hybrid,30,70,5,50,1.0,,0.0,0.0,0.0,0.0,0,0.0,0.0,0.0,hybrid/B30/S70/MA5-50/V1.0
hybrid,30,70,5,50,1.5,,0.0,0.0,0.0,0.0,0,0.0,0.0,0.0,hybrid/B30/S70/MA5-50/V1.5
hybrid,30,70,10,20,0.0,,0.0,0.0,0.0,0.0,0,0.0,0.0,0.0,hybrid/B30/S70/MA10-20/V0.0
hybrid,30,70,10,20,1.0,,0.0,0.0,0.0,0.0,0,0.0,0.0,0.0,hybrid/B30/S70/MA10-20/V1.0
hybrid,30,70,10,20,1.5,,0.0,0.0,0.0,0.0,0,0.0,0.0,0.0,hybrid/B30/S70/MA10-20/V1.5
hybrid,30,70,10,50,0.0,,0.0,0.0,0.0,0.0,0,0.0,0.0,0.0,hybrid/B30/S70/MA10-50/V0.0
hybrid,30,70,10,50,1.0,,0.0,0.0,0.0,0.0,0,0.0,0.0,0.0,hybrid/B30/S70/MA10-50/V1.0
hybrid,30,70,10,50,1.5,,0.0,0.0,0.0,0.0,0,0.0,0.0,0.0,hybrid/B30/S70/MA10-50/V1.5
hybrid,30,70,20,50,0.0,,-0.7382231609180062,-0.09394198862769976,-0.0693501517876639,-0.09394198862769976,2,0.0,-3.705236222171858,0.0665335994677312,hybrid/B30/S70/MA20-50/V0.0
hybrid,30,70,20,50,1.0,,-0.735748683655482,-0.07066543738814479,-0.05199200253826641,-0.07066543738814479,1,0.0,-5.234593837535005,0.0332667997338656,hybrid/B30/S70/MA20-50/V1.0
hybrid,30,70,20,50,1.5,,-0.735748683655482,-0.07066543738814479,-0.05199200253826641,-0.07066543738814479,1,0.0,-5.234593837535005,0.0332667997338656,hybrid/B30/S70/MA20-50/V1.5
hybrid,30,75,5,20,0.0,,0.0,0.0,0.0,0.0,0,0.0,0.0,0.0,hybrid/B30/S75/MA5-20/V0.0
hybrid,30,75,5,20,1.0,,0.0,0.0,0.0,0.0,0,0.0,0.0,0.0,hybrid/B30/S75/MA5-20/V1.0
hybrid,30,75,5,20,1.5,,0.0,0.0,0.0,0.0,0,0.0,0.0,0.0,hybrid/B30/S75/MA5-20/V1.5
hybrid,30,75,5,50,0.0,,0.0,0.0,0.0,0.0,0,0.0,0.0,0.0,hybrid/B30/S75/MA5-50/V0.0
hybrid,30,75,5,50,1.0,,0.0,0.0,0.0,0.0,0,0.0,0.0,0.0,hybrid/B30/S75/MA5-50/V1.0
hybrid,30,75,5,50,1.5,,0.0,0.0,0.0,0.0,0,0.0,0.0,0.0,hybrid/B30/S75/MA5-50/V1.5
hybrid,30,75,10,20,0.0,,0.0,0.0,0.0,0.0,0,0.0,0.0,0.0,hybrid/B30/S75/MA10-20/V0.0
hybrid,30,75,10,20,1.0,,0.0,0.0,0.0,0.0,0,0.0,0.0,0.0,hybrid/B30/S75/MA10-20/V1.0
hybrid,30,75,10,20,1.5,,0.0,0.0,0.0,0.0,0,0.0,0.0,0.0,hybrid/B30/S75/MA10-20/V1.5
hybrid,30,75,10,50,0.0,,0.0,0.0,0.0,0.0,0,0.0,0.0,0.0,hybrid/B30/S75/MA10-50/V0.0
hybrid,30,75,10,50,1.0,,0.0,0.0,0.0,0.0,0,0.0,0.0,0.0,hybrid/B30/S75/MA10-50/V1.0
hybrid,30,75,10,50,1.5,,0.0,0.0,0.0,0.0,0,0.0,0.0,0.0,hybrid/B30/S75/MA10-50/V1.5
hybrid,30,75,20,50,0.0,,-0.7382231609180062,-0.09394198862769976,-0.0693501517876639,-0.09394198862769976,2,0.0,-3.705236222171858,0.0665335994677312,hybrid/B30/S75/MA20-50/V0.0
hybrid,30,75,20,50,1.0,,-0.735748683655482,-0.07066543738814479,-0.05199200253826641,-0.07066543738814479,1,0.0,-5.234593837535005,0.0332667997338656,hybrid/B30/S75/MA20-50/V1.0
hybrid,30,75,20,50,1.5,,-0.735748683655482,-0.07066543738814479,-0.05199200253826641,-0.07066543738814479,1,0.0,-5.234593837535005,0.0332667997338656,hybrid/B30/S75/MA20-50/V1.5
hybrid,35,55,5,20,0.0,,-0.5079571165654195,-0.09878518949588988,-0.07297703536893163,-0.14366770931839667,1,1.0,1.4441046551138288,0.0665335994677312,hybrid/B35/S55/MA5-20/V0.0
hybrid,35,55,5,20,1.0,,-0.5079571165654195,-0.09878518949588988,-0.07297703536893163,-0.14366770931839667,1,1.0,1.4441046551138288,0.0665335994677312,hybrid/B35/S55/MA5-20/V1.0
hybrid,35,55,5,20,1.5,,-0.5079571165654195,-0.09878518949588988,-0.07297703536893163,-0.14366770931839667,1,1.0,1.4441046551138288,0.0665335994677312,hybrid/B35/S55/MA5-20/V1.5
hybrid,35,55,5,50,0.0,,-0.7332666573869379,-0.04681613525682249,-0.034328711011545,-0.04681613525682249,1,0.0,-2.8486046175350705,0.0332667997338656,hybrid/B35/S55/MA5-50/V0.0
hybrid,35,55,5,50,1.0,,-0.7332666573869379,-0.04681613525682249,-0.034328711011545,-0.04681613525682249,1,0.0,-2.8486046175350705,0.0332667997338656,hybrid/B35/S55/MA5-50/V1.0
hybrid,35,55,5,50,1.5,,-0.7332666573869379,-0.04681613525682249,-0.034328711011545,-0.04681613525682249,1,0.0,-2.8486046175350705,0.0332667997338656,hybrid/B35/S55/MA5-50/V1.5
hybrid,35,55,10,20,0.0,,-0.674611108025192,-0.1305796430623708,-0.09691983257072478,-0.14366770931839667,3,1.0,1.368734743666572,0.1330671989354624,hybrid/B35/S55/MA10-20/V0.0
hybrid,35,55,10,20,1.0,,-0.674611108025192,-0.1305796430623708,-0.09691983257072478,-0.14366770931839667,3,1.0,1.368734743666572,0.1330671989354624,hybrid/B35/S55/MA10-20/V1.0
hybrid,35,55,10,20,1.5,,-0.6519391383674481,-0.12627251001234174,-0.09366260262426052,-0.14366770931839667,2,1.0,1.4443444010701956,0.09980039920159679,hybrid/B35/S55/MA10-20/V1.5
hybrid,35,60,5,20,0.0,,-0.5079571165654195,-0.09878518949588988,-0.07297703536893163,-0.14366770931839667,1,1.0,1.4441046551138288,0.0665335994677312,hybrid/B35/S60/MA5-20/V0.0
hybrid,35,60,5,20,1.0,,-0.5079571165654195,-0.09878518949588988,-0.07297703536893163,-0.14366770931839667,1,1.0,1.4441046551138288,0.0665335994677312,hybrid/B35/S60/MA5-20/V1.0
hybrid,35,60,5,20,1.5,,-0.5079571165654195,-0.09878518949588988,-0.07297703536893163,-0.14366770931839667,1,1.0,1.4441046551138288,0.0665335994677312,hybrid/B35/S60/MA5-20/V1.5
hybrid,35,60,5,50,0.0,,-0.7332666573869379,-0.04681613525682249,-0.034328711011545,-0.04681613525682249,1,0.0,-2.8486046175350705,0.0332667997338656,hybrid/B35/S60/MA5-50/V0.0
hybrid,35,60,5,50,1.0,,-0.7332666573869379,-0.04681613525682249,-0.034328711011545,-0.04681613525682249,1,0.0,-2.8486046175350705,0.0332667997338656,hybrid/B35/S60/MA5-50/V1.0
hybrid,35,60,5,50,1.5,,-0.7332666573869379,-0.04681613525682249,-0.034328711011545,-0.04681613525682249,1,0.0,-2.8486046175350705,0.0332667997338656,hybrid/B35/S60/MA5-50/V1.5
hybrid,35,60,10,20,0.0,,-0.674611108025192,-0.1305796430623708,-0.09691983257072478,-0.14366770931839667,3,1.0,1.368734743666572,0.1330671989354624,hybrid/B35/S60/MA10-20/V0.0
hybrid,35,60,10,20,1.0,,-0.674611108025192,-0.1305796430623708,-0.09691983257072478,-0.14366770931839667,3,1.0,1.368734743666572,0.1330671989354624,hybrid/B35/S60/MA10-20/V1.0
hybrid,35,60,10,20,1.5,,-0.6519391383674481,-0.12627251001234174,-0.09366260262426052,-0.14366770931839667,2,1.0,1.4443444010701956,0.09980039920159679,hybrid/B35/S60/MA10-20/V1.5
hybrid,35,65,5,20,0.0,,-0.5079571165654195,-0.09878518949588988,-0.07297703536893163,-0.14366770931839667,1,1.0,1.4441046551138288,0.0665335994677312,hybrid/B35/S65/MA5-20/V0.0
hybrid,35,65,5,20,1.0,,-0.5079571165654195,-0.09878518949588988,-0.07297703536893163,-0.14366770931839667,1,1.0,1.4441046551138288,0.0665335994677312,hybrid/B35/S65/MA5-20/V1.0
hybrid,35,65,5,20,1.5,,-0.5079571165654195,-0.09878518949588988,-0.07297703536893163,-0.14366770931839667,1,1.0,1.4441046551138288,0.0665335994677312,hybrid/B35/S65/MA5-20/V1.5
hybrid,35,65,5,50,0.0,,-0.7332666573869379,-0.04681613525682249,-0.034328711011545,-0.04681613525682249,1,0.0,-2.8486046175350705,0.0332667997338656,hybrid/B35/S65/MA5-50/V0.0
hybrid,35,65,5,50,1.0,,-0.7332666573869379,-0.04681613525682249,-0.034328711011545,-0.04681613525682249,1,0.0,-2.8486046175350705,0.0332667997338656,hybrid/B35/S65/MA5-50/V1.0
hybrid,35,65,5,50,1.5,,-0.7332666573869379,-0.04681613525682249,-0.034328711011545,-0.04681613525682249,1,0.0,-2.8486046175350705,0.0332667997338656,hybrid/B35/S65/MA5-50/V1.5
hybrid,35,65,10,20,0.0,,-0.674611108025192,-0.1305796430623708,-0.09691983257072478,-0.14366770931839667,3,1.0,1.368734743666572,0.1330671989354624,hybrid/B35/S65/MA10-20/V0.0
hybrid,35,65,10,20,1.0,,-0.674611108025192,-0.1305796430623708,-0.09691983257072478,-0.14366770931839667,3,1.0,1.368734743666572,0.1330671989354624,hybrid/B35/S65/MA10-20/V1.0
hybrid,35,65,10,20,1.5,,-0.6519391383674481,-0.12627251001234174,-0.09366260262426052,-0.14366770931839667,2,1.0,1.4443444010701956,0.09980039920159679,hybrid/B35/S65/MA10-20/V1.5
hybrid,35,70,5,20,0.0,,-0.5079571165654195,-0.09878518949588988,-0.07297703536893163,-0.14366770931839667,1,1.0,1.4441046551138288,0.0665335994677312,hybrid/B35/S70/MA5-20/V0.0
hybrid,35,70,5,20,1.0,,-0.5079571165654195,-0.09878518949588988,-0.07297703536893163,-0.14366770931839667,1,1.0,1.4441046551138288,0.0665335994677312,hybrid/B35/S70/MA5-20/V1.0
hybrid,35,70,5,20,1.5,,-0.5079571165654195,-0.09878518949588988,-0.07297703536893163,-0.14366770931839667,1,1.0,1.4441046551138288,0.0665335994677312,hybrid/B35/S70/MA5-20/V1.5
hybrid,35,70,5,50,0.0,,-0.7332666573869379,-0.04681613525682249,-0.034328711011545,-0.04681613525682249,1,0.0,-2.8486046175350705,0.0332667997338656,hybrid/B35/S70/MA5-50/V0.0
hybrid,35,70,5,50,1.0,,-0.7332666573869379,-0.04681613525682249,-0.034328711011545,-0.04681613525682249,1,0.0,-2.8486046175350705,0.0332667997338656,hybrid/B35/S70/MA5-50/V1.0
hybrid,35,70,5,50,1.5,,-0.7332666573869379,-0.04681613525682249,-0.034328711011545,-0.04681613525682249,1,0.0,-2.8486046175350705,0.0332667997338656,hybrid/B35/S70/MA5-50/V1.5
hybrid,35,70,10,20,0.0,,-0.674611108025192,-0.1305796430623708,-0.09691983257072478,-0.14366770931839667,3,1.0,1.368734743666572,0.1330671989354624,hybrid/B35/S70/MA10-20/V0.0
hybrid,35,70,10,20,1.0,,-0.674611108025192,-0.1305796430623708,-0.09691983257072478,-0.14366770931839667,3,1.0,1.368734743666572,0.1330671989354624,hybrid/B35/S70/MA10-20/V1.0
hybrid,35,70,10,20,1.5,,-0.6519391383674481,-0.12627251001234174,-0.09366260262426052,-0.14366770931839667,2,1.0,1.4443444010701956,0.09980039920159679,hybrid/B35/S70/MA10-20/V1.5
hybrid,35,75,5,20,0.0,,-0.5079571165654195,-0.09878518949588988,-0.07297703536893163,-0.14366770931839667,1,1.0,1.4441046551138288,0.0665335994677312,hybrid/B35/S75/MA5-20/V0.0
hybrid,35,75,5,20,1.0,,-0.5079571165654195,-0.09878518949588988,-0.07297703536893163,-0.14366770931839667,1,1.0,1.4441046551138288,0.0665335994677312,hybrid/B35/S75/MA5-20/V1.0
hybrid,35,75,5,20,1.5,,-0.5079571165654195,-0.09878518949588988,-0.07297703536893163,-0.14366770931839667,1,1.0,1.4441046551138288,0.0665335994677312,hybrid/B35/S75/MA5-20/V1.5
hybrid,35,75,5,50,0.0,,-0.7332666573869379,-0.04681613525682249,-0.034328711011545,-0.04681613525682249,1,0.0,-2.8486046175350705,0.0332667997338656,hybrid/B35/S75/MA5-50/V0.0
hybrid,35,75,5,50,1.0,,-0.7332666573869379,-0.04681613525682249,-0.034328711011545,-0.04681613525682249,1,0.0,-2.8486046175350705,0.0332667997338656,hybrid/B35/S75/MA5-50/V1.0
hybrid,35,75,5,50,1.5,,-0.7332666573869379,-0.04681613525682249,-0.034328711011545,-0.04681613525682249,1,0.0,-2.8486046175350705,0.0332667997338656,hybrid/B35/S75/MA5-50/V1.5
hybrid,35,75,10,20,0.0,,-0.674611108025192,-0.1305796430623708,-0.09691983257072478,-0.14366770931839667,3,1.0,1.368734743666572,0.1330671989354624,hybrid/B35/S75/MA10-20/V0.0
hybrid,35,75,10,20,1.0,,-0.674611108025192,-0.1305796430623708,-0.09691983257072478,-0.14366770931839667,3,1.0,1.368734743666572,0.1330671989354624,hybrid/B35/S75/MA10-20/V1.0
hybrid,35,75,10,20,1.5,,-0.6519391383674481,-0.12627251001234174,-0.09366260262426052,-0.14366770931839667,2,1.0,1.4443444010701956,0.09980039920159679,hybrid/B35/S75/MA10-20/V1.5
hybrid,40,55,5,20,0.0,,-0.6916345323631183,-0.20374409034435115,-0.15294302524068637,-0.22113271978789661,3,1.0,2.0750166388739966,0.499001996007984,hybrid/B40/S55/MA5-20/V0.0
hybrid,40,55,5,20,1.0,,-0.6098281690685126,-0.18031033515564487,-0.13485296162939342,-0.22113271978789661,2,1.0,2.765154856096341,0.1330671989354624,hybrid/B40/S55/MA5-20/V1.0
hybrid,40,55,5,20,1.5,,-0.5079571165654195,-0.09878518949588988,-0.07297703536893163,-0.14366770931839667,1,1.0,1.4441046551138288,0.0665335994677312,hybrid/B40/S55/MA5-20/V1.5
hybrid,40,60,5,20,0.0,,-0.6916345323631183,-0.20374409034435115,-0.15294302524068637,-0.22113271978789661,3,1.0,2.0750166388739966,0.499001996007984,hybrid/B40/S60/MA5-20/V0.0
hybrid,40,60,5,20,1.0,,-0.6098281690685126,-0.18031033515564487,-0.13485296162939342,-0.22113271978789661,2,1.0,2.765154856096341,0.1330671989354624,hybrid/B40/S60/MA5-20/V1.0
hybrid,40,60,5,20,1.5,,-0.5079571165654195,-0.09878518949588988,-0.07297703536893163,-0.14366770931839667,1,1.0,1.4441046551138288,0.0665335994677312,hybrid/B40/S60/MA5-20/V1.5
hybrid,40,65,5,20,0.0,,-0.6916345323631183,-0.20374409034435115,-0.15294302524068637,-0.22113271978789661,3,1.0,2.0750166388739966,0.499001996007984,hybrid/B40/S65/MA5-20/V0.0
hybrid,40,65,5,20,1.0,,-0.6098281690685126,-0.18031033515564487,-0.13485296162939342,-0.22113271978789661,2,1.0,2.765154856096341,0.1330671989354624,hybrid/B40/S65/MA5-20/V1.0
hybrid,40,65,5,20,1.5,,-0.5079571165654195,-0.09878518949588988,-0.07297703536893163,-0.14366770931839667,1,1.0,1.4441046551138288,0.0665335994677312,hybrid/B40/S65/MA5-20/V1.5
hybrid,40,70,5,20,0.0,,-0.6916345323631183,-0.20374409034435115,-0.15294302524068637,-0.22113271978789661,3,1.0,2.0750166388739966,0.499001996007984,hybrid/B40/S70/MA5-20/V0.0
hybrid,40,70,5,20,1.0,,-0.6098281690685126,-0.18031033515564487,-0.13485296162939342,-0.22113271978789661,2,1.0,2.765154856096341,0.1330671989354624,hybrid/B40/S70/MA5-20/V1.0
hybrid,40,70,5,20,1.5,,-0.5079571165654195,-0.09878518949588988,-0.07297703536893163,-0.14366770931839667,1,1.0,1.4441046551138288,0.0665335994677312,hybrid/B40/S70/MA5-20/V1.5
hybrid,40,75,5,20,0.0,,-0.6916345323631183,-0.20374409034435115,-0.15294302524068637,-0.22113271978789661,3,1.0,2.0750166388739966,0.499001996007984,hybrid/B40/S75/MA5-20/V0.0
hybrid,40,75,5,20,1.0,,-0.6098281690685126,-0.18031033515564487,-0.13485296162939342,-0.22113271978789661,2,1.0,2.765154856096341,0.1330671989354624,hybrid/B40/S75/MA5-20/V1.0
hybrid,40,75,5,20,1.5,,-0.5079571165654195,-0.09878518949588988,-0.07297703536893163,-0.14366770931839667,1,1.0,1.4441046551138288,0.0665335994677312,hybrid/B40/S75/MA5-20/V1.5
momentum,30,55,5,20,0.0,,0.0,0.0,0.0,0.0,0,0.0,0.0,0.0,momentum/B30/S55/MA5-20/V0.0
momentum,30,55,5,20,1.0,,0.0,0.0,0.0,0.0,0,0.0,0.0,0.0,momentum/B30/S55/MA5-20/V1.0
momentum,30,55,5,20,1.5,,0.0,0.0,0.0,0.0,0,0.0,0.0,0.0,momentum/B30/S55/MA5-20/V1.5
momentum,30,55,5,50,0.0,,0.0,0.0,0.0,0.0,0,0.0,0.0,0.0,momentum/B30/S55/MA5-50/V0.0
momentum,30,55,5,50,1.0,,0.0,0.0,0.0,0.0,0,0.0,0.0,0.0,momentum/B30/S55/MA5-50/V1.0
momentum,30,55,5,50,1.5,,0.0,0.0,0.0,0.0,0,0.0,0.0,0.0,momentum/B30/S55/MA5-50/V1.5
momentum,30,55,10,20,0.0,,0.0,0.0,0.0,0.0,0,0.0,0.0,0.0,momentum/B30/S55/MA10-20/V0.0
momentum,30,55,10,20,1.0,,0.0,0.0,0.0,0.0,0,0.0,0.0,0.0,momentum/B30/S55/MA10-20/V1.0
momentum,30,55,10,20,1.5,,0.0,0.0,0.0,0.0,0,0.0,0.0,0.0,momentum/B30/S55/MA10-20/V1.5
momentum,30,55,10,50,0.0,,0.0,0.0,0.0,0.0,0,0.0,0.0,0.0,momentum/B30/S55/MA10-50/V0.0
momentum,30,55,10,50,1.0,,0.0,0.0,0.0,0.0,0,0.0,0.0,0.0,momentum/B30/S55/MA10-50/V1.0
momentum,30,55,10,50,1.5,,0.0,0.0,0.0,0.0,0,0.0,0.0,0.0,momentum/B30/S55/MA10-50/V1.5
momentum,30,55,20,50,0.0,,0.0,0.0,0.0,0.0,0,0.0,0.0,0.0,momentum/B30/S55/MA20-50/V0.0
momentum,30,55,20,50,1.0,,0.0,0.0,0.0,0.0,0,0.0,0.0,0.0,momentum/B30/S55/MA20-50/V1.0
momentum,30,55,20,50,1.5,,0.0,0.0,0.0,0.0,0,0.0,0.0,0.0,momentum/B30/S55/MA20-50/V1.5
momentum,30,60,5,20,0.0,,0.0,0.0,0.0,0.0,0,0.0,0.0,0.0,momentum/B30/S60/MA5-20/V0.0
momentum,30,60,5,20,1.0,,0.0,0.0,0.0,0.0,0,0.0,0.0,0.0,momentum/B30/S60/MA5-20/V1.0
momentum,30,60,5,20,1.5,,0.0,0.0,0.0,0.0,0,0.0,0.0,0.0,momentum/B30/S60/MA5-20/V1.5
momentum,30,60,5,50,0.0,,0.0,0.0,0.0,0.0,0,0.0,0.0,0.0,momentum/B30/S60/MA5-50/V0.0
momentum,30,60,5,50,1.0,,0.0,0.0,0.0,0.0,0,0.0,0.0,0.0,momentum/B30/S60/MA5-50/V1.0
momentum,30,60,5,50,1.5,,0.0,0.0,0.0,0.0,0,0.0,0.0,0.0,momentum/B30/S60/MA5-50/V1.5
momentum,30,60,10,20,0.0,,0.0,0.0,0.0,0.0,0,0.0,0.0,0.0,momentum/B30/S60/MA10-20/V0.0
momentum,30,60,10,20,1.0,,0.0,0.0,0.0,0.0,0,0.0,0.0,0.0,momentum/B30/S60/MA10-20/V1.0
momentum,30,60,10,20,1.5,,0.0,0.0,0.0,0.0,0,0.0,0.0,0.0,momentum/B30/S60/MA10-20/V1.5
momentum,30,60,10,50,0.0,,0.0,0.0,0.0,0.0,0,0.0,0.0,0.0,momentum/B30/S60/MA10-50/V0.0
momentum,30,60,10,50,1.0,,0.0,0.0,0.0,0.0,0,0.0,0.0,0.0,momentum/B30/S60/MA10-50/V1.0
momentum,30,60,10,50,1.5,,0.0,0.0,0.0,0.0,0,0.0,0.0,0.0,momentum/B30/S60/MA10-50/V1.5
momentum,30,60,20,50,0.0,,0.0,0.0,0.0,0.0,0,0.0,0.0,0.0,momentum/B30/S60/MA20-50/V0.0
momentum,30,60,20,50,1.0,,0.0,0.0,0.0,0.0,0,0.0,0.0,0.0,momentum/B30/S60/MA20-50/V1.0
momentum,30,60,20,50,1.5,,0.0,0.0,0.0,0.0,0,0.0,0.0,0.0,momentum/B30/S60/MA20-50/V1.5
momentum,30,65,5,20,0.0,,0.0,0.0,0.0,0.0,0,0.0,0.0,0.0,momentum/B30/S65/MA5-20/V0.0
momentum,30,65,5,20,1.0,,0.0,0.0,0.0,0.0,0,0.0,0.0,0.0,momentum/B30/S65/MA5-20/V1.0
momentum,30,65,5,20,1.5,,0.0,0.0,0.0,0.0,0,0.0,0.0,0.0,momentum/B30/S65/MA5-20/V1.5
momentum,30,65,5,50,0.0,,0.0,0.0,0.0,0.0,0,0.0,0.0,0.0,momentum/B30/S65/MA5-50/V0.0
momentum,30,65,5,50,1.0,,0.0,0.0,0.0,0.0,0,0.0,0.0,0.0,momentum/B30/S65/MA5-50/V1.0
momentum,30,65,5,50,1.5,,0.0,0.0,0.0,0.0,0,0.0,0.0,0.0,momentum/B30/S65/MA5-50/V1.5
momentum,30,65,10,20,0.0,,0.0,0.0,0.0,0.0,0,0.0,0.0,0.0,momentum/B30/S65/MA10-20/V0.0
momentum,30,65,10,20,1.0,,0.0,0.0,0.0,0.0,0,0.0,0.0,0.0,momentum/B30/S65/MA10-20/V1.0
momentum,30,65,10,20,1.5,,0.0,0.0,0.0,0.0,0,0.0,0.0,0.0,momentum/B30/S65/MA10-20/V1.5
momentum,30,65,10,50,0.0,,0.0,0.0,0.0,0.0,0,0.0,0.0,0.0,momentum/B30/S65/MA10-50/V0.0
momentum,30,65,10,50,1.0,,0.0,0.0,0.0,0.0,0,0.0,0.0,0.0,momentum/B30/S65/MA10-50/V1.0
momentum,30,65,10,50,1.5,,0.0,0.0,0.0,0.0,0,0.0,0.0,0.0,momentum/B30/S65/MA10-50/V1.5
momentum,30,65,20,50,0.0,,0.0,0.0,0.0,0.0,0,0.0,0.0,0.0,momentum/B30/S65/MA20-50/V0.0
momentum,30,65,20,50,1.0,,0.0,0.0,0.0,0.0,0,0.0,0.0,0.0,momentum/B30/S65/MA20-50/V1.0
momentum,30,65,20,50,1.5,,0.0,0.0,0.0,0.0,0,0.0,0.0,0.0,momentum/B30/S65/MA20-50/V1.5
momentum,30,70,5,20,0.0,,0.0,0.0,0.0,0.0,0,0.0,0.0,0.0,momentum/B30/S70/MA5-20/V0.0
momentum,30,70,5,20,1.0,,0.0,0.0,0.0,0.0,0,0.0,0.0,0.0,momentum/B30/S70/MA5-20/V1.0
momentum,30,70,5,20,1.5,,0.0,0.0,0.0,0.0,0,0.0,0.0,0.0,momentum/B30/S70/MA5-20/V1.5
momentum,30,70,5,50,0.0,,0.0,0.0,0.0,0.0,0,0.0,0.0,0.0,momentum/B30/S70/MA5-50/V0.0
momentum,30,70,5,50,1.0,,0.0,0.0,0.0,0.0,0,0.0,0.0,0.0,momentum/B30/S70/MA5-50/V1.0
momentum,30,70,5,50,1.5,,0.0,0.0,0.0,0.0,0,0.0,0.0,0.0,momentum/B30/S70/MA5-50/V1.5
momentum,30,70,10,20,0.0,,0.0,0.0,0.0,0.0,0,0.0,0.0,0.0,momentum/B30/S70/MA10-20/V0.0
momentum,30,70,10,20,1.0,,0.0,0.0,0.0,0.0,0,0.0,0.0,0.0,momentum/B30/S70/MA10-20/V1.0
momentum,30,70,10,20,1.5,,0.0,0.0,0.0,0.0,0,0.0,0.0,0.0,momentum/B30/S70/MA10-20/V1.5
momentum,30,70,10,50,0.0,,0.0,0.0,0.0,0.0,0,0.0,0.0,0.0,momentum/B30/S70/MA10-50/V0.0
momentum,30,70,10,50,1.0,,0.0,0.0,0.0,0.0,0,0.0,0.0,0.0,momentum/B30/S70/MA10-50/V1.0
momentum,30,70,10,50,1.5,,0.0,0.0,0.0,0.0,0,0.0,0.0,0.0,momentum/B30/S70/MA10-50/V1.5
momentum,30,70,20,50,0.0,,0.0,0.0,0.0,0.0,0,0.0,0.0,0.0,momentum/B30/S70/MA20-50/V0.0
momentum,30,70,20,50,1.0,,0.0,0.0,0.0,0.0,0,0.0,0.0,0.0,momentum/B30/S70/MA20-50/V1.0
momentum,30,70,20,50,1.5,,0.0,0.0,0.0,0.0,0,0.0,0.0,0.0,momentum/B30/S70/MA20-50/V1.5
momentum,30,75,5,20,0.0,,0.0,0.0,0.0,0.0,0,0.0,0.0,0.0,momentum/B30/S75/MA5-20/V0.0
momentum,30,75,5,20,1.0,,0.0,0.0,0.0,0.0,0,0.0,0.0,0.0,momentum/B30/S75/MA5-20/V1.0
momentum,30,75,5,20,1.5,,0.0,0.0,0.0,0.0,0,0.0,0.0,0.0,momentum/B30/S75/MA5-20/V1.5
momentum,30,75,5,50,0.0,,0.0,0.0,0.0,0.0,0,0.0,0.0,0.0,momentum/B30/S75/MA5-50/V0.0
momentum,30,75,5,50,1.0,,0.0,0.0,0.0,0.0,0,0.0,0.0,0.0,momentum/B30/S75/MA5-50/V1.0
momentum,30,75,5,50,1.5,,0.0,0.0,0.0,0.0,0,0.0,0.0,0.0,momentum/B30/S75/MA5-50/V1.5
momentum,30,75,10,20,0.0,,0.0,0.0,0.0,0.0,0,0.0,0.0,0.0,momentum/B30/S75/MA10-20/V0.0
momentum,30,75,10,20,1.0,,0.0,0.0,0.0,0.0,0,0.0,0.0,0.0,momentum/B30/S75/MA10-20/V1.0
momentum,30,75,10,20,1.5,,0.0,0.0,0.0,0.0,0,0.0,0.0,0.0,momentum/B30/S75/MA10-20/V1.5
momentum,30,75,10,50,0.0,,0.0,0.0,0.0,0.0,0,0.0,0.0,0.0,momentum/B30/S75/MA10-50/V0.0
momentum,30,75,10,50,1.0,,0.0,0.0,0.0,0.0,0,0.0,0.0,0.0,momentum/B30/S75/MA10-50/V1.0
momentum,30,75,10,50,1.5,,0.0,0.0,0.0,0.0,0,0.0,0.0,0.0,momentum/B30/S75/MA10-50/V1.5
momentum,30,75,20,50,0.0,,0.0,0.0,0.0,0.0,0,0.0,0.0,0.0,momentum/B30/S75/MA20-50/V0.0
momentum,30,75,20,50,1.0,,0.0,0.0,0.0,0.0,0,0.0,0.0,0.0,momentum/B30/S75/MA20-50/V1.0
momentum,30,75,20,50,1.5,,0.0,0.0,0.0,0.0,0,0.0,0.0,0.0,momentum/B30/S75/MA20-50/V1.5
momentum,35,55,5,20,0.0,,0.0,0.052412504247366654,0.037918977496993245,0.0,1,0.0,-3.6080393897812515,0.0332667997338656,momentum/B35/S55/MA5-20/V0.0
momentum,35,55,5,20,1.0,,0.0,0.052412504247366654,0.037918977496993245,0.0,1,0.0,-3.6080393897812515,0.0332667997338656,momentum/B35/S55/MA5-20/V1.0
momentum,35,55,5,20,1.5,,0.0,0.0,0.0,0.0,0,0.0,0.0,0.0,momentum/B35/S55/MA5-20/V1.5
momentum,35,55,5,50,0.0,,0.0,0.0,0.0,0.0,0,0.0,0.0,0.0,momentum/B35/S55/MA5-50/V0.0
momentum,35,55,5,50,1.0,,0.0,0.0,0.0,0.0,0,0.0,0.0,0.0,momentum/B35/S55/MA5-50/V1.0
momentum,35,55,5,50,1.5,,0.0,0.0,0.0,0.0,0,0.0,0.0,0.0,momentum/B35/S55/MA5-50/V1.5
momentum,35,55,10,20,0.0,,0.0,0.052412504247366654,0.037918977496993245,0.0,1,0.0,-3.6080393897812515,0.0332667997338656,momentum/B35/S55/MA10-20/V0.0
momentum,35,55,10,20,1.0,,0.0,0.052412504247366654,0.037918977496993245,0.0,1,0.0,-3.6080393897812515,0.0332667997338656,momentum/B35/S55/MA10-20/V1.0
momentum,35,55,10,20,1.5,,0.0,0.0,0.0,0.0,0,0.0,0.0,0.0,momentum/B35/S55/MA10-20/V1.5
momentum,35,55,10,50,0.0,,0.0,0.09811502472860911,0.07056660317411101,0.0,2,0.0,-3.1634278912656364,0.0665335994677312,momentum/B35/S55/MA10-50/V0.0
momentum,35,55,10,50,1.0,,0.0,0.08490612526486951,0.061169375866228615,0.0,1,0.0,-4.841933139534879,0.0332667997338656,momentum/B35/S55/MA10-50/V1.0
momentum,35,55,10,50,1.5,,0.0,0.0,0.0,0.0,0,0.0,0.0,0.0,momentum/B35/S55/MA10-50/V1.5
momentum,35,55,20,50,1.5,,292.2905761747347,0.033434458098201114,0.024249435945967512,-8.296345459824513e-05,2,0.0,-3.0147280014629922,0.09980039920159679,momentum/B35/S55/MA20-50/V1.5
momentum,35,60,5,20,0.0,,0.0,0.052412504247366654,0.037918977496993245,0.0,1,0.0,-3.6080393897812515,0.0332667997338656,momentum/B35/S60/MA5-20/V0.0
momentum,35,60,5,20,1.0,,0.0,0.052412504247366654,0.037918977496993245,0.0,1,0.0,-3.6080393897812515,0.0332667997338656,momentum/B35/S60/MA5-20/V1.0
momentum,35,60,5,20,1.5,,0.0,0.0,0.0,0.0,0,0.0,0.0,0.0,momentum/B35/S60/MA5-20/V1.5
momentum,35,60,5,50,0.0,,0.0,0.0,0.0,0.0,0,0.0,0.0,0.0,momentum/B35/S60/MA5-50/V0.0
momentum,35,60,5,50,1.0,,0.0,0.0,0.0,0.0,0,0.0,0.0,0.0,momentum/B35/S60/MA5-50/V1.0
momentum,35,60,5,50,1.5,,0.0,0.0,0.0,0.0,0,0.0,0.0,0.0,momentum/B35/S60/MA5-50/V1.5
momentum,35,60,10,20,0.0,,0.0,0.052412504247366654,0.037918977496993245,0.0,1,0.0,-3.6080393897812515,0.0332667997338656,momentum/B35/S60/MA10-20/V0.0
momentum,35,60,10,20,1.0,,0.0,0.052412504247366654,0.037918977496993245,0.0,1,0.0,-3.6080393897812515,0.0332667997338656,momentum/B35/S60/MA10-20/V1.0
momentum,35,60,10,20,1.5,,0.0,0.0,0.0,0.0,0,0.0,0.0,0.0,momentum/B35/S60/MA10-20/V1.5
momentum,35,60,10,50,0.0,,0.0,0.09811502472860911,0.07056660317411101,0.0,2,0.0,-3.1634278912656364,0.0665335994677312,momentum/B35/S60/MA10-50/V0.0
momentum,35,60,10,50,1.0,,0.0,0.08490612526486951,0.061169375866228615,0.0,1,0.0,-4.841933139534879,0.0332667997338656,momentum/B35/S60/MA10-50/V1.0
momentum,35,60,10,50,1.5,,0.0,0.0,0.0,0.0,0,0.0,0.0,0.0,momentum/B35/S60/MA10-50/V1.5
momentum,35,60,20,50,1.5,,292.2905761747347,0.033434458098201114,0.024249435945967512,-8.296345459824513e-05,2,0.0,-3.0147280014629922,0.09980039920159679,momentum/B35/S60/MA20-50/V1.5
momentum,35,65,5,20,0.0,,0.0,0.052412504247366654,0.037918977496993245,0.0,1,0.0,-3.6080393897812515,0.0332667997338656,momentum/B35/S65/MA5-20/V0.0
momentum,35,65,5,20,1.0,,0.0,0.052412504247366654,0.037918977496993245,0.0,1,0.0,-3.6080393897812515,0.0332667997338656,momentum/B35/S65/MA5-20/V1.0
momentum,35,65,5,20,1.5,,0.0,0.0,0.0,0.0,0,0.0,0.0,0.0,momentum/B35/S65/MA5-20/V1.5
momentum,35,65,5,50,0.0,,0.0,0.0,0.0,0.0,0,0.0,0.0,0.0,momentum/B35/S65/MA5-50/V0.0
momentum,35,65,5,50,1.0,,0.0,0.0,0.0,0.0,0,0.0,0.0,0.0,momentum/B35/S65/MA5-50/V1.0
momentum,35,65,5,50,1.5,,0.0,0.0,0.0,0.0,0,0.0,0.0,0.0,momentum/B35/S65/MA5-50/V1.5
momentum,35,65,10,20,0.0,,0.0,0.052412504247366654,0.037918977496993245,0.0,1,0.0,-3.6080393897812515,0.0332667997338656,momentum/B35/S65/MA10-20/V0.0
momentum,35,65,10,20,1.0,,0.0,0.052412504247366654,0.037918977496993245,0.0,1,0.0,-3.6080393897812515,0.0332667997338656,momentum/B35/S65/MA10-20/V1.0
momentum,35,65,10,20,1.5,,0.0,0.0,0.0,0.0,0,0.0,0.0,0.0,momentum/B35/S65/MA10-20/V1.5
momentum,35,65,10,50,0.0,,0.0,0.09811502472860911,0.07056660317411101,0.0,2,0.0,-3.1634278912656364,0.0665335994677312,momentum/B35/S65/MA10-50/V0.0
momentum,35,65,10,50,1.0,,0.0,0.08490612526486951,0.061169375866228615,0.0,1,0.0,-4.841933139534879,0.0332667997338656,momentum/B35/S65/MA10-50/V1.0
momentum,35,65,10,50,1.5,,0.0,0.0,0.0,0.0,0,0.0,0.0,0.0,momentum/B35/S65/MA10-50/V1.5
momentum,35,65,20,50,1.5,,292.2905761747347,0.033434458098201114,0.024249435945967512,-8.296345459824513e-05,2,0.0,-3.0147280014629922,0.09980039920159679,momentum/B35/S65/MA20-50/V1.5
momentum,35,70,5,20,0.0,,0.0,0.052412504247366654,0.037918977496993245,0.0,1,0.0,-3.6080393897812515,0.0332667997338656,momentum/B35/S70/MA5-20/V0.0
momentum,35,70,5,20,1.0,,0.0,0.052412504247366654,0.037918977496993245,0.0,1,0.0,-3.6080393897812515,0.0332667997338656,momentum/B35/S70/MA5-20/V1.0
momentum,35,70,5,20,1.5,,0.0,0.0,0.0,0.0,0,0.0,0.0,0.0,momentum/B35/S70/MA5-20/V1.5
momentum,35,70,5,50,0.0,,0.0,0.0,0.0,0.0,0,0.0,0.0,0.0,momentum/B35/S70/MA5-50/V0.0
momentum,35,70,5,50,1.0,,0.0,0.0,0.0,0.0,0,0.0,0.0,0.0,momentum/B35/S70/MA5-50/V1.0
momentum,35,70,5,50,1.5,,0.0,0.0,0.0,0.0,0,0.0,0.0,0.0,momentum/B35/S70/MA5-50/V1.5
momentum,35,70,10,20,0.0,,0.0,0.052412504247366654,0.037918977496993245,0.0,1,0.0,-3.6080393897812515,0.0332667997338656,momentum/B35/S70/MA10-20/V0.0
momentum,35,70,10,20,1.0,,0.0,0.052412504247366654,0.037918977496993245,0.0,1,0.0,-3.6080393897812515,0.0332667997338656,momentum/B35/S70/MA10-20/V1.0
momentum,35,70,10,20,1.5,,0.0,0.0,0.0,0.0,0,0.0,0.0,0.0,momentum/B35/S70/MA10-20/V1.5
momentum,35,70,10,50,0.0,,0.0,0.09811502472860911,0.07056660317411101,0.0,2,0.0,-3.1634278912656364,0.0665335994677312,momentum/B35/S70/MA10-50/V0.0
momentum,35,70,10,50,1.0,,0.0,0.08490612526486951,0.061169375866228615,0.0,1,0.0,-4.841933139534879,0.0332667997338656,momentum/B35/S70/MA10-50/V1.0
momentum,35,70,10,50,1.5,,0.0,0.0,0.0,0.0,0,0.0,0.0,0.0,momentum/B35/S70/MA10-50/V1.5
momentum,35,70,20,50,1.5,,292.2905761747347,0.033434458098201114,0.024249435945967512,-8.296345459824513e-05,2,0.0,-3.0147280014629922,0.09980039920159679,momentum/B35/S70/MA20-50/V1.5
momentum,35,75,5,20,0.0,,0.0,0.052412504247366654,0.037918977496993245,0.0,1,0.0,-3.6080393897812515,0.0332667997338656,momentum/B35/S75/MA5-20/V0.0
momentum,35,75,5,20,1.0,,0.0,0.052412504247366654,0.037918977496993245,0.0,1,0.0,-3.6080393897812515,0.0332667997338656,momentum/B35/S75/MA5-20/V1.0
momentum,35,75,5,20,1.5,,0.0,0.0,0.0,0.0,0,0.0,0.0,0.0,momentum/B35/S75/MA5-20/V1.5
momentum,35,75,5,50,0.0,,0.0,0.0,0.0,0.0,0,0.0,0.0,0.0,momentum/B35/S75/MA5-50/V0.0
momentum,35,75,5,50,1.0,,0.0,0.0,0.0,0.0,0,0.0,0.0,0.0,momentum/B35/S75/MA5-50/V1.0
momentum,35,75,5,50,1.5,,0.0,0.0,0.0,0.0,0,0.0,0.0,0.0,momentum/B35/S75/MA5-50/V1.5
momentum,35,75,10,20,0.0,,0.0,0.052412504247366654,0.037918977496993245,0.0,1,0.0,-3.6080393897812515,0.0332667997338656,momentum/B35/S75/MA10-20/V0.0
momentum,35,75,10,20,1.0,,0.0,0.052412504247366654,0.037918977496993245,0.0,1,0.0,-3.6080393897812515,0.0332667997338656,momentum/B35/S75/MA10-20/V1.0
momentum,35,75,10,20,1.5,,0.0,0.0,0.0,0.0,0,0.0,0.0,0.0,momentum/B35/S75/MA10-20/V1.5
momentum,35,75,10,50,0.0,,0.0,0.09811502472860911,0.07056660317411101,0.0,2,0.0,-3.1634278912656364,0.0665335994677312,momentum/B35/S75/MA10-50/V0.0
momentum,35,75,10,50,1.0,,0.0,0.08490612526486951,0.061169375866228615,0.0,1,0.0,-4.841933139534879,0.0332667997338656,momentum/B35/S75/MA10-50/V1.0
momentum,35,75,10,50,1.5,,0.0,0.0,0.0,0.0,0,0.0,0.0,0.0,momentum/B35/S75/MA10-50/V1.5
momentum,35,75,20,50,1.5,,292.2905761747347,0.033434458098201114,0.024249435945967512,-8.296345459824513e-05,2,0.0,-3.0147280014629922,0.09980039920159679,momentum/B35/S75/MA20-50/V1.5
momentum,40,55,5,20,0.0,,1.5833620613846457,0.1351635834210727,0.09676212370594683,-0.06111181142064793,3,0.3333333333333333,-0.947798980566642,0.499001996007984,momentum/B40/S55/MA5-20/V0.0
momentum,40,55,5,20,1.0,,1.5833620613846457,0.1351635834210727,0.09676212370594683,-0.06111181142064793,3,0.3333333333333333,-0.947798980566642,0.499001996007984,momentum/B40/S55/MA5-20/V1.0
momentum,40,55,5,20,1.5,,0.0,0.0,0.0,0.0,0,0.0,0.0,0.0,momentum/B40/S55/MA5-20/V1.5
momentum,40,55,5,50,0.0,,1.2859780819950564,0.05592985147770868,0.040445080534618816,-0.03145083193943137,2,0.0,-1.5654541742398584,0.1330671989354624,momentum/B40/S55/MA5-50/V0.0
momentum,40,55,5,50,1.0,,1.2859780819950564,0.05592985147770868,0.040445080534618816,-0.03145083193943137,2,0.0,-1.5654541742398584,0.1330671989354624,momentum/B40/S55/MA5-50/V1.0
momentum,40,55,5,50,1.5,,0.0,0.03481461369053007,0.025245821214437303,0.0,1,0.0,-0.7055187895396765,0.0332667997338656,momentum/B40/S55/MA5-50/V1.5
momentum,40,55,10,20,1.5,,4.658352475157242,0.22372100842428067,0.15845829286049007,-0.03401595171373144,2,0.5,4.773265425436867,0.4324683965402528,momentum/B40/S55/MA10-20/V1.5
momentum,40,55,10,50,1.5,,2.828061918376963,0.04734021868061111,0.03427210249602175,-0.012118582791034031,2,0.0,-3.803568611983885,0.19960079840319359,momentum/B40/S55/MA10-50/V1.5
momentum,40,55,20,50,1.5,,0.9843531213675836,0.12636648031142794,0.09056333417412232,-0.09200289226319583,4,0.5,1.7106395623531223,0.5988023952095809,momentum/B40/S55/MA20-50/V1.5
momentum,40,60,5,20,0.0,,0.7339610281188925,0.070909040963276,0.05117744814996472,-0.069727746010071,3,0.0,-1.8580565386888244,0.83166999334664,momentum/B40/S60/MA5-20/V0.0
momentum,40,60,5,20,1.0,,0.7339610281188925,0.070909040963276,0.05117744814996472,-0.069727746010071,3,0.0,-1.8580565386888244,0.83166999334664,momentum/B40/S60/MA5-20/V1.0
momentum,40,60,5,20,1.5,,0.0,0.0,0.0,0.0,0,0.0,0.0,0.0,momentum/B40/S60/MA5-20/V1.5
momentum,40,60,5,50,0.0,,1.2859780819950564,0.05592985147770868,0.040445080534618816,-0.03145083193943137,2,0.0,-1.5654541742398584,0.1330671989354624,momentum/B40/S60/MA5-50/V0.0
momentum,40,60,5,50,1.0,,1.2859780819950564,0.05592985147770868,0.040445080534618816,-0.03145083193943137,2,0.0,-1.5654541742398584,0.1330671989354624,momentum/B40/S60/MA5-50/V1.0
momentum,40,60,5,50,1.5,,0.0,0.03481461369053007,0.025245821214437303,0.0,1,0.0,-0.7055187895396765,0.0332667997338656,momentum/B40/S60/MA5-50/V1.5
momentum,40,60,10,20,1.5,,105.4383779296019,0.24612383837040985,0.17387117426894783,-0.0016490311941733066,2,0.5,4.6286930167135125,0.29940119760479045,momentum/B40/S60/MA10-20/V1.5
momentum,40,60,10,50,1.5,,2.828061918376963,0.04734021868061111,0.03427210249602175,-0.012118582791034031,2,0.0,-3.803568611983885,0.19960079840319359,momentum/B40/S60/MA10-50/V1.5
momentum,40,60,20,50,1.5,,0.9160472587061973,0.11746697033385578,0.08427899725074228,-0.09200289226319598,4,0.5,1.1552071898475822,0.665335994677312,momentum/B40/S60/MA20-50/V1.5
momentum,40,65,5,20,0.0,,0.7339610281188925,0.070909040963276,0.05117744814996472,-0.069727746010071,3,0.0,-1.8580565386888244,0.83166999334664,momentum/B40/S65/MA5-20/V0.0
momentum,40,65,5,20,1.0,,0.7339610281188925,0.070909040963276,0.05117744814996472,-0.069727746010071,3,0.0,-1.8580565386888244,0.83166999334664,momentum/B40/S65/MA5-20/V1.0
momentum,40,65,5,20,1.5,,0.0,0.0,0.0,0.0,0,0.0,0.0,0.0,momentum/B40/S65/MA5-20/V1.5
momentum,40,65,5,50,0.0,,1.2859780819950564,0.05592985147770868,0.040445080534618816,-0.03145083193943137,2,0.0,-1.5654541742398584,0.1330671989354624,momentum/B40/S65/MA5-50/V0.0
momentum,40,65,5,50,1.0,,1.2859780819950564,0.05592985147770868,0.040445080534618816,-0.03145083193943137,2,0.0,-1.5654541742398584,0.1330671989354624,momentum/B40/S65/MA5-50/V1.0
momentum,40,65,5,50,1.5,,0.0,0.03481461369053007,0.025245821214437303,0.0,1,0.0,-0.7055187895396765,0.0332667997338656,momentum/B40/S65/MA5-50/V1.5
momentum,40,65,10,20,1.5,,6.376495731281198,0.3092493184344418,0.21690257089807585,-0.03401595171373144,2,0.5,7.941606518306261,0.5655355954757153,momentum/B40/S65/MA10-20/V1.5
momentum,40,65,10,50,1.5,,2.828061918376963,0.04734021868061111,0.03427210249602175,-0.012118582791034031,2,0.0,-3.803568611983885,0.19960079840319359,momentum/B40/S65/MA10-50/V1.5
momentum,40,65,20,50,1.5,,0.9160472587061973,0.11746697033385578,0.08427899725074228,-0.09200289226319598,4,0.5,1.1552071898475822,0.665335994677312,momentum/B40/S65/MA20-50/V1.5
momentum,40,70,5,20,0.0,,0.7339610281188925,0.070909040963276,0.05117744814996472,-0.069727746010071,3,0.0,-1.8580565386888244,0.83166999334664,momentum/B40/S70/MA5-20/V0.0
momentum,40,70,5,20,1.0,,0.7339610281188925,0.070909040963276,0.05117744814996472,-0.069727746010071,3,0.0,-1.8580565386888244,0.83166999334664,momentum/B40/S70/MA5-20/V1.0
momentum,40,70,5,20,1.5,,0.0,0.0,0.0,0.0,0,0.0,0.0,0.0,momentum/B40/S70/MA5-20/V1.5
momentum,40,70,5,50,0.0,,1.2859780819950564,0.05592985147770868,0.040445080534618816,-0.03145083193943137,2,0.0,-1.5654541742398584,0.1330671989354624,momentum/B40/S70/MA5-50/V0.0
momentum,40,70,5,50,1.0,,1.2859780819950564,0.05592985147770868,0.040445080534618816,-0.03145083193943137,2,0.0,-1.5654541742398584,0.1330671989354624,momentum/B40/S70/MA5-50/V1.0
momentum,40,70,5,50,1.5,,0.0,0.03481461369053007,0.025245821214437303,0.0,1,0.0,-0.7055187895396765,0.0332667997338656,momentum/B40/S70/MA5-50/V1.5
momentum,40,70,10,20,1.5,,3.3803645033087806,0.24279296197554134,0.17158436153438505,-0.05075913007796474,2,0.5,4.07490717990881,0.9647371922821024,momentum/B40/S70/MA10-20/V1.5
momentum,40,70,10,50,1.5,,2.828061918376963,0.04734021868061111,0.03427210249602175,-0.012118582791034031,2,0.0,-3.803568611983885,0.19960079840319359,momentum/B40/S70/MA10-50/V1.5
momentum,40,70,20,50,1.5,,0.9160472587061973,0.11746697033385578,0.08427899725074228,-0.09200289226319598,4,0.5,1.1552071898475822,0.665335994677312,momentum/B40/S70/MA20-50/V1.5
momentum,40,75,5,20,0.0,,0.7339610281188925,0.070909040963276,0.05117744814996472,-0.069727746010071,3,0.0,-1.8580565386888244,0.83166999334664,momentum/B40/S75/MA5-20/V0.0
momentum,40,75,5,20,1.0,,0.7339610281188925,0.070909040963276,0.05117744814996472,-0.069727746010071,3,0.0,-1.8580565386888244,0.83166999334664,momentum/B40/S75/MA5-20/V1.0
momentum,40,75,5,20,1.5,,0.0,0.0,0.0,0.0,0,0.0,0.0,0.0,momentum/B40/S75/MA5-20/V1.5
momentum,40,75,5,50,0.0,,1.2859780819950564,0.05592985147770868,0.040445080534618816,-0.03145083193943137,2,0.0,-1.5654541742398584,0.1330671989354624,momentum/B40/S75/MA5-50/V0.0
momentum,40,75,5,50,1.0,,1.2859780819950564,0.05592985147770868,0.040445080534618816,-0.03145083193943137,2,0.0,-1.5654541742398584,0.1330671989354624,momentum/B40/S75/MA5-50/V1.0
momentum,40,75,5,50,1.5,,0.0,0.03481461369053007,0.025245821214437303,0.0,1,0.0,-0.7055187895396765,0.0332667997338656,momentum/B40/S75/MA5-50/V1.5
momentum,40,75,10,20,1.5,,3.3803645033087806,0.24279296197554134,0.17158436153438505,-0.05075913007796474,2,0.5,4.07490717990881,0.9647371922821024,momentum/B40/S75/MA10-20/V1.5
momentum,40,75,10,50,1.5,,2.828061918376963,0.04734021868061111,0.03427210249602175,-0.012118582791034031,2,0.0,-3.803568611983885,0.19960079840319359,momentum/B40/S75/MA10-50/V1.5
momentum,40,75,20,50,1.5,,0.9160472587061973,0.11746697033385578,0.08427899725074228,-0.09200289226319598,4,0.5,1.1552071898475822,0.665335994677312,momentum/B40/S75/MA20-50/V1.5
momentum,45,55,5,20,1.5,,7.883538924536426,0.08981153375772233,0.06466284384526988,-0.008202260997788152,1,1.0,3.5543130990415444,0.19960079840319359,momentum/B45/S55/MA5-20/V1.5
momentum,45,55,10,20,1.5,,7.515421876657016,0.3667987476230381,0.255644227664686,-0.03401595171373144,4,0.5,1.5743565843281542,0.7318695941450433,momentum/B45/S55/MA10-20/V1.5
momentum,45,60,5,20,1.5,,3.2495303226648242,0.13637931575151296,0.0976177497442543,-0.030040572036946392,1,1.0,9.603096583927249,0.332667997338656,momentum/B45/S60/MA5-20/V1.5
momentum,45,60,5,50,1.5,,6.454115220260447,1.4262895773489,0.9074239321335698,-0.14059617796797744,4,0.75,18.167898811176084,2.3619427811044575,momentum/B45/S60/MA5-50/V1.5
momentum,45,60,10,20,1.5,,10.37708807565883,0.45129360214108716,0.3117336618705666,-0.0300405720369464,4,0.5,3.0142662511879035,0.7318695941450433,momentum/B45/S60/MA10-20/V1.5
momentum,45,65,5,20,1.5,,1.2187182581342306,0.08156417573457975,0.05878689539209159,-0.048236657652187855,1,1.0,5.554190218726959,0.8982035928143712,momentum/B45/S65/MA5-20/V1.5
momentum,45,65,5,50,1.5,,7.37281186694174,1.6546159172377317,1.0365891693689568,-0.14059617796797744,4,0.75,20.377666880846423,2.2954091816367264,momentum/B45/S65/MA5-50/V1.5
momentum,45,65,10,20,1.5,,6.462137922048192,0.4512606064392659,0.3117119346470616,-0.04823665765218822,4,0.5,3.658496410684205,1.5635395874916833,momentum/B45/S65/MA10-20/V1.5
momentum,45,70,5,20,1.5,,1.2187182581342306,0.08156417573457975,0.05878689539209159,-0.048236657652187855,1,1.0,5.554190218726959,0.8982035928143712,momentum/B45/S70/MA5-20/V1.5
momentum,45,70,5,50,1.5,,7.229259131147775,1.6185726732268653,1.0164062033794785,-0.14059617796797744,4,0.75,20.887031456114453,2.162341982701264,momentum/B45/S70/MA5-50/V1.5
momentum,45,70,10,20,1.5,,5.1786341717610975,0.3775958805399897,0.2628629655506147,-0.05075913007796474,4,0.5,1.7251467414854795,1.9627411842980707,momentum/B45/S70/MA10-20/V1.5
momentum,45,75,5,20,1.5,,1.2187182581342306,0.08156417573457975,0.05878689539209159,-0.048236657652187855,1,1.0,5.554190218726959,0.8982035928143712,momentum/B45/S75/MA5-20/V1.5
momentum,45,75,5,50,1.5,,3.134730428177231,1.0849528189576674,0.7079505736617542,-0.22584097417059562,4,0.75,17.174491058320264,2.4950099800399204,momentum/B45/S75/MA5-50/V1.5
momentum,45,75,10,20,1.5,,5.1786341717610975,0.3775958805399897,0.2628629655506147,-0.05075913007796474,4,0.5,1.7251467414854795,1.9627411842980707,momentum/B45/S75/MA10-20/V1.5
