timestamp,open,high,low,close,volume,rsi_14
2026-04-05 02:55:00+00:00,36.092,36.1,36.071,36.091,2204.31,
2026-04-05 03:00:00+00:00,36.091,36.097,36.059,36.082,2667.9,
2026-04-05 03:05:00+00:00,36.079,36.099,36.072,36.099,2214.78,
2026-04-05 03:10:00+00:00,36.1,36.12,36.094,36.115,3649.46,
2026-04-05 03:15:00+00:00,36.121,36.121,36.056,36.057,226.38,
2026-04-05 03:20:00+00:00,36.051,36.09,36.034,36.086,1728.43,
2026-04-05 03:25:00+00:00,36.086,36.101,36.065,36.091,2157.49,
2026-04-05 03:30:00+00:00,36.091,36.106,36.023,36.033,6446.48,
2026-04-05 03:35:00+00:00,36.034,36.034,35.969,35.986,7423.95,
2026-04-05 03:40:00+00:00,35.986,35.998,35.973,35.985,5268.1,
2026-04-05 03:45:00+00:00,35.985,35.985,35.933,35.968,6037.7,
2026-04-05 03:50:00+00:00,35.967,35.968,35.904,35.919,7118.27,
2026-04-05 03:55:00+00:00,35.918,35.93,35.889,35.92,6682.38,
2026-04-05 04:00:00+00:00,35.92,35.922,35.789,35.821,25192.83,
2026-04-05 04:05:00+00:00,35.821,35.893,35.808,35.822,8983.88,10.544190750875543
2026-04-05 04:10:00+00:00,35.824,35.878,35.818,35.876,9816.6,24.357816812619774
2026-04-05 04:15:00+00:00,35.875,35.955,35.857,35.949,10269.8,38.241629839071415
2026-04-05 04:20:00+00:00,35.955,35.97,35.896,35.905,9567.23,34.17053701070347
2026-04-05 04:25:00+00:00,35.904,35.963,35.903,35.948,10106.81,40.80299913560903
2026-04-05 04:30:00+00:00,35.943,35.951,35.894,35.899,7727.59,36.3131596671614
2026-04-05 04:35:00+00:00,35.892,35.923,35.855,35.923,5269.59,39.8068593922865
2026-04-05 04:40:00+00:00,35.922,35.97,35.855,35.892,8222.24,36.98463014478657
2026-04-05 04:45:00+00:00,35.899,35.909,35.866,35.894,3004.13,37.29351726530044
2026-04-05 04:50:00+00:00,35.894,35.938,35.892,35.915,1347.47,40.58666507052184
2026-04-05 04:55:00+00:00,35.916,35.948,35.851,35.859,6611.21,35.267676617226
2026-04-05 05:00:00+00:00,35.859,35.892,35.839,35.849,7423.86,34.400695654513854
2026-04-05 05:05:00+00:00,35.85,35.85,35.815,35.826,7693.66,32.426263829261245
2026-04-05 05:10:00+00:00,35.825,35.838,35.758,35.82,12426.3,31.91170734441593
2026-04-05 05:15:00+00:00,35.819,35.819,35.8,35.801,1263.66,30.273439368668136
2026-04-05 05:20:00+00:00,35.8,35.8,35.718,35.737,14139.79,25.520750360764197
2026-04-05 05:25:00+00:00,35.737,35.785,35.73,35.764,2680.38,30.479359445172065
2026-04-05 05:30:00+00:00,35.759,35.774,35.709,35.72,5656.82,27.29066902333176
2026-04-05 05:35:00+00:00,35.721,35.721,35.599,35.696,98474.94,25.71064824961779
2026-04-05 05:40:00+00:00,35.696,35.699,35.687,35.693,1393.61,25.511816972761395
2026-04-05 05:45:00+00:00,35.693,35.764,35.679,35.712,19791.67,29.243910566755233
2026-04-05 05:50:00+00:00,35.717,35.748,35.652,35.696,8414.27,27.972887283716304
2026-04-05 05:55:00+00:00,35.695,35.696,35.598,35.655,23426.24,24.977114436336436
2026-04-05 06:00:00+00:00,35.654,35.674,35.598,35.666,6441.56,27.228884941420247
2026-04-05 06:05:00+00:00,35.665,35.672,35.524,35.537,26476.94,19.74447382469745
2026-04-05 06:10:00+00:00,35.543,35.598,35.51,35.533,18721.59,19.56489289419494
2026-04-05 06:15:00+00:00,35.525,35.528,35.431,35.471,41166.87,16.986057488929887
2026-04-05 06:20:00+00:00,35.47,35.55,35.461,35.521,12233.7,25.51293474208272
2026-04-05 06:25:00+00:00,35.52,35.579,35.52,35.562,3860.27,31.707495892686154
2026-04-05 06:30:00+00:00,35.561,35.695,35.561,35.655,26662.9,43.23850425809088
2026-04-05 06:35:00+00:00,35.642,35.712,35.631,35.676,6146.42,45.47719186408841
2026-04-05 06:40:00+00:00,35.674,35.707,35.671,35.707,2374.69,48.69406791947989
2026-04-05 06:45:00+00:00,35.702,35.732,35.681,35.685,4678.57,46.59308163079244
2026-04-05 06:50:00+00:00,35.684,35.718,35.672,35.68,1337.17,46.10618323930461
2026-04-05 06:55:00+00:00,35.679,35.71,35.667,35.667,753.47,44.795466049421414
2026-04-05 07:00:00+00:00,35.67,35.782,35.665,35.738,9320.01,52.70365571696451
2026-04-05 07:05:00+00:00,35.736,35.758,35.731,35.735,1561.79,52.36233010108435
2026-04-05 07:10:00+00:00,35.734,35.76,35.674,35.713,5173.42,49.8145024399226
2026-04-05 07:15:00+00:00,35.707,35.707,35.625,35.632,9732.25,41.75813602714608
2026-04-05 07:20:00+00:00,35.631,35.641,35.532,35.555,19058.76,35.82645674377136
2026-04-05 07:25:00+00:00,35.555,35.643,35.529,35.631,8647.85,44.24484808416142
2026-04-05 07:30:00+00:00,35.632,35.64,35.55,35.58,15801.51,40.41358692317547
2026-04-05 07:35:00+00:00,35.579,35.58,35.509,35.522,9538.47,36.53857409364798
2026-04-05 07:40:00+00:00,35.521,35.554,35.505,35.54,7138.39,38.50911601267114
2026-04-05 07:45:00+00:00,35.539,35.592,35.521,35.55,2215.79,39.63062994816185
2026-04-05 07:50:00+00:00,35.547,35.61,35.547,35.609,1632.97,45.90005165595026
2026-04-05 07:55:00+00:00,35.609,35.642,35.594,35.641,7842.32,48.994011400371036
2026-04-05 08:00:00+00:00,35.64,35.699,35.629,35.681,11528.75,52.640069315308125
2026-04-05 08:05:00+00:00,35.682,35.707,35.678,35.684,1918.53,52.91193798170058
2026-04-05 08:10:00+00:00,35.683,35.703,35.653,35.668,451.23,51.22306468536503
2026-04-05 08:15:00+00:00,35.661,35.725,35.661,35.716,16006.22,55.782808976204194
2026-04-05 08:20:00+00:00,35.712,35.753,35.712,35.737,15046.09,57.64816177939735
2026-04-05 08:25:00+00:00,35.734,35.77,35.723,35.759,13062.51,59.57230284075026
2026-04-05 08:30:00+00:00,35.762,35.845,35.76,35.836,21582.93,65.48313600778714
2026-04-05 08:35:00+00:00,35.839,35.867,35.829,35.845,13107.08,66.10689599138824
2026-04-05 08:40:00+00:00,35.844,35.867,35.778,35.778,16125.74,57.74142070628033
2026-04-05 08:45:00+00:00,35.781,35.823,35.775,35.796,1704.31,59.23395666278843
2026-04-05 08:50:00+00:00,35.795,35.816,35.768,35.77,7847.05,56.14907814079426
2026-04-05 08:55:00+00:00,35.77,35.869,35.734,35.739,22513.97,52.629659628545156
2026-04-05 09:00:00+00:00,35.738,35.808,35.731,35.8,4114.12,58.1838995836182
2026-04-05 09:05:00+00:00,35.799,35.811,35.75,35.811,2086.18,59.114859874587246
2026-04-05 09:10:00+00:00,35.813,35.814,35.727,35.743,4915.39,51.48419371446027
2026-04-05 09:15:00+00:00,35.743,35.755,35.671,35.74,27264.96,51.170373150454225
2026-04-05 09:20:00+00:00,35.734,35.772,35.728,35.772,3041.07,54.36567933262695
2026-04-05 09:25:00+00:00,35.771,35.794,35.77,35.78,3861.35,55.15574033399962
2026-04-05 09:30:00+00:00,35.784,35.784,35.754,35.755,947.42,52.119051823209034
2026-04-05 09:35:00+00:00,35.754,35.755,35.7,35.72,5319.49,48.124326593401165
2026-04-05 09:40:00+00:00,35.716,35.776,35.716,35.755,414.67,52.07975997454193
2026-04-05 09:45:00+00:00,35.758,35.774,35.718,35.74,623.44,50.30929847709258
2026-04-05 09:50:00+00:00,35.739,35.804,35.735,35.797,660.23,56.37794587573163
2026-04-05 09:55:00+00:00,35.8,35.825,35.774,35.809,1655.84,57.55325535556337
2026-04-05 10:00:00+00:00,35.809,35.809,35.764,35.794,1310.71,55.53889100539985
2026-04-05 10:05:00+00:00,35.793,35.803,35.771,35.771,2647.2,52.50440502649861
2026-04-05 10:10:00+00:00,35.77,35.783,35.72,35.72,1494.34,46.444704531368245
2026-04-05 10:15:00+00:00,35.72,35.771,35.716,35.757,8223.93,50.874452829240056
2026-04-05 10:20:00+00:00,35.757,35.803,35.757,35.803,2191.76,55.77236647164314
2026-04-05 10:25:00+00:00,35.799,35.842,35.799,35.841,12735.26,59.375666461447516
2026-04-05 10:30:00+00:00,35.841,35.847,35.818,35.834,1937.66,58.43127680615011
2026-04-05 10:35:00+00:00,35.833,35.913,35.833,35.848,14080.15,59.808154460020404
2026-04-05 10:40:00+00:00,35.847,35.85,35.8,35.815,1231.66,55.16943813088563
2026-04-05 10:45:00+00:00,35.814,35.815,35.773,35.773,3884.28,49.86815777391473
2026-04-05 10:50:00+00:00,35.772,35.794,35.762,35.786,1003.22,51.42405954185383
2026-04-05 10:55:00+00:00,35.79,35.79,35.769,35.774,246.97,49.88498060417699
2026-04-05 11:00:00+00:00,35.773,35.802,35.681,35.699,4542.03,41.52077517648939
2026-04-05 11:05:00+00:00,35.701,35.702,35.671,35.69,4688.34,40.640179736081095
2026-04-05 11:10:00+00:00,35.689,35.702,35.68,35.683,10356.87,39.93083141327348
2026-04-05 11:15:00+00:00,35.681,35.698,35.678,35.683,718.76,39.93083141327348
2026-04-05 11:20:00+00:00,35.69,35.693,35.677,35.684,791.4,40.10404133814854
2026-04-05 11:25:00+00:00,35.683,35.684,35.627,35.655,6251.03,36.79087002959239
2026-04-05 11:30:00+00:00,35.655,35.687,35.65,35.687,5736.01,42.44155942029386
2026-04-05 11:35:00+00:00,35.686,35.69,35.67,35.683,7458.74,41.93688362773758
2026-04-05 11:40:00+00:00,35.683,35.684,35.639,35.643,4390.99,37.17618543366604
2026-04-05 11:45:00+00:00,35.642,35.7,35.642,35.662,3741.14,40.62414875769313
2026-04-05 11:50:00+00:00,35.661,35.686,35.661,35.666,915.4,41.35388954810926
2026-04-05 11:55:00+00:00,35.671,35.678,35.635,35.64,2679.29,38.07798824162361
2026-04-05 12:00:00+00:00,35.639,35.66,35.596,35.61,10564.77,34.66569069713536
2026-04-05 12:05:00+00:00,35.606,35.661,35.604,35.65,2444.2,42.11418470453469
2026-04-05 12:10:00+00:00,35.633,35.649,35.535,35.576,15724.4,34.31912001398031
2026-04-05 12:15:00+00:00,35.573,35.602,35.546,35.548,11502.8,31.91221335715133
2026-04-05 12:20:00+00:00,35.547,35.548,35.502,35.527,12710.77,30.20142425352803
2026-04-05 12:25:00+00:00,35.527,35.532,35.47,35.478,10257.07,26.615976330960336
2026-04-05 12:30:00+00:00,35.478,35.485,35.376,35.382,24173.83,21.28458051787871
2026-04-05 12:35:00+00:00,35.382,35.399,35.23,35.239,76086.66,16.10848114218126
2026-04-05 12:40:00+00:00,35.238,35.266,35.188,35.214,16802.76,15.403239057373895
2026-04-05 12:45:00+00:00,35.214,35.22,35.118,35.158,19062.18,13.931857362745106
2026-04-05 12:50:00+00:00,35.155,35.31,35.15,35.299,16047.74,31.63864324101509
2026-04-05 12:55:00+00:00,35.298,35.318,35.272,35.302,4446.04,31.959382687395717
2026-04-05 13:00:00+00:00,35.301,35.358,35.294,35.358,8092.98,37.82370703641717
2026-04-05 13:05:00+00:00,35.357,35.358,35.298,35.306,3676.51,34.82241265532579
2026-04-05 13:10:00+00:00,35.297,35.374,35.27,35.271,9934.14,32.92847571206913
2026-04-05 13:15:00+00:00,35.27,35.342,35.254,35.342,2395.59,40.05143463646201
2026-04-05 13:20:00+00:00,35.341,35.4,35.326,35.396,8733.11,44.84874440414852
2026-04-05 13:25:00+00:00,35.39,35.4,35.267,35.271,7892.35,37.38986190720313
2026-04-05 13:30:00+00:00,35.27,35.342,35.254,35.309,5239.49,40.62282872807631
2026-04-05 13:35:00+00:00,35.305,35.389,35.288,35.384,5355.35,46.4951777718161
2026-04-05 13:40:00+00:00,35.383,35.391,35.326,35.36,5033.55,44.962750440844616
2026-04-05 13:45:00+00:00,35.354,35.386,35.342,35.364,3020.02,45.28641902610235
2026-04-05 13:50:00+00:00,35.364,35.398,35.36,35.362,4988.62,45.14346597970051
2026-04-05 13:55:00+00:00,35.361,35.45,35.351,35.439,8513.85,51.492139149198245
2026-04-05 14:00:00+00:00,35.433,35.514,35.394,35.482,14148.13,54.64864967731877
2026-04-05 14:05:00+00:00,35.481,35.516,35.443,35.481,13841.25,54.559732926856654
2026-04-05 14:10:00+00:00,35.48,35.481,35.395,35.413,5617.23,48.75100163826373
2026-04-05 14:15:00+00:00,35.408,35.411,35.323,35.397,10994.37,47.470360829327674
2026-04-05 14:20:00+00:00,35.396,35.488,35.389,35.482,5652.81,54.33353217582222
2026-04-05 14:25:00+00:00,35.48,35.54,35.478,35.526,10553.22,57.43383011880648
2026-04-05 14:30:00+00:00,35.525,35.541,35.49,35.53,4050.25,57.71488139522227
2026-04-05 14:35:00+00:00,35.531,35.563,35.508,35.528,7218.37,57.510414888861064
2026-04-05 14:40:00+00:00,35.528,35.553,35.507,35.53,2190.65,57.67190568237729
2026-04-05 14:45:00+00:00,35.529,35.53,35.469,35.488,3759.33,53.1071043752531
2026-04-05 14:50:00+00:00,35.487,35.513,35.487,35.501,1278.98,54.31251110131988
2026-04-05 14:55:00+00:00,35.5,35.502,35.453,35.463,1192.26,50.24659750399417
2026-04-05 15:00:00+00:00,35.462,35.483,35.451,35.454,2209.24,49.30515417964504
2026-04-05 15:05:00+00:00,35.453,35.505,35.42,35.505,6694.23,54.50685997929966
2026-04-05 15:10:00+00:00,35.506,35.56,35.506,35.545,4948.58,58.1351809276567
2026-04-05 15:15:00+00:00,35.537,35.56,35.531,35.549,1814.89,58.4916972693155
2026-04-05 15:20:00+00:00,35.548,35.557,35.51,35.535,2673.66,56.672599326207056
2026-04-05 15:25:00+00:00,35.534,35.7,35.52,35.693,57435.44,68.55744254518797
2026-04-05 15:30:00+00:00,35.694,35.797,35.628,35.629,106284.8,61.23074994285921
2026-04-05 15:35:00+00:00,35.628,35.759,35.601,35.736,52312.07,67.486816308068
2026-04-05 15:40:00+00:00,35.738,35.847,35.643,35.811,64891.23,71.01716049062091
2026-04-05 15:45:00+00:00,35.81,35.82,35.573,35.581,105869.4,52.2723570773985
2026-04-05 15:50:00+00:00,35.58,35.619,35.564,35.569,9762.88,51.50846104539643
2026-04-05 15:55:00+00:00,35.568,35.569,35.526,35.533,7620.75,49.18619825091086
2026-04-05 16:00:00+00:00,35.532,35.624,35.52,35.61,7677.75,53.966743135538465
2026-04-05 16:05:00+00:00,35.603,35.624,35.535,35.565,6992.51,50.94994728347468
2026-04-05 16:10:00+00:00,35.564,35.604,35.542,35.59,3301.48,52.5373385216777
2026-04-05 16:15:00+00:00,35.586,35.615,35.575,35.6,1438.21,53.18991083412226
2026-04-05 16:20:00+00:00,35.6,35.608,35.556,35.563,3625.36,50.427245914906976
2026-04-05 16:25:00+00:00,35.563,35.601,35.552,35.566,2606.01,50.651056705994776
2026-04-05 16:30:00+00:00,35.565,35.642,35.56,35.623,2494.52,54.82436549772261
2026-04-05 16:35:00+00:00,35.619,35.619,35.564,35.568,1846.48,50.39573952789586
2026-04-05 16:40:00+00:00,35.567,35.576,35.534,35.558,3632.17,49.61105365648302
2026-04-05 16:45:00+00:00,35.557,35.562,35.49,35.494,3358.31,44.8029554346044
2026-04-05 16:50:00+00:00,35.492,35.494,35.45,35.453,3333.01,41.99505562647746
2026-04-05 16:55:00+00:00,35.452,35.471,35.434,35.446,4118.74,41.51665018001787
2026-04-05 17:00:00+00:00,35.448,35.486,35.443,35.466,3811.67,43.4971946771609
2026-04-05 17:05:00+00:00,35.466,35.55,35.464,35.529,4739.91,49.3194220282832
2026-04-05 17:10:00+00:00,35.528,35.534,35.511,35.525,596.4,48.974364044940785
2026-04-05 17:15:00+00:00,35.524,35.535,35.491,35.492,1328.22,46.108263015727694
2026-04-05 17:20:00+00:00,35.495,35.5,35.461,35.5,2103.68,46.919262114920585
2026-04-05 17:25:00+00:00,35.499,35.571,35.499,35.568,3077.08,53.34600125940022
2026-04-05 17:30:00+00:00,35.57,35.578,35.53,35.533,1612.01,49.99102408527901
2026-04-05 17:35:00+00:00,35.532,35.569,35.515,35.568,2695.05,53.163215968666414
2026-04-05 17:40:00+00:00,35.568,35.6,35.56,35.583,3777.24,54.495431185661985
2026-04-05 17:45:00+00:00,35.582,35.591,35.539,35.563,3065.02,52.35704627837365
2026-04-05 17:50:00+00:00,35.562,35.6,35.546,35.575,4468.33,53.53515722941677
2026-04-05 17:55:00+00:00,35.57,35.601,35.569,35.59,780.7,55.03203201810408
2026-04-05 18:00:00+00:00,35.587,35.597,35.505,35.515,3023.58,46.89697629871867
2026-04-05 18:05:00+00:00,35.514,35.558,35.51,35.542,930.14,49.775361959375154
2026-04-05 18:10:00+00:00,35.541,35.562,35.526,35.529,931.9,48.41463598720461
2026-04-05 18:15:00+00:00,35.528,35.542,35.5,35.5,1216.64,45.430986874807935
2026-04-05 18:20:00+00:00,35.499,35.549,35.492,35.538,7153.56,49.796870442200664
2026-04-05 18:25:00+00:00,35.537,35.543,35.515,35.534,1066.04,49.34929312978316
2026-04-05 18:30:00+00:00,35.533,35.821,35.531,35.739,103966.81,66.14420124068903
2026-04-05 18:35:00+00:00,35.753,35.82,35.745,35.773,19030.6,68.03718497481277
2026-04-05 18:40:00+00:00,35.761,35.783,35.726,35.751,6473.6,65.48572418044525
2026-04-05 18:45:00+00:00,35.746,35.805,35.733,35.786,3448.21,67.56938846609205
2026-04-05 18:50:00+00:00,35.784,35.785,35.713,35.733,7039.23,61.51332149614439
2026-04-05 18:55:00+00:00,35.732,35.74,35.72,35.731,3411.46,61.29008268685897
2026-04-05 19:00:00+00:00,35.73,35.73,35.7,35.703,1569.81,58.1105157766051
2026-04-05 19:05:00+00:00,35.7,35.739,35.7,35.739,1070.25,60.91779717787071
2026-04-05 19:10:00+00:00,35.738,35.757,35.71,35.757,6735.53,62.27898783850066
2026-04-05 19:15:00+00:00,35.756,35.786,35.747,35.786,5137.03,64.42855776041318
2026-04-05 19:20:00+00:00,35.786,35.807,35.775,35.807,5102.52,65.94209178996533
2026-04-05 19:25:00+00:00,35.806,35.843,35.802,35.842,25633.52,68.3585563957127
2026-04-05 19:30:00+00:00,35.842,35.848,35.839,35.844,10936.52,68.49611041316498
2026-04-05 19:35:00+00:00,35.843,35.85,35.753,35.759,28684.81,57.129062288320505
2026-04-05 19:40:00+00:00,35.758,35.78,35.721,35.749,3498.68,55.95262704160459
2026-04-05 19:45:00+00:00,35.749,35.764,35.729,35.735,655.04,54.26776033162684
2026-04-05 19:50:00+00:00,35.734,35.795,35.734,35.785,1913.7,59.0145640944579
2026-04-05 19:55:00+00:00,35.785,35.849,35.78,35.848,4286.4,64.07441667851401
2026-04-05 20:00:00+00:00,35.848,35.858,35.824,35.824,5167.27,60.98560779452445
2026-04-05 20:05:00+00:00,35.823,35.882,35.822,35.877,10497.81,64.99837441865304
2026-04-05 20:10:00+00:00,35.876,35.894,35.872,35.886,8831.78,65.64457260677293
2026-04-05 20:15:00+00:00,35.885,35.894,35.872,35.873,1845.36,63.811982716768114
2026-04-05 20:20:00+00:00,35.872,35.919,35.868,35.915,8469.26,67.01576838377395
2026-04-05 20:25:00+00:00,35.914,35.934,35.905,35.919,14905.31,67.31257580010809
2026-04-05 20:30:00+00:00,35.918,35.924,35.905,35.918,5705.52,67.1498942125481
2026-04-05 20:35:00+00:00,35.917,35.98,35.905,35.925,9997.73,67.73768189997409
2026-04-05 20:40:00+00:00,35.926,35.932,35.905,35.905,12889.91,64.20295883055519
2026-04-05 20:45:00+00:00,35.905,35.932,35.905,35.926,5798.61,66.19752108927048
2026-04-05 20:50:00+00:00,35.925,35.947,35.906,35.909,5455.55,63.13092263611812
2026-04-05 20:55:00+00:00,35.908,35.925,35.903,35.925,5623.41,64.78442825148234
2026-04-05 21:00:00+00:00,35.924,35.937,35.903,35.936,2511.67,65.91617465113634
2026-04-05 21:05:00+00:00,35.935,35.935,35.903,35.914,4757.79,61.64886514571045
2026-04-05 21:10:00+00:00,35.913,35.919,35.842,35.85,32438.33,51.25374073157055
2026-04-05 21:15:00+00:00,35.849,35.885,35.842,35.843,2528.97,50.25559991304546
2026-04-05 21:20:00+00:00,35.842,35.85,35.833,35.834,3836.01,48.93605446696647
2026-04-05 21:25:00+00:00,35.834,35.834,35.81,35.817,8786.41,46.45485274623768
2026-04-05 21:30:00+00:00,35.816,35.86,35.81,35.85,2682.24,51.58641997690515
2026-04-05 21:35:00+00:00,35.85,35.879,35.846,35.878,1962.39,55.48465834481982
2026-04-05 21:40:00+00:00,35.879,35.928,35.879,35.912,8425.86,59.72536626920405
2026-04-05 21:45:00+00:00,35.914,35.946,35.914,35.946,4189.87,63.47276678073185
2026-04-05 21:50:00+00:00,35.946,35.989,35.946,35.983,13495.52,67.06424790101678
2026-04-05 21:55:00+00:00,35.983,35.988,35.876,35.894,15919.96,53.45040395642653
2026-04-05 22:00:00+00:00,35.894,35.956,35.869,35.93,20350.61,57.2322455570959
2026-04-05 22:05:00+00:00,35.925,35.942,35.856,35.911,2043.36,54.70609674318956
2026-04-05 22:10:00+00:00,35.912,35.912,35.713,35.77,25025.82,40.440623520479846
2026-04-05 22:15:00+00:00,35.763,35.827,35.75,35.751,4896.5,38.966084095325925
2026-04-05 22:20:00+00:00,35.754,35.802,35.726,35.789,9230.12,43.41025699345135
2026-04-05 22:25:00+00:00,35.787,35.807,35.713,35.744,12898.42,39.721663932874314
2026-04-05 22:30:00+00:00,35.743,35.82,35.732,35.77,8946.1,42.74857860840438
2026-04-05 22:35:00+00:00,35.776,35.847,35.739,35.844,5672.93,50.38507754404077
2026-04-05 22:40:00+00:00,35.843,36.011,35.821,35.981,21055.3,60.80780042435203
2026-04-05 22:45:00+00:00,35.979,36.271,35.979,36.27,86307.51,73.46918942078834
2026-04-05 22:50:00+00:00,36.27,36.288,36.215,36.251,22450.17,71.82630992056335
2026-04-05 22:55:00+00:00,36.251,36.355,36.18,36.306,24637.04,73.66230691774466
2026-04-05 23:00:00+00:00,36.307,36.4,36.295,36.384,29460.09,76.04636213431141
2026-04-05 23:05:00+00:00,36.383,36.55,36.369,36.506,58054.32,79.21541729261162
2026-04-05 23:10:00+00:00,36.505,36.756,36.505,36.756,63227.97,83.91236214839435
2026-04-05 23:15:00+00:00,36.737,36.9,36.737,36.844,137989.05,85.18176098040529
2026-04-05 23:20:00+00:00,36.844,36.881,36.793,36.868,70558.15,85.51739483211298
2026-04-05 23:25:00+00:00,36.872,36.92,36.863,36.892,79662.82,85.86224798746346
2026-04-05 23:30:00+00:00,36.898,36.99,36.889,36.958,73789.15,86.7935508821292
2026-04-05 23:35:00+00:00,36.958,36.973,36.937,36.938,34430.37,84.96700063202006
2026-04-05 23:40:00+00:00,36.938,36.96,36.734,36.782,49619.61,72.2032028025946
2026-04-05 23:45:00+00:00,36.779,36.999,36.778,36.985,38445.83,77.03723862604959
2026-04-05 23:50:00+00:00,36.984,36.984,36.827,36.857,30760.64,68.90073912973716
2026-04-05 23:55:00+00:00,36.858,36.908,36.835,36.85,12556.89,68.47480693823877
2026-04-06 00:00:00+00:00,36.857,37.177,36.857,36.911,71712.18,70.20342636331483
2026-04-06 00:05:00+00:00,36.921,36.977,36.835,36.853,18518.87,66.47128121440903
2026-04-06 00:10:00+00:00,36.853,36.859,36.742,36.756,20279.45,60.662940317611266
2026-04-06 00:15:00+00:00,36.756,36.836,36.644,36.652,36938.71,55.10335524604711
2026-04-06 00:20:00+00:00,36.651,36.744,36.567,36.735,28819.04,58.38154657601617
2026-04-06 00:25:00+00:00,36.734,36.799,36.649,36.67,17827.02,54.99495216444516
2026-04-06 00:30:00+00:00,36.669,36.766,36.625,36.636,21851.72,53.25476365309965
2026-04-06 00:35:00+00:00,36.637,36.741,36.625,36.714,17282.0,56.64415337963143
2026-04-06 00:40:00+00:00,36.713,36.952,36.681,36.951,22174.34,64.95814625740579
2026-04-06 00:45:00+00:00,36.951,37.067,36.951,37.022,29429.75,66.99976080118029
2026-04-06 00:50:00+00:00,37.018,37.113,36.754,36.813,19175.95,56.55435427478986
2026-04-06 00:55:00+00:00,36.805,36.867,36.792,36.849,17353.48,57.77547271351086
2026-04-06 01:00:00+00:00,36.837,36.869,36.71,36.742,14010.26,53.00668351266874
2026-04-06 01:05:00+00:00,36.749,36.824,36.745,36.788,7552.24,54.73639049522599
2026-04-06 01:10:00+00:00,36.774,36.83,36.75,36.757,6737.0,53.31225266836887
2026-04-06 01:15:00+00:00,36.756,36.779,36.691,36.724,10679.25,51.76815252729078
2026-04-06 01:20:00+00:00,36.727,36.818,36.702,36.775,10010.89,53.9862322161183
2026-04-06 01:25:00+00:00,36.772,36.852,36.772,36.852,9737.69,57.18747986863972
2026-04-06 01:30:00+00:00,36.853,36.878,36.793,36.829,8592.29,55.935659443743106
2026-04-06 01:35:00+00:00,36.829,36.908,36.825,36.871,5329.55,57.75423115402948
2026-04-06 01:40:00+00:00,36.861,36.883,36.808,36.867,7139.29,57.51079341863528
2026-04-06 01:45:00+00:00,36.873,37.0,36.869,36.992,6655.17,62.78925284804974
2026-04-06 01:50:00+00:00,36.979,37.077,36.948,36.962,21658.26,60.83588375030631
2026-04-06 01:55:00+00:00,36.972,37.054,36.967,37.01,9660.85,62.82845681361771
2026-04-06 02:00:00+00:00,37.025,37.078,36.97,37.017,17982.88,63.12311710513243
2026-04-06 02:05:00+00:00,37.015,37.04,36.927,37.0,6384.6,61.841013312737246
2026-04-06 02:10:00+00:00,36.991,37.243,36.96,36.998,36865.52,61.68228260871789
2026-04-06 02:15:00+00:00,36.996,37.009,36.823,36.863,17662.47,51.98310300227989
2026-04-06 02:20:00+00:00,36.854,36.927,36.76,36.766,11859.08,46.34422338890097
2026-04-06 02:25:00+00:00,36.763,36.82,36.667,36.81,18411.24,49.04437636408945
2026-04-06 02:30:00+00:00,36.817,36.892,36.769,36.87,12266.48,52.55094774396157
2026-04-06 02:35:00+00:00,36.871,36.902,36.769,36.843,12702.52,50.854966170066824
2026-04-06 02:40:00+00:00,36.831,36.841,36.792,36.835,5551.06,50.33660152406969
2026-04-06 02:45:00+00:00,36.834,36.892,36.822,36.822,4768.68,49.45444552946692
2026-04-06 02:50:00+00:00,36.825,36.908,36.814,36.891,4309.5,54.05673350808085
2026-04-06 02:55:00+00:00,36.89,36.94,36.89,36.916,4416.19,55.63298894803313
2026-04-06 03:00:00+00:00,36.909,37.003,36.908,36.966,6887.78,58.68592325847816
2026-04-06 03:05:00+00:00,36.965,37.008,36.887,36.915,7667.12,54.5618071010605
2026-04-06 03:10:00+00:00,36.923,36.941,36.893,36.9,3811.69,53.3737684204904
2026-04-06 03:15:00+00:00,36.906,36.947,36.876,36.902,27340.07,53.51909325816945
2026-04-06 03:20:00+00:00,36.895,36.979,36.888,36.972,18000.02,58.40558610086596
2026-04-06 03:25:00+00:00,36.979,37.002,36.96,36.998,4680.44,60.084113540757016
2026-04-06 03:30:00+00:00,36.998,37.016,36.955,36.974,7401.76,57.76675113922992
2026-04-06 03:35:00+00:00,36.974,37.019,36.956,37.018,7858.97,60.755178950979875
2026-04-06 03:40:00+00:00,37.018,37.085,37.005,37.085,11753.87,64.83554376328101
2026-04-06 03:45:00+00:00,37.085,37.096,37.01,37.076,12020.96,63.87481959246355
2026-04-06 03:50:00+00:00,37.079,37.097,37.003,37.039,8643.32,59.94236827183527
2026-04-06 03:55:00+00:00,37.038,37.143,37.019,37.143,6670.86,66.2348095456176
2026-04-06 04:00:00+00:00,37.136,37.213,37.107,37.196,16235.18,68.91469509428798
2026-04-06 04:05:00+00:00,37.189,37.331,37.141,37.166,34364.89,65.73438326799422
2026-04-06 04:10:00+00:00,37.159,37.21,37.089,37.15,26885.55,64.03702917377876
2026-04-06 04:15:00+00:00,37.149,37.166,37.012,37.046,30136.05,54.234205670287956
2026-04-06 04:20:00+00:00,37.051,37.08,37.0,37.048,24372.92,54.37883876632631
2026-04-06 04:25:00+00:00,37.041,37.05,36.963,36.963,14377.73,47.50720822214312
2026-04-06 04:30:00+00:00,36.97,36.982,36.909,36.97,16385.87,48.08898077209124
2026-04-06 04:35:00+00:00,36.976,37.046,36.976,37.004,16669.89,50.93347103730509
2026-04-06 04:40:00+00:00,37.014,37.014,36.878,36.898,36209.88,43.01907782079276
2026-04-06 04:45:00+00:00,36.898,36.934,36.876,36.895,34714.07,42.81629855649589
2026-04-06 04:50:00+00:00,36.905,36.912,36.799,36.816,108667.85,37.76767266724004
2026-04-06 04:55:00+00:00,36.817,36.863,36.805,36.855,12932.13,41.438774452385026
2026-04-06 05:00:00+00:00,36.859,36.871,36.776,36.799,19602.68,37.97473201210335
2026-04-06 05:05:00+00:00,36.798,36.92,36.79,36.92,5447.8,48.0750377013751
2026-04-06 05:10:00+00:00,36.919,36.953,36.828,36.877,3081.34,45.254723140372285
2026-04-06 05:15:00+00:00,36.879,36.933,36.864,36.919,6717.57,48.436611126471256
2026-04-06 05:20:00+00:00,36.921,36.991,36.902,36.902,2690.13,47.239786623518434
2026-04-06 05:25:00+00:00,36.9,36.904,36.819,36.902,3624.33,47.239786623518434
2026-04-06 05:30:00+00:00,36.901,36.998,36.879,36.981,7414.57,53.44013347980137
2026-04-06 05:35:00+00:00,36.991,37.0,36.958,36.995,13511.87,54.461481996767695
2026-04-06 05:40:00+00:00,36.995,37.01,36.957,36.971,10698.36,52.34176215491996
2026-04-06 05:45:00+00:00,36.97,37.0,36.947,36.962,9523.26,51.53177145385037
2026-04-06 05:50:00+00:00,36.971,36.982,36.931,36.946,5127.15,50.0489501333903
2026-04-06 05:55:00+00:00,36.943,36.99,36.939,36.99,7033.75,53.97141241020702
2026-04-06 06:00:00+00:00,36.989,36.991,36.864,36.902,7416.01,46.163613335128574
2026-04-06 06:05:00+00:00,36.901,37.011,36.861,36.99,12166.99,53.42041340787672
2026-04-06 06:10:00+00:00,36.992,37.05,36.988,37.05,14361.37,57.615400246510845
2026-04-06 06:15:00+00:00,37.049,37.049,36.966,36.978,8729.94,51.608850375639776
2026-04-06 06:20:00+00:00,36.976,36.989,36.827,36.857,8856.17,43.41697046010062
2026-04-06 06:25:00+00:00,36.856,36.861,36.759,36.827,12592.6,41.65169439239971
2026-04-06 06:30:00+00:00,36.826,36.888,36.818,36.818,8428.45,41.111656748192196
2026-04-06 06:35:00+00:00,36.819,36.849,36.798,36.81,8957.97,40.60765569965124
2026-04-06 06:40:00+00:00,36.809,36.87,36.775,36.847,13852.13,44.02550615647451
2026-04-06 06:45:00+00:00,36.843,36.92,36.835,36.92,8571.74,50.123967905695075
2026-04-06 06:50:00+00:00,36.916,36.979,36.909,36.972,12554.9,53.97100838944474
2026-04-06 06:55:00+00:00,36.971,36.975,36.934,36.959,4537.08,52.87303009956998
2026-04-06 07:00:00+00:00,36.953,36.982,36.907,36.92,6164.89,49.61220371124888
2026-04-06 07:05:00+00:00,36.919,36.922,36.841,36.899,18641.14,47.89918932194363
2026-04-06 07:10:00+00:00,36.898,36.948,36.873,36.918,8167.22,49.59495367098079
2026-04-06 07:15:00+00:00,36.917,37.072,36.917,36.971,17912.56,54.084357169618784
2026-04-06 07:20:00+00:00,36.97,37.07,36.952,37.055,7162.01,60.143387258516725
2026-04-06 07:25:00+00:00,37.055,37.067,36.999,37.025,7216.95,57.238321407423484
2026-04-06 07:30:00+00:00,37.023,37.092,37.002,37.051,8342.07,59.08295102742951
2026-04-06 07:35:00+00:00,37.044,37.12,37.044,37.051,7081.19,59.08295102742951
2026-04-06 07:40:00+00:00,37.051,37.065,37.011,37.027,6425.95,56.47489380124588
2026-04-06 07:45:00+00:00,37.026,37.048,36.841,36.956,54973.67,49.51189561618046
2026-04-06 07:50:00+00:00,36.955,37.071,36.954,37.07,30575.89,58.384096606469534
2026-04-06 07:55:00+00:00,37.069,37.155,37.036,37.147,19822.0,63.10071571706015
2026-04-06 08:00:00+00:00,37.146,37.181,37.13,37.131,18077.56,61.539933027310376
2026-04-06 08:05:00+00:00,37.13,37.151,37.048,37.149,7762.65,62.65893802308868
2026-04-06 08:10:00+00:00,37.149,37.182,37.13,37.181,8758.53,64.62922171128082
2026-04-06 08:15:00+00:00,37.181,37.197,37.12,37.138,11300.17,60.044445952188084
2026-04-06 08:20:00+00:00,37.138,37.2,37.105,37.18,7392.06,62.8188963702729
2026-04-06 08:25:00+00:00,37.18,37.2,37.158,37.171,8551.15,61.82814668786547
2026-04-06 08:30:00+00:00,37.179,37.293,37.148,37.268,23527.35,67.73457500635377
2026-04-06 08:35:00+00:00,37.268,37.348,37.208,37.261,32374.56,66.92973091608701
2026-04-06 08:40:00+00:00,37.26,37.35,37.26,37.349,12538.28,71.5124729882323
2026-04-06 08:45:00+00:00,37.347,37.357,37.289,37.344,10354.25,70.91119609756997
2026-04-06 08:50:00+00:00,37.343,37.356,37.269,37.331,4090.95,69.28017446990582
2026-04-06 08:55:00+00:00,37.33,37.345,37.241,37.25,14974.76,60.01726426019675
2026-04-06 09:00:00+00:00,37.249,37.362,37.214,37.33,12956.33,64.99526470301842
2026-04-06 09:05:00+00:00,37.33,37.391,37.33,37.377,37035.92,67.55132964716913
2026-04-06 09:10:00+00:00,37.372,37.442,37.342,37.427,43116.47,70.0563254891569
2026-04-06 09:15:00+00:00,37.421,37.5,37.412,37.482,117084.8,72.5652546847579
2026-04-06 09:20:00+00:00,37.482,37.599,37.413,37.464,56602.61,70.48379925142663
2026-04-06 09:25:00+00:00,37.47,37.47,37.332,37.34,20848.21,58.11657424233544
2026-04-06 09:30:00+00:00,37.349,37.423,37.316,37.367,16417.36,59.77173807659072
2026-04-06 09:35:00+00:00,37.366,37.375,37.302,37.328,13300.99,56.310182919728284
2026-04-06 09:40:00+00:00,37.326,37.432,37.291,37.38,11596.05,59.66437252541279
2026-04-06 09:45:00+00:00,37.384,37.409,37.301,37.325,8229.33,54.86639877879788
2026-04-06 09:50:00+00:00,37.324,37.351,37.258,37.286,10084.81,51.69206030518846
2026-04-06 09:55:00+00:00,37.3,37.35,37.286,37.316,13518.18,53.901464803693806
2026-04-06 10:00:00+00:00,37.316,37.395,37.315,37.383,16832.56,58.46980957246456
2026-04-06 10:05:00+00:00,37.373,37.48,37.362,37.466,11981.95,63.31931211319623
2026-04-06 10:10:00+00:00,37.465,37.508,37.406,37.427,15002.02,59.786599419841394
2026-04-06 10:15:00+00:00,37.427,37.474,37.367,37.376,9060.67,55.431305302944786
2026-04-06 10:20:00+00:00,37.376,37.4,37.355,37.372,9055.66,55.09232129766879
2026-04-06 10:25:00+00:00,37.368,37.402,37.332,37.391,5413.34,56.454535250351
2026-04-06 10:30:00+00:00,37.387,37.469,37.379,37.434,7619.27,59.45225456919247
2026-04-06 10:35:00+00:00,37.442,37.572,37.426,37.518,33372.91,64.58170875675131
2026-04-06 10:40:00+00:00,37.519,37.564,37.489,37.519,13570.72,64.63905878784496
2026-04-06 10:45:00+00:00,37.507,37.55,37.4,37.515,11413.42,64.19131763003922
2026-04-06 10:50:00+00:00,37.517,37.525,37.458,37.497,12319.57,62.10650847407141
2026-04-06 10:55:00+00:00,37.495,37.548,37.465,37.546,11996.29,65.40081594143595
2026-04-06 11:00:00+00:00,37.534,37.544,37.343,37.358,34510.19,48.11685742378509
2026-04-06 11:05:00+00:00,37.359,37.468,37.338,37.441,9889.63,53.90831122038077
2026-04-06 11:10:00+00:00,37.441,37.446,37.301,37.314,31323.23,45.53304975237718
2026-04-06 11:15:00+00:00,37.318,37.359,37.28,37.32,20792.95,45.960207739062355
2026-04-06 11:20:00+00:00,37.328,37.328,37.206,37.236,27132.44,41.100448517266585
2026-04-06 11:25:00+00:00,37.24,37.262,37.22,37.237,7618.35,41.18018587029001
2026-04-06 11:30:00+00:00,37.237,37.242,37.186,37.19,8150.03,38.539376498802675
2026-04-06 11:35:00+00:00,37.193,37.232,37.176,37.19,7499.71,38.539376498802675
2026-04-06 11:40:00+00:00,37.185,37.232,37.173,37.218,5614.95,41.14701155289191
2026-04-06 11:45:00+00:00,37.216,37.217,37.149,37.152,8839.06,37.146310329520304
2026-04-06 11:50:00+00:00,37.158,37.244,37.158,37.235,11830.61,44.45979178112918
2026-04-06 11:55:00+00:00,37.235,37.251,37.167,37.235,24535.24,44.45979178112918
2026-04-06 12:00:00+00:00,37.237,37.357,37.229,37.284,28193.18,48.5580399150524
2026-04-06 12:05:00+00:00,37.285,37.319,37.262,37.271,21630.74,47.5554507558111
2026-04-06 12:10:00+00:00,37.271,37.297,37.091,37.131,47024.15,38.367908507874525
2026-04-06 12:15:00+00:00,37.131,37.149,37.083,37.102,7988.86,36.78266184786803
2026-04-06 12:20:00+00:00,37.111,37.114,37.051,37.058,12273.03,34.45650343486754
2026-04-06 12:25:00+00:00,37.058,37.085,37.026,37.026,14200.45,32.83037814971301
2026-04-06 12:30:00+00:00,37.027,37.168,36.982,37.168,23950.17,45.1914042465466
2026-04-06 12:35:00+00:00,37.17,37.264,37.148,37.264,14903.29,51.66717376248945
2026-04-06 12:40:00+00:00,37.265,37.301,37.087,37.14,19330.77,44.37414622347123
2026-04-06 12:45:00+00:00,37.14,37.17,37.101,37.114,4404.7,43.003475765014215
2026-04-06 12:50:00+00:00,37.115,37.149,37.067,37.115,6573.64,43.076305286881315
2026-04-06 12:55:00+00:00,37.12,37.135,37.053,37.101,2234.23,42.262120304671704
2026-04-06 13:00:00+00:00,37.103,37.132,37.094,37.127,3793.23,44.365225373137235
2026-04-06 13:05:00+00:00,37.123,37.193,37.097,37.193,3909.98,49.40343721444528
2026-04-06 13:10:00+00:00,37.19,37.277,37.175,37.191,6199.95,49.25786569170338
2026-04-06 13:15:00+00:00,37.191,37.275,37.175,37.187,7472.81,48.94722239239542
2026-04-06 13:20:00+00:00,37.202,37.24,37.176,37.225,11250.35,52.04150672847122
2026-04-06 13:25:00+00:00,37.219,37.261,37.2,37.217,8067.5,51.33607565917154
2026-04-06 13:30:00+00:00,37.217,37.297,37.158,37.19,18064.87,48.92561802756329
2026-04-06 13:35:00+00:00,37.191,37.216,37.061,37.12,8603.55,43.25498017546792
2026-04-06 13:40:00+00:00,37.12,37.2,37.095,37.124,10155.27,43.65684811942848
2026-04-06 13:45:00+00:00,37.131,37.21,37.105,37.158,7728.04,47.087061246640125
2026-04-06 13:50:00+00:00,37.158,37.246,37.142,37.218,10522.33,52.57426462153345
2026-04-06 13:55:00+00:00,37.219,37.243,37.161,37.206,4302.71,51.42562593385017
2026-04-06 14:00:00+00:00,37.222,37.346,37.126,37.157,10186.35,46.91798700339012
2026-04-06 14:05:00+00:00,37.165,37.186,37.078,37.136,19684.45,45.09369943585102
2026-04-06 14:10:00+00:00,37.139,37.162,37.085,37.113,10247.54,43.1163251123719
2026-04-06 14:15:00+00:00,37.115,37.233,37.106,37.21,18147.05,52.563722930846666
2026-04-06 14:20:00+00:00,37.219,37.361,37.203,37.348,26735.34,62.18584731567777
2026-04-06 14:25:00+00:00,37.341,37.471,37.341,37.384,37991.94,64.2245485693431
2026-04-06 14:30:00+00:00,37.383,37.488,37.36,37.488,14303.99,69.36329099848263
2026-04-06 14:35:00+00:00,37.478,37.57,37.402,37.44,81004.4,64.74113481309516
2026-04-06 14:40:00+00:00,37.441,37.555,37.427,37.54,29543.61,69.32693885172151
2026-04-06 14:45:00+00:00,37.53,37.56,37.484,37.551,20098.26,69.7923549491042
2026-04-06 14:50:00+00:00,37.548,37.71,37.526,37.694,39744.52,75.08500440039397
2026-04-06 14:55:00+00:00,37.696,37.727,37.682,37.718,23912.37,75.84978549030119
2026-04-06 15:00:00+00:00,37.711,37.724,37.58,37.599,56711.2,65.16826901400108
2026-04-06 15:05:00+00:00,37.598,37.6,37.505,37.587,11010.59,64.1866516172827
2026-04-06 15:10:00+00:00,37.578,37.61,37.461,37.561,19705.1,62.007307938626454
2026-04-06 15:15:00+00:00,37.564,37.635,37.521,37.521,10124.34,58.704929068991596
2026-04-06 15:20:00+00:00,37.525,37.609,37.516,37.539,13089.46,59.74392219897174
2026-04-06 15:25:00+00:00,37.535,37.594,37.529,37.576,13747.72,61.86775691163044
2026-04-06 15:30:00+00:00,37.58,37.625,37.543,37.558,16332.08,60.20370101395505
2026-04-06 15:35:00+00:00,37.547,37.587,37.545,37.577,10658.89,61.38438131351649
2026-04-06 15:40:00+00:00,37.568,37.589,37.546,37.573,7573.16,60.97424601918382
2026-04-06 15:45:00+00:00,37.573,37.593,37.546,37.585,11593.62,61.798861540747446
2026-04-06 15:50:00+00:00,37.584,37.614,37.549,37.608,15918.85,63.395356873311485
2026-04-06 15:55:00+00:00,37.617,37.679,37.604,37.674,20153.82,67.58210591235837
2026-04-06 16:00:00+00:00,37.674,37.69,37.625,37.626,8807.82,62.025694752118305
2026-04-06 16:05:00+00:00,37.626,37.673,37.555,37.562,15085.34,55.47640257865269
2026-04-06 16:10:00+00:00,37.561,37.648,37.555,37.591,5093.25,57.6581060145086
2026-04-06 16:15:00+00:00,37.591,37.598,37.546,37.585,8923.41,57.03539314163712
2026-04-06 16:20:00+00:00,37.583,37.692,37.573,37.644,7019.27,61.44494307267127
2026-04-06 16:25:00+00:00,37.648,37.648,37.559,37.559,4724.97,53.00479310236059
2026-04-06 16:30:00+00:00,37.558,37.638,37.544,37.636,9180.02,58.558195661830204
2026-04-06 16:35:00+00:00,37.636,37.636,37.557,37.558,9568.61,51.87134450783118
2026-04-06 16:40:00+00:00,37.557,37.595,37.551,37.595,5892.52,54.52415687823443
2026-04-06 16:45:00+00:00,37.6,37.749,37.581,37.65,20158.14,58.211435114735735
2026-04-06 16:50:00+00:00,37.649,37.65,37.516,37.527,45237.44,48.70118782952379
2026-04-06 16:55:00+00:00,37.527,37.533,37.191,37.201,88846.91,33.21328762120464
2026-04-06 17:00:00+00:00,37.199,37.213,36.917,36.98,125870.67,26.955044882142786
2026-04-06 17:05:00+00:00,36.97,36.975,36.825,36.919,87165.81,25.525377664430195
2026-04-06 17:10:00+00:00,36.919,36.938,36.801,36.873,90144.93,24.471318591632695
2026-04-06 17:15:00+00:00,36.872,37.009,36.8,36.91,106047.16,27.079692466105143
2026-04-06 17:20:00+00:00,36.905,37.075,36.867,37.075,61644.03,37.45328832489474
2026-04-06 17:25:00+00:00,37.075,37.145,37.075,37.099,60374.16,38.81669601594334
2026-04-06 17:30:00+00:00,37.099,37.099,36.955,36.955,48943.27,34.024361016051174
2026-04-06 17:35:00+00:00,36.955,36.993,36.943,36.949,9071.14,33.836907878825045
2026-04-06 17:40:00+00:00,36.949,36.952,36.847,36.9,19032.98,32.27313593983769
2026-04-06 17:45:00+00:00,36.893,36.944,36.84,36.899,22496.31,32.240388932108985
2026-04-06 17:50:00+00:00,36.909,36.92,36.872,36.88,7651.15,31.584629529335857
2026-04-06 17:55:00+00:00,36.88,36.933,36.875,36.933,11635.08,35.52419206881227
2026-04-06 18:00:00+00:00,36.925,36.957,36.863,36.867,14844.77,32.97756336973295
2026-04-06 18:05:00+00:00,36.87,37.011,36.866,37.007,13488.8,42.408756883055254
2026-04-06 18:10:00+00:00,37.008,37.178,37.007,37.11,21004.84,48.18560258071597
2026-04-06 18:15:00+00:00,37.121,37.163,37.08,37.115,9204.27,48.45589309005225
2026-04-06 18:20:00+00:00,37.111,37.16,37.073,37.096,20826.11,47.44309782203318
2026-04-06 18:25:00+00:00,37.088,37.16,37.071,37.092,11605.32,47.21933598930538
2026-04-06 18:30:00+00:00,37.09,37.141,37.07,37.099,8072.99,47.684351370322055
2026-04-06 18:35:00+00:00,37.091,37.134,37.091,37.096,6088.93,47.491237329538414
2026-04-06 18:40:00+00:00,37.096,37.096,37.041,37.051,15234.32,44.575110915572736
2026-04-06 18:45:00+00:00,37.06,37.092,37.04,37.062,5192.81,45.45676577030992
2026-04-06 18:50:00+00:00,37.081,37.12,37.062,37.101,3801.51,48.579850119931585
2026-04-06 18:55:00+00:00,37.1,37.1,37.045,37.067,5771.74,46.10153131599658
2026-04-06 19:00:00+00:00,37.066,37.103,37.039,37.079,4083.62,47.126767386435866
2026-04-06 19:05:00+00:00,37.078,37.079,37.029,37.052,10513.04,45.050358386812626
2026-04-06 19:10:00+00:00,37.052,37.068,37.021,37.041,8808.02,44.1959966535278
2026-04-06 19:15:00+00:00,37.04,37.053,36.991,37.021,13975.14,42.613605617691476
2026-04-06 19:20:00+00:00,37.02,37.233,37.008,37.228,37494.34,58.9826550507248
2026-04-06 19:25:00+00:00,37.228,37.3,37.196,37.297,13807.34,62.79250906598535
2026-04-06 19:30:00+00:00,37.294,37.329,37.288,37.309,11629.39,63.42871519186525
2026-04-06 19:35:00+00:00,37.311,37.36,37.299,37.333,10826.78,64.72773418111657
2026-04-06 19:40:00+00:00,37.327,37.36,37.309,37.352,8637.38,65.76449612754854
2026-04-06 19:45:00+00:00,37.352,37.36,37.307,37.337,5785.43,64.16110359567213
2026-04-06 19:50:00+00:00,37.343,37.353,37.301,37.345,3446.56,64.65603727894177
2026-04-06 19:55:00+00:00,37.349,37.355,37.295,37.302,15396.43,59.87011514223345
2026-04-06 20:00:00+00:00,37.304,37.337,37.274,37.307,40088.5,60.238671295254
2026-04-06 20:05:00+00:00,37.307,37.325,37.269,37.288,41544.0,58.05666442915939
2026-04-06 20:10:00+00:00,37.291,37.309,37.125,37.143,22820.77,44.73810157058935
2026-04-06 20:15:00+00:00,37.14,37.214,37.133,37.214,11507.62,50.701747356544445
2026-04-06 20:20:00+00:00,37.219,37.293,37.19,37.278,16056.68,55.3764741179854
2026-04-06 20:25:00+00:00,37.277,37.336,37.217,37.227,23596.32,51.20923981291908
2026-04-06 20:30:00+00:00,37.23,37.26,37.209,37.255,13974.71,53.28762989416996
2026-04-06 20:35:00+00:00,37.257,37.304,37.235,37.237,8266.76,51.7611450091103
2026-04-06 20:40:00+00:00,37.241,37.259,37.221,37.257,2731.53,53.35984959331061
2026-04-06 20:45:00+00:00,37.257,37.294,37.24,37.268,12277.51,54.25776613507962
2026-04-06 20:50:00+00:00,37.268,37.268,37.206,37.213,5899.08,49.16146019420464
2026-04-06 20:55:00+00:00,37.212,37.224,37.191,37.192,2553.27,47.33335104128491
2026-04-06 21:00:00+00:00,37.191,37.212,37.146,37.183,2308.78,46.53469077309428
2026-04-06 21:05:00+00:00,37.185,37.202,37.115,37.117,3347.26,41.062888085107474
2026-04-06 21:10:00+00:00,37.123,37.127,37.07,37.112,6070.18,40.67270591948485
2026-04-06 21:15:00+00:00,37.118,37.122,36.998,37.0,19541.88,33.08825011405111
2026-04-06 21:20:00+00:00,37.0,37.01,36.933,36.949,15746.2,30.316013547316857
2026-04-06 21:25:00+00:00,36.955,36.963,36.901,36.95,4008.51,30.4390790466843
2026-04-06 21:30:00+00:00,36.951,37.001,36.924,36.986,14812.43,34.89660760298919
2026-04-06 21:35:00+00:00,36.988,37.006,36.934,37.001,3912.67,36.716284258636726
2026-04-06 21:40:00+00:00,36.995,37.003,36.947,36.96,6075.84,33.92509694368165
2026-04-06 21:45:00+00:00,36.963,37.02,36.953,37.019,14376.03,40.88898116903743
2026-04-06 21:50:00+00:00,37.021,37.029,36.901,36.974,11188.34,37.63129421896475
2026-04-06 21:55:00+00:00,36.974,36.974,36.9,36.94,11717.25,35.34029809791372
2026-04-06 22:00:00+00:00,36.928,36.957,36.9,36.933,13725.05,34.869617615160564
2026-04-06 22:05:00+00:00,36.935,36.967,36.867,36.889,7222.45,31.985893017502207
2026-04-06 22:10:00+00:00,36.917,36.95,36.8,36.84,19910.8,29.099713156330353
2026-04-06 22:15:00+00:00,36.839,36.857,36.766,36.77,14261.78,25.552516743711635
2026-04-06 22:20:00+00:00,36.769,36.791,36.666,36.74,22845.89,24.19148885544142
2026-04-06 22:25:00+00:00,36.736,36.796,36.736,36.794,6508.37,31.28619673455134
2026-04-06 22:30:00+00:00,36.774,36.783,36.629,36.704,13996.91,26.786653369491518
2026-04-06 22:35:00+00:00,36.706,36.735,36.657,36.679,2468.07,25.681754467493292
2026-04-06 22:40:00+00:00,36.678,36.692,36.567,36.61,14765.53,22.876988072029064
2026-04-06 22:45:00+00:00,36.61,36.61,36.534,36.534,11281.46,20.25327440461963
2026-04-06 22:50:00+00:00,36.535,36.545,36.478,36.487,44029.89,18.81607946481492
2026-04-06 22:55:00+00:00,36.485,36.485,36.105,36.141,169148.49,12.04168362664214
2026-04-06 23:00:00+00:00,36.141,36.284,35.951,36.262,126335.41,22.54411402056502
2026-04-06 23:05:00+00:00,36.263,36.263,35.997,36.23,59090.24,21.802680715933775
2026-04-06 23:10:00+00:00,36.231,36.342,36.2,36.2,46004.17,21.102002605476557
2026-04-06 23:15:00+00:00,36.2,36.34,36.158,36.317,22524.68,30.48490247984607
2026-04-06 23:20:00+00:00,36.306,36.346,36.173,36.285,22768.74,29.4532047879064
2026-04-06 23:25:00+00:00,36.28,36.295,36.223,36.242,15076.21,28.07809175428902
2026-04-06 23:30:00+00:00,36.242,36.327,36.192,36.253,9017.25,28.99141728692507
2026-04-06 23:35:00+00:00,36.254,36.327,36.225,36.324,9161.75,34.75097056605679
2026-04-06 23:40:00+00:00,36.321,36.349,36.263,36.285,11876.82,33.15992563173728
2026-04-06 23:45:00+00:00,36.28,36.357,36.28,36.287,1598.17,33.32850552276847
2026-04-06 23:50:00+00:00,36.288,36.361,36.281,36.361,7904.49,39.41695045353072
2026-04-06 23:55:00+00:00,36.361,36.364,36.272,36.287,10425.51,35.88759625235075
2026-04-07 00:00:00+00:00,36.286,36.319,36.228,36.272,12652.2,35.19958740987839
2026-04-07 00:05:00+00:00,36.273,36.379,36.272,36.346,13307.13,41.18961491770831
2026-04-07 00:10:00+00:00,36.346,36.427,36.325,36.411,12418.64,45.91857344074958
2026-04-07 00:15:00+00:00,36.411,36.471,36.394,36.402,20469.6,45.37452519842882
2026-04-07 00:20:00+00:00,36.402,36.47,36.379,36.447,9201.22,48.65049559328353
2026-04-07 00:25:00+00:00,36.46,36.48,36.426,36.448,8373.99,48.72408754323474
2026-04-07 00:30:00+00:00,36.454,36.512,36.393,36.396,20018.64,45.104169240119795
2026-04-07 00:35:00+00:00,36.399,36.41,36.356,36.372,10054.22,43.49790861906987
2026-04-07 00:40:00+00:00,36.374,36.46,36.36,36.459,8114.57,50.394323708823364
2026-04-07 00:45:00+00:00,36.452,36.526,36.426,36.51,10712.91,53.943180095855524
2026-04-07 00:50:00+00:00,36.51,36.522,36.434,36.437,6979.54,48.58522982022653
2026-04-07 00:55:00+00:00,36.439,36.467,36.41,36.411,2942.41,46.802180360166226
2026-04-07 01:00:00+00:00,36.411,36.425,36.35,36.404,7053.1,46.309417662561025
2026-04-07 01:05:00+00:00,36.41,36.419,36.346,36.367,5873.04,43.69092509229054
2026-04-07 01:10:00+00:00,36.367,36.395,36.324,36.355,6763.64,42.84478132056253
2026-04-07 01:15:00+00:00,36.356,36.502,36.354,36.501,6802.4,54.412654510995694
2026-04-07 01:20:00+00:00,36.493,36.544,36.439,36.465,8293.98,51.637439378674884
2026-04-07 01:25:00+00:00,36.473,36.516,36.465,36.475,2002.82,52.364234614337846
2026-04-07 01:30:00+00:00,36.467,36.513,36.464,36.47,6113.95,51.94390300438308
2026-04-07 01:35:00+00:00,36.47,36.479,36.398,36.404,4070.15,46.623761164276075
2026-04-07 01:40:00+00:00,36.415,36.44,36.396,36.397,6044.31,46.08464338889313
2026-04-07 01:45:00+00:00,36.398,36.406,36.343,36.379,3858.43,44.65475159997877
2026-04-07 01:50:00+00:00,36.383,36.396,36.184,36.229,47809.3,34.928766020077234
2026-04-07 01:55:00+00:00,36.228,36.279,36.199,36.248,12948.0,36.80629557972443
2026-04-07 02:00:00+00:00,36.253,36.284,36.2,36.222,17900.55,35.305092241253504
2026-04-07 02:05:00+00:00,36.225,36.243,36.034,36.207,70761.46,34.432544646262244
2026-04-07 02:10:00+00:00,36.207,36.257,36.207,36.211,3768.69,34.89462978763349
2026-04-07 02:15:00+00:00,36.212,36.373,36.212,36.373,44940.05,50.20158742008653
2026-04-07 02:20:00+00:00,36.374,36.413,36.305,36.409,6455.35,52.85427761133731
2026-04-07 02:25:00+00:00,36.41,36.423,36.261,36.329,3376.07,46.87822562178569
2026-04-07 02:30:00+00:00,36.331,36.332,36.259,36.268,1337.5,42.895583045975094
2026-04-07 02:35:00+00:00,36.269,36.354,36.269,36.309,1191.99,46.203774803550985
2026-04-07 02:40:00+00:00,36.31,36.32,36.233,36.234,3208.0,41.47088525234007
2026-04-07 02:45:00+00:00,36.235,36.381,36.235,36.375,17614.91,51.52433707053468
2026-04-07 02:50:00+00:00,36.373,36.404,36.336,36.376,2159.21,51.5878501521578
2026-04-07 02:55:00+00:00,36.379,36.382,36.337,36.372,1361.6,51.298324344451814
2026-04-07 03:00:00+00:00,36.372,36.407,36.354,36.403,1517.03,53.477485831535304
2026-04-07 03:05:00+00:00,36.4,36.433,36.354,36.39,17651.53,52.418245919216105
2026-04-07 03:10:00+00:00,36.383,36.422,36.35,36.42,7148.54,54.65057259518685
2026-04-07 03:15:00+00:00,36.42,36.443,36.372,36.404,6284.11,53.21657754220934
2026-04-07 03:20:00+00:00,36.405,36.419,36.4,36.41,972.64,53.707127248276485
2026-04-07 03:25:00+00:00,36.41,36.449,36.375,36.449,8086.06,56.87262558346436
2026-04-07 03:30:00+00:00,36.449,36.45,36.416,36.439,1198.78,55.81865759301353
2026-04-07 03:35:00+00:00,36.439,36.439,36.389,36.391,4337.37,50.93888587484149
2026-04-07 03:40:00+00:00,36.391,36.407,36.375,36.403,811.73,52.06706696070254
2026-04-07 03:45:00+00:00,36.402,36.441,36.393,36.403,13058.75,52.06706696070254
2026-04-07 03:50:00+00:00,36.403,36.472,36.396,36.43,15067.63,54.78049964727082
2026-04-07 03:55:00+00:00,36.43,36.433,36.38,36.4,1908.48,51.30522735193565
2026-04-07 04:00:00+00:00,36.4,36.47,36.394,36.406,4501.58,51.961623240467944
2026-04-07 04:05:00+00:00,36.409,36.446,36.388,36.432,2270.26,54.80466907486287
2026-04-07 04:10:00+00:00,36.431,36.448,36.369,36.401,4615.41,50.93408027998541
2026-04-07 04:15:00+00:00,36.401,36.408,36.338,36.377,5897.9,48.101684171400066
2026-04-07 04:20:00+00:00,36.378,36.393,36.329,36.36,19747.49,46.14425730888259
2026-04-07 04:25:00+00:00,36.36,36.372,36.324,36.325,3012.11,42.32542655403114
2026-04-07 04:30:00+00:00,36.337,36.4,36.3,36.367,15131.03,47.8977365747681
2026-04-07 04:35:00+00:00,36.368,36.387,36.342,36.358,1762.3,46.85309556316659
2026-04-07 04:40:00+00:00,36.357,36.36,36.275,36.287,5454.06,39.52879470275265
2026-04-07 04:45:00+00:00,36.285,36.5,36.276,36.478,45542.52,58.37852242445809
2026-04-07 04:50:00+00:00,36.478,36.507,36.456,36.46,19345.56,56.588300271516616
2026-04-07 04:55:00+00:00,36.461,36.483,36.425,36.469,6190.43,57.29348460112702
2026-04-07 05:00:00+00:00,36.469,36.473,36.393,36.401,3901.41,50.60482796391793
2026-04-07 05:05:00+00:00,36.402,36.417,36.394,36.409,843.88,51.324786177506375
2026-04-07 05:10:00+00:00,36.409,36.434,36.4,36.405,966.92,50.925108914593125
2026-04-07 05:15:00+00:00,36.4,36.431,36.35,36.394,3410.46,49.77714133577132
2026-04-07 05:20:00+00:00,36.381,36.39,36.3,36.309,7207.88,41.91443285027794
2026-04-07 05:25:00+00:00,36.303,36.322,36.2,36.209,15350.01,34.924967037059105
2026-04-07 05:30:00+00:00,36.217,36.243,36.2,36.21,17595.97,35.04162120270345
2026-04-07 05:35:00+00:00,36.211,36.211,36.163,36.209,17917.38,34.974103581872455
2026-04-07 05:40:00+00:00,36.21,36.21,36.162,36.162,4105.24,31.86634199874277
2026-04-07 05:45:00+00:00,36.162,36.192,36.126,36.171,7866.51,33.09238578571599
2026-04-07 05:50:00+00:00,36.174,36.2,36.174,36.192,1334.71,35.98689308921699
2026-04-07 05:55:00+00:00,36.193,36.2,36.17,36.185,6230.18,35.43657439388777
2026-04-07 06:00:00+00:00,36.185,36.186,36.135,36.141,4982.02,32.11241249854368
2026-04-07 06:05:00+00:00,36.141,36.194,36.095,36.138,5977.86,31.892740081080035
2026-04-07 06:10:00+00:00,36.14,36.173,36.115,36.152,1171.62,34.15638209435846
2026-04-07 06:15:00+00:00,36.152,36.169,36.104,36.118,2974.59,31.42475273657324
2026-04-07 06:20:00+00:00,36.119,36.125,36.066,36.113,8875.16,31.031717496121246
2026-04-07 06:25:00+00:00,36.114,36.198,36.114,36.195,4662.54,43.51011567610804
2026-04-07 06:30:00+00:00,36.195,36.196,36.114,36.17,1699.47,41.07034705659346
2026-04-07 06:35:00+00:00,36.17,36.237,36.17,36.208,8231.32,46.02464563831162
2026-04-07 06:40:00+00:00,36.209,36.209,36.159,36.174,3048.52,42.575672487211634
2026-04-07 06:45:00+00:00,36.173,36.202,36.15,36.198,1402.7,45.67060536218872
2026-04-07 06:50:00+00:00,36.198,36.231,36.179,36.198,2292.51,45.67060536218872
2026-04-07 06:55:00+00:00,36.192,36.249,36.188,36.221,14425.68,48.741114782716146
2026-04-07 07:00:00+00:00,36.221,36.242,36.184,36.198,5876.61,45.944735916980186
2026-04-07 07:05:00+00:00,36.192,36.195,36.114,36.12,2014.09,37.985523137067474
2026-04-07 07:10:00+00:00,36.121,36.162,36.07,36.151,11560.97,42.26623512852119
2026-04-07 07:15:00+00:00,36.138,36.194,36.119,36.167,5251.92,44.399499111589435
2026-04-07 07:20:00+00:00,36.167,36.177,36.128,36.167,2308.38,44.399499111589435
2026-04-07 07:25:00+00:00,36.17,36.234,36.162,36.171,5480.47,44.98885117969977
2026-04-07 07:30:00+00:00,36.173,36.291,36.173,36.258,4087.98,55.93040723851044
2026-04-07 07:35:00+00:00,36.25,36.272,36.214,36.222,3116.98,51.37672498293475
2026-04-07 07:40:00+00:00,36.214,36.273,36.21,36.271,7453.44,56.56083780969461
2026-04-07 07:45:00+00:00,36.272,36.272,36.175,36.197,3468.16,48.20249664787053
2026-04-07 07:50:00+00:00,36.197,36.211,36.18,36.211,478.52,49.71644558858784
2026-04-07 07:55:00+00:00,36.211,36.222,36.176,36.195,3906.6,47.99008869164248
2026-04-07 08:00:00+00:00,36.195,36.36,36.188,36.24,11757.5,52.93961052126296
2026-04-07 08:05:00+00:00,36.24,36.274,36.226,36.268,8377.89,55.76069216575448
2026-04-07 08:10:00+00:00,36.268,36.337,36.254,36.281,4006.56,57.04808956581695
2026-04-07 08:15:00+00:00,36.261,36.319,36.253,36.319,8721.12,60.652592284816016
2026-04-07 08:20:00+00:00,36.318,36.374,36.31,36.369,3976.75,64.83429617861766
2026-04-07 08:25:00+00:00,36.368,36.37,36.29,36.291,3197.31,55.01217573932039
2026-04-07 08:30:00+00:00,36.292,36.303,36.273,36.29,3280.57,54.8973492967
2026-04-07 08:35:00+00:00,36.287,36.314,36.271,36.279,4290.64,53.57269083581152
2026-04-07 08:40:00+00:00,36.279,36.324,36.225,36.315,6685.19,57.21161447104302
2026-04-07 08:45:00+00:00,36.316,36.439,36.309,36.434,10120.97,66.5458469235083
2026-04-07 08:50:00+00:00,36.435,36.455,36.404,36.447,9592.23,67.38294911192469
2026-04-07 08:55:00+00:00,36.443,36.449,36.42,36.42,4225.29,63.8115932962305
2026-04-07 09:00:00+00:00,36.421,36.467,36.384,36.449,5649.78,65.90200063846363
2026-04-07 09:05:00+00:00,36.453,36.549,36.416,36.549,13010.85,71.92448723315024
2026-04-07 09:10:00+00:00,36.538,36.587,36.515,36.559,17232.02,72.44854145248783
2026-04-07 09:15:00+00:00,36.561,36.625,36.514,36.584,7568.3,73.76686905207306
2026-04-07 09:20:00+00:00,36.594,36.602,36.514,36.592,2698.27,74.19242880215359
2026-04-07 09:25:00+00:00,36.59,36.685,36.59,36.646,34208.47,76.91471686993428
2026-04-07 09:30:00+00:00,36.646,36.776,36.631,36.775,13455.69,81.84225052389222
2026-04-07 09:35:00+00:00,36.775,36.93,36.763,36.919,61748.35,85.55006334730042
2026-04-07 09:40:00+00:00,36.923,36.929,36.826,36.826,16417.41,74.91093303166124
2026-04-07 09:45:00+00:00,36.825,36.955,36.782,36.906,23119.67,77.50276402294998
2026-04-07 09:50:00+00:00,36.897,36.932,36.875,36.924,20604.75,78.05215466835384
2026-04-07 09:55:00+00:00,36.924,36.931,36.869,36.925,12036.16,78.08417472561213
2026-04-07 10:00:00+00:00,36.924,36.944,36.843,36.869,32315.86,71.76960878942046
2026-04-07 10:05:00+00:00,36.869,36.898,36.744,36.869,8984.9,71.76960878942046
2026-04-07 10:10:00+00:00,36.855,36.924,36.811,36.86,10645.86,70.70387788155159
2026-04-07 10:15:00+00:00,36.856,37.007,36.853,37.007,12790.76,76.77115805183846
2026-04-07 10:20:00+00:00,37.008,37.149,36.736,36.778,38903.71,56.97533270429984
2026-04-07 10:25:00+00:00,36.786,36.819,36.442,36.59,98336.77,46.39788759105066
2026-04-07 10:30:00+00:00,36.593,36.621,36.496,36.542,17183.82,44.144486741272566
2026-04-07 10:35:00+00:00,36.542,36.56,36.357,36.417,13441.95,38.85256513953745
2026-04-07 10:40:00+00:00,36.419,36.44,36.288,36.305,15484.48,34.82435012826694
2026-04-07 10:45:00+00:00,36.306,36.462,36.243,36.449,22492.64,43.00617045734792
2026-04-07 10:50:00+00:00,36.45,36.45,36.303,36.35,7867.25,39.348919476992435
2026-04-07 10:55:00+00:00,36.35,36.394,36.309,36.394,2403.42,41.721046300549176
2026-04-07 11:00:00+00:00,36.394,36.395,36.216,36.334,44360.88,39.45492160252813
2026-04-07 11:05:00+00:00,36.327,36.378,36.276,36.285,5637.81,37.656078772067254
2026-04-07 11:10:00+00:00,36.285,36.434,36.285,36.4,38953.8,44.097872509268825
2026-04-07 11:15:00+00:00,36.399,36.414,36.316,36.317,3489.33,40.81959071703827
2026-04-07 11:20:00+00:00,36.316,36.325,36.19,36.209,11058.62,36.9684432142928
2026-04-07 11:25:00+00:00,36.223,36.359,36.222,36.328,9808.73,43.314466148852155
2026-04-07 11:30:00+00:00,36.322,36.336,36.253,36.27,3992.2,41.14037586893143
2026-04-07 11:35:00+00:00,36.274,36.358,36.25,36.358,11848.43,45.60175241260384
2026-04-07 11:40:00+00:00,36.357,36.37,36.33,36.364,6641.22,45.90283053486377
2026-04-07 11:45:00+00:00,36.365,36.397,36.345,36.391,8339.09,47.31592389283417
2026-04-07 11:50:00+00:00,36.391,36.4,36.34,36.35,4090.68,45.37753039080285
2026-04-07 11:55:00+00:00,36.351,36.389,36.332,36.383,1746.91,47.25065412045889
2026-04-07 12:00:00+00:00,36.383,36.432,36.357,36.422,8704.2,49.45660041053138
2026-04-07 12:05:00+00:00,36.42,36.48,36.11,36.156,26813.32,37.834849164404744
2026-04-07 12:10:00+00:00,36.164,36.247,36.152,36.247,7219.65,42.78797198383508
2026-04-07 12:15:00+00:00,36.247,36.309,36.186,36.253,5820.98,43.10982966702757
2026-04-07 12:20:00+00:00,36.26,36.326,36.226,36.307,2546.7,46.05143001543947
2026-04-07 12:25:00+00:00,36.297,36.324,36.297,36.305,406.1,45.9566502304877
2026-04-07 12:30:00+00:00,36.305,36.336,36.139,36.139,14300.3,38.815883449124016
2026-04-07 12:35:00+00:00,36.139,36.139,36.07,36.073,31229.33,36.39455644627201
2026-04-07 12:40:00+00:00,36.07,36.079,35.964,36.006,69654.34,34.071044205867395
2026-04-07 12:45:00+00:00,36.003,36.01,35.898,35.94,57030.93,31.909881141297845
2026-04-07 12:50:00+00:00,35.94,35.943,35.906,35.922,28795.06,31.32626939548412
2026-04-07 12:55:00+00:00,35.923,36.13,35.917,36.106,28919.63,42.835697567754195
2026-04-07 13:00:00+00:00,36.103,36.173,36.023,36.172,18196.5,46.311500676318175
2026-04-07 13:05:00+00:00,36.173,36.295,36.169,36.191,16466.15,47.30483485233202
2026-04-07 13:10:00+00:00,36.196,36.259,36.084,36.259,24770.1,50.812430114009224
2026-04-07 13:15:00+00:00,36.239,36.26,36.15,36.178,27177.48,46.81496911270871
2026-04-07 13:20:00+00:00,36.178,36.216,36.163,36.164,13396.04,46.13933234451257
2026-04-07 13:25:00+00:00,36.163,36.175,36.131,36.133,9482.25,44.604279247127415
2026-04-07 13:30:00+00:00,36.145,36.186,36.003,36.041,12205.85,40.3172734783087
2026-04-07 13:35:00+00:00,36.04,36.109,36.005,36.071,13885.5,42.26589758461267
2026-04-07 13:40:00+00:00,36.067,36.102,36.022,36.045,7409.68,41.01601377422472
2026-04-07 13:45:00+00:00,36.045,36.072,35.954,36.021,52743.49,39.84470148217064
2026-04-07 13:50:00+00:00,36.022,36.057,35.965,36.057,13160.23,42.49736952345156
2026-04-07 13:55:00+00:00,36.059,36.067,35.929,35.929,11006.84,36.35827353666914
2026-04-07 14:00:00+00:00,35.929,35.979,35.841,35.898,18038.36,35.038134253445705
2026-04-07 14:05:00+00:00,35.903,35.926,35.715,35.853,54390.23,33.156149526358035
2026-04-07 14:10:00+00:00,35.86,35.963,35.86,35.938,9259.35,39.740210277865586
2026-04-07 14:15:00+00:00,35.937,36.022,35.858,35.936,28204.95,39.64126941875401
2026-04-07 14:20:00+00:00,35.937,36.113,35.932,36.076,16126.77,49.17948809481049
2026-04-07 14:25:00+00:00,36.073,36.102,36.014,36.062,9505.32,48.3565499951111
2026-04-07 14:30:00+00:00,36.049,36.131,35.985,36.057,5224.28,48.04732185895136
2026-04-07 14:35:00+00:00,36.056,36.058,35.97,35.991,4243.6,44.043589694493235
2026-04-07 14:40:00+00:00,35.987,36.013,35.95,35.959,2123.25,42.20716655630945
2026-04-07 14:45:00+00:00,35.958,36.051,35.94,36.004,9691.82,45.639732222076745
2026-04-07 14:50:00+00:00,35.998,36.011,35.941,35.96,2743.53,42.953356119047804
2026-04-07 14:55:00+00:00,35.956,35.963,35.859,35.878,8339.48,38.41526304848548
2026-04-07 15:00:00+00:00,35.876,35.947,35.861,35.932,15298.37,42.70800545357943
2026-04-07 15:05:00+00:00,35.928,35.947,35.871,35.94,5590.38,43.338140265527684
2026-04-07 15:10:00+00:00,35.94,36.084,35.94,36.045,32370.22,50.96171709314829
2026-04-07 15:15:00+00:00,36.059,36.189,36.044,36.182,18830.26,58.75854407023614
2026-04-07 15:20:00+00:00,36.178,36.178,36.079,36.095,9556.9,52.996061723168836
2026-04-07 15:25:00+00:00,36.081,36.169,36.08,36.155,10082.27,56.1872729339993
2026-04-07 15:30:00+00:00,36.151,36.164,36.083,36.116,7090.79,53.63813682158485
2026-04-07 15:35:00+00:00,36.119,36.119,36.054,36.057,16372.77,49.94639511508538
2026-04-07 15:40:00+00:00,36.058,36.094,36.025,36.03,3681.55,48.30780122679181
2026-04-07 15:45:00+00:00,36.03,36.065,36.021,36.042,2874.85,49.10695034263573
2026-04-07 15:50:00+00:00,36.043,36.044,35.969,36.02,8977.69,47.652448887763114
2026-04-07 15:55:00+00:00,36.02,36.092,35.997,36.034,7575.16,48.69387966786825
2026-04-07 16:00:00+00:00,36.038,36.178,36.023,36.109,11895.19,53.976305729114195
2026-04-07 16:05:00+00:00,36.106,36.158,36.036,36.037,8412.49,48.783596734871914
2026-04-07 16:10:00+00:00,36.037,36.097,36.025,36.079,4232.41,51.70248259580044
2026-04-07 16:15:00+00:00,36.079,36.102,36.051,36.078,5411.79,51.62703930056952
2026-04-07 16:20:00+00:00,36.078,36.137,36.053,36.136,5480.09,55.66761310511004
2026-04-07 16:25:00+00:00,36.136,36.206,36.129,36.181,17793.27,58.55983154170718
2026-04-07 16:30:00+00:00,36.183,36.207,36.162,36.188,5159.69,59.007834668159816
2026-04-07 16:35:00+00:00,36.188,36.3,36.176,36.285,40078.2,64.70242831346371
2026-04-07 16:40:00+00:00,36.285,36.29,36.263,36.283,4019.37,64.50345821116746
2026-04-07 16:45:00+00:00,36.283,36.299,36.245,36.264,5151.54,62.53599949987023
2026-04-07 16:50:00+00:00,36.253,36.272,36.21,36.216,6189.37,57.74415233017756
2026-04-07 16:55:00+00:00,36.216,36.227,36.192,36.216,3050.18,57.74415233017756
2026-04-07 17:00:00+00:00,36.216,36.287,36.21,36.286,3135.33,62.592143851395
2026-04-07 17:05:00+00:00,36.281,36.312,36.241,36.293,9335.43,63.04869506009001
2026-04-07 17:10:00+00:00,36.291,36.311,36.263,36.264,5178.76,59.792872440327166
2026-04-07 17:15:00+00:00,36.274,36.284,36.204,36.284,4645.92,61.27798464719647
2026-04-07 17:20:00+00:00,36.284,36.336,36.263,36.328,14869.21,64.39391544022541
2026-04-07 17:25:00+00:00,36.327,36.429,36.325,36.403,33254.54,68.97653149277204
2026-04-07 17:30:00+00:00,36.401,36.483,36.398,36.475,9739.79,72.61973044947466
2026-04-07 17:35:00+00:00,36.475,36.672,36.466,36.51,36153.43,74.20549934038064
2026-04-07 17:40:00+00:00,36.505,36.505,36.444,36.476,22223.84,69.96627423509014
2026-04-07 17:45:00+00:00,36.477,36.53,36.407,36.469,30521.5,69.09113626336159
2026-04-07 17:50:00+00:00,36.47,36.489,36.441,36.465,9664.89,68.56338815482378
2026-04-07 17:55:00+00:00,36.465,36.484,36.394,36.45,20529.15,66.51166792622595
2026-04-07 18:00:00+00:00,36.45,36.528,36.45,36.486,17850.28,68.91581627232725
2026-04-07 18:05:00+00:00,36.485,36.519,36.462,36.47,8859.83,66.62644335907927
2026-04-07 18:10:00+00:00,36.474,36.563,36.44,36.512,15710.36,69.49149559713861
2026-04-07 18:15:00+00:00,36.512,36.515,36.46,36.493,5722.78,66.70180133537929
2026-04-07 18:20:00+00:00,36.496,36.545,36.469,36.493,6305.83,66.70180133537927
2026-04-07 18:25:00+00:00,36.502,36.561,36.485,36.557,4877.2,71.21592064581363
2026-04-07 18:30:00+00:00,36.558,36.598,36.537,36.571,5675.89,72.10672940449325
2026-04-07 18:35:00+00:00,36.57,36.574,36.467,36.467,13429.49,57.79710571023174
2026-04-07 18:40:00+00:00,36.476,36.484,36.404,36.461,14850.62,57.09316012092523
2026-04-07 18:45:00+00:00,36.462,36.47,36.407,36.445,10819.94,55.163682837968636
2026-04-07 18:50:00+00:00,36.443,36.45,36.35,36.381,5746.67,48.15351724512851
2026-04-07 18:55:00+00:00,36.381,36.386,36.323,36.37,9110.53,47.046885069979645
2026-04-07 19:00:00+00:00,36.366,36.446,36.356,36.36,13330.51,46.01165907211063
2026-04-07 19:05:00+00:00,36.386,36.458,36.371,36.44,5032.26,54.61540255414761
2026-04-07 19:10:00+00:00,36.447,36.474,36.421,36.472,2611.17,57.530853129702415
2026-04-07 19:15:00+00:00,36.472,36.574,36.472,36.529,14687.33,62.190067172477846
2026-04-07 19:20:00+00:00,36.529,36.58,36.458,36.495,3763.63,58.09583146337658
2026-04-07 19:25:00+00:00,36.499,36.514,36.464,36.502,6226.41,58.698695519348455
2026-04-07 19:30:00+00:00,36.503,36.516,36.42,36.42,5343.23,49.68174826944852
2026-04-07 19:35:00+00:00,36.423,36.485,36.412,36.48,2046.03,55.114939325391
2026-04-07 19:40:00+00:00,36.48,36.597,36.476,36.597,11265.05,63.411425875932
2026-04-07 19:45:00+00:00,36.596,36.916,36.563,36.903,50272.24,75.93822866401074
2026-04-07 19:50:00+00:00,36.899,37.12,36.888,37.1,75935.25,80.5540879025831
2026-04-07 19:55:00+00:00,37.106,37.171,37.084,37.164,77296.14,81.77712673690067
2026-04-07 20:00:00+00:00,37.163,37.3,37.126,37.126,103804.25,78.61551525551378
2026-04-07 20:05:00+00:00,37.135,37.192,36.973,36.988,43349.02,68.28995444384833
2026-04-07 20:10:00+00:00,36.98,37.1,36.922,37.089,28341.99,71.26468923396122
2026-04-07 20:15:00+00:00,37.088,37.186,36.977,37.116,54040.4,72.02033960400847
2026-04-07 20:20:00+00:00,37.12,37.121,36.962,36.989,60478.7,63.55439830798071
2026-04-07 20:25:00+00:00,36.989,37.068,36.979,37.058,11862.04,65.89974862710777
2026-04-07 20:30:00+00:00,37.068,37.136,37.055,37.116,12758.61,67.77687633827576
2026-04-07 20:35:00+00:00,37.109,37.115,36.976,37.026,23837.04,62.067367306791084
2026-04-07 20:40:00+00:00,37.026,37.155,37.026,37.055,24849.38,63.14471807180717
2026-04-07 20:45:00+00:00,37.057,37.074,37.034,37.048,6557.92,62.681941564134846
2026-04-07 20:50:00+00:00,37.048,37.121,37.011,37.034,13665.8,61.70787299074668
2026-04-07 20:55:00+00:00,37.049,37.191,37.049,37.126,19487.88,65.50179237348561
2026-04-07 21:00:00+00:00,37.126,37.34,37.103,37.321,40046.42,71.864771775075
2026-04-07 21:05:00+00:00,37.324,37.6,37.302,37.531,93559.41,76.82266200029323
2026-04-07 21:10:00+00:00,37.532,37.693,37.51,37.515,61216.7,75.72773093028637
2026-04-07 21:15:00+00:00,37.515,37.548,37.261,37.355,53343.97,65.65092367213211
2026-04-07 21:20:00+00:00,37.355,37.445,37.351,37.397,37314.3,66.89618374000742
2026-04-07 21:25:00+00:00,37.391,37.445,37.259,37.262,30381.02,59.43730923111788
2026-04-07 21:30:00+00:00,37.266,37.37,37.266,37.357,10665.98,62.597726855856855
2026-04-07 21:35:00+00:00,37.364,37.449,37.304,37.449,20288.46,65.40856119397249
2026-04-07 21:40:00+00:00,37.441,37.471,37.35,37.471,27223.34,66.06531205320059
2026-04-07 21:45:00+00:00,37.468,37.564,37.446,37.559,36124.65,68.63085549368702
2026-04-07 21:50:00+00:00,37.565,37.909,37.564,37.904,132987.88,76.22100214031204
2026-04-07 21:55:00+00:00,37.905,37.92,37.772,37.804,65123.73,70.86839146692608
2026-04-07 22:00:00+00:00,37.804,37.921,37.727,37.757,43911.82,68.43586646464337
2026-04-07 22:05:00+00:00,37.751,37.958,37.736,37.825,40860.15,70.03825412398554
2026-04-07 22:10:00+00:00,37.818,37.933,37.786,37.927,20650.18,72.3090955247564
2026-04-07 22:15:00+00:00,37.929,37.949,37.84,37.857,18288.74,68.47356721607959
2026-04-07 22:20:00+00:00,37.857,37.96,37.777,37.943,27292.64,70.54101761314271
2026-04-07 22:25:00+00:00,37.944,38.073,37.881,38.022,116427.94,72.33572201846899
2026-04-07 22:30:00+00:00,38.021,38.336,37.982,38.163,148329.25,75.23559987212211
2026-04-07 22:35:00+00:00,38.141,38.461,38.101,38.349,156609.99,78.44540552015985
2026-04-07 22:40:00+00:00,38.35,38.5,37.962,38.2,144583.92,70.55602281019499
2026-04-07 22:45:00+00:00,38.199,38.353,38.013,38.337,91963.22,73.22264880419459
2026-04-07 22:50:00+00:00,38.339,38.681,38.334,38.49,190136.44,75.85283957812567
2026-04-07 22:55:00+00:00,38.49,38.802,38.363,38.738,151040.91,79.38713555318509
2026-04-07 23:00:00+00:00,38.739,38.879,38.54,38.554,201094.33,71.07513835629015
2026-04-07 23:05:00+00:00,38.574,38.672,38.485,38.672,82298.06,73.02567749609231
2026-04-07 23:10:00+00:00,38.658,38.685,38.49,38.672,81017.88,73.02567749609231
2026-04-07 23:15:00+00:00,38.676,38.734,38.344,38.49,238220.95,65.16505576351867
2026-04-07 23:20:00+00:00,38.497,38.848,38.497,38.814,79274.32,71.12408326036532
2026-04-07 23:25:00+00:00,38.814,39.16,38.776,39.159,147167.4,75.85956466574389
2026-04-07 23:30:00+00:00,39.16,39.16,38.8,38.86,95010.55,65.78971199513283
2026-04-07 23:35:00+00:00,38.853,38.974,38.64,38.7,79454.93,61.114607973359696
2026-04-07 23:40:00+00:00,38.704,38.762,38.479,38.536,85764.15,56.66941545324976
2026-04-07 23:45:00+00:00,38.536,38.691,38.5,38.679,17753.3,59.439695202421404
2026-04-07 23:50:00+00:00,38.68,38.825,38.625,38.625,50177.72,57.9334324202312
2026-04-07 23:55:00+00:00,38.628,38.671,38.569,38.606,41715.62,57.38243738257387
2026-04-08 00:00:00+00:00,38.609,38.799,38.601,38.754,49199.85,60.53136939241154
2026-04-08 00:05:00+00:00,38.756,38.805,38.53,38.567,60774.47,55.00151261140796
2026-04-08 00:10:00+00:00,38.567,38.824,38.566,38.736,55491.66,58.67575725713503
2026-04-08 00:15:00+00:00,38.737,38.863,38.66,38.725,49782.99,58.341838412825254
2026-04-08 00:20:00+00:00,38.719,38.746,38.566,38.689,43635.03,57.19465678635491
2026-04-08 00:25:00+00:00,38.692,38.733,38.561,38.561,14653.06,53.18992356047653
2026-04-08 00:30:00+00:00,38.562,38.601,38.465,38.487,38893.07,50.96803410017573
2026-04-08 00:35:00+00:00,38.487,38.636,38.454,38.605,15441.21,54.24989485204695
2026-04-08 00:40:00+00:00,38.603,38.635,38.465,38.522,8453.05,51.6320667711342
2026-04-08 00:45:00+00:00,38.53,38.702,38.386,38.398,25751.42,47.912285643950405
2026-04-08 00:50:00+00:00,38.398,38.467,38.259,38.277,24296.97,44.540201356766275
2026-04-08 00:55:00+00:00,38.285,38.415,38.285,38.409,16950.51,48.775666327908134
2026-04-08 01:00:00+00:00,38.409,38.434,38.152,38.161,32381.82,42.247564546559815
2026-04-08 01:05:00+00:00,38.161,38.286,38.104,38.254,30535.18,45.20904277930327
2026-04-08 01:10:00+00:00,38.253,38.362,38.229,38.333,14822.5,47.664127785494934
2026-04-08 01:15:00+00:00,38.345,38.363,38.225,38.254,9863.02,45.469974135225115
2026-04-08 01:20:00+00:00,38.254,38.371,38.201,38.291,9178.7,46.70735105289747
2026-04-08 01:25:00+00:00,38.297,38.356,38.286,38.332,5771.24,48.11241654427152
2026-04-08 01:30:00+00:00,38.332,38.341,38.188,38.262,7835.99,45.8879455808023
2026-04-08 01:35:00+00:00,38.263,38.267,38.194,38.209,3690.38,44.2208549224988
2026-04-08 01:40:00+00:00,38.217,38.266,38.205,38.231,7056.9,45.112244535931076
2026-04-08 01:45:00+00:00,38.233,38.31,38.218,38.269,4790.27,46.69675447618601
2026-04-08 01:50:00+00:00,38.263,38.355,38.263,38.288,6049.39,47.51263941911661
2026-04-08 01:55:00+00:00,38.288,38.314,38.249,38.263,4252.92,46.50399834230798
2026-04-08 02:00:00+00:00,38.269,38.309,38.221,38.272,2343.68,46.94069137671805
2026-04-08 02:05:00+00:00,38.276,38.456,38.265,38.424,28885.89,53.80003210855624
2026-04-08 02:10:00+00:00,38.428,38.55,38.424,38.489,29609.32,56.39601272961179
2026-04-08 02:15:00+00:00,38.49,38.505,38.359,38.403,7422.43,52.21550498001057
2026-04-08 02:20:00+00:00,38.402,38.489,38.329,38.489,10519.6,55.748125508031166
2026-04-08 02:25:00+00:00,38.489,38.58,38.461,38.573,14270.52,58.941013821736725
2026-04-08 02:30:00+00:00,38.572,38.6,38.46,38.546,25617.36,57.50477995670095
2026-04-08 02:35:00+00:00,38.547,38.606,38.503,38.511,23220.16,55.61299061339555
2026-04-08 02:40:00+00:00,38.513,38.52,38.449,38.488,14900.33,54.34768807893365
2026-04-08 02:45:00+00:00,38.493,38.543,38.475,38.514,18406.37,55.57808600422254
2026-04-08 02:50:00+00:00,38.514,38.559,38.474,38.559,17100.55,57.70288293626585
2026-04-08 02:55:00+00:00,38.557,38.62,38.55,38.6,14975.76,59.599013170664016
2026-04-08 03:00:00+00:00,38.599,38.652,38.593,38.637,9920.89,61.2856884784646
2026-04-08 03:05:00+00:00,38.637,38.645,38.57,38.577,3356.25,57.1211161554707
2026-04-08 03:10:00+00:00,38.572,38.6,38.508,38.514,5259.78,53.04514621458908
2026-04-08 03:15:00+00:00,38.509,38.556,38.483,38.483,6105.53,51.11243620120614
2026-04-08 03:20:00+00:00,38.483,38.483,38.384,38.405,6743.68,46.519661091432894
2026-04-08 03:25:00+00:00,38.402,38.419,38.374,38.403,14946.16,46.4045203654861
2026-04-08 03:30:00+00:00,38.405,38.405,38.329,38.351,4060.73,43.39698974297439
2026-04-08 03:35:00+00:00,38.348,38.39,38.342,38.357,14378.7,43.84919783015652
2026-04-08 03:40:00+00:00,38.357,38.378,38.326,38.334,8171.66,42.44919309441078
2026-04-08 03:45:00+00:00,38.327,38.34,38.3,38.301,2124.66,40.45349567816358
2026-04-08 03:50:00+00:00,38.3,38.3,38.273,38.288,2946.73,39.66241905614707
2026-04-08 03:55:00+00:00,38.288,38.308,38.273,38.296,5240.23,40.43436973580831
2026-04-08 04:00:00+00:00,38.298,38.308,38.258,38.308,7140.16,41.64048625742955
2026-04-08 04:05:00+00:00,38.308,38.432,38.295,38.363,24939.24,46.94322799294239
2026-04-08 04:10:00+00:00,38.356,38.405,38.348,38.375,6852.78,48.05229657701989
2026-04-08 04:15:00+00:00,38.383,38.477,38.383,38.41,9846.04,51.25294135736766
2026-04-08 04:20:00+00:00,38.402,38.46,38.388,38.451,5682.52,54.76863718585247
2026-04-08 04:25:00+00:00,38.45,38.651,38.438,38.579,41018.39,63.595865904360686
2026-04-08 04:30:00+00:00,38.579,38.628,38.552,38.591,12221.11,64.29929044238041
2026-04-08 04:35:00+00:00,38.589,38.659,38.55,38.624,9523.22,66.23167561681544
2026-04-08 04:40:00+00:00,38.625,38.704,38.6,38.704,17303.16,70.41270180868686
2026-04-08 04:45:00+00:00,38.692,38.702,38.608,38.666,7586.77,66.21866633201452
2026-04-08 04:50:00+00:00,38.663,38.877,38.632,38.827,85153.82,73.43763025373468
2026-04-08 04:55:00+00:00,38.827,38.908,38.804,38.858,84877.9,74.56471156385813
2026-04-08 05:00:00+00:00,38.851,39.0,38.835,38.97,94082.72,78.16888271007448
2026-04-08 05:05:00+00:00,38.968,39.0,38.921,38.987,33216.39,78.6630974503948
2026-04-08 05:10:00+00:00,38.988,39.126,38.981,39.101,50444.95,81.66122833348906
2026-04-08 05:15:00+00:00,39.102,39.136,39.015,39.051,10729.41,76.57873037973883
2026-04-08 05:20:00+00:00,39.052,39.157,39.038,39.155,24268.79,79.44447737539546
2026-04-08 05:25:00+00:00,39.156,39.252,39.141,39.203,47820.84,80.62291970132807
2026-04-08 05:30:00+00:00,39.202,39.283,39.168,39.191,38681.17,79.39742644136109
2026-04-08 05:35:00+00:00,39.193,39.215,39.081,39.107,46706.11,71.23484356868798
2026-04-08 05:40:00+00:00,39.108,39.122,38.973,39.004,29571.19,62.72011779923739
2026-04-08 05:45:00+00:00,39.004,39.083,38.892,39.062,29534.85,65.23974666760307
2026-04-08 05:50:00+00:00,39.073,39.215,39.073,39.141,33576.95,68.375024442219
2026-04-08 05:55:00+00:00,39.145,39.157,39.079,39.111,11325.91,65.94260731618391
2026-04-08 06:00:00+00:00,39.111,39.12,38.988,39.054,15290.08,61.46825933594523
2026-04-08 06:05:00+00:00,39.055,39.078,38.972,39.039,7164.34,60.30856450761979
2026-04-08 06:10:00+00:00,39.044,39.185,39.044,39.179,10365.36,66.63556710730941
2026-04-08 06:15:00+00:00,39.18,39.228,39.117,39.192,15330.14,67.15906711471352
2026-04-08 06:20:00+00:00,39.185,39.288,39.173,39.247,25330.6,69.35018066319526
2026-04-08 06:25:00+00:00,39.249,39.284,39.213,39.241,14880.21,68.81081986774393
2026-04-08 06:30:00+00:00,39.237,39.258,39.113,39.136,14564.5,60.014328831287926
2026-04-08 06:35:00+00:00,39.136,39.208,39.12,39.131,8414.98,59.62345619505274
2026-04-08 06:40:00+00:00,39.126,39.149,39.063,39.096,21748.24,56.83307098346718
2026-04-08 06:45:00+00:00,39.097,39.159,39.056,39.081,23336.31,55.63142890583885
2026-04-08 06:50:00+00:00,39.084,39.106,38.98,39.07,21201.34,54.717760872828826
2026-04-08 06:55:00+00:00,39.069,39.07,38.988,39.025,19803.84,51.025756716250115
2026-04-08 07:00:00+00:00,39.027,39.053,38.867,38.894,33539.5,42.11670099987442
2026-04-08 07:05:00+00:00,38.898,38.931,38.855,38.93,17277.33,44.96070978765009
2026-04-08 07:10:00+00:00,38.931,38.981,38.875,38.935,17455.51,45.36224413318396
2026-04-08 07:15:00+00:00,38.935,38.956,38.82,38.84,14470.26,39.47030040484403
2026-04-08 07:20:00+00:00,38.84,38.983,38.84,38.957,14216.01,48.365417482236595
2026-04-08 07:25:00+00:00,38.957,39.091,38.936,39.083,15189.0,55.88418747220443
2026-04-08 07:30:00+00:00,39.079,39.111,38.959,39.047,19580.37,53.48769192585425
2026-04-08 07:35:00+00:00,39.047,39.11,39.04,39.046,8841.23,53.41916409961173
2026-04-08 07:40:00+00:00,39.045,39.135,39.04,39.135,7799.7,58.513573215127714
2026-04-08 07:45:00+00:00,39.131,39.348,39.112,39.285,50701.63,65.38486652598854
2026-04-08 07:50:00+00:00,39.269,39.418,39.258,39.409,48938.7,69.8330167709983
2026-04-08 07:55:00+00:00,39.415,39.419,39.301,39.396,22505.88,68.83434001774181
2026-04-08 08:00:00+00:00,39.408,39.55,39.396,39.434,84146.46,70.17692411311145
2026-04-08 08:05:00+00:00,39.433,39.468,39.377,39.42,8225.55,68.99761308635024
2026-04-08 08:10:00+00:00,39.42,39.459,39.289,39.361,19085.81,64.10820478852636
2026-04-08 08:15:00+00:00,39.356,39.559,39.35,39.522,12481.86,70.2943468823097
2026-04-08 08:20:00+00:00,39.523,39.525,39.4,39.441,11768.09,64.29068039592889
2026-04-08 08:25:00+00:00,39.442,39.446,39.261,39.411,48583.9,62.17272419562415
2026-04-08 08:30:00+00:00,39.422,39.483,39.327,39.39,6685.71,60.66612432170252
2026-04-08 08:35:00+00:00,39.4,39.478,39.376,39.407,9327.67,61.47989089806402
2026-04-08 08:40:00+00:00,39.407,39.409,39.288,39.385,9275.2,59.75691300840452
2026-04-08 08:45:00+00:00,39.386,39.485,39.357,39.46,10270.25,63.511215633630684
2026-04-08 08:50:00+00:00,39.464,39.538,39.436,39.461,14616.81,63.560029075531745
2026-04-08 08:55:00+00:00,39.462,39.566,39.447,39.509,10945.51,65.91694693835463
2026-04-08 09:00:00+00:00,39.512,39.65,39.511,39.646,26093.69,71.56917743764053
2026-04-08 09:05:00+00:00,39.646,39.701,39.514,39.514,29147.75,61.0619096004513
2026-04-08 09:10:00+00:00,39.522,39.571,39.502,39.506,11002.38,60.48235651797805
2026-04-08 09:15:00+00:00,39.511,39.563,39.47,39.533,7214.19,61.800137097363454
2026-04-08 09:20:00+00:00,39.529,39.537,39.426,39.429,10453.02,54.29032965731241
2026-04-08 09:25:00+00:00,39.434,39.439,39.332,39.352,30620.74,49.49475545873488
2026-04-08 09:30:00+00:00,39.353,39.389,39.255,39.293,20631.86,46.13220854231233
2026-04-08 09:35:00+00:00,39.297,39.458,39.236,39.411,23369.19,53.00834641968539
2026-04-08 09:40:00+00:00,39.418,39.424,39.255,39.301,30424.9,46.9870630330075
2026-04-08 09:45:00+00:00,39.32,39.372,39.257,39.348,8962.44,49.62030173143112
2026-04-08 09:50:00+00:00,39.353,39.46,39.353,39.418,15655.63,53.33786077039451
2026-04-08 09:55:00+00:00,39.42,39.493,39.384,39.48,9584.36,56.40621319969914
2026-04-08 10:00:00+00:00,39.485,39.541,39.418,39.43,11125.72,53.3589440130262
2026-04-08 10:05:00+00:00,39.419,39.452,39.361,39.376,5842.79,50.20441705516428
2026-04-08 10:10:00+00:00,39.376,39.388,39.312,39.341,9291.33,48.214813817858044
2026-04-08 10:15:00+00:00,39.345,39.392,39.31,39.38,6828.77,50.56571334119422
2026-04-08 10:20:00+00:00,39.384,39.404,39.345,39.358,8139.71,49.208611639048314
2026-04-08 10:25:00+00:00,39.363,39.422,39.33,39.35,5082.03,48.696801735331235
2026-04-08 10:30:00+00:00,39.351,39.357,39.219,39.224,15216.33,41.39427586224938
2026-04-08 10:35:00+00:00,39.227,39.274,39.18,39.259,32076.69,43.910428427794805
2026-04-08 10:40:00+00:00,39.269,39.281,39.236,39.243,8973.28,43.00152567168574
2026-04-08 10:45:00+00:00,39.253,39.293,39.24,39.257,11252.16,44.09200244512637
2026-04-08 10:50:00+00:00,39.259,39.322,39.248,39.3,8068.82,47.41939377688981
2026-04-08 10:55:00+00:00,39.3,39.303,39.208,39.21,7614.15,41.81053613724259
2026-04-08 11:00:00+00:00,39.206,39.31,39.19,39.293,5436.01,47.92764116576862
2026-04-08 11:05:00+00:00,39.299,39.344,39.259,39.332,9454.87,50.557734392458826
2026-04-08 11:10:00+00:00,39.342,39.446,39.298,39.383,6820.01,53.84103188898702
2026-04-08 11:15:00+00:00,39.383,39.455,39.326,39.326,7151.04,49.85611159676558
2026-04-08 11:20:00+00:00,39.334,39.357,39.209,39.283,10547.11,47.02834080559367
2026-04-08 11:25:00+00:00,39.294,39.351,39.291,39.331,9330.8,50.40961759178869
2026-04-08 11:30:00+00:00,39.338,39.34,39.196,39.215,11345.78,43.22826306201473
2026-04-08 11:35:00+00:00,39.22,39.221,39.1,39.128,44714.09,38.76752255748192
2026-04-08 11:40:00+00:00,39.131,39.17,39.128,39.131,4344.56,39.00126988455137
2026-04-08 11:45:00+00:00,39.137,39.258,39.128,39.245,14112.12,47.24291473117236
2026-04-08 11:50:00+00:00,39.246,39.297,39.233,39.297,9373.91,50.52650435698258
2026-04-08 11:55:00+00:00,39.297,39.297,39.262,39.273,8262.85,49.010332904302814
2026-04-08 12:00:00+00:00,39.273,39.299,39.143,39.2,61124.11,44.62407107228232
2026-04-08 12:05:00+00:00,39.2,39.235,39.187,39.204,8735.67,44.91498344941338
2026-04-08 12:10:00+00:00,39.204,39.273,39.191,39.268,7723.77,49.48739783462596
2026-04-08 12:15:00+00:00,39.268,39.284,39.215,39.223,7268.91,46.56088427265992
2026-04-08 12:20:00+00:00,39.217,39.228,39.102,39.126,14048.7,40.940648392456296
2026-04-08 12:25:00+00:00,39.125,39.202,39.1,39.189,19463.84,45.53870961132796
2026-04-08 12:30:00+00:00,39.188,39.252,39.142,39.251,11735.62,49.68993908421006
2026-04-08 12:35:00+00:00,39.252,39.468,39.252,39.421,41873.57,58.93313710974105
2026-04-08 12:40:00+00:00,39.418,39.614,39.396,39.601,23822.45,66.04630046537861
2026-04-08 12:45:00+00:00,39.602,39.671,39.55,39.658,28947.82,67.94004419369932
2026-04-08 12:50:00+00:00,39.666,39.75,39.591,39.612,48806.04,64.79902743602283
2026-04-08 12:55:00+00:00,39.614,39.75,39.6,39.675,20041.45,67.0461075167564
2026-04-08 13:00:00+00:00,39.675,39.746,39.589,39.618,14011.81,63.12010486556665
2026-04-08 13:05:00+00:00,39.614,39.777,39.59,39.711,48364.24,66.56065260828309
2026-04-08 13:10:00+00:00,39.699,39.742,39.584,39.658,35997.05,62.95608458386409
2026-04-08 13:15:00+00:00,39.663,39.792,39.642,39.761,23135.11,66.72720950000203
2026-04-08 13:20:00+00:00,39.759,39.759,39.603,39.692,19276.67,62.16185457218464
2026-04-08 13:25:00+00:00,39.694,39.774,39.679,39.71,21418.87,62.87543197783256
2026-04-08 13:30:00+00:00,39.716,39.764,39.424,39.457,31992.51,48.91282048078135
2026-04-08 13:35:00+00:00,39.457,39.506,39.336,39.336,62396.08,43.89256140236411
2026-04-08 13:40:00+00:00,39.336,39.373,39.227,39.262,42758.81,41.11337554083145
2026-04-08 13:45:00+00:00,39.259,39.461,39.242,39.437,31555.54,49.29060375618285
2026-04-08 13:50:00+00:00,39.453,39.471,39.206,39.243,24006.16,42.28114391896231
2026-04-08 13:55:00+00:00,39.243,39.337,39.177,39.252,20729.69,42.6883262913026
2026-04-08 14:00:00+00:00,39.253,39.341,39.224,39.242,38665.72,42.33099430243685
2026-04-08 14:05:00+00:00,39.242,39.248,38.962,38.989,76395.03,34.46953164041665
2026-04-08 14:10:00+00:00,38.995,39.07,38.907,39.026,62788.6,36.33176283814224
2026-04-08 14:15:00+00:00,39.022,39.087,38.858,38.865,38900.11,32.06212130583252
2026-04-08 14:20:00+00:00,38.867,39.0,38.862,38.945,25774.74,36.0816862267038
2026-04-08 14:25:00+00:00,38.955,39.004,38.907,38.928,26264.08,35.599675479120094
2026-04-08 14:30:00+00:00,38.929,38.966,38.593,38.618,101230.09,28.201298486010543
2026-04-08 14:35:00+00:00,38.619,38.84,38.614,38.773,30883.98,35.42724020537062
2026-04-08 14:40:00+00:00,38.777,38.841,38.638,38.668,33725.92,33.004050622923614
2026-04-08 14:45:00+00:00,38.662,38.832,38.585,38.774,44873.63,37.6411799644331
2026-04-08 14:50:00+00:00,38.777,38.797,38.57,38.617,37778.5,33.89867909325338
2026-04-08 14:55:00+00:00,38.616,38.626,38.503,38.6,43393.72,33.510162857912704
2026-04-08 15:00:00+00:00,38.594,38.726,38.53,38.716,44038.79,38.6750117627082
2026-04-08 15:05:00+00:00,38.706,38.76,38.63,38.684,45011.08,37.8026408737789
2026-04-08 15:10:00+00:00,38.68,38.718,38.654,38.715,48399.01,39.23264548868042
2026-04-08 15:15:00+00:00,38.714,38.753,38.668,38.732,36853.7,40.04669447110521
2026-04-08 15:20:00+00:00,38.718,38.771,38.674,38.687,29825.18,38.57363901986423
2026-04-08 15:25:00+00:00,38.683,38.761,38.625,38.652,35188.29,37.42070462345858
2026-04-08 15:30:00+00:00,38.661,38.747,38.637,38.742,7314.99,42.204444689916116
2026-04-08 15:35:00+00:00,38.742,38.851,38.734,38.745,19607.9,42.362607603860475
2026-04-08 15:40:00+00:00,38.746,38.746,38.61,38.629,8848.25,38.02902727110285
2026-04-08 15:45:00+00:00,38.63,38.734,38.608,38.706,31514.76,42.25200232777553
2026-04-08 15:50:00+00:00,38.699,38.874,38.659,38.874,29705.02,50.22220077255592
2026-04-08 15:55:00+00:00,38.858,38.928,38.83,38.861,18102.19,49.65114278931742
2026-04-08 16:00:00+00:00,38.86,38.971,38.84,38.913,17109.87,52.002134337970084
2026-04-08 16:05:00+00:00,38.912,38.936,38.787,38.8,28065.24,46.87938464611768
2026-04-08 16:10:00+00:00,38.8,38.8,38.607,38.746,35626.78,44.61741698814872
2026-04-08 16:15:00+00:00,38.745,38.76,38.652,38.745,15377.59,44.57452441205803
2026-04-08 16:20:00+00:00,38.753,38.775,38.686,38.713,17618.04,43.14515526388722
2026-04-08 16:25:00+00:00,38.708,38.71,38.63,38.651,21985.23,40.43939841365211
2026-04-08 16:30:00+00:00,38.651,38.665,38.5,38.514,48308.31,35.18810620245959
2026-04-08 16:35:00+00:00,38.514,38.54,38.44,38.496,53887.13,34.55323326835365
2026-04-08 16:40:00+00:00,38.493,38.537,38.45,38.504,28107.62,35.11356727726182
2026-04-08 16:45:00+00:00,38.51,38.718,38.509,38.709,39140.57,47.51432287640969
2026-04-08 16:50:00+00:00,38.709,38.9,38.707,38.9,42462.95,55.95953129046573
2026-04-08 16:55:00+00:00,38.899,38.951,38.534,38.571,83473.31,43.09614743394078
2026-04-08 17:00:00+00:00,38.571,38.778,38.487,38.72,184973.69,48.83267313804942
2026-04-08 17:05:00+00:00,38.724,38.785,38.669,38.732,68972.03,49.27617852553859
2026-04-08 17:10:00+00:00,38.724,38.794,38.706,38.786,8578.01,51.320953092810846
2026-04-08 17:15:00+00:00,38.773,38.794,38.71,38.712,4027.25,48.439223130610394
2026-04-08 17:20:00+00:00,38.711,38.738,38.655,38.664,3396.02,46.610951426677104
2026-04-08 17:25:00+00:00,38.662,38.674,38.591,38.648,7214.35,45.98786223373098
2026-04-08 17:30:00+00:00,38.65,38.72,38.628,38.69,16389.11,47.95465295533529
2026-04-08 17:35:00+00:00,38.689,38.88,38.684,38.768,37781.98,51.487694120985246
2026-04-08 17:40:00+00:00,38.762,38.797,38.695,38.782,7118.13,52.11600600327081
2026-04-08 17:45:00+00:00,38.783,38.788,38.739,38.765,7724.17,51.24803318159117
2026-04-08 17:50:00+00:00,38.764,38.765,38.707,38.722,10992.49,49.02396717841173
2026-04-08 17:55:00+00:00,38.719,38.752,38.616,38.632,32984.14,44.65572827076287
2026-04-08 18:00:00+00:00,38.631,38.631,38.524,38.527,17781.38,40.159785378979876
2026-04-08 18:05:00+00:00,38.532,38.617,38.515,38.517,9370.76,39.749327329045315
2026-04-08 18:10:00+00:00,38.517,38.52,38.407,38.421,14795.51,35.950589458811194
2026-04-08 18:15:00+00:00,38.427,38.464,38.266,38.266,35803.69,30.82789389679691
2026-04-08 18:20:00+00:00,38.279,38.33,38.151,38.194,72061.64,28.77664583079961
2026-04-08 18:25:00+00:00,38.193,38.236,38.15,38.16,24407.47,27.834771222297178
2026-04-08 18:30:00+00:00,38.156,38.266,38.15,38.208,18198.34,31.255644344175124
2026-04-08 18:35:00+00:00,38.199,38.247,38.14,38.164,18548.45,29.858402249926982
2026-04-08 18:40:00+00:00,38.155,38.155,37.939,37.985,96284.25,24.968306815643587
2026-04-08 18:45:00+00:00,37.984,38.083,37.918,38.04,58558.47,28.825484383666705
2026-04-08 18:50:00+00:00,38.033,38.11,37.913,37.919,61913.84,25.695839506432065
2026-04-08 18:55:00+00:00,37.916,37.933,37.76,37.793,128561.04,22.90681108982882
2026-04-08 19:00:00+00:00,37.8,38.07,37.778,38.068,63995.42,38.57682039636291
2026-04-08 19:05:00+00:00,38.068,38.092,37.936,37.96,33788.18,35.52303151064277
2026-04-08 19:10:00+00:00,37.959,38.022,37.91,37.925,25719.13,34.56800405402821
2026-04-08 19:15:00+00:00,37.924,37.939,37.797,37.798,26239.98,31.28163973651604
2026-04-08 19:20:00+00:00,37.798,37.886,37.779,37.871,16409.75,35.1009385754097
2026-04-08 19:25:00+00:00,37.884,37.902,37.758,37.77,20855.13,32.41646174580025
2026-04-08 19:30:00+00:00,37.769,37.8,37.751,37.774,19723.3,32.636192505609245
2026-04-08 19:35:00+00:00,37.774,37.943,37.759,37.895,27366.03,39.087750870886126
2026-04-08 19:40:00+00:00,37.892,37.924,37.81,37.92,19570.45,40.35868928198594
2026-04-08 19:45:00+00:00,37.918,38.086,37.917,38.04,39079.28,46.165123515971814
2026-04-08 19:50:00+00:00,38.045,38.062,37.995,38.019,6990.11,45.333354157472996
2026-04-08 19:55:00+00:00,38.022,38.091,37.999,38.081,8460.84,48.29529292259519
2026-04-08 20:00:00+00:00,38.087,38.163,38.053,38.128,18238.26,50.48546000960367
2026-04-08 20:05:00+00:00,38.132,38.132,38.075,38.095,9341.62,48.91862882434864
2026-04-08 20:10:00+00:00,38.092,38.175,38.084,38.161,11891.34,52.11923092333131
2026-04-08 20:15:00+00:00,38.159,38.235,38.154,38.222,22998.67,54.930012874026254
2026-04-08 20:20:00+00:00,38.221,38.221,38.022,38.045,19277.17,46.41554340566797
2026-04-08 20:25:00+00:00,38.05,38.078,38.027,38.053,15141.1,46.81680144700015
2026-04-08 20:30:00+00:00,38.053,38.085,38.027,38.052,5909.13,46.76965556271149
2026-04-08 20:35:00+00:00,38.051,38.069,37.98,38.05,12276.56,46.668432391553445
2026-04-08 20:40:00+00:00,38.05,38.05,37.911,37.934,11004.62,41.110861377471295
2026-04-08 20:45:00+00:00,37.934,38.068,37.929,38.059,15291.02,48.26103014029277
2026-04-08 20:50:00+00:00,38.056,38.166,38.053,38.16,10136.47,53.2050079466586
2026-04-08 20:55:00+00:00,38.152,38.237,38.136,38.231,20302.37,56.36180845311035
2026-04-08 21:00:00+00:00,38.237,38.987,38.233,38.65,391153.02,69.45674578140554
2026-04-08 21:05:00+00:00,38.658,38.88,38.643,38.876,79670.11,73.99040941720811
2026-04-08 21:10:00+00:00,38.877,39.27,38.858,39.013,235564.53,76.28812706106743
2026-04-08 21:15:00+00:00,39.014,39.408,39.004,39.31,149119.07,80.34240943936301
2026-04-08 21:20:00+00:00,39.32,39.42,39.248,39.327,64359.68,80.54743227041959
2026-04-08 21:25:00+00:00,39.326,39.406,39.3,39.35,23157.56,80.83861290197896
2026-04-08 21:30:00+00:00,39.35,39.475,39.196,39.318,57423.39,79.06532826465306
2026-04-08 21:35:00+00:00,39.321,39.437,39.3,39.401,18148.27,80.27400802092069
2026-04-08 21:40:00+00:00,39.413,39.415,39.349,39.372,8871.8,78.56717583345886
2026-04-08 21:45:00+00:00,39.372,39.517,39.371,39.513,34532.1,80.71429965082373
2026-04-08 21:50:00+00:00,39.513,39.673,39.49,39.563,98511.85,81.4249299549002
2026-04-08 21:55:00+00:00,39.562,39.642,39.49,39.559,10608.29,81.16725995068177
2026-04-08 22:00:00+00:00,39.562,39.563,39.292,39.319,55748.46,67.3880242727248
2026-04-08 22:05:00+00:00,39.324,39.4,39.304,39.318,22646.43,67.33672990198065
2026-04-08 22:10:00+00:00,39.323,39.363,39.191,39.207,46927.63,61.72074650530264
2026-04-08 22:15:00+00:00,39.214,39.272,39.05,39.068,76487.39,55.48064312217338
2026-04-08 22:20:00+00:00,39.072,39.089,38.914,39.068,54905.77,55.48064312217338
2026-04-08 22:25:00+00:00,39.068,39.12,38.901,38.907,36564.82,48.84663890928298
2026-04-08 22:30:00+00:00,38.904,39.165,38.86,39.165,56743.93,57.59672239516943
2026-04-08 22:35:00+00:00,39.155,39.222,39.082,39.118,20276.26,55.72662761054099
2026-04-08 22:40:00+00:00,39.115,39.12,38.986,39.003,33066.56,51.33464066022593
2026-04-08 22:45:00+00:00,39.004,39.117,38.994,39.108,6732.93,54.83472926913586
2026-04-08 22:50:00+00:00,39.113,39.116,38.969,38.995,33412.73,50.61564941055631
2026-04-08 22:55:00+00:00,38.994,38.995,38.65,38.743,125102.28,42.72134698094096
2026-04-08 23:00:00+00:00,38.743,38.743,38.579,38.662,89538.17,40.53304459053988
2026-04-08 23:05:00+00:00,38.663,38.696,38.5,38.647,55884.82,40.12317227664647
2026-04-08 23:10:00+00:00,38.647,38.749,38.642,38.749,90694.05,44.25142896353894
2026-04-08 23:15:00+00:00,38.75,38.864,38.75,38.816,18974.19,46.84393654552397
2026-04-08 23:20:00+00:00,38.814,38.886,38.559,38.661,26863.23,41.98017656507397
2026-04-08 23:25:00+00:00,38.666,38.67,38.61,38.651,12681.66,41.67950367307303
2026-04-08 23:30:00+00:00,38.653,38.678,38.562,38.665,11632.84,42.30254859839787
2026-04-08 23:35:00+00:00,38.662,38.8,38.635,38.659,17761.01,42.094992030141846
2026-04-08 23:40:00+00:00,38.663,38.708,38.618,38.64,19050.55,41.4022352718992
2026-04-08 23:45:00+00:00,38.64,38.801,38.603,38.801,26894.41,49.053322675547385
2026-04-08 23:50:00+00:00,38.786,38.819,38.681,38.705,14954.56,45.25865460106575
2026-04-08 23:55:00+00:00,38.692,38.807,38.675,38.759,17658.27,47.70906583062725
2026-04-09 00:00:00+00:00,38.758,38.8,38.513,38.559,66927.72,40.48137338132728
2026-04-09 00:05:00+00:00,38.56,38.736,38.56,38.605,41377.78,42.63398630358926
2026-04-09 00:10:00+00:00,38.604,38.639,38.583,38.62,2052.64,43.35344301902523
2026-04-09 00:15:00+00:00,38.619,38.632,38.371,38.41,43278.08,36.45942341957885
2026-04-09 00:20:00+00:00,38.414,38.456,38.302,38.42,56141.0,36.97339396333603
2026-04-09 00:25:00+00:00,38.419,38.45,38.318,38.324,68199.51,34.12005893794536
2026-04-09 00:30:00+00:00,38.324,38.324,38.258,38.268,16141.45,32.54239520742452
2026-04-09 00:35:00+00:00,38.265,38.342,38.232,38.26,19387.22,32.31253576267939
2026-04-09 00:40:00+00:00,38.26,38.284,38.23,38.284,14177.35,33.82271237208852
2026-04-09 00:45:00+00:00,38.283,38.344,38.275,38.32,11399.74,36.124829978999564
2026-04-09 00:50:00+00:00,38.313,38.313,38.208,38.212,17162.84,32.474992390885845
2026-04-09 00:55:00+00:00,38.219,38.296,38.194,38.195,6439.13,31.928163420867946
2026-04-09 01:00:00+00:00,38.196,38.321,38.15,38.321,9045.34,39.99324730891616
2026-04-09 01:05:00+00:00,38.321,38.363,38.178,38.314,10010.13,39.711751044168885
2026-04-09 01:10:00+00:00,38.316,38.456,38.302,38.376,13336.59,43.50469690299806
2026-04-09 01:15:00+00:00,38.374,38.397,38.314,38.344,4385.87,42.034770384331935
2026-04-09 01:20:00+00:00,38.346,38.393,38.207,38.249,6212.84,37.93671766984424
2026-04-09 01:25:00+00:00,38.25,38.333,38.243,38.296,6351.19,41.001292931831756
2026-04-09 01:30:00+00:00,38.296,38.482,38.279,38.445,6427.98,49.51252271907278
2026-04-09 01:35:00+00:00,38.445,38.446,38.303,38.311,5204.75,43.442775574631455
2026-04-09 01:40:00+00:00,38.311,38.311,38.26,38.284,6394.94,42.31709533162667
2026-04-09 01:45:00+00:00,38.284,38.362,38.242,38.325,9694.13,44.66200270793998
2026-04-09 01:50:00+00:00,38.325,38.453,38.325,38.44,12411.67,50.714025889359256
2026-04-09 01:55:00+00:00,38.441,38.445,38.376,38.428,10557.04,50.09832687800453
2026-04-09 02:00:00+00:00,38.427,38.451,38.349,38.35,7812.72,46.1742437455864
2026-04-09 02:05:00+00:00,38.349,38.44,38.346,38.422,2896.63,50.06257867672179
2026-04-09 02:10:00+00:00,38.421,38.428,38.287,38.288,12206.98,43.73089923299824
2026-04-09 02:15:00+00:00,38.296,38.358,38.286,38.358,8971.77,47.46858452666024
2026-04-09 02:20:00+00:00,38.357,38.412,38.328,38.386,4256.58,48.9299005137046
2026-04-09 02:25:00+00:00,38.389,38.45,38.382,38.407,14866.45,50.05214586211851
2026-04-09 02:30:00+00:00,38.406,38.514,38.397,38.472,10509.7,53.461062048653865
2026-04-09 02:35:00+00:00,38.471,38.48,38.412,38.464,6832.87,52.98178417295424
2026-04-09 02:40:00+00:00,38.46,38.476,38.4,38.468,10740.91,53.207664914929445
2026-04-09 02:45:00+00:00,38.469,38.614,38.461,38.58,40838.47,59.12842125477676
2026-04-09 02:50:00+00:00,38.582,38.679,38.565,38.669,20046.29,63.121703351716036
2026-04-09 02:55:00+00:00,38.67,38.67,38.598,38.618,11525.58,59.532270160848235
2026-04-09 03:00:00+00:00,38.617,38.617,38.508,38.536,19199.27,54.195944634302876
2026-04-09 03:05:00+00:00,38.536,38.538,38.458,38.472,22476.03,50.39876965863961
2026-04-09 03:10:00+00:00,38.472,38.493,38.431,38.483,6045.51,51.03379009801266
2026-04-09 03:15:00+00:00,38.483,38.496,38.427,38.43,2422.81,47.85480375353194
2026-04-09 03:20:00+00:00,38.431,38.492,38.411,38.486,2343.44,51.306248425439136
2026-04-09 03:25:00+00:00,38.486,38.516,38.349,38.405,7760.99,46.51087137120759
2026-04-09 03:30:00+00:00,38.406,38.42,38.347,38.406,4110.44,46.57725765276665
2026-04-09 03:35:00+00:00,38.41,38.477,38.41,38.437,1951.63,48.70272056158627
2026-04-09 03:40:00+00:00,38.438,38.46,38.391,38.443,3406.57,49.124620300015394
2026-04-09 03:45:00+00:00,38.444,38.55,38.421,38.55,3214.02,56.06444155695626
2026-04-09 03:50:00+00:00,38.55,38.66,38.549,38.652,11301.45,61.46127528567592
2026-04-09 03:55:00+00:00,38.653,38.699,38.634,38.682,14703.05,62.904550941563876
2026-04-09 04:00:00+00:00,38.687,38.705,38.625,38.704,11937.31,63.970165925441094
2026-04-09 04:05:00+00:00,38.705,38.724,38.643,38.723,8203.82,64.90774218216843
2026-04-09 04:10:00+00:00,38.723,38.816,38.532,38.59,39312.4,54.26308779445586
2026-04-09 04:15:00+00:00,38.592,38.656,38.52,38.576,8856.57,53.272709918055185
2026-04-09 04:20:00+00:00,38.577,38.623,38.563,38.623,5314.74,56.16518802610777
2026-04-09 04:25:00+00:00,38.623,38.633,38.533,38.584,8842.94,53.22120294695727
2026-04-09 04:30:00+00:00,38.586,38.637,38.516,38.619,6812.71,55.47670786066491
2026-04-09 04:35:00+00:00,38.64,38.659,38.593,38.596,2300.68,53.6461732243744
2026-04-09 04:40:00+00:00,38.596,38.641,38.561,38.561,2282.2,50.89410231253863
2026-04-09 04:45:00+00:00,38.562,38.563,38.481,38.5,5759.25,46.42407097316438
2026-04-09 04:50:00+00:00,38.5,38.512,38.464,38.494,2338.18,45.99614305179223
2026-04-09 04:55:00+00:00,38.5,38.5,38.4,38.412,7261.14,40.50142968831109
2026-04-09 05:00:00+00:00,38.412,38.424,38.326,38.376,11573.48,38.33619034183309
2026-04-09 05:05:00+00:00,38.379,38.404,38.332,38.347,5750.24,36.637023890532824
2026-04-09 05:10:00+00:00,38.347,38.458,38.227,38.411,16468.98,42.67558244910415
2026-04-09 05:15:00+00:00,38.415,38.459,38.36,38.409,3930.68,42.539148887636244
2026-04-09 05:20:00+00:00,38.409,38.429,38.375,38.423,1432.86,43.89138956364797
2026-04-09 05:25:00+00:00,38.426,38.486,38.417,38.472,4758.85,48.46285098338501
2026-04-09 05:30:00+00:00,38.473,38.514,38.451,38.51,7357.4,51.746286467108725
2026-04-09 05:35:00+00:00,38.516,38.684,38.515,38.677,28510.16,62.92529641271342
2026-04-09 05:40:00+00:00,38.677,38.677,38.6,38.608,2887.42,57.04489848958555
2026-04-09 05:45:00+00:00,38.606,38.643,38.533,38.541,3214.89,51.96662215480559
2026-04-09 05:50:00+00:00,38.542,38.601,38.526,38.597,6210.27,55.53002035295112
2026-04-09 05:55:00+00:00,38.594,38.641,38.554,38.636,3959.72,57.87389201110761
2026-04-09 06:00:00+00:00,38.639,38.687,38.629,38.673,4289.4,60.02648083658562
2026-04-09 06:05:00+00:00,38.674,38.703,38.621,38.687,16663.06,60.84182907539072
2026-04-09 06:10:00+00:00,38.687,38.709,38.624,38.65,3534.52,57.5035417058111
2026-04-09 06:15:00+00:00,38.655,38.701,38.634,38.634,8000.5,56.07082171622651
2026-04-09 06:20:00+00:00,38.638,38.638,38.559,38.567,3486.64,50.407146477584796
2026-04-09 06:25:00+00:00,38.572,38.625,38.5,38.604,13844.47,53.217472519882136
2026-04-09 06:30:00+00:00,38.604,38.689,38.568,38.674,8065.65,58.059749517605454
2026-04-09 06:35:00+00:00,38.674,38.721,38.674,38.71,15619.19,60.33367910670795
2026-04-09 06:40:00+00:00,38.718,38.745,38.712,38.745,7217.42,62.464460437777646
2026-04-09 06:45:00+00:00,38.745,38.745,38.69,38.709,1257.23,58.956400062904436
2026-04-09 06:50:00+00:00,38.705,38.745,38.69,38.745,1536.2,61.29718392993253
2026-04-09 06:55:00+00:00,38.745,38.8,38.744,38.764,13875.54,62.512361478322575
2026-04-09 07:00:00+00:00,38.764,38.8,38.733,38.768,4145.43,62.77733089899155
2026-04-09 07:05:00+00:00,38.768,38.8,38.699,38.744,5596.52,60.03543315143871
2026-04-09 07:10:00+00:00,38.744,38.858,38.739,38.857,24134.27,67.28138173249363
2026-04-09 07:15:00+00:00,38.859,38.86,38.758,38.791,12074.13,60.39385831033737
2026-04-09 07:20:00+00:00,38.792,38.798,38.735,38.737,1900.15,55.39708542075544
2026-04-09 07:25:00+00:00,38.737,38.737,38.715,38.727,1581.3,54.49786278740331
2026-04-09 07:30:00+00:00,38.726,38.792,38.664,38.783,8369.28,58.55504656152419
2026-04-09 07:35:00+00:00,38.783,38.857,38.752,38.837,3815.81,62.067382979030235
2026-04-09 07:40:00+00:00,38.843,38.843,38.706,38.759,15446.7,54.8381418979891
2026-04-09 07:45:00+00:00,38.763,38.882,38.749,38.768,25845.27,55.48244930756664
2026-04-09 07:50:00+00:00,38.77,38.798,38.733,38.77,7211.16,55.63392554090241
2026-04-09 07:55:00+00:00,38.771,38.791,38.725,38.739,1367.4,52.64388192617132
2026-04-09 08:00:00+00:00,38.739,38.936,38.736,38.931,25052.67,65.14030287128259
2026-04-09 08:05:00+00:00,38.932,38.981,38.913,38.93,23310.86,65.04403076964829
2026-04-09 08:10:00+00:00,38.93,38.93,38.776,38.803,6918.58,54.107144455061174
2026-04-09 08:15:00+00:00,38.803,38.803,38.697,38.754,16910.0,50.57377792516597
2026-04-09 08:20:00+00:00,38.754,38.85,38.73,38.85,2834.64,56.559163012288884
2026-04-09 08:25:00+00:00,38.85,38.85,38.787,38.796,2989.76,52.69370776295891
2026-04-09 08:30:00+00:00,38.8,38.857,38.788,38.857,2696.44,56.32492393877853
2026-04-09 08:35:00+00:00,38.853,38.978,38.846,38.965,5961.26,61.90096287626425
2026-04-09 08:40:00+00:00,38.965,38.997,38.924,38.987,21960.46,62.93895346373423
2026-04-09 08:45:00+00:00,38.982,39.102,38.948,39.071,22691.9,66.67251447388742
2026-04-09 08:50:00+00:00,39.071,39.077,38.88,38.949,17641.37,57.59701062825089
2026-04-09 08:55:00+00:00,38.948,39.104,38.948,39.067,10758.66,62.862549856388775
2026-04-09 09:00:00+00:00,39.079,39.08,38.99,38.992,5440.24,57.93792393963105
2026-04-09 09:05:00+00:00,38.992,39.259,38.89,39.249,74345.33,67.37080158797906
2026-04-09 09:10:00+00:00,39.246,39.289,39.208,39.256,71825.96,67.58403831474254
2026-04-09 09:15:00+00:00,39.259,39.281,39.158,39.182,29522.4,62.9039717179754
2026-04-09 09:20:00+00:00,39.182,39.187,39.089,39.168,8634.7,62.0288218602796
2026-04-09 09:25:00+00:00,39.166,39.229,39.133,39.165,9707.13,61.83031126379433
2026-04-09 09:30:00+00:00,39.165,39.244,39.148,39.184,8708.69,62.645668922890394
2026-04-09 09:35:00+00:00,39.185,39.198,39.094,39.198,10145.91,63.268298434890234
2026-04-09 09:40:00+00:00,39.198,39.209,39.146,39.172,3119.11,61.227203714641334
2026-04-09 09:45:00+00:00,39.172,39.196,39.135,39.195,6698.48,62.38330739667168
2026-04-09 09:50:00+00:00,39.195,39.202,39.135,39.196,4303.05,62.43575204854249
2026-04-09 09:55:00+00:00,39.196,39.253,39.146,39.174,9034.91,60.43935115182573
2026-04-09 10:00:00+00:00,39.174,39.187,39.128,39.131,3214.24,56.628023623173654
2026-04-09 10:05:00+00:00,39.131,39.248,39.051,39.194,14987.99,60.55291935321367
2026-04-09 10:10:00+00:00,39.195,39.22,39.142,39.196,21395.83,60.67458454920247
2026-04-09 10:15:00+00:00,39.196,39.242,39.147,39.209,17070.33,61.50567115699563
2026-04-09 10:20:00+00:00,39.209,39.267,39.179,39.248,6349.51,63.96599055546861
2026-04-09 10:25:00+00:00,39.25,39.298,39.188,39.207,15001.16,59.64973462775338
2026-04-09 10:30:00+00:00,39.207,39.249,39.17,39.184,9704.85,57.313359435012245
2026-04-09 10:35:00+00:00,39.184,39.184,39.141,39.17,1923.06,55.878647087264795
2026-04-09 10:40:00+00:00,39.17,39.266,39.112,39.256,6283.71,62.14713540392621
2026-04-09 10:45:00+00:00,39.256,39.269,39.198,39.22,12735.18,58.40634996420962
2026-04-09 10:50:00+00:00,39.22,39.222,39.111,39.14,7403.25,51.052261665506414
2026-04-09 10:55:00+00:00,39.146,39.149,39.075,39.097,11637.42,47.58414129786439
2026-04-09 11:00:00+00:00,39.096,39.109,38.934,38.965,50837.77,38.85754815552712
2026-04-09 11:05:00+00:00,38.965,39.015,38.933,38.939,5794.2,37.40253270999723
2026-04-09 11:10:00+00:00,38.942,38.959,38.823,38.925,18849.03,36.60764931777551
2026-04-09 11:15:00+00:00,38.924,38.961,38.896,38.921,15413.9,36.36982282237021
2026-04-09 11:20:00+00:00,38.922,38.93,38.876,38.892,2335.89,34.614068553130096
2026-04-09 11:25:00+00:00,38.892,38.892,38.747,38.785,15353.96,29.043043234032652
2026-04-09 11:30:00+00:00,38.785,38.879,38.768,38.853,6207.81,36.083564992703266
2026-04-09 11:35:00+00:00,38.853,38.898,38.81,38.898,5648.08,40.30478210649238
2026-04-09 11:40:00+00:00,38.898,38.908,38.849,38.893,1921.93,39.988768812067136
2026-04-09 11:45:00+00:00,38.892,38.892,38.85,38.864,4513.32,38.12180906419969
2026-04-09 11:50:00+00:00,38.87,38.879,38.756,38.796,14719.85,34.10144566934804
2026-04-09 11:55:00+00:00,38.795,38.847,38.777,38.819,10607.82,36.53925957430097
2026-04-09 12:00:00+00:00,38.819,38.956,38.812,38.915,7187.25,45.58727297612961
2026-04-09 12:05:00+00:00,38.915,39.016,38.908,38.989,19161.37,51.345826049705785
2026-04-09 12:10:00+00:00,38.989,39.126,38.988,39.074,18018.55,56.97799205792021
2026-04-09 12:15:00+00:00,39.074,39.134,39.032,39.033,15625.27,53.746134630708674
2026-04-09 12:20:00+00:00,39.032,39.032,38.955,39.02,15684.5,52.724947372621955
2026-04-09 12:25:00+00:00,39.019,39.067,38.953,39.019,11207.61,52.642089724154836
2026-04-09 12:30:00+00:00,39.021,39.064,38.98,39.022,18727.96,52.881319649941496
2026-04-09 12:35:00+00:00,39.016,39.047,38.891,38.92,5327.99,44.62695211457595
2026-04-09 12:40:00+00:00,38.92,39.1,38.901,39.1,10803.97,57.295170174421244
2026-04-09 12:45:00+00:00,39.1,39.122,38.993,38.993,15736.22,49.97581322628989
2026-04-09 12:50:00+00:00,38.997,39.064,38.993,39.056,6992.0,53.72424716568577
2026-04-09 12:55:00+00:00,39.063,39.236,39.056,39.174,13149.56,59.80026640670784
2026-04-09 13:00:00+00:00,39.174,39.227,39.099,39.119,8035.91,56.10270963767323
2026-04-09 13:05:00+00:00,39.12,39.128,39.0,39.006,11303.26,49.35107699982153
2026-04-09 13:10:00+00:00,39.006,39.089,38.945,38.946,15531.28,46.17364259340196
2026-04-09 13:15:00+00:00,38.946,39.021,38.946,38.957,2008.41,46.849282370404595
2026-04-09 13:20:00+00:00,38.957,38.975,38.929,38.953,3820.15,46.620118797614495
2026-04-09 13:25:00+00:00,38.953,39.137,38.953,39.124,9968.51,56.43160883730442
2026-04-09 13:30:00+00:00,39.124,39.242,38.954,39.065,41144.56,52.82392386540227
2026-04-09 13:35:00+00:00,39.078,39.096,38.94,39.089,30075.96,54.10914033465396
2026-04-09 13:40:00+00:00,39.089,39.127,38.959,38.959,13342.7,46.6893875194055
2026-04-09 13:45:00+00:00,38.959,39.003,38.75,38.879,70437.32,42.799895950360295
2026-04-09 13:50:00+00:00,38.885,38.947,38.821,38.914,15151.15,44.960196964094145
2026-04-09 13:55:00+00:00,38.913,38.974,38.859,38.925,9071.21,45.654881000231924
2026-04-09 14:00:00+00:00,38.918,39.031,38.882,39.001,10248.91,50.320342710976185
2026-04-09 14:05:00+00:00,39.001,39.001,38.925,38.925,2907.08,46.06181196668732
2026-04-09 14:10:00+00:00,38.921,39.012,38.891,38.962,9527.01,48.35337070886568
2026-04-09 14:15:00+00:00,38.962,39.028,38.845,38.861,7428.96,42.98485266499819
2026-04-09 14:20:00+00:00,38.88,38.942,38.864,38.875,6214.53,43.914397617661216
2026-04-09 14:25:00+00:00,38.876,38.891,38.775,38.869,21543.12,43.58642372029748
2026-04-09 14:30:00+00:00,38.871,38.92,38.837,38.872,8138.17,43.81238168909605
2026-04-09 14:35:00+00:00,38.872,38.95,38.83,38.936,7681.39,48.54713138832885
2026-04-09 14:40:00+00:00,38.932,39.158,38.922,39.153,26277.91,60.653778364959486
2026-04-09 14:45:00+00:00,39.153,39.176,39.072,39.165,16276.55,61.197504414058585
2026-04-09 14:50:00+00:00,39.161,39.333,39.133,39.253,31509.87,65.01552746264987
2026-04-09 14:55:00+00:00,39.254,39.35,39.231,39.346,28482.84,68.53874814527794
2026-04-09 15:00:00+00:00,39.346,39.414,39.257,39.29,35839.7,64.33713561365116
2026-04-09 15:05:00+00:00,39.29,39.308,39.201,39.208,16613.69,58.665919198399415
2026-04-09 15:10:00+00:00,39.208,39.4,39.194,39.394,25580.54,65.98933090580269
2026-04-09 15:15:00+00:00,39.387,39.499,39.346,39.463,31319.42,68.23755656618616
2026-04-09 15:20:00+00:00,39.468,39.516,39.376,39.376,38583.49,62.617089028603516
2026-04-09 15:25:00+00:00,39.376,39.419,39.308,39.352,9094.14,61.1214751848338
2026-04-09 15:30:00+00:00,39.358,39.73,39.286,39.714,47271.6,71.9891187654112
2026-04-09 15:35:00+00:00,39.73,39.815,39.501,39.545,79008.33,63.11865793897437
2026-04-09 15:40:00+00:00,39.545,39.711,39.532,39.643,29015.22,65.75386611725425
2026-04-09 15:45:00+00:00,39.65,39.769,39.503,39.576,55483.98,62.467645176505854
2026-04-09 15:50:00+00:00,39.576,39.67,39.502,39.639,39889.24,64.27561293744952
2026-04-09 15:55:00+00:00,39.647,39.699,39.488,39.563,39231.09,60.49008226072981
2026-04-09 16:00:00+00:00,39.562,39.817,39.562,39.732,50210.96,65.37372723566784
2026-04-09 16:05:00+00:00,39.732,39.732,39.601,39.606,27807.19,59.47150680355232
2026-04-09 16:10:00+00:00,39.605,39.675,39.553,39.579,15474.4,58.25771684230321
2026-04-09 16:15:00+00:00,39.583,39.766,39.566,39.708,18808.14,62.22464043453377
2026-04-09 16:20:00+00:00,39.713,39.752,39.698,39.703,13374.95,61.97878169638944
2026-04-09 16:25:00+00:00,39.707,39.742,39.655,39.656,17130.17,59.595110128933484
2026-04-09 16:30:00+00:00,39.651,39.667,39.566,39.59,14094.91,56.319494816748985
2026-04-09 16:35:00+00:00,39.591,39.61,39.405,39.457,32309.74,50.317523534413795
2026-04-09 16:40:00+00:00,39.463,39.539,39.46,39.529,8371.78,53.22372889382097
2026-04-09 16:45:00+00:00,39.533,39.574,39.361,39.464,21254.6,50.359735275486194
2026-04-09 16:50:00+00:00,39.465,39.553,39.45,39.485,13211.24,51.272031082013704
2026-04-09 16:55:00+00:00,39.486,39.568,39.44,39.568,18418.65,54.80723133217258
2026-04-09 17:00:00+00:00,39.566,39.702,39.531,39.689,27583.04,59.42838076209477
2026-04-09 17:05:00+00:00,39.696,39.739,39.631,39.735,24087.32,61.058613530497595
2026-04-09 17:10:00+00:00,39.734,39.898,39.709,39.854,50540.68,64.97900610278778
2026-04-09 17:15:00+00:00,39.85,39.941,39.82,39.868,38843.17,65.42007652275569
2026-04-09 17:20:00+00:00,39.876,39.94,39.79,39.889,28740.76,66.10957361843077
2026-04-09 17:25:00+00:00,39.889,40.0,39.724,39.838,38265.43,62.83291507176366
2026-04-09 17:30:00+00:00,39.837,39.837,39.637,39.7,30992.43,54.903192030088846
2026-04-09 17:35:00+00:00,39.701,39.978,39.692,39.912,26844.8,62.6926415632509
2026-04-09 17:40:00+00:00,39.908,39.915,39.836,39.86,17630.8,59.957037156197615
2026-04-09 17:45:00+00:00,39.859,40.121,39.859,40.049,84117.81,65.79853911076313
2026-04-09 17:50:00+00:00,40.034,40.1,39.972,39.982,43662.56,62.327377319614605
2026-04-09 17:55:00+00:00,39.984,40.162,39.964,40.109,47741.12,65.98989842466719
2026-04-09 18:00:00+00:00,40.108,40.136,39.733,39.811,51639.63,52.975440510182985
2026-04-09 18:05:00+00:00,39.818,39.891,39.798,39.828,41215.92,53.538378203751115
2026-04-09 18:10:00+00:00,39.846,39.859,39.7,39.7,20608.89,48.80127850621044
2026-04-09 18:15:00+00:00,39.7,39.8,39.685,39.765,25485.02,51.16432662100577
2026-04-09 18:20:00+00:00,39.752,39.796,39.7,39.789,9899.95,52.0444327577743
2026-04-09 18:25:00+00:00,39.79,39.908,39.733,39.889,20109.17,55.63231422551286
2026-04-09 18:30:00+00:00,39.88,39.933,39.797,39.86,7328.29,54.3620971744493
2026-04-09 18:35:00+00:00,39.86,39.939,39.843,39.909,4064.41,56.182555022304236
2026-04-09 18:40:00+00:00,39.907,40.008,39.88,39.892,29036.55,55.35752615083732
2026-04-09 18:45:00+00:00,39.88,39.969,39.824,39.969,6861.37,58.34151771894843
2026-04-09 18:50:00+00:00,39.972,39.982,39.888,39.908,2205.36,55.194021820354756
2026-04-09 18:55:00+00:00,39.916,40.015,39.865,39.98,9327.4,58.06946753039217
2026-04-09 19:00:00+00:00,39.98,40.183,39.936,40.147,47729.12,63.86238514740242
2026-04-09 19:05:00+00:00,40.161,40.271,40.132,40.257,69079.32,67.08779461716134
2026-04-09 19:10:00+00:00,40.259,40.282,40.135,40.139,48983.05,60.816976521358875
2026-04-09 19:15:00+00:00,40.142,40.189,40.011,40.024,19314.21,55.38368448991324
2026-04-09 19:20:00+00:00,40.02,40.052,39.977,40.008,11385.18,54.65212092268202
2026-04-09 19:25:00+00:00,40.007,40.066,39.973,40.009,4378.03,54.69240245281524
2026-04-09 19:30:00+00:00,40.009,40.102,39.959,39.993,15896.82,53.867915447408436
2026-04-09 19:35:00+00:00,39.991,40.06,39.931,40.031,11026.5,55.5806015908378
2026-04-09 19:40:00+00:00,40.035,40.237,40.035,40.17,20486.2,61.24801103464143
2026-04-09 19:45:00+00:00,40.19,40.224,40.111,40.152,11490.76,60.17726433099392
2026-04-09 19:50:00+00:00,40.161,40.192,40.07,40.137,5858.47,59.247720570918126
2026-04-09 19:55:00+00:00,40.137,40.137,39.975,40.028,7494.0,52.85818138070415
2026-04-09 20:00:00+00:00,40.039,40.051,39.952,39.978,12536.88,50.18458164498469
2026-04-09 20:05:00+00:00,39.978,39.978,39.833,39.875,10755.19,45.12145100149911
2026-04-09 20:10:00+00:00,39.872,39.973,39.869,39.968,11024.83,50.02419309163961
2026-04-09 20:15:00+00:00,39.969,40.078,39.912,40.063,5929.7,54.49626532974116
2026-04-09 20:20:00+00:00,40.062,40.231,40.055,40.213,18012.9,60.505725639461744
2026-04-09 20:25:00+00:00,40.213,40.234,40.136,40.174,22064.0,58.34811396819231
2026-04-09 20:30:00+00:00,40.173,40.213,40.173,40.197,10091.04,59.27054378575284
2026-04-09 20:35:00+00:00,40.197,40.279,40.176,40.259,32941.05,61.730886467991695
2026-04-09 20:40:00+00:00,40.261,40.299,40.19,40.19,16264.55,57.56338825003
2026-04-09 20:45:00+00:00,40.206,40.206,40.098,40.098,5194.3,52.476403966767954
2026-04-09 20:50:00+00:00,40.099,40.229,40.079,40.205,15751.98,57.212412544120006
2026-04-09 20:55:00+00:00,40.208,40.258,40.105,40.135,29718.79,53.45902697303197
2026-04-09 21:00:00+00:00,40.138,40.138,40.044,40.112,18187.62,52.24619110386753
2026-04-09 21:05:00+00:00,40.103,40.273,40.05,40.05,41015.84,49.0178195748548
2026-04-09 21:10:00+00:00,40.045,40.049,39.923,39.923,9665.21,43.13774269353079
2026-04-09 21:15:00+00:00,39.922,40.005,39.915,39.935,19298.97,43.82346171630268
2026-04-09 21:20:00+00:00,39.931,39.931,39.839,39.916,41451.31,42.940491308428534
2026-04-09 21:25:00+00:00,39.914,39.922,39.824,39.828,18207.96,39.019179677331216
2026-04-09 21:30:00+00:00,39.829,39.925,39.782,39.905,15327.73,43.85088049991429
2026-04-09 21:35:00+00:00,39.905,39.928,39.871,39.903,1895.36,43.753908226300474
2026-04-09 21:40:00+00:00,39.903,39.97,39.872,39.97,12509.26,47.90971621774733
2026-04-09 21:45:00+00:00,39.97,40.01,39.969,39.998,10418.6,49.58612943691803
2026-04-09 21:50:00+00:00,39.998,40.002,39.919,39.948,10649.36,46.69610405030933
2026-04-09 21:55:00+00:00,39.948,40.01,39.933,39.952,14106.49,46.96242161143602
2026-04-09 22:00:00+00:00,39.952,39.977,39.834,39.936,26448.51,45.972984433223296
2026-04-09 22:05:00+00:00,39.939,39.994,39.908,39.994,5445.37,50.078939905803885
2026-04-09 22:10:00+00:00,39.994,40.016,39.959,40.016,12164.3,51.58204407283595
2026-04-09 22:15:00+00:00,40.016,40.399,40.016,40.278,72479.82,65.07047098825616
2026-04-09 22:20:00+00:00,40.281,40.335,40.236,40.285,12199.09,65.34822590717161
2026-04-09 22:25:00+00:00,40.284,40.284,39.98,40.035,54012.03,50.043019591464116
2026-04-09 22:30:00+00:00,40.033,40.044,39.903,39.931,25136.62,45.290830777780286
2026-04-09 22:35:00+00:00,39.927,39.948,39.879,39.889,9410.16,43.49450458105968
2026-04-09 22:40:00+00:00,39.888,39.911,39.719,39.732,26927.61,37.50609125990203
2026-04-09 22:45:00+00:00,39.732,39.871,39.701,39.864,8426.64,44.433196079703315
2026-04-09 22:50:00+00:00,39.843,39.862,39.719,39.812,10188.28,42.43757217934651
2026-04-09 22:55:00+00:00,39.811,39.894,39.5,39.55,42257.29,34.122059803261735
2026-04-09 23:00:00+00:00,39.556,39.678,39.556,39.648,21338.74,38.94147415385806
2026-04-09 23:05:00+00:00,39.658,39.672,39.583,39.588,10781.6,37.14955768786723
2026-04-09 23:10:00+00:00,39.58,39.658,39.515,39.528,27590.11,35.39552218544995
2026-04-09 23:15:00+00:00,39.529,39.655,39.462,39.604,23303.17,39.30471179146155
2026-04-09 23:20:00+00:00,39.613,39.632,39.525,39.536,5446.85,37.139312554637606
2026-04-09 23:25:00+00:00,39.542,39.557,39.454,39.464,13955.07,34.94410517392491
2026-04-09 23:30:00+00:00,39.464,39.467,39.32,39.41,36369.92,33.35186784479325
2026-04-09 23:35:00+00:00,39.409,39.462,39.389,39.451,6133.79,35.74579118102983
2026-04-09 23:40:00+00:00,39.451,39.478,39.426,39.426,4095.78,34.92210180388797
2026-04-09 23:45:00+00:00,39.422,39.488,39.384,39.464,14000.65,37.287587522185376
2026-04-09 23:50:00+00:00,39.47,39.47,39.386,39.427,11693.22,35.91857104975618
2026-04-09 23:55:00+00:00,39.427,39.493,39.388,39.458,22213.18,37.973360345541835
2026-04-10 00:00:00+00:00,39.474,39.553,39.425,39.528,19502.11,42.460046037672974
2026-04-10 00:05:00+00:00,39.532,39.6,39.513,39.565,33829.0,44.7355702139567
2026-04-10 00:10:00+00:00,39.564,39.67,39.51,39.67,6399.09,50.69463834753756
2026-04-10 00:15:00+00:00,39.67,39.677,39.613,39.627,18856.79,48.39329361881462
2026-04-10 00:20:00+00:00,39.626,39.838,39.626,39.789,18041.13,56.42001156293312
2026-04-10 00:25:00+00:00,39.788,39.934,39.754,39.919,11768.76,61.583704033033236
2026-04-10 00:30:00+00:00,39.919,40.039,39.862,40.033,31660.88,65.44977899732567
2026-04-10 00:35:00+00:00,40.038,40.042,39.925,40.021,40648.1,64.71153897041584
2026-04-10 00:40:00+00:00,40.021,40.049,39.933,39.953,16066.91,60.54406109480584
2026-04-10 00:45:00+00:00,39.948,40.004,39.912,39.918,12183.48,58.45729345456698
2026-04-10 00:50:00+00:00,39.914,39.955,39.892,39.912,8846.99,58.08767433929466
2026-04-10 00:55:00+00:00,39.913,39.913,39.837,39.866,6810.3,55.205694983486026
2026-04-10 01:00:00+00:00,39.863,39.864,39.816,39.842,9682.94,53.70846770120691
2026-04-10 01:05:00+00:00,39.85,39.857,39.751,39.776,8268.57,49.71535325650939
2026-04-10 01:10:00+00:00,39.774,39.906,39.752,39.87,11235.0,54.862590941082736
2026-04-10 01:15:00+00:00,39.87,39.89,39.711,39.761,14936.18,48.644514957565455
2026-04-10 01:20:00+00:00,39.759,39.759,39.624,39.72,14723.88,46.509206204225535
2026-04-10 01:25:00+00:00,39.721,39.81,39.698,39.81,8268.02,51.538080196664595
2026-04-10 01:30:00+00:00,39.813,40.035,39.795,40.018,49018.32,60.727460153138544
2026-04-10 01:35:00+00:00,40.02,40.232,40.014,40.207,53734.28,66.87408407800183
2026-04-10 01:40:00+00:00,40.203,40.203,40.055,40.081,35329.9,60.11869143759573
2026-04-10 01:45:00+00:00,40.084,40.38,40.033,40.352,115097.02,67.6807135422871
2026-04-10 01:50:00+00:00,40.354,40.699,40.337,40.576,194489.73,72.34794524549935
2026-04-10 01:55:00+00:00,40.598,40.67,40.522,40.583,78686.46,72.4816830445121
2026-04-10 02:00:00+00:00,40.585,40.789,40.551,40.7,128136.01,74.68546780081553
2026-04-10 02:05:00+00:00,40.693,40.95,40.674,40.893,111899.23,77.83833591606208
2026-04-10 02:10:00+00:00,40.89,40.911,40.66,40.736,108145.9,70.18092404552206
2026-04-10 02:15:00+00:00,40.737,40.758,40.645,40.66,42297.96,66.75730162638214
2026-04-10 02:20:00+00:00,40.659,40.752,40.638,40.638,10718.18,65.75729134072452
2026-04-10 02:25:00+00:00,40.649,40.669,40.634,40.652,3637.34,66.1052504104293
2026-04-10 02:30:00+00:00,40.655,40.702,40.568,40.613,18635.45,64.14966976673634
2026-04-10 02:35:00+00:00,40.613,40.617,40.541,40.561,7885.47,61.5357590039811
2026-04-10 02:40:00+00:00,40.561,40.561,40.229,40.268,113014.16,49.33694643339388
2026-04-10 02:45:00+00:00,40.269,40.321,40.19,40.203,66900.17,47.105963206836876
2026-04-10 02:50:00+00:00,40.202,40.434,40.13,40.298,60763.43,50.62048159936063
2026-04-10 02:55:00+00:00,40.297,40.343,40.263,40.322,18787.65,51.497275582839286
2026-04-10 03:00:00+00:00,40.322,40.41,40.322,40.339,34309.94,52.14545651599586
2026-04-10 03:05:00+00:00,40.339,40.339,40.247,40.303,20496.41,50.60323532908904
2026-04-10 03:10:00+00:00,40.303,40.35,40.29,40.29,10748.6,50.02783849859262
2026-04-10 03:15:00+00:00,40.289,40.299,40.23,40.245,12782.1,47.99348997685247
2026-04-10 03:20:00+00:00,40.246,40.275,40.204,40.244,12212.84,47.946829874610565
2026-04-10 03:25:00+00:00,40.245,40.245,40.124,40.153,66128.98,43.77597343309165
2026-04-10 03:30:00+00:00,40.154,40.206,40.1,40.131,33938.61,42.80648881637973
2026-04-10 03:35:00+00:00,40.132,40.211,40.132,40.202,13965.03,46.894088254944734
2026-04-10 03:40:00+00:00,40.203,40.308,40.199,40.282,15938.86,51.13209473560659
2026-04-10 03:45:00+00:00,40.281,40.31,40.175,40.203,18269.22,47.13211778219857
2026-04-10 03:50:00+00:00,40.203,40.203,40.169,40.191,6793.69,46.53659640070094
2026-04-10 03:55:00+00:00,40.191,40.196,40.115,40.133,30451.05,43.664864129333175
2026-04-10 04:00:00+00:00,40.133,40.197,40.133,40.172,5777.37,46.074571115185904
2026-04-10 04:05:00+00:00,40.172,40.237,40.143,40.222,15001.25,49.08167923874985
2026-04-10 04:10:00+00:00,40.211,40.327,40.211,40.316,24310.37,54.24721640103172
2026-04-10 04:15:00+00:00,40.316,40.366,40.281,40.308,10123.4,53.7474738931414
2026-04-10 04:20:00+00:00,40.3,40.496,40.3,40.423,32255.67,59.520418432028954
2026-04-10 04:25:00+00:00,40.422,40.568,40.418,40.53,18949.75,64.02019872423273
2026-04-10 04:30:00+00:00,40.529,40.65,40.525,40.644,40169.95,68.09012177788912
2026-04-10 04:35:00+00:00,40.642,40.805,40.625,40.697,35498.45,69.80046546517849
2026-04-10 04:40:00+00:00,40.697,40.697,40.579,40.624,27375.8,64.65974593616136
2026-04-10 04:45:00+00:00,40.623,40.688,40.524,40.524,23108.23,58.322987174720325
2026-04-10 04:50:00+00:00,40.524,40.695,40.505,40.69,20332.94,64.53613901740331
2026-04-10 04:55:00+00:00,40.694,40.776,40.667,40.733,21868.52,65.95209836953715
2026-04-10 05:00:00+00:00,40.734,40.734,40.605,40.684,3190.07,62.871528272238606
2026-04-10 05:05:00+00:00,40.688,40.718,40.532,40.565,15296.84,56.027113911490524
2026-04-10 05:10:00+00:00,40.566,40.613,40.53,40.613,10248.69,58.01265836509214
2026-04-10 05:15:00+00:00,40.612,40.65,40.561,40.61,8401.85,57.836880491929364
2026-04-10 05:20:00+00:00,40.597,40.657,40.574,40.601,8834.34,57.27619216568878
2026-04-10 05:25:00+00:00,40.601,40.7,40.6,40.688,7745.49,61.19263863226756
2026-04-10 05:30:00+00:00,40.679,40.734,40.626,40.635,9524.21,57.721279913577774
2026-04-10 05:35:00+00:00,40.635,40.635,40.513,40.538,14180.63,51.91649386504109
2026-04-10 05:40:00+00:00,40.539,40.552,40.512,40.526,5233.82,51.23010581681195
2026-04-10 05:45:00+00:00,40.52,40.552,40.51,40.524,8477.5,51.10882456149002
2026-04-10 05:50:00+00:00,40.522,40.583,40.44,40.47,17993.02,47.81726576498108
2026-04-10 05:55:00+00:00,40.47,40.5,40.414,40.493,11389.91,49.31456185002371
2026-04-10 06:00:00+00:00,40.493,40.495,40.44,40.487,12145.11,48.92021595794674
2026-04-10 06:05:00+00:00,40.489,40.515,40.445,40.455,4998.42,46.77203047418004
2026-04-10 06:10:00+00:00,40.454,40.49,40.42,40.49,5131.67,49.38975877736321
2026-04-10 06:15:00+00:00,40.478,40.625,40.372,40.382,24800.19,42.45194475232935
2026-04-10 06:20:00+00:00,40.382,40.424,40.367,40.416,11318.76,45.068023538617716
2026-04-10 06:25:00+00:00,40.416,40.416,40.357,40.386,11401.94,43.201860273268345
2026-04-10 06:30:00+00:00,40.386,40.408,40.313,40.377,23017.06,42.631540941771924
2026-04-10 06:35:00+00:00,40.37,40.42,40.254,40.339,14062.17,40.21743783771633
2026-04-10 06:40:00+00:00,40.313,40.317,40.178,40.178,24351.63,31.959800488704317
2026-04-10 06:45:00+00:00,40.177,40.37,40.089,40.275,31539.36,39.95856663741391
2026-04-10 06:50:00+00:00,40.272,40.319,40.238,40.292,15090.72,41.26185206928701
2026-04-10 06:55:00+00:00,40.291,40.343,40.263,40.343,8989.31,45.1111254244881
2026-04-10 07:00:00+00:00,40.338,40.343,40.281,40.292,3792.15,42.13733567529643
2026-04-10 07:05:00+00:00,40.285,40.372,40.225,40.323,18559.33,44.530946575941286
2026-04-10 07:10:00+00:00,40.322,40.331,40.245,40.299,7286.51,43.046293043401405
2026-04-10 07:15:00+00:00,40.307,40.379,40.296,40.365,5472.5,48.16439290818663
2026-04-10 07:20:00+00:00,40.362,40.466,40.302,40.444,33319.21,53.54561940688995
2026-04-10 07:25:00+00:00,40.448,40.474,40.42,40.458,11664.07,54.448114947106326
2026-04-10 07:30:00+00:00,40.457,40.501,40.452,40.477,5974.88,55.70581014358498
2026-04-10 07:35:00+00:00,40.477,40.486,40.311,40.354,29581.15,46.71391023404318
2026-04-10 07:40:00+00:00,40.353,40.361,40.234,40.255,13379.41,40.98015288016217
2026-04-10 07:45:00+00:00,40.256,40.287,40.194,40.197,9510.98,38.03470952881604
2026-04-10 07:50:00+00:00,40.197,40.205,40.025,40.045,29840.59,31.62046355301736
2026-04-10 07:55:00+00:00,40.051,40.08,40.004,40.034,21350.15,31.21026255819261
2026-04-10 08:00:00+00:00,40.04,40.14,40.029,40.09,19982.6,35.777913553457225
2026-04-10 08:05:00+00:00,40.093,40.163,40.087,40.152,5656.06,40.48933958170016
2026-04-10 08:10:00+00:00,40.156,40.181,40.101,40.16,6840.67,41.08987810029069
2026-04-10 08:15:00+00:00,40.16,40.177,40.11,40.12,7854.95,38.97221959371163
2026-04-10 08:20:00+00:00,40.12,40.126,40.047,40.097,30274.7,37.76694646283527
2026-04-10 08:25:00+00:00,40.096,40.137,40.079,40.087,7497.63,37.22786388226666
2026-04-10 08:30:00+00:00,40.086,40.282,40.075,40.251,13926.0,49.86649471564016
2026-04-10 08:35:00+00:00,40.249,40.338,40.229,40.302,14347.11,53.03338756259892
2026-04-10 08:40:00+00:00,40.301,40.372,40.272,40.329,16051.71,54.666088934696454
2026-04-10 08:45:00+00:00,40.327,40.347,40.261,40.308,6075.19,53.119372601645836
2026-04-10 08:50:00+00:00,40.313,40.464,40.26,40.464,19513.62,61.77226367853814
2026-04-10 08:55:00+00:00,40.465,40.475,40.374,40.425,16857.6,58.84795066340686
2026-04-10 09:00:00+00:00,40.424,40.502,40.368,40.484,26284.63,61.79459195892427
2026-04-10 09:05:00+00:00,40.483,40.552,40.467,40.541,7596.07,64.44347419364067
2026-04-10 09:10:00+00:00,40.543,40.636,40.478,40.618,22314.55,67.70126964047996
2026-04-10 09:15:00+00:00,40.613,40.769,40.598,40.744,25696.73,72.19130360391958
2026-04-10 09:20:00+00:00,40.738,40.766,40.65,40.661,20139.26,65.71101182833564
2026-04-10 09:25:00+00:00,40.664,40.751,40.657,40.742,14912.65,68.66700356328175
2026-04-10 09:30:00+00:00,40.744,40.774,40.626,40.681,22012.71,64.17979389032546
2026-04-10 09:35:00+00:00,40.692,40.753,40.639,40.734,19170.9,66.24380697596814
2026-04-10 09:40:00+00:00,40.734,40.8,40.721,40.793,13389.43,68.42497392936832
2026-04-10 09:45:00+00:00,40.78,41.101,40.755,40.977,88072.02,74.05531116983863
2026-04-10 09:50:00+00:00,40.976,40.983,40.815,40.845,22824.95,65.08854135123099
2026-04-10 09:55:00+00:00,40.844,40.98,40.818,40.959,30686.98,68.62215107546284
2026-04-10 10:00:00+00:00,40.958,40.966,40.888,40.962,16992.31,68.71190033205359
2026-04-10 10:05:00+00:00,40.962,40.979,40.845,40.95,10553.16,67.87559281077264
2026-04-10 10:10:00+00:00,40.953,40.953,40.857,40.885,3037.55,63.37597632182473
2026-04-10 10:15:00+00:00,40.885,40.94,40.858,40.939,4872.49,65.42652455390322
2026-04-10 10:20:00+00:00,40.939,40.986,40.914,40.984,7881.36,67.08061438408767
2026-04-10 10:25:00+00:00,40.984,40.998,40.866,40.891,18392.72,60.62519691242065
2026-04-10 10:30:00+00:00,40.901,40.979,40.84,40.968,15820.26,63.73681117240061
2026-04-10 10:35:00+00:00,40.952,40.952,40.833,40.896,7682.87,59.0386267556321
2026-04-10 10:40:00+00:00,40.895,40.907,40.829,40.862,8121.62,56.90546016969479
2026-04-10 10:45:00+00:00,40.862,40.966,40.858,40.932,5710.6,60.10175017486203
2026-04-10 10:50:00+00:00,40.927,40.978,40.91,40.96,4042.93,61.33702577691669
2026-04-10 10:55:00+00:00,40.957,40.965,40.862,40.9,4437.15,57.24687159607395
2026-04-10 11:00:00+00:00,40.904,41.0,40.9,40.975,34697.28,60.76852267897704
2026-04-10 11:05:00+00:00,40.975,41.0,40.95,40.982,28818.28,61.09066934827872
2026-04-10 11:10:00+00:00,40.982,41.0,40.935,40.983,68331.11,61.139761389401365
2026-04-10 11:15:00+00:00,40.987,41.0,40.98,41.0,12078.76,62.01712332326766
2026-04-10 11:20:00+00:00,41.0,41.181,40.992,41.054,73663.06,64.74033283337558
2026-04-10 11:25:00+00:00,41.04,41.143,40.993,41.136,10893.46,68.44055144794281
2026-04-10 11:30:00+00:00,41.135,41.178,41.044,41.057,18348.82,61.72044508890293
2026-04-10 11:35:00+00:00,41.062,41.16,41.062,41.089,12101.56,63.29269895226239
2026-04-10 11:40:00+00:00,41.089,41.09,41.002,41.028,8660.94,58.370974715000244
2026-04-10 11:45:00+00:00,41.027,41.16,41.011,41.112,10209.37,62.675202581734034
2026-04-10 11:50:00+00:00,41.113,41.16,41.096,41.125,8122.56,63.307505233520054
2026-04-10 11:55:00+00:00,41.125,41.158,41.088,41.126,6450.35,63.358925825483105
2026-04-10 12:00:00+00:00,41.129,41.13,41.012,41.129,8237.54,63.52407336311451
2026-04-10 12:05:00+00:00,41.132,41.263,41.113,41.236,21678.52,68.9069501093324
2026-04-10 12:10:00+00:00,41.236,41.298,41.135,41.146,40040.96,60.78190427535135
2026-04-10 12:15:00+00:00,41.158,41.286,41.154,41.265,20130.36,66.42000192869887
2026-04-10 12:20:00+00:00,41.262,41.299,41.224,41.254,11453.34,65.48286261943323
2026-04-10 12:25:00+00:00,41.253,41.26,41.103,41.26,17497.57,65.76658833664152
2026-04-10 12:30:00+00:00,41.26,41.369,41.06,41.258,42100.1,65.57310076200953
2026-04-10 12:35:00+00:00,41.257,41.45,41.23,41.384,47425.13,71.30148812327397
2026-04-10 12:40:00+00:00,41.385,41.478,41.361,41.371,21249.49,70.00718916744833
2026-04-10 12:45:00+00:00,41.371,41.395,41.307,41.351,32216.83,67.96318829046903
2026-04-10 12:50:00+00:00,41.349,41.406,41.238,41.243,8397.89,58.09853042181127
2026-04-10 12:55:00+00:00,41.256,41.298,41.144,41.174,21491.29,52.82327353314167
2026-04-10 13:00:00+00:00,41.178,41.287,41.121,41.193,15920.81,54.06023571550576
2026-04-10 13:05:00+00:00,41.184,41.36,41.162,41.298,14858.23,60.26125582317376
2026-04-10 13:10:00+00:00,41.296,41.352,41.273,41.308,24127.72,60.803896883815895
2026-04-10 13:15:00+00:00,41.309,41.335,41.274,41.328,4436.3,61.923765781740876
2026-04-10 13:20:00+00:00,41.328,41.571,41.289,41.557,41515.9,71.8433833600073
2026-04-10 13:25:00+00:00,41.555,41.559,41.412,41.412,26799.95,61.00586740964249
2026-04-10 13:30:00+00:00,41.416,41.495,41.234,41.252,15292.98,51.73239794056147
2026-04-10 13:35:00+00:00,41.247,41.328,41.16,41.294,24054.58,53.72109093497933
2026-04-10 13:40:00+00:00,41.292,41.394,41.242,41.394,12812.81,58.143052529567214
2026-04-10 13:45:00+00:00,41.395,41.579,41.345,41.564,39847.56,64.37495783281256
2026-04-10 13:50:00+00:00,41.568,41.632,41.425,41.488,30098.72,60.069154720839464
2026-04-10 13:55:00+00:00,41.482,41.57,41.472,41.51,8177.83,60.88475439420742
2026-04-10 14:00:00+00:00,41.511,41.727,41.498,41.727,45602.84,67.85837222215739
2026-04-10 14:05:00+00:00,41.726,41.854,41.63,41.645,72747.05,63.268127255176985
2026-04-10 14:10:00+00:00,41.661,41.881,41.645,41.876,34771.14,69.52262923961553
2026-04-10 14:15:00+00:00,41.881,42.119,41.782,41.801,146626.27,65.61607482799317
2026-04-10 14:20:00+00:00,41.794,42.05,41.748,42.047,26085.13,71.31049240337126
2026-04-10 14:25:00+00:00,42.045,42.07,41.843,41.934,24131.51,65.91069151534191
2026-04-10 14:30:00+00:00,41.934,42.081,41.901,41.931,48261.39,65.76830513316195
2026-04-10 14:35:00+00:00,41.93,42.025,41.865,42.0,14068.49,67.50696787094958
2026-04-10 14:40:00+00:00,42.01,42.143,41.954,41.99,70668.96,66.9760321417917
2026-04-10 14:45:00+00:00,41.983,42.073,41.884,41.888,16263.44,61.64991529845535
2026-04-10 14:50:00+00:00,41.898,42.083,41.897,41.91,26310.5,62.34544548103749
2026-04-10 14:55:00+00:00,41.919,42.052,41.826,42.039,28652.94,66.21471476852759
2026-04-10 15:00:00+00:00,42.039,42.133,41.956,41.956,18802.37,61.81354464483672
2026-04-10 15:05:00+00:00,41.953,42.17,41.895,42.068,35657.6,65.17713258420548
2026-04-10 15:10:00+00:00,42.064,42.202,42.019,42.13,30599.09,66.91449171391318
2026-04-10 15:15:00+00:00,42.133,42.155,42.024,42.138,12656.76,67.14228733938293
2026-04-10 15:20:00+00:00,42.125,42.232,41.992,42.195,23867.93,68.79104327408199
2026-04-10 15:25:00+00:00,42.195,42.216,41.859,41.884,32693.66,53.12698107190787
2026-04-10 15:30:00+00:00,41.888,42.054,41.859,41.935,24556.69,54.93902033215234
2026-04-10 15:35:00+00:00,41.926,41.966,41.739,41.83,68331.98,50.60177273303791
2026-04-10 15:40:00+00:00,41.829,41.867,41.72,41.865,42590.8,51.96312792991021
2026-04-10 15:45:00+00:00,41.856,41.876,41.737,41.78,46887.74,48.46959346875122
2026-04-10 15:50:00+00:00,41.781,41.915,41.684,41.8,48528.59,49.332756393272916
2026-04-10 15:55:00+00:00,41.8,41.825,41.68,41.71,43030.71,45.628803245972485
2026-04-10 16:00:00+00:00,41.71,41.987,41.71,41.962,22239.56,55.66594906153741
2026-04-10 16:05:00+00:00,41.944,42.122,41.927,42.084,32443.92,59.5583223018782
2026-04-10 16:10:00+00:00,42.084,42.236,42.08,42.214,40657.6,63.2598901770531
2026-04-10 16:15:00+00:00,42.213,42.234,42.087,42.195,21088.8,62.36149379291482
2026-04-10 16:20:00+00:00,42.192,42.205,42.064,42.162,21646.12,60.74782168096256
2026-04-10 16:25:00+00:00,42.162,42.163,42.033,42.062,14344.01,56.01747414099345
2026-04-10 16:30:00+00:00,42.056,42.062,41.94,42.035,29772.84,54.77721974986282
2026-04-10 16:35:00+00:00,42.035,42.061,41.937,41.983,8536.21,52.372233438452234
2026-04-10 16:40:00+00:00,41.984,41.992,41.889,41.924,10392.96,49.70567007798292
2026-04-10 16:45:00+00:00,41.925,42.049,41.909,41.968,30412.9,51.681500201712886
2026-04-10 16:50:00+00:00,41.973,42.033,41.895,42.016,53650.49,53.81317959014184
2026-04-10 16:55:00+00:00,42.012,42.092,41.99,42.079,21139.07,56.52424251094371
2026-04-10 17:00:00+00:00,42.079,42.079,41.904,42.0,22584.48,52.372804235858474
2026-04-10 17:05:00+00:00,42.001,42.1,41.99,42.093,18390.35,56.429709192067165
2026-04-10 17:10:00+00:00,42.081,42.127,42.029,42.067,32180.89,55.018714615360885
2026-04-10 17:15:00+00:00,42.067,42.13,42.026,42.121,3074.61,57.401146736762335
2026-04-10 17:20:00+00:00,42.119,42.173,42.088,42.158,17142.45,59.00339289041789
2026-04-10 17:25:00+00:00,42.158,42.195,42.136,42.173,28352.34,59.66573099094015
2026-04-10 17:30:00+00:00,42.173,42.188,42.128,42.143,6580.92,57.65933732476821
2026-04-10 17:35:00+00:00,42.149,42.154,42.026,42.114,19279.16,55.70913780115622
2026-04-10 17:40:00+00:00,42.115,42.166,42.067,42.166,9518.75,58.42455365197629
2026-04-10 17:45:00+00:00,42.166,42.184,42.143,42.167,31329.56,58.47727535097505
2026-04-10 17:50:00+00:00,42.167,42.187,42.154,42.18,8349.36,59.20158423478536
2026-04-10 17:55:00+00:00,42.176,42.2,42.169,42.195,21100.31,60.06715154995673
2026-04-10 18:00:00+00:00,42.195,42.196,42.124,42.127,9692.42,54.429547034703596
2026-04-10 18:05:00+00:00,42.132,42.2,42.11,42.2,32602.1,58.89022896899507
2026-04-10 18:10:00+00:00,42.2,42.2,42.156,42.195,13004.29,58.468077260155454
2026-04-10 18:15:00+00:00,42.195,42.2,42.129,42.151,29648.84,54.748730119910306
2026-04-10 18:20:00+00:00,42.153,42.179,42.108,42.154,23715.51,54.95911189214378
2026-04-10 18:25:00+00:00,42.147,42.147,42.042,42.101,38740.69,50.49282793656244
2026-04-10 18:30:00+00:00,42.101,42.148,42.041,42.041,17030.77,45.941178357553866
2026-04-10 18:35:00+00:00,42.044,42.099,42.03,42.073,9100.45,48.60230870379392
2026-04-10 18:40:00+00:00,42.073,42.09,42.033,42.059,4982.34,47.50061331786814
2026-04-10 18:45:00+00:00,42.058,42.091,42.001,42.02,6515.31,44.476119024108144
2026-04-10 18:50:00+00:00,42.02,42.039,41.94,41.947,15808.33,39.41694673739281
2026-04-10 18:55:00+00:00,41.944,41.994,41.922,41.947,16258.49,39.41694673739281
2026-04-10 19:00:00+00:00,41.941,42.033,41.921,42.023,17201.71,46.732912076075124
2026-04-10 19:05:00+00:00,42.021,42.026,41.8,41.811,25427.67,34.292672039544726
2026-04-10 19:10:00+00:00,41.809,41.974,41.8,41.926,24529.0,43.13554630705536
2026-04-10 19:15:00+00:00,41.925,41.934,41.83,41.863,9380.55,39.962613205906955
2026-04-10 19:20:00+00:00,41.866,41.867,41.763,41.798,18334.21,36.94323172299631
2026-04-10 19:25:00+00:00,41.796,41.819,41.731,41.775,14261.37,35.90935010052414
2026-04-10 19:30:00+00:00,41.776,42.031,41.77,41.983,45606.17,49.63629239249383
2026-04-10 19:35:00+00:00,41.983,42.011,41.765,41.796,54923.31,41.11114884208171
2026-04-10 19:40:00+00:00,41.796,41.852,41.634,41.777,45236.45,40.35279367356771
2026-04-10 19:45:00+00:00,41.778,41.805,41.652,41.653,36436.4,35.72156445736235
2026-04-10 19:50:00+00:00,41.653,41.675,41.559,41.618,53314.87,34.51738396972273
2026-04-10 19:55:00+00:00,41.622,41.698,41.61,41.689,8850.93,39.008992615397624
2026-04-10 20:00:00+00:00,41.669,41.844,41.644,41.811,35615.31,45.878588193430204
2026-04-10 20:05:00+00:00,41.814,41.832,41.743,41.8,8678.3,45.38225991454005
2026-04-10 20:10:00+00:00,41.808,41.808,41.739,41.807,2995.95,45.78421246090496
2026-04-10 20:15:00+00:00,41.799,41.838,41.74,41.838,24720.37,47.62258472075744
2026-04-10 20:20:00+00:00,41.839,41.841,41.727,41.727,14122.11,42.1157931417691
2026-04-10 20:25:00+00:00,41.735,41.753,41.69,41.737,16000.77,42.757981342829005
2026-04-10 20:30:00+00:00,41.728,41.815,41.657,41.659,17208.19,39.11294365132045
2026-04-10 20:35:00+00:00,41.668,41.689,41.455,41.491,48522.13,32.65574945432732
2026-04-10 20:40:00+00:00,41.498,41.553,41.412,41.487,79723.29,32.51809703110443
2026-04-10 20:45:00+00:00,41.488,41.532,41.399,41.445,21875.06,31.03864482590386
2026-04-10 20:50:00+00:00,41.458,41.477,41.391,41.437,11530.39,30.75165291162608
2026-04-10 20:55:00+00:00,41.437,41.59,41.436,41.574,15436.01,40.839807958719895
2026-04-10 21:00:00+00:00,41.573,41.591,41.513,41.527,9150.9,38.75397025928457
2026-04-10 21:05:00+00:00,41.528,41.528,41.323,41.374,29547.19,32.868801208388206
2026-04-10 21:10:00+00:00,41.375,41.4,41.272,41.4,13255.3,34.68401922677751
2026-04-10 21:15:00+00:00,41.402,41.528,41.372,41.512,18498.22,41.96401473017743
2026-04-10 21:20:00+00:00,41.517,41.578,41.49,41.57,10055.71,45.3603769948762
2026-04-10 21:25:00+00:00,41.571,41.687,41.5,41.586,21065.45,46.29409420428161
2026-04-10 21:30:00+00:00,41.589,41.607,41.553,41.577,13812.12,45.819778110136525
2026-04-10 21:35:00+00:00,41.577,41.609,41.55,41.55,9386.13,44.35166951731071
2026-04-10 21:40:00+00:00,41.551,41.576,41.488,41.575,17547.55,46.07456827364659
2026-04-10 21:45:00+00:00,41.576,41.597,41.543,41.581,7082.87,46.502658921602155
2026-04-10 21:50:00+00:00,41.581,41.624,41.53,41.613,13616.84,48.835546756443584
2026-04-10 21:55:00+00:00,41.614,41.631,41.603,41.625,6605.59,49.720997216058876
2026-04-10 22:00:00+00:00,41.626,41.631,41.467,41.494,14608.59,41.31517404408631
2026-04-10 22:05:00+00:00,41.494,41.56,41.464,41.516,8295.76,43.0562688042998
2026-04-10 22:10:00+00:00,41.518,41.631,41.506,41.598,27375.19,49.11600407472087
2026-04-10 22:15:00+00:00,41.605,41.631,41.536,41.59,19775.83,48.572925325676266
2026-04-10 22:20:00+00:00,41.59,41.594,41.481,41.49,19419.42,42.27978710699267
2026-04-10 22:25:00+00:00,41.488,41.55,41.48,41.535,3720.45,45.689767410475866
2026-04-10 22:30:00+00:00,41.535,41.554,41.499,41.554,4472.72,47.110521776406884
2026-04-10 22:35:00+00:00,41.55,41.554,41.422,41.497,7407.15,43.43917939993449
2026-04-10 22:40:00+00:00,41.501,41.543,41.45,41.534,11675.67,46.36129127317326
2026-04-10 22:45:00+00:00,41.534,41.591,41.501,41.549,9047.66,47.54446009532095
2026-04-10 22:50:00+00:00,41.553,41.671,41.55,41.64,22400.78,54.151784844057666
2026-04-10 22:55:00+00:00,41.642,41.775,41.642,41.749,17120.95,60.56004952735241
2026-04-10 23:00:00+00:00,41.75,41.75,41.626,41.631,5617.16,52.07444394176565
2026-04-10 23:05:00+00:00,41.629,41.709,41.61,41.68,6686.38,54.90041629783297
2026-04-10 23:10:00+00:00,41.68,41.68,41.601,41.619,4060.45,50.87832441822392
2026-04-10 23:15:00+00:00,41.619,41.691,41.523,41.541,11738.55,46.21584723317775
2026-04-10 23:20:00+00:00,41.541,41.672,41.541,41.644,6936.76,52.41688143696402
2026-04-10 23:25:00+00:00,41.648,41.648,41.615,41.632,2017.37,51.66944834064246
2026-04-10 23:30:00+00:00,41.632,41.641,41.601,41.641,5967.31,52.2197433455082
2026-04-10 23:35:00+00:00,41.645,41.675,41.591,41.591,2458.26,48.88931604329544
2026-04-10 23:40:00+00:00,41.592,41.596,41.566,41.589,3059.59,48.755369241140606
2026-04-10 23:45:00+00:00,41.589,41.637,41.562,41.626,4822.28,51.40778440086103
2026-04-10 23:50:00+00:00,41.626,41.626,41.559,41.559,4608.86,46.694569214159614
2026-04-10 23:55:00+00:00,41.56,41.613,41.54,41.598,1272.73,49.59167993593128
2026-04-11 00:00:00+00:00,41.596,41.648,41.53,41.544,22833.3,45.87398349149882
2026-04-11 00:05:00+00:00,41.545,41.571,41.499,41.554,4109.16,46.671275164724555
2026-04-11 00:10:00+00:00,41.543,41.55,41.48,41.519,3356.72,44.21630436120227
2026-04-11 00:15:00+00:00,41.519,41.542,41.499,41.506,1651.54,43.30514127766683
2026-04-11 00:20:00+00:00,41.506,41.56,41.5,41.543,2234.81,46.67336484924861
2026-04-11 00:25:00+00:00,41.542,41.591,41.541,41.575,1608.62,49.469412196268635
2026-04-11 00:30:00+00:00,41.575,41.628,41.54,41.614,1731.8,52.72290909858582
2026-04-11 00:35:00+00:00,41.612,41.738,41.61,41.721,14087.15,60.279334768397945
2026-04-11 00:40:00+00:00,41.721,41.732,41.628,41.639,9345.62,53.25449106353761
2026-04-11 00:45:00+00:00,41.639,41.801,41.604,41.757,56949.63,60.40534094826265
2026-04-11 00:50:00+00:00,41.757,41.758,41.699,41.724,3655.77,57.744932825907895
2026-04-11 00:55:00+00:00,41.724,41.922,41.724,41.806,22060.72,62.19995470487352
2026-04-11 01:00:00+00:00,41.805,41.809,41.76,41.763,2752.39,58.704666765060516
2026-04-11 01:05:00+00:00,41.764,41.86,41.755,41.845,4028.95,62.9772598133811
2026-04-11 01:10:00+00:00,41.844,41.844,41.743,41.748,3014.93,55.64318850792441
2026-04-11 01:15:00+00:00,41.745,41.753,41.658,41.682,6535.95,51.268298331805894
2026-04-11 01:20:00+00:00,41.684,41.719,41.636,41.684,3840.53,51.3930150211305
2026-04-11 01:25:00+00:00,41.681,41.762,41.663,41.756,5812.94,55.78048498288888
2026-04-11 01:30:00+00:00,41.756,41.897,41.755,41.872,6400.69,61.76807212703802
2026-04-11 01:35:00+00:00,41.872,41.908,41.823,41.861,3581.46,60.92559708197945
2026-04-11 01:40:00+00:00,41.845,41.922,41.811,41.89,8590.99,62.38231370286981
2026-04-11 01:45:00+00:00,41.899,41.964,41.865,41.958,13859.98,65.61897424159193
2026-04-11 01:50:00+00:00,41.956,42.065,41.932,42.061,23849.0,69.85051019479292
2026-04-11 01:55:00+00:00,42.062,42.15,42.058,42.078,31237.46,70.49595214580923
2026-04-11 02:00:00+00:00,42.078,42.097,42.022,42.063,2806.25,69.09047933418904
2026-04-11 02:05:00+00:00,42.076,42.077,41.95,41.951,3344.67,59.544672800319326
2026-04-11 02:10:00+00:00,41.95,42.001,41.87,41.956,19880.78,59.81162379693137
2026-04-11 02:15:00+00:00,41.957,41.985,41.938,41.981,2691.85,61.19057140153497
2026-04-11 02:20:00+00:00,41.981,41.994,41.892,41.903,12049.7,54.865232398611546
2026-04-11 02:25:00+00:00,41.904,41.952,41.882,41.882,6611.92,53.26868916766729
2026-04-11 02:30:00+00:00,41.886,41.969,41.88,41.887,5196.92,53.61478662711623
2026-04-11 02:35:00+00:00,41.883,41.911,41.844,41.865,7156.28,51.79704241564363
2026-04-11 02:40:00+00:00,41.865,41.877,41.778,41.796,3831.94,46.474996166632195
2026-04-11 02:45:00+00:00,41.79,41.791,41.738,41.738,5977.37,42.520129498492324
2026-04-11 02:50:00+00:00,41.737,41.775,41.73,41.746,2445.2,43.23762587567957
2026-04-11 02:55:00+00:00,41.743,41.849,41.741,41.769,11221.54,45.349746159928976
2026-04-11 03:00:00+00:00,41.771,41.782,41.74,41.764,1597.02,44.95810087289764
2026-04-11 03:05:00+00:00,41.764,41.78,41.745,41.771,2008.77,45.66556740464881
2026-04-11 03:10:00+00:00,41.771,41.853,41.768,41.83,3700.21,51.342350142831016
2026-04-11 03:15:00+00:00,41.829,41.842,41.78,41.81,1412.57,49.45605655340405
2026-04-11 03:20:00+00:00,41.81,41.897,41.802,41.822,13016.06,50.62811478408763
2026-04-11 03:25:00+00:00,41.822,41.862,41.82,41.845,4819.86,52.883319769151655
2026-04-11 03:30:00+00:00,41.846,41.879,41.783,41.794,2082.78,47.68227811273096
2026-04-11 03:35:00+00:00,41.792,41.793,41.762,41.785,5542.01,46.807408691178644
2026-04-11 03:40:00+00:00,41.785,41.9,41.777,41.862,9170.71,54.499361801278965
2026-04-11 03:45:00+00:00,41.86,41.895,41.836,41.872,1059.88,55.40135060252479
2026-04-11 03:50:00+00:00,41.879,41.928,41.85,41.909,8225.63,58.666285320834525
2026-04-11 03:55:00+00:00,41.909,41.91,41.789,41.848,5316.26,51.91813603831799
2026-04-11 04:00:00+00:00,41.848,41.949,41.817,41.927,7514.81,58.56537700750138
2026-04-11 04:05:00+00:00,41.928,41.964,41.905,41.908,5579.07,56.54080464005928
2026-04-11 04:10:00+00:00,41.904,41.904,41.79,41.79,7232.04,45.92298069064991
2026-04-11 04:15:00+00:00,41.79,41.791,41.676,41.679,10900.85,38.58299622493268
2026-04-11 04:20:00+00:00,41.68,41.715,41.679,41.704,5946.73,40.87511487691094
2026-04-11 04:25:00+00:00,41.705,41.832,41.675,41.831,5823.09,50.89997992474605
2026-04-11 04:30:00+00:00,41.833,41.96,41.832,41.94,15149.24,57.55225645437962
2026-04-11 04:35:00+00:00,41.94,41.996,41.925,41.974,22731.39,59.40004096543683
2026-04-11 04:40:00+00:00,41.975,41.99,41.93,41.97,9550.4,59.07423384682957
2026-04-11 04:45:00+00:00,41.971,41.98,41.915,41.927,3236.9,55.547050957857564
2026-04-11 04:50:00+00:00,41.927,41.99,41.922,41.958,2283.91,57.51642781282522
2026-04-11 04:55:00+00:00,41.948,41.991,41.929,41.973,5603.88,58.475058936902215
2026-04-11 05:00:00+00:00,41.973,41.984,41.887,41.89,1564.77,51.54427372955915
2026-04-11 05:05:00+00:00,41.89,41.907,41.808,41.808,3298.11,45.77217483784096
2026-04-11 05:10:00+00:00,41.807,41.829,41.646,41.663,13724.1,37.726863236045446
2026-04-11 05:15:00+00:00,41.663,41.7,41.57,41.681,8240.04,39.15656107337141
2026-04-11 05:20:00+00:00,41.679,41.728,41.661,41.71,2363.24,41.48735266110326
2026-04-11 05:25:00+00:00,41.713,41.762,41.699,41.762,5151.15,45.51763671307405
2026-04-11 05:30:00+00:00,41.761,41.786,41.735,41.735,1718.21,43.82953775196733
2026-04-11 05:35:00+00:00,41.734,41.787,41.728,41.778,1265.62,47.18872508514998
2026-04-11 05:40:00+00:00,41.778,41.81,41.768,41.802,2189.33,49.02122144760623
2026-04-11 05:45:00+00:00,41.803,41.833,41.754,41.829,1925.63,51.07786522039796
2026-04-11 05:50:00+00:00,41.835,41.897,41.823,41.891,3514.53,55.51586622445482
2026-04-11 05:55:00+00:00,41.898,41.905,41.811,41.812,2299.34,49.370225189002895
2026-04-11 06:00:00+00:00,41.817,41.918,41.785,41.903,4385.21,55.48345230091452
2026-04-11 06:05:00+00:00,41.899,41.928,41.86,41.89,3575.18,54.471590423651584
2026-04-11 06:10:00+00:00,41.888,41.927,41.853,41.864,642.99,52.41281067994687
2026-04-11 06:15:00+00:00,41.865,42.052,41.864,41.968,22302.9,59.07574177372134
2026-04-11 06:20:00+00:00,41.962,41.962,41.833,41.894,5652.4,53.35165477951379
2026-04-11 06:25:00+00:00,41.894,41.926,41.876,41.905,1230.38,54.064170182115745
2026-04-11 06:30:00+00:00,41.905,42.025,41.893,41.986,4960.86,59.02703478275565
2026-04-11 06:35:00+00:00,41.987,42.097,41.964,41.964,7171.02,57.21885193392284
2026-04-11 06:40:00+00:00,41.964,42.071,41.886,42.038,15190.41,61.49189480692724
2026-04-11 06:45:00+00:00,42.037,42.056,42.021,42.053,3882.13,62.313595666443966
2026-04-11 06:50:00+00:00,42.054,42.2,42.047,42.187,54971.19,68.73240275604662
2026-04-11 06:55:00+00:00,42.188,42.188,42.153,42.163,6901.92,66.54623133595898
2026-04-11 07:00:00+00:00,42.163,42.195,42.092,42.14,19230.84,64.431184073758
2026-04-11 07:05:00+00:00,42.139,42.187,42.103,42.135,7737.45,63.955301269867626
2026-04-11 07:10:00+00:00,42.126,42.152,42.095,42.143,4368.93,64.40825912556552
2026-04-11 07:15:00+00:00,42.146,42.178,42.091,42.12,4603.56,61.9961141959697
2026-04-11 07:20:00+00:00,42.12,42.167,42.107,42.156,3021.23,64.25276147842138
2026-04-11 07:25:00+00:00,42.162,42.191,42.102,42.11,8310.5,59.39924386627751
2026-04-11 07:30:00+00:00,42.11,42.5,42.102,42.49,183886.66,75.71738566867408
2026-04-11 07:35:00+00:00,42.499,42.698,42.44,42.611,62349.43,78.65871470133558
2026-04-11 07:40:00+00:00,42.612,42.679,42.507,42.541,14028.32,73.13926107396024
2026-04-11 07:45:00+00:00,42.54,42.542,42.433,42.446,22909.6,66.33611884825476
2026-04-11 07:50:00+00:00,42.446,42.457,42.398,42.457,14397.14,66.72210224906004
2026-04-11 07:55:00+00:00,42.46,42.529,42.457,42.529,7425.85,69.2105624192174
2026-04-11 08:00:00+00:00,42.53,42.566,42.476,42.546,15625.55,69.78507226914847
2026-04-11 08:05:00+00:00,42.536,42.568,42.501,42.519,6405.41,67.626762164105
2026-04-11 08:10:00+00:00,42.523,42.524,42.267,42.283,39314.99,52.37803931703314
2026-04-11 08:15:00+00:00,42.283,42.4,42.282,42.311,16210.09,53.7116148469663
2026-04-11 08:20:00+00:00,42.311,42.354,42.279,42.294,6998.04,52.74584383914565
2026-04-11 08:25:00+00:00,42.293,42.34,42.27,42.304,7377.4,53.27802913437724
2026-04-11 08:30:00+00:00,42.304,42.339,42.285,42.286,9025.73,52.139749445275704
2026-04-11 08:35:00+00:00,42.286,42.286,42.251,42.266,8907.36,50.84003236032416
2026-04-11 08:40:00+00:00,42.276,42.396,42.249,42.347,18655.73,55.66071238324071
2026-04-11 08:45:00+00:00,42.344,42.389,42.331,42.342,5608.32,55.30022234850063
2026-04-11 08:50:00+00:00,42.342,42.408,42.265,42.27,7956.3,50.25298696018269
2026-04-11 08:55:00+00:00,42.275,42.298,42.264,42.264,2790.33,49.844715296063804
2026-04-11 09:00:00+00:00,42.265,42.294,42.239,42.279,10729.85,50.918288707136895
2026-04-11 09:05:00+00:00,42.28,42.296,42.277,42.279,4003.99,50.918288707136895
2026-04-11 09:10:00+00:00,42.28,42.292,42.277,42.288,5605.8,51.63862337823009
2026-04-11 09:15:00+00:00,42.295,42.567,42.283,42.478,24873.32,63.73798235363216
2026-04-11 09:20:00+00:00,42.489,42.572,42.375,42.376,7490.09,55.68376162996423
2026-04-11 09:25:00+00:00,42.376,42.428,42.376,42.417,6630.2,57.9821700448559
2026-04-11 09:30:00+00:00,42.415,42.503,42.392,42.392,8454.76,56.07251389473212
2026-04-11 09:35:00+00:00,42.393,42.522,42.392,42.507,4895.16,62.23422859440807
2026-04-11 09:40:00+00:00,42.503,42.507,42.377,42.381,10385.65,53.39659158352791
2026-04-11 09:45:00+00:00,42.382,42.416,42.36,42.364,6995.78,52.31711385583254
2026-04-11 09:50:00+00:00,42.365,42.409,42.36,42.379,1905.48,53.21583722214394
2026-04-11 09:55:00+00:00,42.377,42.539,42.375,42.507,15111.25,60.12286010272845
2026-04-11 10:00:00+00:00,42.508,42.515,42.434,42.504,13014.22,59.89965079954626
2026-04-11 10:05:00+00:00,42.505,42.509,42.427,42.498,5952.27,59.42447676071751
2026-04-11 10:10:00+00:00,42.497,42.508,42.359,42.359,5873.05,49.60662768233305
2026-04-11 10:15:00+00:00,42.36,42.372,42.241,42.36,29518.9,49.67105035457725
2026-04-11 10:20:00+00:00,42.363,42.43,42.358,42.385,5537.03,51.34565255402693
2026-04-11 10:25:00+00:00,42.386,42.408,42.362,42.391,3034.19,51.76050387596864
2026-04-11 10:30:00+00:00,42.391,42.391,42.284,42.294,7531.91,45.06993661967591
2026-04-11 10:35:00+00:00,42.288,42.288,42.198,42.236,7687.27,41.60679942142183
2026-04-11 10:40:00+00:00,42.236,42.271,42.162,42.189,7992.24,38.992144276995845
2026-04-11 10:45:00+00:00,42.19,42.201,42.102,42.172,29458.96,38.06047859378564
2026-04-11 10:50:00+00:00,42.18,42.292,42.179,42.275,7329.46,46.41462765096514
2026-04-11 10:55:00+00:00,42.283,42.308,42.211,42.236,9087.76,43.99499353968039
2026-04-11 11:00:00+00:00,42.237,42.279,42.204,42.275,5424.47,46.972032332436946
2026-04-11 11:05:00+00:00,42.275,42.304,42.209,42.213,3925.03,43.05387679770594
2026-04-11 11:10:00+00:00,42.212,42.213,42.126,42.208,8220.38,42.744218515586155
2026-04-11 11:15:00+00:00,42.201,42.227,42.179,42.193,2295.85,41.773535113052816
2026-04-11 11:20:00+00:00,42.191,42.25,42.176,42.25,2135.88,46.724564571514215
2026-04-11 11:25:00+00:00,42.242,42.32,42.211,42.274,4663.96,48.70241337887877
2026-04-11 11:30:00+00:00,42.276,42.339,42.264,42.308,7120.58,51.45213408662437
2026-04-11 11:35:00+00:00,42.308,42.383,42.307,42.348,6214.86,54.53952337578393
2026-04-11 11:40:00+00:00,42.348,42.442,42.347,42.421,9582.0,59.59026139906309
2026-04-11 11:45:00+00:00,42.42,42.483,42.409,42.449,24675.96,61.363388015324844
2026-04-11 11:50:00+00:00,42.451,42.451,42.384,42.442,6568.51,60.646935746233886
2026-04-11 11:55:00+00:00,42.444,42.448,42.38,42.413,9731.98,57.64419292907963
2026-04-11 12:00:00+00:00,42.414,42.51,42.396,42.496,23576.15,63.25216463814594
2026-04-11 12:05:00+00:00,42.494,42.555,42.44,42.47,9658.31,60.547764767067896
2026-04-11 12:10:00+00:00,42.47,42.476,42.404,42.451,3283.48,58.57676824625667
2026-04-11 12:15:00+00:00,42.466,42.483,42.416,42.425,3988.76,55.895330600860156
2026-04-11 12:20:00+00:00,42.426,42.432,42.35,42.362,5688.25,49.930966441344594
2026-04-11 12:25:00+00:00,42.364,42.375,42.328,42.35,3697.03,48.861467138602194
2026-04-11 12:30:00+00:00,42.344,42.365,42.312,42.328,1720.43,46.878960611590756
2026-04-11 12:35:00+00:00,42.337,42.342,42.299,42.299,2538.13,44.32587465300287
2026-04-11 12:40:00+00:00,42.3,42.435,42.281,42.404,23323.29,54.07772156671024
2026-04-11 12:45:00+00:00,42.404,42.452,42.364,42.368,9994.62,50.792739562042065
2026-04-11 12:50:00+00:00,42.372,42.389,42.353,42.353,4213.12,49.44498654065258
2026-04-11 12:55:00+00:00,42.354,42.377,42.337,42.371,1992.98,51.12107244770506
2026-04-11 13:00:00+00:00,42.372,42.387,42.279,42.31,21522.75,45.60322585555838
2026-04-11 13:05:00+00:00,42.307,42.34,42.26,42.26,5116.99,41.63619521687403
2026-04-11 13:10:00+00:00,42.26,42.268,41.907,42.06,134732.46,30.286888682089725
2026-04-11 13:15:00+00:00,42.062,42.164,42.061,42.143,13841.29,37.85732660843481
2026-04-11 13:20:00+00:00,42.143,42.159,42.007,42.007,18344.2,31.76949833417146
2026-04-11 13:25:00+00:00,42.008,42.131,42.007,42.065,16803.62,36.46215419776763
2026-04-11 13:30:00+00:00,42.071,42.124,42.041,42.1,2921.62,39.18051808688535
2026-04-11 13:35:00+00:00,42.105,42.201,42.104,42.18,7201.0,44.97532800081606
2026-04-11 13:40:00+00:00,42.175,42.24,42.161,42.183,5183.48,45.18624035552105
2026-04-11 13:45:00+00:00,42.185,42.239,42.143,42.234,8985.11,48.78053132455346
2026-04-11 13:50:00+00:00,42.236,42.241,42.152,42.228,8005.5,48.378608407137285
2026-04-11 13:55:00+00:00,42.227,42.279,42.161,42.165,6480.45,44.255389492271156
2026-04-11 14:00:00+00:00,42.166,42.174,42.132,42.157,5789.9,43.74552963333221
2026-04-11 14:05:00+00:00,42.158,42.288,42.157,42.28,10164.4,52.757457805410766
2026-04-11 14:10:00+00:00,42.279,42.287,42.241,42.271,4321.27,52.09977182534482
2026-04-11 14:15:00+00:00,42.273,42.283,42.209,42.232,4434.54,49.235464932554585
2026-04-11 14:20:00+00:00,42.232,42.271,42.205,42.205,6711.04,47.296814704248995
2026-04-11 14:25:00+00:00,42.215,42.215,42.06,42.065,25075.51,38.77194161571739
2026-04-11 14:30:00+00:00,42.064,42.103,41.959,42.015,29488.27,36.25837165657946
2026-04-11 14:35:00+00:00,42.015,42.04,41.895,41.897,29442.29,31.129292883061893
2026-04-11 14:40:00+00:00,41.896,41.897,41.77,41.832,48160.29,28.719273399712577
2026-04-11 14:45:00+00:00,41.832,41.883,41.817,41.817,5596.35,28.177134330040772
2026-04-11 14:50:00+00:00,41.818,41.931,41.817,41.908,22176.32,36.06259517134383
2026-04-11 14:55:00+00:00,41.908,41.935,41.832,41.874,32352.12,34.536892800947214
2026-04-11 15:00:00+00:00,41.863,41.866,41.774,41.858,18829.55,33.811941714603506
2026-04-11 15:05:00+00:00,41.86,41.916,41.859,41.881,9417.13,35.89503930882765
2026-04-11 15:10:00+00:00,41.888,41.969,41.869,41.969,10170.74,43.25382401030476
2026-04-11 15:15:00+00:00,41.969,42.056,41.884,41.92,15903.73,40.46817635342883
2026-04-11 15:20:00+00:00,41.919,41.954,41.901,41.921,5495.71,40.55232074670966
2026-04-11 15:25:00+00:00,41.92,41.94,41.87,41.916,7003.5,40.246016102898864
2026-04-11 15:30:00+00:00,41.915,42.006,41.894,41.9,9964.53,39.22499337759631
2026-04-11 15:35:00+00:00,41.899,41.903,41.816,41.851,12881.27,36.19641478100521
2026-04-11 15:40:00+00:00,41.85,41.851,41.809,41.821,5043.02,34.44299179263169
2026-04-11 15:45:00+00:00,41.82,41.866,41.77,41.804,8139.86,33.454024650864866
2026-04-11 15:50:00+00:00,41.803,41.885,41.797,41.869,6259.24,40.48993848419601
2026-04-11 15:55:00+00:00,41.871,41.905,41.859,41.887,7854.38,42.30901311612033
2026-04-11 16:00:00+00:00,41.886,41.942,41.881,41.942,9957.12,47.58154486269812
2026-04-11 16:05:00+00:00,41.941,41.998,41.941,41.996,5298.7,52.20056399520364
2026-04-11 16:10:00+00:00,41.995,42.082,41.987,42.018,15712.73,53.97977669481279
2026-04-11 16:15:00+00:00,42.018,42.113,42.01,42.057,15182.15,57.03305362891907
2026-04-11 16:20:00+00:00,42.045,42.048,41.962,41.995,5142.25,51.2156171320564
2026-04-11 16:25:00+00:00,41.992,42.022,41.952,41.975,3841.16,49.46291652808865
2026-04-11 16:30:00+00:00,41.97,42.044,41.956,42.011,9622.66,52.60688219487591
2026-04-11 16:35:00+00:00,42.01,42.061,41.994,42.011,4693.36,52.60688219487591
2026-04-11 16:40:00+00:00,42.011,42.283,41.996,42.065,34661.77,57.235118441035674
2026-04-11 16:45:00+00:00,42.065,42.229,41.985,42.13,36143.54,62.040471764618786
2026-04-11 16:50:00+00:00,42.13,42.153,42.056,42.084,14853.87,57.14654787431003
2026-04-11 16:55:00+00:00,42.085,42.225,42.065,42.193,14765.53,64.32732085310292
2026-04-11 17:00:00+00:00,42.193,42.28,42.164,42.266,21765.78,68.17370387186396
2026-04-11 17:05:00+00:00,42.267,42.271,42.081,42.093,23274.79,53.46181525585931
2026-04-11 17:10:00+00:00,42.093,42.1,42.067,42.093,5436.33,53.461815255859314
2026-04-11 17:15:00+00:00,42.087,42.093,42.02,42.071,16995.49,51.812763672695745
2026-04-11 17:20:00+00:00,42.062,42.167,42.053,42.144,17348.91,56.59682663000158
2026-04-11 17:25:00+00:00,42.143,42.206,42.124,42.186,6790.25,59.112021401216026
2026-04-11 17:30:00+00:00,42.185,42.401,42.185,42.381,29987.92,68.2976945557091
2026-04-11 17:35:00+00:00,42.396,42.4,42.326,42.389,18956.7,68.60926545297103
2026-04-11 17:40:00+00:00,42.39,42.4,42.286,42.362,11781.79,66.24299458762839
2026-04-11 17:45:00+00:00,42.366,42.392,42.3,42.392,5977.07,67.58089823721457
2026-04-11 17:50:00+00:00,42.391,42.542,42.347,42.489,35810.22,71.51234810286134
2026-04-11 17:55:00+00:00,42.48,42.569,42.463,42.566,17829.31,74.18826507958958
2026-04-11 18:00:00+00:00,42.565,42.595,42.315,42.33,24508.26,56.63040419979525
2026-04-11 18:05:00+00:00,42.329,42.403,42.317,42.355,11540.05,57.770560508609876
2026-04-11 18:10:00+00:00,42.354,42.373,42.298,42.316,22719.64,55.326987465346406
2026-04-11 18:15:00+00:00,42.315,42.42,42.311,42.398,9701.25,59.23158684177762
2026-04-11 18:20:00+00:00,42.397,42.45,42.397,42.417,4969.02,60.10176731025229
2026-04-11 18:25:00+00:00,42.415,42.475,42.343,42.376,25316.22,57.26147527707373
2026-04-11 18:30:00+00:00,42.372,42.532,42.346,42.439,11634.22,60.36129598912241
2026-04-11 18:35:00+00:00,42.443,42.867,42.43,42.707,96582.88,70.24732695859521
2026-04-11 18:40:00+00:00,42.702,42.709,42.51,42.534,31101.53,59.86750974212326
2026-04-11 18:45:00+00:00,42.529,42.621,42.445,42.6,23286.57,62.1644139520428
2026-04-11 18:50:00+00:00,42.594,42.65,42.572,42.598,17597.32,62.0485231502911
2026-04-11 18:55:00+00:00,42.597,42.631,42.583,42.63,11729.72,63.229684285287014
2026-04-11 19:00:00+00:00,42.632,42.654,42.496,42.605,24343.95,61.61625302872202
2026-04-11 19:05:00+00:00,42.602,42.731,42.514,42.59,21415.47,60.616809046585736
2026-04-11 19:10:00+00:00,42.59,42.596,42.498,42.511,21904.5,55.50994296574065
2026-04-11 19:15:00+00:00,42.522,42.764,42.511,42.716,20628.56,63.98837543763793
2026-04-11 19:20:00+00:00,42.715,42.822,42.602,42.807,52789.9,66.99516087294872
2026-04-11 19:25:00+00:00,42.807,43.017,42.757,42.853,98197.21,68.43010181799814
2026-04-11 19:30:00+00:00,42.853,42.992,42.841,42.969,41529.48,71.76394568908928
2026-04-11 19:35:00+00:00,42.969,42.99,42.9,42.95,18949.07,70.4516148834152
2026-04-11 19:40:00+00:00,42.949,43.173,42.92,43.046,212588.28,73.12570708016808
2026-04-11 19:45:00+00:00,43.041,43.06,42.957,42.995,26917.45,69.52595008211046
2026-04-11 19:50:00+00:00,42.999,43.055,42.958,43.007,20831.02,69.90139414364145
2026-04-11 19:55:00+00:00,43.007,43.043,42.959,43.028,8325.58,70.5843862911085
2026-04-11 20:00:00+00:00,43.028,43.043,42.806,42.857,26674.57,58.86988021879837
2026-04-11 20:05:00+00:00,42.857,42.878,42.681,42.874,26812.58,59.587945230803335
2026-04-11 20:10:00+00:00,42.865,42.879,42.741,42.795,7712.89,54.800019976654276
2026-04-11 20:15:00+00:00,42.794,42.86,42.761,42.805,7217.58,55.289746556286794
2026-04-11 20:20:00+00:00,42.802,42.811,42.708,42.773,5551.5,53.299648659079416
2026-04-11 20:25:00+00:00,42.773,42.816,42.721,42.773,7871.64,53.29964865907941
2026-04-11 20:30:00+00:00,42.776,42.797,42.627,42.699,9665.26,48.607377118042095
2026-04-11 20:35:00+00:00,42.685,42.839,42.678,42.775,14947.65,53.16746308914155
2026-04-11 20:40:00+00:00,42.776,42.87,42.761,42.864,5081.5,57.880653344945586
2026-04-11 20:45:00+00:00,42.865,42.878,42.805,42.833,11630.1,55.7751104353696
2026-04-11 20:50:00+00:00,42.834,42.849,42.755,42.775,4623.22,51.96618484401519
2026-04-11 20:55:00+00:00,42.762,42.763,42.485,42.559,55171.88,40.793380631582465
2026-04-11 21:00:00+00:00,42.56,42.638,42.502,42.63,32920.6,44.98078610673055
2026-04-11 21:05:00+00:00,42.63,42.668,42.566,42.594,10792.58,43.30825474271487
2026-04-11 21:10:00+00:00,42.594,42.637,42.476,42.485,5864.1,38.62522484373417
2026-04-11 21:15:00+00:00,42.486,42.59,42.474,42.578,5317.03,44.172103281789624
2026-04-11 21:20:00+00:00,42.583,42.588,42.501,42.512,2282.94,41.31815975590197
2026-04-11 21:25:00+00:00,42.521,42.55,42.459,42.465,6646.41,39.367533320624986
2026-04-11 21:30:00+00:00,42.466,42.551,42.405,42.537,7366.37,43.74865549414101
2026-04-11 21:35:00+00:00,42.529,42.567,42.52,42.536,4488.96,43.70142441080604
2026-04-11 21:40:00+00:00,42.536,42.558,42.526,42.529,4903.04,43.348630322161426
2026-04-11 21:45:00+00:00,42.528,42.629,42.52,42.55,16400.93,44.788622806169805
2026-04-11 21:50:00+00:00,42.55,42.567,42.526,42.549,8547.81,44.73031627985427
2026-04-11 21:55:00+00:00,42.544,42.584,42.541,42.558,10606.84,45.41899737575868
2026-04-11 22:00:00+00:00,42.558,42.656,42.548,42.655,6483.42,52.31540868779708
2026-04-11 22:05:00+00:00,42.656,42.738,42.589,42.724,16984.55,56.523615783668625
2026-04-11 22:10:00+00:00,42.723,42.816,42.722,42.805,11464.08,60.88733736098446
2026-04-11 22:15:00+00:00,42.805,42.852,42.755,42.77,6375.61,58.17043736611383
2026-04-11 22:20:00+00:00,42.771,42.859,42.762,42.798,9129.06,59.71897530755587
2026-04-11 22:25:00+00:00,42.796,42.862,42.732,42.809,8987.41,60.340143209265214
2026-04-11 22:30:00+00:00,42.819,42.827,42.728,42.745,10237.98,55.02359864192278
2026-04-11 22:35:00+00:00,42.747,42.78,42.591,42.691,15559.7,50.94489402403592
2026-04-11 22:40:00+00:00,42.688,43.093,42.678,42.845,118185.18,60.04175083964525
2026-04-11 22:45:00+00:00,42.854,42.935,42.58,42.66,88536.55,48.42440054208971
2026-04-11 22:50:00+00:00,42.655,42.661,42.257,42.381,105171.19,36.84574290797982
2026-04-11 22:55:00+00:00,42.382,42.382,42.276,42.308,14750.55,34.519967983265005
2026-04-11 23:00:00+00:00,42.3,42.385,42.176,42.2,34637.16,31.36555255718882
2026-04-11 23:05:00+00:00,42.201,42.212,42.073,42.101,28998.22,28.770248535280118
2026-04-11 23:10:00+00:00,42.101,42.167,42.07,42.162,11664.95,32.477589731918414
2026-04-11 23:15:00+00:00,42.162,42.195,42.141,42.186,7586.7,33.9345300011875
2026-04-11 23:20:00+00:00,42.186,42.296,42.186,42.289,6624.11,39.925468606317516
2026-04-11 23:25:00+00:00,42.288,42.297,42.219,42.219,8426.06,37.440572049291205
2026-04-11 23:30:00+00:00,42.215,42.316,42.207,42.316,6156.6,42.75721420977011
2026-04-11 23:35:00+00:00,42.318,42.36,42.265,42.36,2450.05,45.038949768514065
2026-04-11 23:40:00+00:00,42.359,42.38,42.297,42.306,3177.98,42.784913131748525
2026-04-11 23:45:00+00:00,42.305,42.33,42.283,42.308,2503.56,42.89889562247815
2026-04-11 23:50:00+00:00,42.307,42.307,42.202,42.234,4808.59,39.74399618170098
2026-04-11 23:55:00+00:00,42.231,42.28,42.228,42.279,5955.34,42.5127018159929
2026-04-12 00:00:00+00:00,42.279,42.368,42.253,42.27,12223.36,42.09608875220875
2026-04-12 00:05:00+00:00,42.279,42.345,42.279,42.311,4595.28,44.75225214526868
2026-04-12 00:10:00+00:00,42.308,42.375,42.296,42.329,9285.45,45.92503198002988
2026-04-12 00:15:00+00:00,42.328,42.348,42.313,42.344,1836.55,46.93592670993374
2026-04-12 00:20:00+00:00,42.34,42.451,42.339,42.433,19267.89,52.598166212006355
2026-04-12 00:25:00+00:00,42.433,42.577,42.411,42.542,32026.93,58.44631447706114
2026-04-12 00:30:00+00:00,42.542,42.546,42.421,42.528,26081.2,57.465655923531365
2026-04-12 00:35:00+00:00,42.528,42.547,42.504,42.508,13248.42,56.019592702541935
2026-04-12 00:40:00+00:00,42.508,42.585,42.507,42.581,6651.57,59.978288392528334
2026-04-12 00:45:00+00:00,42.571,42.696,42.539,42.653,13635.48,63.47072288572648
2026-04-12 00:50:00+00:00,42.655,42.787,42.639,42.749,15138.68,67.53822921636221
2026-04-12 00:55:00+00:00,42.749,42.78,42.66,42.748,20289.69,67.45397180025132
2026-04-12 01:00:00+00:00,42.752,42.823,42.71,42.767,6581.23,68.26408875984254
2026-04-12 01:05:00+00:00,42.768,42.819,42.721,42.779,20948.22,68.79243897020285
2026-04-12 01:10:00+00:00,42.779,42.805,42.71,42.746,3984.96,65.56002198908149
2026-04-12 01:15:00+00:00,42.742,42.772,42.611,42.657,7468.43,57.68725661646619
2026-04-12 01:20:00+00:00,42.662,42.684,42.635,42.636,4946.75,55.979098420489315
2026-04-12 01:25:00+00:00,42.636,42.643,42.542,42.542,8496.77,48.986792097658835
2026-04-12 01:30:00+00:00,42.555,42.577,42.321,42.35,13512.06,38.428264183465465
2026-04-12 01:35:00+00:00,42.349,42.349,42.104,42.221,83438.28,33.24375539557181
2026-04-12 01:40:00+00:00,42.217,42.223,41.575,41.703,139791.16,20.994902085802067
2026-04-12 01:45:00+00:00,41.685,41.685,41.217,41.303,166612.01,16.07070697238963
2026-04-12 01:50:00+00:00,41.303,41.631,41.186,41.584,162944.27,28.71885843138152
2026-04-12 01:55:00+00:00,41.579,41.579,41.073,41.11,168489.9,22.546520152348165
2026-04-12 02:00:00+00:00,41.11,41.28,41.0,41.035,102582.83,21.749977626882924
2026-04-12 02:05:00+00:00,41.035,41.237,40.986,41.237,60592.29,29.02310556526146
2026-04-12 02:10:00+00:00,41.236,41.414,41.224,41.317,51333.5,31.729512284748523
2026-04-12 02:15:00+00:00,41.32,41.475,41.32,41.393,49303.22,34.292799792046495
2026-04-12 02:20:00+00:00,41.386,41.408,41.233,41.313,32757.97,32.892805359089564
2026-04-12 02:25:00+00:00,41.327,41.344,41.2,41.331,36876.06,33.55013717744697
2026-04-12 02:30:00+00:00,41.331,41.37,41.265,41.32,16492.23,33.33524328940959
2026-04-12 02:35:00+00:00,41.32,41.349,41.298,41.32,6630.18,33.33524328940959
2026-04-12 02:40:00+00:00,41.302,41.352,41.271,41.325,7301.45,33.55958436095737
2026-04-12 02:45:00+00:00,41.327,41.336,41.258,41.277,14847.0,32.43126435623975
2026-04-12 02:50:00+00:00,41.29,41.292,41.242,41.264,3821.93,32.116323979053035
2026-04-12 02:55:00+00:00,41.264,41.29,41.226,41.28,8534.54,32.97897833698674
2026-04-12 03:00:00+00:00,41.276,41.292,41.245,41.28,11636.41,32.97897833698674
2026-04-12 03:05:00+00:00,41.279,41.285,41.135,41.184,11677.33,30.29962868627274
2026-04-12 03:10:00+00:00,41.188,41.199,41.084,41.115,21907.34,28.5069382147679
2026-04-12 03:15:00+00:00,41.114,41.15,41.058,41.095,14952.66,27.99000251055341
2026-04-12 03:20:00+00:00,41.094,41.132,41.005,41.073,15423.32,27.401381469694385
2026-04-12 03:25:00+00:00,41.079,41.164,41.072,41.146,12124.47,32.475700788758814
2026-04-12 03:30:00+00:00,41.146,41.166,41.032,41.108,2623.76,31.251193256291202
2026-04-12 03:35:00+00:00,41.104,41.124,41.004,41.078,5160.03,30.2804863546812
2026-04-12 03:40:00+00:00,41.078,41.109,41.036,41.066,5553.39,29.88067366685172
2026-04-12 03:45:00+00:00,41.072,41.169,41.072,41.167,4105.8,37.37551902332949
2026-04-12 03:50:00+00:00,41.169,41.213,41.153,41.201,8415.03,39.71166749253797
2026-04-12 03:55:00+00:00,41.199,41.202,41.049,41.055,11375.39,33.868929716654605
2026-04-12 04:00:00+00:00,41.056,41.064,40.865,40.906,48400.43,29.154567278387944
2026-04-12 04:05:00+00:00,40.912,40.999,40.767,40.832,53855.72,27.13446701553714
2026-04-12 04:10:00+00:00,40.833,40.881,40.751,40.793,17519.28,26.107744127332666
2026-04-12 04:15:00+00:00,40.799,40.89,40.637,40.728,63814.34,24.44740018205958
2026-04-12 04:20:00+00:00,40.728,40.818,40.692,40.713,22776.45,24.06702367498717
2026-04-12 04:25:00+00:00,40.717,40.861,40.664,40.764,59857.57,28.1597476366518
2026-04-12 04:30:00+00:00,40.766,40.855,40.703,40.855,15300.29,34.90200805244359
2026-04-12 04:35:00+00:00,40.855,40.865,40.757,40.794,17919.76,32.68742720950925
2026-04-12 04:40:00+00:00,40.798,40.97,40.78,40.886,23395.3,38.97642506123262
2026-04-12 04:45:00+00:00,40.889,40.958,40.889,40.942,4545.12,42.498123437983814
2026-04-12 04:50:00+00:00,40.956,40.965,40.884,40.884,4623.76,39.92798479039073
2026-04-12 04:55:00+00:00,40.89,40.916,40.85,40.852,7149.01,38.543018539235206
2026-04-12 05:00:00+00:00,40.86,40.886,40.805,40.838,10986.32,37.92324921054995
2026-04-12 05:05:00+00:00,40.837,40.896,40.788,40.845,3132.4,38.456122435760804
2026-04-12 05:10:00+00:00,40.847,40.948,40.84,40.907,8154.78,43.11390664933776
2026-04-12 05:15:00+00:00,40.906,40.946,40.849,40.855,10329.58,40.355290200768394
2026-04-12 05:20:00+00:00,40.855,41.041,40.855,41.033,7159.21,51.73874097530992
2026-04-12 05:25:00+00:00,41.029,41.073,41.007,41.073,8005.0,53.86940856192801
2026-04-12 05:30:00+00:00,41.074,41.123,40.999,41.014,35848.0,50.33920227281938
2026-04-12 05:35:00+00:00,41.013,41.013,40.901,40.935,7648.0,45.99300508640434
2026-04-12 05:40:00+00:00,40.935,40.935,40.855,40.855,10120.66,42.03512177197642
2026-04-12 05:45:00+00:00,40.861,40.938,40.856,40.928,7068.08,46.55470352833411
2026-04-12 05:50:00+00:00,40.929,40.969,40.91,40.953,7433.67,48.04863980693018
2026-04-12 05:55:00+00:00,40.948,40.958,40.92,40.942,9505.89,47.42054317104476
2026-04-12 06:00:00+00:00,40.942,40.962,40.9,40.948,18988.14,47.82120929776298
2026-04-12 06:05:00+00:00,40.946,40.96,40.923,40.942,2435.55,47.43196493464821
2026-04-12 06:10:00+00:00,40.938,40.96,40.901,40.92,4196.29,45.95493252701641
2026-04-12 06:15:00+00:00,40.919,40.92,40.852,40.857,8367.85,41.92841236556547
2026-04-12 06:20:00+00:00,40.859,40.859,40.84,40.859,8361.49,42.10184730066528
2026-04-12 06:25:00+00:00,40.859,40.87,40.84,40.869,12331.36,43.01820222385496
2026-04-12 06:30:00+00:00,40.868,40.868,40.803,40.829,6422.69,40.27250686827153
2026-04-12 06:35:00+00:00,40.828,40.829,40.738,40.747,9337.08,35.29861537505272
2026-04-12 06:40:00+00:00,40.746,40.76,40.7,40.723,8525.53,33.97597538762106
2026-04-12 06:45:00+00:00,40.722,40.831,40.657,40.795,42762.79,41.10555979162923
2026-04-12 06:50:00+00:00,40.795,40.825,40.736,40.738,14099.84,37.64025221411833
2026-04-12 06:55:00+00:00,40.749,40.768,40.693,40.73,13808.71,37.16667074948066
2026-04-12 07:00:00+00:00,40.73,40.745,40.57,40.58,30062.29,29.637188285291757
2026-04-12 07:05:00+00:00,40.578,40.593,40.52,40.562,18309.87,28.88106841605456
2026-04-12 07:10:00+00:00,40.562,40.619,40.507,40.568,21359.65,29.526489260189095
2026-04-12 07:15:00+00:00,40.573,40.593,40.527,40.593,16264.58,32.28403226683686
2026-04-12 07:20:00+00:00,40.589,40.633,40.555,40.604,12786.81,33.51670080134241
2026-04-12 07:25:00+00:00,40.604,40.675,40.604,40.667,7483.0,40.227707627790565
2026-04-12 07:30:00+00:00,40.661,40.742,40.651,40.737,10853.02,46.66931769030299
2026-04-12 07:35:00+00:00,40.736,40.805,40.708,40.769,26421.83,49.35625159687318
2026-04-12 07:40:00+00:00,40.772,40.802,40.743,40.747,3628.24,47.581351145299124
2026-04-12 07:45:00+00:00,40.75,40.804,40.737,40.755,2641.0,48.30929234123947
2026-04-12 07:50:00+00:00,40.755,40.843,40.728,40.842,5500.5,55.540187307887834
2026-04-12 07:55:00+00:00,40.842,40.843,40.71,40.762,18484.11,48.78248695996912
2026-04-12 08:00:00+00:00,40.765,40.857,40.748,40.78,7017.78,50.24924496724307
2026-04-12 08:05:00+00:00,40.78,40.86,40.769,40.824,12900.4,53.736945139099426
2026-04-12 08:10:00+00:00,40.799,40.836,40.797,40.828,4031.02,54.05229690761698
2026-04-12 08:15:00+00:00,40.829,40.863,40.81,40.81,2014.49,52.32384302988506
2026-04-12 08:20:00+00:00,40.817,40.86,40.803,40.841,2152.76,54.9931361399175
2026-04-12 08:25:00+00:00,40.842,40.843,40.806,40.809,2444.37,51.77092554323106
2026-04-12 08:30:00+00:00,40.81,40.849,40.794,40.814,4787.25,52.2417924431452
2026-04-12 08:35:00+00:00,40.816,40.863,40.802,40.857,3000.27,56.20207275827506
2026-04-12 08:40:00+00:00,40.856,40.88,40.837,40.853,8424.69,55.73903799638355
2026-04-12 08:45:00+00:00,40.844,40.857,40.765,40.766,3092.0,46.72264855341286
2026-04-12 08:50:00+00:00,40.766,40.793,40.751,40.761,2324.04,46.25951134999796
2026-04-12 08:55:00+00:00,40.761,40.81,40.727,40.785,14081.65,48.87894810819126
2026-04-12 09:00:00+00:00,40.788,40.789,40.731,40.732,4997.87,43.80150934965743
2026-04-12 09:05:00+00:00,40.731,40.734,40.69,40.718,4823.9,42.5443183537123
2026-04-12 09:10:00+00:00,40.718,40.79,40.711,40.79,3135.15,50.42500421309304
2026-04-12 09:15:00+00:00,40.79,40.813,40.774,40.774,4512.5,48.82241411784801
2026-04-12 09:20:00+00:00,40.773,40.823,40.76,40.82,1924.48,53.40718842412348
2026-04-12 09:25:00+00:00,40.82,40.858,40.807,40.812,8692.12,52.52587916121975
2026-04-12 09:30:00+00:00,40.809,40.822,40.784,40.82,2294.19,53.35481351069933
2026-04-12 09:35:00+00:00,40.819,40.898,40.814,40.871,19208.59,58.347857820388526
2026-04-12 09:40:00+00:00,40.88,40.929,40.874,40.913,22652.46,61.95922570942635
2026-04-12 09:45:00+00:00,40.909,40.943,40.862,40.895,14906.03,59.57521656042432
2026-04-12 09:50:00+00:00,40.903,40.931,40.899,40.923,5404.93,62.02310488361793
2026-04-12 09:55:00+00:00,40.923,40.923,40.871,40.914,3686.08,60.74972674697713
2026-04-12 10:00:00+00:00,40.917,40.938,40.888,40.927,3920.04,61.96445479041897
2026-04-12 10:05:00+00:00,40.927,40.936,40.863,40.879,7014.5,55.174632734375464
2026-04-12 10:10:00+00:00,40.879,40.879,40.77,40.808,19889.21,46.975161662990885
2026-04-12 10:15:00+00:00,40.808,40.835,40.788,40.815,2678.05,47.798827437061824
2026-04-12 10:20:00+00:00,40.812,40.846,40.808,40.832,2760.64,49.83677353881402
2026-04-12 10:25:00+00:00,40.832,40.841,40.81,40.83,2968.41,49.59148047554652
2026-04-12 10:30:00+00:00,40.83,40.83,40.674,40.681,29813.34,35.55224786049418
2026-04-12 10:35:00+00:00,40.69,40.701,40.502,40.589,50159.23,29.919974144132183
2026-04-12 10:40:00+00:00,40.59,40.605,40.456,40.604,41965.06,31.816607603046208
2026-04-12 10:45:00+00:00,40.604,40.625,40.566,40.61,3856.8,32.60234713084107
2026-04-12 10:50:00+00:00,40.61,40.623,40.5,40.538,12017.17,28.376407083925216
2026-04-12 10:55:00+00:00,40.537,40.574,40.5,40.511,14069.8,26.964880952535992
2026-04-12 11:00:00+00:00,40.504,40.515,40.4,40.467,29905.83,24.79989558804158
2026-04-12 11:05:00+00:00,40.466,40.582,40.429,40.556,22014.01,35.99421510562463
2026-04-12 11:10:00+00:00,40.556,40.63,40.533,40.592,5427.76,39.89192281476755
2026-04-12 11:15:00+00:00,40.592,40.606,40.567,40.604,2308.48,41.17778621272101
2026-04-12 11:20:00+00:00,40.604,40.618,40.55,40.551,4414.02,37.374836304272975
2026-04-12 11:25:00+00:00,40.551,40.609,40.54,40.595,4410.89,42.151363225804864
2026-04-12 11:30:00+00:00,40.6,40.602,40.512,40.519,9448.87,36.914133402234356
2026-04-12 11:35:00+00:00,40.519,40.541,40.469,40.496,8863.61,35.477512768883614
2026-04-12 11:40:00+00:00,40.496,40.497,40.345,40.419,36914.05,31.11209112830261
2026-04-12 11:45:00+00:00,40.42,40.442,40.406,40.431,5682.58,32.5059340305197
2026-04-12 11:50:00+00:00,40.431,40.442,40.403,40.407,6029.55,31.148488289172775
2026-04-12 11:55:00+00:00,40.407,40.411,40.376,40.403,8536.11,30.91675566670152
2026-04-12 12:00:00+00:00,40.403,40.461,40.375,40.429,16055.5,34.33634007233643
2026-04-12 12:05:00+00:00,40.427,40.435,40.366,40.395,11800.53,32.09875746973212
2026-04-12 12:10:00+00:00,40.396,40.435,40.382,40.404,6045.48,33.337146931601296
2026-04-12 12:15:00+00:00,40.403,40.406,40.281,40.403,17438.64,33.264552487274386
2026-04-12 12:20:00+00:00,40.403,40.498,40.402,40.498,11319.69,45.4233383982191
2026-04-12 12:25:00+00:00,40.498,40.53,40.47,40.525,8448.45,48.30603113360589
2026-04-12 12:30:00+00:00,40.525,40.53,40.436,40.447,8249.44,41.48839871626044
2026-04-12 12:35:00+00:00,40.445,40.485,40.423,40.469,4441.85,43.89363166745571
2026-04-12 12:40:00+00:00,40.469,40.504,40.466,40.503,8622.17,47.48638961404285
2026-04-12 12:45:00+00:00,40.504,40.546,40.49,40.503,7634.76,47.48638961404284
2026-04-12 12:50:00+00:00,40.498,40.517,40.319,40.383,23314.42,37.62453425602078
2026-04-12 12:55:00+00:00,40.385,40.502,40.287,40.301,69652.58,32.63669011147364
2026-04-12 13:00:00+00:00,40.304,40.447,40.235,40.411,54005.41,43.46420441585428
2026-04-12 13:05:00+00:00,40.411,40.561,40.407,40.523,42017.68,51.935333544154105
2026-04-12 13:10:00+00:00,40.522,40.522,40.42,40.448,10704.88,46.87070915120072
2026-04-12 13:15:00+00:00,40.45,40.47,40.387,40.444,4963.24,46.60964722118559
2026-04-12 13:20:00+00:00,40.456,40.483,40.366,40.392,4803.55,43.23804663073278
2026-04-12 13:25:00+00:00,40.392,40.425,40.367,40.408,9635.12,44.56676175152091
2026-04-12 13:30:00+00:00,40.408,40.416,40.322,40.413,3857.3,45.00004468839351
2026-04-12 13:35:00+00:00,40.416,40.469,40.337,40.361,10182.96,41.37773119640796
2026-04-12 13:40:00+00:00,40.36,40.361,40.302,40.304,14181.5,37.787084545095254
2026-04-12 13:45:00+00:00,40.302,40.348,40.26,40.342,11130.7,41.43573387059318
2026-04-12 13:50:00+00:00,40.341,40.349,40.263,40.278,10389.69,37.45185632841373
2026-04-12 13:55:00+00:00,40.278,40.32,40.229,40.242,15854.62,35.390626554979065
2026-04-12 14:00:00+00:00,40.242,40.273,40.19,40.201,38536.98,33.15273778804662
2026-04-12 14:05:00+00:00,40.201,40.311,40.2,40.283,13012.67,41.16573929704354
2026-04-12 14:10:00+00:00,40.275,40.36,40.235,40.277,11917.99,40.780538974448675
2026-04-12 14:15:00+00:00,40.278,40.35,40.271,40.331,14337.75,45.70478219099546
2026-04-12 14:20:00+00:00,40.331,40.696,40.305,40.645,63555.7,64.29613093681562
2026-04-12 14:25:00+00:00,40.646,40.862,40.621,40.853,69352.78,71.30533685593838
2026-04-12 14:30:00+00:00,40.853,40.861,40.63,40.697,29424.85,61.546407142219245
2026-04-12 14:35:00+00:00,40.689,40.696,40.573,40.573,9650.76,55.09207840747574
2026-04-12 14:40:00+00:00,40.572,40.588,40.453,40.495,22803.52,51.43790424600233
2026-04-12 14:45:00+00:00,40.496,40.51,40.414,40.464,9997.55,50.01793919861176
2026-04-12 14:50:00+00:00,40.464,40.535,40.436,40.447,7698.44,49.21557987053036
2026-04-12 14:55:00+00:00,40.447,40.572,40.444,40.523,6944.68,52.856524406349166
2026-04-12 15:00:00+00:00,40.521,40.61,40.516,40.6,10529.97,56.27677238763334
2026-04-12 15:05:00+00:00,40.599,40.698,40.57,40.681,10523.52,59.597429067404
2026-04-12 15:10:00+00:00,40.681,40.703,40.635,40.691,7484.08,60.00131353986591
2026-04-12 15:15:00+00:00,40.691,40.742,40.618,40.63,9470.75,56.30387503686032
2026-04-12 15:20:00+00:00,40.627,40.691,40.59,40.651,5879.33,57.27986853609965
2026-04-12 15:25:00+00:00,40.658,40.68,40.618,40.632,7948.14,56.059826652008695
2026-04-12 15:30:00+00:00,40.631,40.722,40.482,40.667,36227.06,57.84122024763466
2026-04-12 15:35:00+00:00,40.668,40.694,40.649,40.671,7789.14,58.05053564229431
2026-04-12 15:40:00+00:00,40.671,40.78,40.67,40.773,8079.43,63.08385356178519
2026-04-12 15:45:00+00:00,40.773,40.883,40.759,40.807,20820.06,64.60823480198536
2026-04-12 15:50:00+00:00,40.803,40.86,40.785,40.807,3943.91,64.60823480198536
2026-04-12 15:55:00+00:00,40.807,40.82,40.767,40.813,4716.85,64.90483146996388
2026-04-12 16:00:00+00:00,40.813,40.962,40.789,40.935,100775.07,70.34651253441432
2026-04-12 16:05:00+00:00,40.923,40.96,40.853,40.855,10584.65,63.403991693839735
2026-04-12 16:10:00+00:00,40.852,40.962,40.852,40.927,35683.07,66.59892809457406
2026-04-12 16:15:00+00:00,40.927,40.96,40.914,40.939,17477.88,67.11423957902485
2026-04-12 16:20:00+00:00,40.94,41.119,40.92,41.11,87474.02,73.40975513576862
2026-04-12 16:25:00+00:00,41.11,41.156,41.055,41.122,13202.53,73.78896308607513
2026-04-12 16:30:00+00:00,41.123,41.316,41.089,41.255,37496.52,77.60161292884993
2026-04-12 16:35:00+00:00,41.26,41.355,41.091,41.111,34942.13,66.34857343571363
2026-04-12 16:40:00+00:00,41.118,41.16,41.038,41.061,9679.34,62.93593722552924
2026-04-12 16:45:00+00:00,41.061,41.148,40.924,40.944,25345.06,55.71444784861095
2026-04-12 16:50:00+00:00,40.95,41.03,40.941,41.023,6650.98,59.12490618302984
2026-04-12 16:55:00+00:00,41.024,41.076,40.952,41.073,4314.83,61.16344497332
2026-04-12 17:00:00+00:00,41.08,41.221,41.055,41.151,9809.68,64.16583295498572
2026-04-12 17:05:00+00:00,41.165,41.194,41.095,41.112,12704.07,61.60151317780505
2026-04-12 17:10:00+00:00,41.105,41.105,41.009,41.012,6204.45,55.47916101863354
2026-04-12 17:15:00+00:00,41.012,41.048,40.981,41.005,7606.85,55.06659083348725
2026-04-12 17:20:00+00:00,41.002,41.071,40.98,41.032,2411.04,56.41299483171786
2026-04-12 17:25:00+00:00,41.037,41.112,41.008,41.05,6229.76,57.33093127192786
2026-04-12 17:30:00+00:00,41.046,41.062,40.985,41.028,4678.62,55.78459229343933
2026-04-12 17:35:00+00:00,41.04,41.09,41.004,41.09,4776.74,59.130177893866744
2026-04-12 17:40:00+00:00,41.093,41.117,41.076,41.11,5341.67,60.17695911154403
2026-04-12 17:45:00+00:00,41.11,41.11,40.982,41.032,6646.44,54.33228337209626
2026-04-12 17:50:00+00:00,41.036,41.192,41.023,41.112,4327.69,58.75677031796824
2026-04-12 17:55:00+00:00,41.113,41.185,41.094,41.153,9144.92,60.85021530008654
2026-04-12 18:00:00+00:00,41.153,41.288,41.153,41.288,16944.09,66.82187812281174
2026-04-12 18:05:00+00:00,41.288,41.3,41.176,41.237,13406.97,62.91744431518456
2026-04-12 18:10:00+00:00,41.234,41.327,41.199,41.325,13971.82,66.5493995269083
2026-04-12 18:15:00+00:00,41.325,41.343,41.247,41.247,5991.66,60.85960515863458
2026-04-12 18:20:00+00:00,41.248,41.258,41.16,41.222,6415.77,59.11506609448788
2026-04-12 18:25:00+00:00,41.217,41.217,41.125,41.135,4566.91,53.3805289695305
2026-04-12 18:30:00+00:00,41.134,41.135,40.913,40.948,88342.18,43.59206274750402
2026-04-12 18:35:00+00:00,40.948,40.99,40.912,40.988,20093.22,45.87822410774338
2026-04-12 18:40:00+00:00,40.988,40.988,40.912,40.92,10687.94,42.709226084889146
2026-04-12 18:45:00+00:00,40.919,40.966,40.912,40.966,4839.23,45.45403190647751
2026-04-12 18:50:00+00:00,40.976,40.991,40.95,40.951,5748.37,44.70193914142799
2026-04-12 18:55:00+00:00,40.957,40.982,40.912,40.965,8141.57,45.606560792409134
2026-04-12 19:00:00+00:00,40.964,40.985,40.937,40.956,7474.1,45.09582933158344
2026-04-12 19:05:00+00:00,40.942,40.994,40.915,40.941,12039.53,44.20725799648213
2026-04-12 19:10:00+00:00,40.947,40.989,40.933,40.94,4292.4,44.14480849408239
2026-04-12 19:15:00+00:00,40.94,41.0,40.939,40.997,5441.46,48.601809884696685
2026-04-12 19:20:00+00:00,40.998,41.0,40.912,40.995,8743.19,48.45570525874151
2026-04-12 19:25:00+00:00,40.992,41.012,40.954,41.001,5928.2,48.951498340153535
2026-04-12 19:30:00+00:00,41.0,41.004,40.97,41.003,909.69,49.127156892192666
2026-04-12 19:35:00+00:00,41.003,41.01,40.892,40.971,17422.91,46.377381689272234
2026-04-12 19:40:00+00:00,40.963,41.006,40.959,40.985,2496.74,47.755167296351964
2026-04-12 19:45:00+00:00,40.991,41.001,40.948,41.001,5872.21,49.356687287460055
2026-04-12 19:50:00+00:00,41.001,41.006,40.97,41.005,1186.43,49.771227133195715
2026-04-12 19:55:00+00:00,41.006,41.154,41.0,41.09,29255.77,57.695729559859785
2026-04-12 20:00:00+00:00,41.089,41.157,41.045,41.092,20783.65,57.86417787056957
2026-04-12 20:05:00+00:00,41.097,41.129,41.039,41.061,9486.31,54.257879556058576
2026-04-12 20:10:00+00:00,41.061,41.075,41.004,41.036,6699.27,51.471856581307996
2026-04-12 20:15:00+00:00,41.04,41.044,40.932,40.966,10039.46,44.5708078133743
2026-04-12 20:20:00+00:00,40.966,41.09,40.965,41.064,23258.59,53.89133593923069
2026-04-12 20:25:00+00:00,41.064,41.095,41.05,41.065,31137.38,53.976379485114585
2026-04-12 20:30:00+00:00,41.065,41.08,41.05,41.071,6535.66,54.518418209704485
2026-04-12 20:35:00+00:00,41.078,41.081,41.051,41.069,4126.44,54.28889639102569
2026-04-12 20:40:00+00:00,41.069,41.248,41.069,41.173,23447.03,63.00970168873585
2026-04-12 20:45:00+00:00,41.173,41.214,41.073,41.084,6260.75,53.587733687736986
2026-04-12 20:50:00+00:00,41.084,41.206,41.071,41.181,8197.54,60.51731902093707
2026-04-12 20:55:00+00:00,41.176,41.209,41.107,41.118,4830.85,54.7950377558314
2026-04-12 21:00:00+00:00,41.118,41.203,41.097,41.125,10018.32,55.30078277275047
2026-04-12 21:05:00+00:00,41.125,41.135,41.027,41.064,5599.96,50.046256396048896
2026-04-12 21:10:00+00:00,41.063,41.063,40.931,40.943,7746.68,41.60207572930173
2026-04-12 21:15:00+00:00,40.935,41.02,40.931,41.019,11496.55,47.584269400516476
2026-04-12 21:20:00+00:00,41.027,41.037,40.947,40.957,6167.56,43.65543138696005
2026-04-12 21:25:00+00:00,40.947,40.947,40.887,40.937,9326.96,42.4381795108333
2026-04-12 21:30:00+00:00,40.937,40.943,40.85,40.865,11358.42,38.29811807018297
2026-04-12 21:35:00+00:00,40.863,40.956,40.852,40.947,5361.18,44.891858477792496
2026-04-12 21:40:00+00:00,40.943,40.99,40.918,40.935,6435.92,44.14832632121512
2026-04-12 21:45:00+00:00,40.945,40.967,40.877,40.891,1569.4,41.43820215250725
2026-04-12 21:50:00+00:00,40.888,40.926,40.83,40.831,9052.6,38.01152277644745
2026-04-12 21:55:00+00:00,40.831,40.859,40.739,40.856,25167.3,40.229380904994215
2026-04-12 22:00:00+00:00,40.855,40.855,40.554,40.592,43144.38,28.59465309246454
2026-04-12 22:05:00+00:00,40.592,40.879,40.582,40.803,53139.67,42.826752055107605
2026-04-12 22:10:00+00:00,40.804,40.877,40.655,40.869,29197.75,46.42387812520881
2026-04-12 22:15:00+00:00,40.869,40.899,40.689,40.725,9020.77,40.44486598838035
2026-04-12 22:20:00+00:00,40.724,40.78,40.656,40.713,6043.14,39.98273619697844
2026-04-12 22:25:00+00:00,40.71,40.738,40.543,40.61,9749.01,36.16322027770179
2026-04-12 22:30:00+00:00,40.611,40.649,40.411,40.643,51018.43,38.20018899067115
2026-04-12 22:35:00+00:00,40.642,40.762,40.635,40.717,47635.36,42.62163210428339
2026-04-12 22:40:00+00:00,40.71,40.794,40.692,40.718,10598.23,42.68131173147052
2026-04-12 22:45:00+00:00,40.717,40.813,40.717,40.73,10881.52,43.44153551156848
2026-04-12 22:50:00+00:00,40.74,40.886,40.74,40.874,8582.81,51.71721153590927
2026-04-12 22:55:00+00:00,40.874,40.97,40.871,40.967,12824.71,56.17698932976676
2026-04-12 23:00:00+00:00,40.967,40.967,40.826,40.877,31360.32,51.244021058018284
2026-04-12 23:05:00+00:00,40.89,40.96,40.854,40.943,6445.54,54.40589578095783
2026-04-12 23:10:00+00:00,40.943,40.977,40.821,40.842,17738.85,49.15267058492913
2026-04-12 23:15:00+00:00,40.842,40.935,40.778,40.926,22272.06,53.199999559949426
2026-04-12 23:20:00+00:00,40.932,40.932,40.803,40.872,11615.57,50.421470019024305
2026-04-12 23:25:00+00:00,40.869,40.952,40.849,40.9,33319.78,51.8264212694582
2026-04-12 23:30:00+00:00,40.9,40.9,40.742,40.753,11863.49,44.66955045329647
2026-04-12 23:35:00+00:00,40.758,40.833,40.758,40.79,3534.53,46.66594171886835
2026-04-12 23:40:00+00:00,40.816,40.823,40.741,40.813,4172.19,47.9237995209971
2026-04-12 23:45:00+00:00,40.813,40.816,40.748,40.781,4746.09,46.28810156253239
2026-04-12 23:50:00+00:00,40.781,40.895,40.781,40.859,12237.77,50.704688577476226
2026-04-12 23:55:00+00:00,40.858,40.895,40.836,40.849,4552.24,50.135505774857606
2026-04-13 00:00:00+00:00,40.848,40.929,40.784,40.926,5809.0,54.38186369193769
2026-04-13 00:05:00+00:00,40.929,41.039,40.923,41.039,7853.6,59.793118343584155
2026-04-13 00:10:00+00:00,41.039,41.048,40.948,41.012,7007.26,58.022096749690135
2026-04-13 00:15:00+00:00,41.003,41.02,40.939,40.976,4974.81,55.65508233529196
2026-04-13 00:20:00+00:00,40.975,41.002,40.925,40.959,4346.51,54.52391815304865
2026-04-13 00:25:00+00:00,40.958,41.091,40.952,41.043,7642.35,58.96224662709526
2026-04-13 00:30:00+00:00,41.042,41.052,40.99,41.03,3376.94,58.018508051242954
2026-04-13 00:35:00+00:00,41.018,41.028,40.907,40.912,3195.33,50.16909333433701
2026-04-13 00:40:00+00:00,40.91,40.928,40.884,40.909,7074.89,49.98394271910214
2026-04-13 00:45:00+00:00,40.908,40.984,40.885,40.97,2970.36,53.72367914338292
2026-04-13 00:50:00+00:00,40.968,41.071,40.958,41.07,7141.35,59.119994641885114
2026-04-13 00:55:00+00:00,41.07,41.145,41.048,41.1,19080.26,60.6042012396931
2026-04-13 01:00:00+00:00,41.104,41.34,41.089,41.339,43187.92,69.96104805484056
2026-04-13 01:05:00+00:00,41.34,41.341,41.219,41.311,9901.93,67.92560963457818
2026-04-13 01:10:00+00:00,41.311,41.498,41.275,41.408,39193.91,71.06616234997392
2026-04-13 01:15:00+00:00,41.399,41.517,41.391,41.495,17257.36,73.56616281520235
2026-04-13 01:20:00+00:00,41.497,41.569,41.464,41.534,10432.96,74.62462782911867
2026-04-13 01:25:00+00:00,41.533,41.614,41.478,41.552,12864.0,75.11980728502395
2026-04-13 01:30:00+00:00,41.561,41.688,41.433,41.675,27980.72,78.24405486649047
2026-04-13 01:35:00+00:00,41.675,41.762,41.628,41.715,29063.89,79.16052443988461
2026-04-13 01:40:00+00:00,41.715,41.998,41.703,41.988,41747.29,84.0873739076334
2026-04-13 01:45:00+00:00,41.984,41.999,41.733,41.924,37407.76,79.35109321630432
2026-04-13 01:50:00+00:00,41.921,41.96,41.834,41.834,23020.86,73.1143682338992
2026-04-13 01:55:00+00:00,41.827,41.941,41.783,41.909,22316.82,74.88580775997598
2026-04-13 02:00:00+00:00,41.913,41.938,41.77,41.771,26126.52,66.23782782905631
2026-04-13 02:05:00+00:00,41.777,41.814,41.664,41.673,16647.1,60.862594863807026
2026-04-13 02:10:00+00:00,41.673,41.68,41.555,41.596,18089.18,56.95194357287443
2026-04-13 02:15:00+00:00,41.596,41.654,41.585,41.636,4713.14,58.4456626853404
2026-04-13 02:20:00+00:00,41.633,41.734,41.623,41.734,12455.28,61.93094714028882
2026-04-13 02:25:00+00:00,41.734,41.868,41.734,41.841,18021.56,65.34829266067365
2026-04-13 02:30:00+00:00,41.843,41.899,41.776,41.785,7105.89,62.201234587088805
2026-04-13 02:35:00+00:00,41.785,41.808,41.662,41.678,16369.55,56.59314696904341
2026-04-13 02:40:00+00:00,41.678,41.758,41.678,41.709,1331.59,57.78079681686221
2026-04-13 02:45:00+00:00,41.708,41.8,41.696,41.739,4516.18,58.95130306436692
2026-04-13 02:50:00+00:00,41.732,41.75,41.698,41.727,3692.59,58.255564948739924
2026-04-13 02:55:00+00:00,41.728,41.742,41.616,41.64,15443.81,53.34046996332165
2026-04-13 03:00:00+00:00,41.64,41.719,41.606,41.719,7126.2,56.89675820253762
2026-04-13 03:05:00+00:00,41.699,41.708,41.605,41.637,8351.98,52.42985354980222
2026-04-13 03:10:00+00:00,41.636,41.737,41.62,41.729,3017.08,56.551342851041746
2026-04-13 03:15:00+00:00,41.735,41.798,41.692,41.774,14388.31,58.447716673667436
2026-04-13 03:20:00+00:00,41.773,41.814,41.731,41.733,10260.04,56.04745009223448
2026-04-13 03:25:00+00:00,41.73,41.73,41.668,41.676,5825.05,52.80099275955884
2026-04-13 03:30:00+00:00,41.672,41.704,41.646,41.654,6406.47,51.55963717716736
2026-04-13 03:35:00+00:00,41.664,41.714,41.616,41.689,10675.3,53.435242704833314
2026-04-13 03:40:00+00:00,41.689,41.71,41.648,41.688,1998.27,53.371656714510884
2026-04-13 03:45:00+00:00,41.687,41.692,41.539,41.567,7815.96,46.20677014374232
2026-04-13 03:50:00+00:00,41.567,41.592,41.548,41.572,4097.17,46.52622449004438
2026-04-13 03:55:00+00:00,41.567,41.584,41.551,41.553,2964.18,45.422351581915834
2026-04-13 04:00:00+00:00,41.55,41.616,41.548,41.565,7347.92,46.28910582023915
2026-04-13 04:05:00+00:00,41.578,41.583,41.5,41.543,8974.56,44.88183438755444
2026-04-13 04:10:00+00:00,41.544,41.61,41.519,41.608,4021.82,49.74331214009499
2026-04-13 04:15:00+00:00,41.608,41.623,41.501,41.559,4877.14,46.419464700730295
2026-04-13 04:20:00+00:00,41.558,41.567,41.489,41.513,9722.65,43.48206542836298
2026-04-13 04:25:00+00:00,41.516,41.55,41.495,41.502,2414.81,42.78484144338793
2026-04-13 04:30:00+00:00,41.502,41.56,41.501,41.521,3601.09,44.44196403186427
2026-04-13 04:35:00+00:00,41.528,41.576,41.524,41.576,1295.21,49.04285936757401
2026-04-13 04:40:00+00:00,41.574,41.691,41.569,41.652,19831.12,54.6335544803189
2026-04-13 04:45:00+00:00,41.65,41.65,41.55,41.563,1389.22,47.993061649727046
2026-04-13 04:50:00+00:00,41.563,41.563,41.354,41.423,35933.27,39.79842888834066
2026-04-13 04:55:00+00:00,41.425,41.454,41.276,41.307,18593.25,34.536510249881346
2026-04-13 05:00:00+00:00,41.306,41.334,41.256,41.268,7631.19,32.958752690918274
2026-04-13 05:05:00+00:00,41.268,41.288,41.201,41.207,8752.63,30.6037753431485
2026-04-13 05:10:00+00:00,41.209,41.213,41.159,41.186,10034.49,29.81398797835395
2026-04-13 05:15:00+00:00,41.189,41.21,41.152,41.164,4160.48,28.970499359841924
2026-04-13 05:20:00+00:00,41.163,41.205,41.12,41.148,4634.4,28.342471572379836
2026-04-13 05:25:00+00:00,41.136,41.186,41.058,41.145,9691.72,28.218948053777694
2026-04-13 05:30:00+00:00,41.142,41.149,41.063,41.102,11644.05,26.440222577265544
2026-04-13 05:35:00+00:00,41.124,41.13,41.041,41.077,6912.24,25.436348792012055
2026-04-13 05:40:00+00:00,41.077,41.192,41.05,41.159,9798.99,34.25380223919559
2026-04-13 05:45:00+00:00,41.172,41.227,41.126,41.185,7007.57,36.805557817390614
2026-04-13 05:50:00+00:00,41.182,41.199,41.15,41.198,3744.66,38.09921520791134
2026-04-13 05:55:00+00:00,41.182,41.22,41.127,41.16,3093.99,35.79268276230802
2026-04-13 06:00:00+00:00,41.167,41.359,41.151,41.344,13096.78,51.198793281383
2026-04-13 06:05:00+00:00,41.344,41.376,41.287,41.376,12467.87,53.297563357200126
2026-04-13 06:10:00+00:00,41.357,41.523,41.352,41.516,19444.56,61.16631211484563
2026-04-13 06:15:00+00:00,41.516,41.683,41.415,41.63,29416.93,66.16537906620351
2026-04-13 06:20:00+00:00,41.627,41.675,41.604,41.64,7110.57,66.57188976038755
2026-04-13 06:25:00+00:00,41.64,41.67,41.589,41.646,2821.1,66.82940318780783
2026-04-13 06:30:00+00:00,41.651,41.666,41.586,41.631,5870.65,65.47151155200689
2026-04-13 06:35:00+00:00,41.634,41.677,41.571,41.67,5160.5,67.33018152617109
2026-04-13 06:40:00+00:00,41.666,41.667,41.568,41.604,3528.91,61.31491520178794
2026-04-13 06:45:00+00:00,41.611,41.654,41.548,41.548,9428.16,56.68727652480104
2026-04-13 06:50:00+00:00,41.56,41.573,41.451,41.485,13703.52,51.93811741517376
2026-04-13 06:55:00+00:00,41.486,41.533,41.483,41.506,1720.95,53.34134079109937
2026-04-13 07:00:00+00:00,41.507,41.543,41.441,41.48,7479.51,51.34266134675722
2026-04-13 07:05:00+00:00,41.478,41.478,41.344,41.344,10114.7,42.394411992235355
2026-04-13 07:10:00+00:00,41.349,41.367,41.233,41.321,18178.01,41.09013195222447
2026-04-13 07:15:00+00:00,41.32,41.329,41.234,41.258,6835.99,37.6713542562986
2026-04-13 07:20:00+00:00,41.254,41.256,41.104,41.153,20116.07,32.77660228053405
2026-04-13 07:25:00+00:00,41.153,41.166,41.082,41.113,4551.0,31.117839545872428
2026-04-13 07:30:00+00:00,41.115,41.156,41.09,41.156,7890.09,34.93019172667695
2026-04-13 07:35:00+00:00,41.148,41.2,41.114,41.177,5482.28,36.77070978346912
2026-04-13 07:40:00+00:00,41.171,41.211,41.159,41.191,4133.77,38.02917511718304
2026-04-13 07:45:00+00:00,41.191,41.218,41.175,41.187,3296.58,37.797699655547646
2026-04-13 07:50:00+00:00,41.187,41.216,41.152,41.211,1793.55,40.15153981631185
2026-04-13 07:55:00+00:00,41.21,41.275,41.21,41.251,4380.3,43.95796955062379
2026-04-13 08:00:00+00:00,41.25,41.342,41.194,41.338,8059.81,51.224258459945936
2026-04-13 08:05:00+00:00,41.343,41.4,41.322,41.325,11033.15,50.17733442725801
2026-04-13 08:10:00+00:00,41.329,41.329,41.204,41.226,10218.49,42.97416738833284
2026-04-13 08:15:00+00:00,41.233,41.25,41.172,41.173,7076.34,39.689321965171004
2026-04-13 08:20:00+00:00,41.18,41.25,41.174,41.181,3866.81,40.42950222121822
2026-04-13 08:25:00+00:00,41.196,41.254,41.176,41.208,1492.41,42.97328543712185
2026-04-13 08:30:00+00:00,41.208,41.219,41.151,41.176,4167.98,40.75217303295107
2026-04-13 08:35:00+00:00,41.177,41.198,41.104,41.144,8233.57,38.60343901890989
2026-04-13 08:40:00+00:00,41.145,41.177,41.14,41.158,1680.96,40.09170845322498
2026-04-13 08:45:00+00:00,41.158,41.258,41.139,41.24,5532.87,48.03687932745385
2026-04-13 08:50:00+00:00,41.24,41.292,41.22,41.274,6671.46,50.942073999719575
2026-04-13 08:55:00+00:00,41.275,41.39,41.275,41.339,9060.85,56.00605475969907
2026-04-13 09:00:00+00:00,41.348,41.664,41.348,41.658,35386.4,71.53532627003841
2026-04-13 09:05:00+00:00,41.654,41.674,41.541,41.566,31546.68,64.46757385961044
2026-04-13 09:10:00+00:00,41.578,41.637,41.561,41.616,4362.02,66.40997089098771
2026-04-13 09:15:00+00:00,41.616,41.654,41.528,41.562,13614.42,62.44002445591534
2026-04-13 09:20:00+00:00,41.557,41.6,41.531,41.541,5200.3,60.91496911421361
2026-04-13 09:25:00+00:00,41.542,41.572,41.514,41.529,2042.12,60.01295325567207
2026-04-13 09:30:00+00:00,41.529,41.581,41.512,41.581,4077.62,62.59757328936569
2026-04-13 09:35:00+00:00,41.582,41.613,41.52,41.565,4994.26,61.28497240306871
2026-04-13 09:40:00+00:00,41.565,41.57,41.52,41.531,1853.51,58.47878201788024
2026-04-13 09:45:00+00:00,41.532,41.574,41.53,41.565,924.01,60.43003460222723
2026-04-13 09:50:00+00:00,41.554,41.706,41.534,41.663,24034.19,65.46741085306687
2026-04-13 09:55:00+00:00,41.665,41.807,41.616,41.633,25652.04,62.830537000255916
2026-04-13 10:00:00+00:00,41.633,41.647,41.548,41.59,6024.54,59.15287406288768
2026-04-13 10:05:00+00:00,41.593,41.638,41.516,41.523,5115.47,53.862585312853746
2026-04-13 10:10:00+00:00,41.532,41.542,41.489,41.533,19872.22,54.51642013455435
2026-04-13 10:15:00+00:00,41.533,41.602,41.499,41.587,6030.85,57.97944064391651
2026-04-13 10:20:00+00:00,41.588,41.627,41.493,41.502,9249.69,51.35170549034525
2026-04-13 10:25:00+00:00,41.507,41.531,41.436,41.436,7869.51,46.871389493839864
2026-04-13 10:30:00+00:00,41.436,41.507,41.431,41.437,1662.36,46.94691700056959
2026-04-13 10:35:00+00:00,41.44,41.602,41.428,41.602,10742.82,57.64586613901101
2026-04-13 10:40:00+00:00,41.603,41.672,41.582,41.61,11136.55,58.08720065159466
2026-04-13 10:45:00+00:00,41.611,41.648,41.566,41.578,5952.05,55.59187031666455
2026-04-13 10:50:00+00:00,41.579,41.625,41.523,41.528,9984.54,51.84427156964158
2026-04-13 10:55:00+00:00,41.528,41.6,41.518,41.569,1430.66,54.54994130424246
2026-04-13 11:00:00+00:00,41.57,41.651,41.546,41.582,5576.58,55.40550482299502
2026-04-13 11:05:00+00:00,41.582,41.709,41.578,41.695,7833.89,62.08637319115679
2026-04-13 11:10:00+00:00,41.696,41.751,41.653,41.655,7920.88,58.73213658410333
2026-04-13 11:15:00+00:00,41.661,41.719,41.652,41.714,2349.88,61.99372678086959
2026-04-13 11:20:00+00:00,41.717,41.863,41.713,41.8,20028.83,66.18853852149651
2026-04-13 11:25:00+00:00,41.802,41.805,41.739,41.754,1553.99,62.23200331815475
2026-04-13 11:30:00+00:00,41.754,41.774,41.687,41.689,3887.77,57.04310009670749
2026-04-13 11:35:00+00:00,41.689,41.803,41.689,41.742,4396.5,59.973686799749174
2026-04-13 11:40:00+00:00,41.734,41.78,41.731,41.756,3204.51,60.73568942683517
2026-04-13 11:45:00+00:00,41.756,41.82,41.75,41.813,9522.28,63.760669694627424
2026-04-13 11:50:00+00:00,41.821,41.87,41.813,41.834,13821.06,64.83554379379673
2026-04-13 11:55:00+00:00,41.828,41.86,41.777,41.835,12848.43,64.88894937530029
2026-04-13 12:00:00+00:00,41.835,41.887,41.792,41.81,17505.65,62.33992657040837
2026-04-13 12:05:00+00:00,41.797,41.88,41.786,41.857,13747.3,65.11446591239752
2026-04-13 12:10:00+00:00,41.854,41.88,41.76,41.769,9024.06,56.69264601426334
2026-04-13 12:15:00+00:00,41.767,41.815,41.726,41.726,8449.14,53.07996542900496
2026-04-13 12:20:00+00:00,41.727,41.727,41.642,41.656,6391.6,47.745956882516865
2026-04-13 12:25:00+00:00,41.643,41.654,41.555,41.555,8106.26,41.29751214180203
2026-04-13 12:30:00+00:00,41.554,41.665,41.528,41.638,12033.51,47.56483956578152
2026-04-13 12:35:00+00:00,41.624,41.639,41.597,41.601,2940.12,45.24577813309842
2026-04-13 12:40:00+00:00,41.6,41.7,41.567,41.7,4610.71,51.990602249041345
2026-04-13 12:45:00+00:00,41.7,41.814,41.7,41.734,12671.85,54.08258847791362
2026-04-13 12:50:00+00:00,41.734,41.9,41.73,41.9,23576.6,62.64177757274444
2026-04-13 12:55:00+00:00,41.9,41.92,41.81,41.872,18064.74,60.59018038317355
2026-04-13 13:00:00+00:00,41.894,42.08,41.891,42.066,33636.51,68.32962232602077
2026-04-13 13:05:00+00:00,42.07,42.15,41.996,42.132,40324.29,70.4553651216346
2026-04-13 13:10:00+00:00,42.132,42.15,42.077,42.142,26396.75,70.77543607309158
2026-04-13 13:15:00+00:00,42.15,42.15,42.004,42.129,25019.42,69.7180324563793
2026-04-13 13:20:00+00:00,42.127,42.176,42.083,42.176,11864.69,71.3826948231883
2026-04-13 13:25:00+00:00,42.177,42.416,42.169,42.368,53486.86,76.95574339947895
2026-04-13 13:30:00+00:00,42.369,42.376,42.187,42.195,43176.42,64.72469549015665
2026-04-13 13:35:00+00:00,42.191,42.315,41.994,42.007,68936.8,54.57382172821942
2026-04-13 13:40:00+00:00,42.006,42.288,42.006,42.158,24838.67,60.00003438845751
2026-04-13 13:45:00+00:00,42.169,42.5,42.09,42.496,26939.68,68.94288787654828
2026-04-13 13:50:00+00:00,42.492,42.5,42.33,42.48,50464.17,68.16597536269397
2026-04-13 13:55:00+00:00,42.486,42.705,42.476,42.703,57174.38,72.77147112399538
2026-04-13 14:00:00+00:00,42.705,42.883,42.334,42.335,87735.11,57.88808740380207
2026-04-13 14:05:00+00:00,42.343,42.548,42.33,42.399,32964.09,59.4416806113148
2026-04-13 14:10:00+00:00,42.397,42.508,42.372,42.449,9680.59,60.66267013840063
2026-04-13 14:15:00+00:00,42.454,42.525,42.314,42.382,17944.71,58.13701416965585
2026-04-13 14:20:00+00:00,42.386,42.444,42.22,42.368,15993.52,57.597387540980556
2026-04-13 14:25:00+00:00,42.368,42.439,42.351,42.39,5939.74,58.25314574609573
2026-04-13 14:30:00+00:00,42.399,42.5,42.399,42.475,21112.54,60.77704686411389
2026-04-13 14:35:00+00:00,42.452,42.628,42.448,42.609,27555.44,64.42816134222637
2026-04-13 14:40:00+00:00,42.611,42.738,42.541,42.683,43634.58,66.29412170522968
2026-04-13 14:45:00+00:00,42.683,42.87,42.656,42.731,64092.22,67.48554683397822
2026-04-13 14:50:00+00:00,42.728,42.77,42.595,42.652,15155.26,63.506751991494745
2026-04-13 14:55:00+00:00,42.653,42.787,42.592,42.701,22150.52,64.88946452686304
2026-04-13 15:00:00+00:00,42.699,42.725,42.39,42.417,27681.15,52.47844907116082
2026-04-13 15:05:00+00:00,42.426,42.556,42.37,42.444,16515.92,53.391156448767276
2026-04-13 15:10:00+00:00,42.445,42.453,42.258,42.28,22135.22,47.432092980472184
2026-04-13 15:15:00+00:00,42.278,42.321,42.175,42.237,23197.13,45.9829384635303
2026-04-13 15:20:00+00:00,42.239,42.454,42.231,42.31,42475.03,48.84057598942995
2026-04-13 15:25:00+00:00,42.306,42.399,42.238,42.311,23860.35,48.88047157528915
2026-04-13 15:30:00+00:00,42.31,42.31,42.111,42.15,35993.44,43.058516816567234
2026-04-13 15:35:00+00:00,42.146,42.183,41.965,42.089,43738.21,41.062923908625464
2026-04-13 15:40:00+00:00,42.089,42.208,42.059,42.206,16001.5,46.21210476674913
2026-04-13 15:45:00+00:00,42.205,42.365,42.172,42.235,26688.34,47.43790319730076
2026-04-13 15:50:00+00:00,42.221,42.347,42.213,42.284,13389.34,49.530780946846896
2026-04-13 15:55:00+00:00,42.28,42.456,42.28,42.456,11874.01,56.13347879711199
2026-04-13 16:00:00+00:00,42.447,42.544,42.276,42.317,25463.64,50.39551547788851
2026-04-13 16:05:00+00:00,42.317,42.546,42.194,42.539,35825.58,57.8127191039146
2026-04-13 16:10:00+00:00,42.539,42.707,42.492,42.595,43213.06,59.45947186053186
2026-04-13 16:15:00+00:00,42.593,42.664,42.431,42.637,20466.6,60.69855744008046
2026-04-13 16:20:00+00:00,42.634,42.843,42.602,42.802,102761.25,65.19870397328873
2026-04-13 16:25:00+00:00,42.807,42.982,42.777,42.96,87318.67,68.87405281761158
2026-04-13 16:30:00+00:00,42.961,43.0,42.854,42.95,48917.32,68.38181906001097
2026-04-13 16:35:00+00:00,42.95,42.982,42.801,42.945,34767.46,68.11967320285665
2026-04-13 16:40:00+00:00,42.935,42.989,42.869,42.903,11960.33,65.83652949549494
2026-04-13 16:45:00+00:00,42.915,43.046,42.906,42.977,40770.28,67.87927005024625
2026-04-13 16:50:00+00:00,42.98,43.145,42.779,42.964,96331.6,67.11999442758587
2026-04-13 16:55:00+00:00,42.961,43.201,42.961,43.166,110459.56,72.30406620556519
2026-04-13 17:00:00+00:00,43.157,43.204,42.954,43.158,42479.55,71.82110250323865
2026-04-13 17:05:00+00:00,43.155,43.183,43.037,43.183,27046.84,72.44062326753699
2026-04-13 17:10:00+00:00,43.185,43.553,43.185,43.363,131595.65,76.45444422085872
2026-04-13 17:15:00+00:00,43.362,43.522,43.325,43.498,25538.48,78.93268622997145
2026-04-13 17:20:00+00:00,43.498,43.498,43.17,43.235,39965.21,64.65538469734818
2026-04-13 17:25:00+00:00,43.234,43.514,43.221,43.459,46345.3,69.68489079614021
2026-04-13 17:30:00+00:00,43.463,43.593,43.375,43.493,46502.12,70.3740040784825
2026-04-13 17:35:00+00:00,43.506,43.6,43.493,43.593,25037.85,72.36383009193756
2026-04-13 17:40:00+00:00,43.599,43.602,43.471,43.491,16288.1,67.39179671087828
2026-04-13 17:45:00+00:00,43.492,43.558,43.332,43.336,53194.56,60.58005229829827
2026-04-13 17:50:00+00:00,43.348,43.359,43.113,43.242,57788.29,56.82860262171584
2026-04-13 17:55:00+00:00,43.243,43.297,43.194,43.265,22341.87,57.52174242839284
2026-04-13 18:00:00+00:00,43.269,43.389,43.215,43.338,20349.05,59.73162186298976
2026-04-13 18:05:00+00:00,43.337,43.396,43.277,43.284,10571.54,57.354639161146864
2026-04-13 18:10:00+00:00,43.282,43.544,43.212,43.527,13170.43,64.24917428150675
2026-04-13 18:15:00+00:00,43.527,43.553,43.405,43.511,15329.8,63.52097749220132
2026-04-13 18:20:00+00:00,43.519,43.7,43.431,43.505,61687.84,63.23155583348897
2026-04-13 18:25:00+00:00,43.491,43.535,43.393,43.491,17145.97,62.51579963972266
2026-04-13 18:30:00+00:00,43.491,43.667,43.491,43.647,31004.31,66.99855873280694
2026-04-13 18:35:00+00:00,43.643,43.707,43.57,43.651,54554.32,67.10718086486035
2026-04-13 18:40:00+00:00,43.642,43.704,43.572,43.652,48978.27,67.13630322194392
2026-04-13 18:45:00+00:00,43.647,43.715,43.633,43.684,24832.91,68.10932769216672
2026-04-13 18:50:00+00:00,43.684,43.72,43.645,43.717,19416.3,69.12456841442027
2026-04-13 18:55:00+00:00,43.718,43.875,43.67,43.808,67328.39,71.79141925749602
2026-04-13 19:00:00+00:00,43.817,43.856,43.684,43.703,37785.29,64.83294494054698
2026-04-13 19:05:00+00:00,43.709,43.791,43.662,43.711,37074.54,65.11041914377086
2026-04-13 19:10:00+00:00,43.711,43.727,43.554,43.66,50694.8,61.76468290615004
2026-04-13 19:15:00+00:00,43.673,43.999,43.673,43.798,70366.12,66.74434933942614
2026-04-13 19:20:00+00:00,43.798,43.948,43.788,43.822,103264.17,67.53621506763983
2026-04-13 19:25:00+00:00,43.809,43.833,43.723,43.768,34057.63,63.852137709777125
2026-04-13 19:30:00+00:00,43.767,43.948,43.711,43.908,39840.82,68.6299224080224
2026-04-13 19:35:00+00:00,43.908,43.921,43.598,43.833,27874.17,63.767410806200566
2026-04-13 19:40:00+00:00,43.82,43.82,43.579,43.707,39254.28,56.52206485817495
2026-04-13 19:45:00+00:00,43.704,43.82,43.59,43.596,39720.11,51.02214715030017
2026-04-13 19:50:00+00:00,43.617,43.782,43.617,43.706,24309.29,55.62984034357967
2026-04-13 19:55:00+00:00,43.711,43.764,43.625,43.641,36056.79,52.487555755727335
2026-04-13 20:00:00+00:00,43.624,43.635,43.403,43.445,56990.65,44.352141153409256
2026-04-13 20:05:00+00:00,43.444,43.633,43.335,43.517,50440.09,47.56719005388947
2026-04-13 20:10:00+00:00,43.517,43.517,43.229,43.394,76038.02,42.99699698822317
2026-04-13 20:15:00+00:00,43.394,43.466,43.26,43.311,21277.57,40.190841003481054
2026-04-13 20:20:00+00:00,43.306,43.327,43.154,43.188,46749.76,36.399595219275135
2026-04-13 20:25:00+00:00,43.19,43.423,43.153,43.395,23707.92,45.6854328713651
2026-04-13 20:30:00+00:00,43.399,43.421,43.314,43.418,9343.84,46.61803823863717
2026-04-13 20:35:00+00:00,43.419,43.656,43.341,43.392,96385.58,45.663526591352486
2026-04-13 20:40:00+00:00,43.391,43.51,43.391,43.477,19260.51,49.31710877602797
2026-04-13 20:45:00+00:00,43.484,43.602,43.469,43.503,15568.84,50.415389706011524
2026-04-13 20:50:00+00:00,43.503,43.537,43.421,43.474,8066.16,49.13640665856482
2026-04-13 20:55:00+00:00,43.482,43.504,43.429,43.437,2982.12,47.48134903666802
2026-04-13 21:00:00+00:00,43.445,43.457,43.346,43.404,8017.44,45.993353260343504
2026-04-13 21:05:00+00:00,43.409,43.563,43.351,43.549,16106.76,52.96784092744354
2026-04-13 21:10:00+00:00,43.552,43.741,43.552,43.635,19627.9,56.55171597097381
2026-04-13 21:15:00+00:00,43.635,43.722,43.487,43.545,48486.58,52.07920864200241
2026-04-13 21:20:00+00:00,43.546,43.571,43.473,43.561,5128.12,52.79397623020821
2026-04-13 21:25:00+00:00,43.558,43.683,43.55,43.618,9656.53,55.34909277023859
2026-04-13 21:30:00+00:00,43.618,43.713,43.515,43.697,15017.86,58.68673463439117
2026-04-13 21:35:00+00:00,43.694,43.731,43.634,43.635,7457.36,55.19940406026612
2026-04-13 21:40:00+00:00,43.635,43.746,43.578,43.675,15353.54,56.97571825239174
2026-04-13 21:45:00+00:00,43.68,43.82,43.63,43.811,14248.67,62.430035334222424
2026-04-13 21:50:00+00:00,43.81,43.839,43.572,43.592,20546.05,51.17866125895166
2026-04-13 21:55:00+00:00,43.59,43.599,43.466,43.502,34990.87,47.39810230201268
2026-04-13 22:00:00+00:00,43.502,43.633,43.49,43.587,10240.26,51.07403533388364
2026-04-13 22:05:00+00:00,43.592,43.831,43.579,43.685,53595.67,54.98029125388413
2026-04-13 22:10:00+00:00,43.684,43.989,43.672,43.818,48928.77,59.68466499490002
2026-04-13 22:15:00+00:00,43.817,44.134,43.762,43.899,96187.46,62.270485718335635
2026-04-13 22:20:00+00:00,43.899,44.384,43.872,44.336,173236.3,72.51351553793396
2026-04-13 22:25:00+00:00,44.336,44.396,43.95,44.06,130659.35,61.21069434611526
2026-04-13 22:30:00+00:00,44.06,44.198,44.032,44.108,36067.08,62.31096554951159
2026-04-13 22:35:00+00:00,44.107,44.15,44.026,44.129,22853.46,62.80801527306516
2026-04-13 22:40:00+00:00,44.138,44.392,44.122,44.339,69298.68,67.43334466503258
2026-04-13 22:45:00+00:00,44.344,44.477,44.262,44.325,46929.92,66.83658292173584
2026-04-13 22:50:00+00:00,44.316,44.481,44.232,44.436,32838.53,69.16644144349506
2026-04-13 22:55:00+00:00,44.448,44.611,44.389,44.483,49089.9,70.1235449450221
2026-04-13 23:00:00+00:00,44.485,44.501,44.307,44.454,41572.09,68.70639040988326
2026-04-13 23:05:00+00:00,44.453,44.532,44.345,44.483,43421.43,69.3729563357245
2026-04-13 23:10:00+00:00,44.483,44.496,44.222,44.256,61745.07,58.81276907538878
2026-04-13 23:15:00+00:00,44.267,44.617,44.25,44.372,110918.15,61.996401732953636
2026-04-13 23:20:00+00:00,44.386,44.5,44.32,44.369,24887.95,61.86322117352118
2026-04-13 23:25:00+00:00,44.365,44.533,44.297,44.422,55459.76,63.36070041961402
2026-04-13 23:30:00+00:00,44.422,44.442,44.258,44.258,33445.26,56.02933399952065
2026-04-13 23:35:00+00:00,44.258,44.279,44.201,44.207,22995.42,53.93917063014601
2026-04-13 23:40:00+00:00,44.204,44.366,44.201,44.318,24217.61,57.642815546388235
2026-04-13 23:45:00+00:00,44.315,44.368,44.279,44.291,10277.73,56.45372303028467
2026-04-13 23:50:00+00:00,44.291,44.352,44.274,44.312,9181.16,57.19336536357349
2026-04-13 23:55:00+00:00,44.311,44.363,44.306,44.339,4624.41,58.17695851230361
2026-04-14 00:00:00+00:00,44.326,44.438,44.227,44.227,51431.12,52.761214424654696
2026-04-14 00:05:00+00:00,44.23,44.318,44.134,44.318,28694.23,56.31921193416191
2026-04-14 00:10:00+00:00,44.318,44.539,44.262,44.539,25267.57,63.507785192483354
2026-04-14 00:15:00+00:00,44.538,44.719,44.534,44.669,59588.89,66.9530268334792
2026-04-14 00:20:00+00:00,44.669,44.768,44.458,44.575,91763.71,62.367915566020166
2026-04-14 00:25:00+00:00,44.565,44.734,44.445,44.721,57632.86,66.23557885188193
2026-04-14 00:30:00+00:00,44.722,44.784,44.691,44.761,31152.29,67.22930752432724
2026-04-14 00:35:00+00:00,44.761,44.854,44.666,44.73,49530.06,65.61749493164616
2026-04-14 00:40:00+00:00,44.729,44.73,44.533,44.617,17009.25,59.97314223633812
2026-04-14 00:45:00+00:00,44.617,44.647,44.511,44.605,18887.97,59.38890757417757
2026-04-14 00:50:00+00:00,44.601,44.685,44.46,44.622,26204.02,59.98363843256513
2026-04-14 00:55:00+00:00,44.638,44.746,44.624,44.7,12322.42,62.683880163327544
2026-04-14 01:00:00+00:00,44.707,44.75,44.463,44.628,31589.48,58.74342077079647
2026-04-14 01:05:00+00:00,44.62,44.68,44.547,44.567,13092.35,55.556939847454856
2026-04-14 01:10:00+00:00,44.558,44.657,44.537,44.644,9439.81,58.60906868161451
2026-04-14 01:15:00+00:00,44.649,44.706,44.596,44.679,11593.85,59.95525880711549
2026-04-14 01:20:00+00:00,44.667,44.788,44.61,44.733,17190.7,62.0083119524244
2026-04-14 01:25:00+00:00,44.73,44.736,44.621,44.645,3537.01,56.88959475158255
2026-04-14 01:30:00+00:00,44.645,44.655,44.507,44.561,11830.75,52.43967181568092
2026-04-14 01:35:00+00:00,44.561,44.735,44.555,44.723,17977.62,59.086397863274634
2026-04-14 01:40:00+00:00,44.735,44.845,44.676,44.676,27578.49,56.61434938121711
2026-04-14 01:45:00+00:00,44.676,44.687,44.5,44.658,60381.33,55.65400886296533
2026-04-14 01:50:00+00:00,44.659,44.821,44.632,44.801,24238.58,61.27415773809614
2026-04-14 01:55:00+00:00,44.801,44.94,44.798,44.849,62630.19,62.970566120786074
2026-04-14 02:00:00+00:00,44.849,44.913,44.704,44.767,45745.74,58.274187893376855
2026-04-14 02:05:00+00:00,44.764,44.88,44.739,44.866,11752.88,61.962622286490394
2026-04-14 02:10:00+00:00,44.866,45.0,44.865,44.916,81031.69,63.70753315126995
2026-04-14 02:15:00+00:00,44.908,44.973,44.81,44.826,21605.91,58.50502207307763
2026-04-14 02:20:00+00:00,44.826,44.901,44.796,44.901,18001.38,61.33840595134891
2026-04-14 02:25:00+00:00,44.886,44.968,44.879,44.938,12261.84,62.69184528474048
2026-04-14 02:30:00+00:00,44.933,44.967,44.662,44.683,63555.05,49.76231487308065
2026-04-14 02:35:00+00:00,44.661,44.718,44.535,44.702,58507.46,50.58016012496121
2026-04-14 02:40:00+00:00,44.697,44.808,44.696,44.786,9529.05,54.13510058213076
2026-04-14 02:45:00+00:00,44.778,44.785,44.693,44.74,4191.5,51.93202457870905
2026-04-14 02:50:00+00:00,44.737,44.737,44.646,44.654,4152.85,47.99915598577808
2026-04-14 02:55:00+00:00,44.651,44.81,44.636,44.726,9723.41,51.32282863862568
2026-04-14 03:00:00+00:00,44.717,44.736,44.632,44.663,4988.07,48.40733713292264
2026-04-14 03:05:00+00:00,44.663,44.78,44.658,44.78,6787.8,53.67095703868204
2026-04-14 03:10:00+00:00,44.765,44.802,44.507,44.548,21105.07,44.06978384850088
2026-04-14 03:15:00+00:00,44.549,44.569,44.343,44.529,38467.62,43.38527724721789
2026-04-14 03:20:00+00:00,44.52,44.52,44.392,44.495,20420.84,42.12437846344204
2026-04-14 03:25:00+00:00,44.494,44.52,44.378,44.396,11573.54,38.606066358865036
2026-04-14 03:30:00+00:00,44.394,44.547,44.364,44.52,20164.82,44.822406704996055
2026-04-14 03:35:00+00:00,44.522,44.624,44.466,44.623,8833.01,49.405056423216294
2026-04-14 03:40:00+00:00,44.624,44.747,44.623,44.712,15417.25,53.03473486925728
2026-04-14 03:45:00+00:00,44.72,44.761,44.682,44.728,3037.02,53.67810663556668
2026-04-14 03:50:00+00:00,44.727,44.783,44.718,44.782,5386.1,55.875093588644766
2026-04-14 03:55:00+00:00,44.782,44.805,44.662,44.683,12288.71,51.0908788275628
2026-04-14 04:00:00+00:00,44.682,44.777,44.637,44.748,9148.03,53.88289109392522
2026-04-14 04:05:00+00:00,44.757,44.815,44.74,44.787,5387.61,55.523459689983255
2026-04-14 04:10:00+00:00,44.795,44.806,44.75,44.762,7273.7,54.192599634536336
2026-04-14 04:15:00+00:00,44.757,44.838,44.754,44.838,5422.58,57.525642905524705
2026-04-14 04:20:00+00:00,44.839,44.87,44.79,44.793,9048.0,54.974974808764
2026-04-14 04:25:00+00:00,44.794,44.85,44.602,44.616,13873.96,46.28231002470217
2026-04-14 04:30:00+00:00,44.614,44.618,44.5,44.51,22861.42,41.999316675633786
2026-04-14 04:35:00+00:00,44.509,44.65,44.447,44.643,44375.82,48.44585304381018
2026-04-14 04:40:00+00:00,44.632,44.655,44.536,44.639,8225.75,48.2720800139754
2026-04-14 04:45:00+00:00,44.635,44.778,44.619,44.774,12247.72,54.23814338945992
2026-04-14 04:50:00+00:00,44.771,44.895,44.733,44.881,16514.94,58.33945258467542
2026-04-14 04:55:00+00:00,44.88,45.0,44.879,44.966,38284.72,61.30619693572095
2026-04-14 05:00:00+00:00,44.955,44.965,44.84,44.877,12559.29,56.74927844839815
2026-04-14 05:05:00+00:00,44.89,44.917,44.77,44.815,15775.56,53.75186410955285
2026-04-14 05:10:00+00:00,44.813,44.863,44.74,44.831,32599.69,54.420923900890585
2026-04-14 05:15:00+00:00,44.831,44.846,44.762,44.828,10193.64,54.26241422932438
2026-04-14 05:20:00+00:00,44.829,44.947,44.829,44.922,6352.21,58.35539655084636
2026-04-14 05:25:00+00:00,44.922,44.933,44.864,44.878,6547.99,55.83658882550564
2026-04-14 05:30:00+00:00,44.868,44.988,44.858,44.983,11534.34,60.24632475836739
2026-04-14 05:35:00+00:00,44.972,45.0,44.951,44.984,36377.06,60.286995126737516
2026-04-14 05:40:00+00:00,44.987,45.0,44.939,44.95,6033.55,58.11020369799039
2026-04-14 05:45:00+00:00,44.951,44.991,44.77,44.783,24000.88,48.7914264002803
2026-04-14 05:50:00+00:00,44.795,44.809,44.418,44.571,137106.57,40.0180538317055
2026-04-14 05:55:00+00:00,44.573,44.912,44.486,44.807,138090.26,50.655203004418
2026-04-14 06:00:00+00:00,44.807,44.854,44.73,44.74,31762.86,48.04997722918291
2026-04-14 06:05:00+00:00,44.761,44.771,44.685,44.757,8750.05,48.76993171649909
2026-04-14 06:10:00+00:00,44.756,44.777,44.66,44.736,12732.18,47.88707012428482
2026-04-14 06:15:00+00:00,44.731,44.732,44.661,44.728,8641.43,47.53404902607105
2026-04-14 06:20:00+00:00,44.733,44.859,44.724,44.835,16280.34,52.57034070260833
2026-04-14 06:25:00+00:00,44.825,44.87,44.799,44.824,7878.58,52.01752974831557
2026-04-14 06:30:00+00:00,44.815,44.829,44.779,44.804,4160.98,50.96809309678143
2026-04-14 06:35:00+00:00,44.802,44.924,44.774,44.851,19232.13,53.34992650017359
2026-04-14 06:40:00+00:00,44.85,44.85,44.75,44.754,5090.21,48.15118593101596
2026-04-14 06:45:00+00:00,44.751,44.76,44.68,44.741,5033.24,47.48336184090641
2026-04-14 06:50:00+00:00,44.736,44.794,44.724,44.789,2795.18,50.228225554059904
2026-04-14 06:55:00+00:00,44.788,44.823,44.777,44.78,2078.98,49.70366188232605
2026-04-14 07:00:00+00:00,44.78,44.82,44.712,44.748,8324.27,47.7924796854079
2026-04-14 07:05:00+00:00,44.733,44.853,44.689,44.838,7219.0,53.23850108183901
2026-04-14 07:10:00+00:00,44.844,44.845,44.644,44.666,7337.68,43.82878839299687
2026-04-14 07:15:00+00:00,44.678,44.708,44.566,44.599,9847.54,40.803420758405345
2026-04-14 07:20:00+00:00,44.6,44.661,44.564,44.564,6295.41,39.2781476455828
2026-04-14 07:25:00+00:00,44.563,44.598,44.539,44.555,6839.11,38.87571924145797
2026-04-14 07:30:00+00:00,44.556,44.585,44.516,44.551,10830.32,38.68600771978558
2026-04-14 07:35:00+00:00,44.555,44.612,44.534,44.582,7343.74,41.08552386633209
2026-04-14 07:40:00+00:00,44.58,44.588,44.501,44.507,10415.79,37.28389583926285
2026-04-14 07:45:00+00:00,44.504,44.525,44.48,44.501,14210.54,36.98902734396989
2026-04-14 07:50:00+00:00,44.507,44.547,44.478,44.508,9197.97,37.6089829984721
2026-04-14 07:55:00+00:00,44.511,44.58,44.482,44.52,5354.44,38.72203804731387
2026-04-14 08:00:00+00:00,44.519,44.536,44.409,44.532,11807.21,39.877136283676506
2026-04-14 08:05:00+00:00,44.532,44.75,44.531,44.707,35430.58,53.61047227282195
2026-04-14 08:10:00+00:00,44.703,44.927,44.701,44.905,25449.07,63.71062062573995
2026-04-14 08:15:00+00:00,44.905,44.906,44.743,44.87,16794.37,61.17508385882517
2026-04-14 08:20:00+00:00,44.863,45.0,44.861,44.944,43153.63,64.40093979661258
2026-04-14 08:25:00+00:00,44.953,45.008,44.95,44.98,32830.89,65.88592952237396
2026-04-14 08:30:00+00:00,44.975,45.216,44.862,45.184,107936.57,72.80803050039681
2026-04-14 08:35:00+00:00,45.175,45.34,45.025,45.04,89097.52,63.078289027925884
2026-04-14 08:40:00+00:00,45.031,45.138,45.0,45.098,16691.2,65.10122609226981
2026-04-14 08:45:00+00:00,45.089,45.141,44.967,45.016,19964.02,60.08862268418357
2026-04-14 08:50:00+00:00,45.016,45.051,44.941,44.945,13861.78,56.063461591191775
2026-04-14 08:55:00+00:00,44.944,45.022,44.938,45.006,2100.24,58.627691385113074
2026-04-14 09:00:00+00:00,45.021,45.03,44.906,44.984,10022.29,57.32818965750244
2026-04-14 09:05:00+00:00,44.984,45.117,44.984,45.048,7722.42,60.09895838769317
2026-04-14 09:10:00+00:00,45.038,45.038,44.883,44.927,14686.29,53.08131974603025
2026-04-14 09:15:00+00:00,44.927,44.967,44.906,44.927,5023.31,53.08131974603025
2026-04-14 09:20:00+00:00,44.919,44.919,44.858,44.865,7617.73,49.63698660471297
2026-04-14 09:25:00+00:00,44.87,44.962,44.855,44.915,21858.29,52.32374474218279
2026-04-14 09:30:00+00:00,44.92,44.996,44.868,44.914,9611.42,52.26369216755835
2026-04-14 09:35:00+00:00,44.915,45.052,44.823,44.853,29256.65,48.59949301128758
2026-04-14 09:40:00+00:00,44.853,44.899,44.768,44.815,54001.04,46.4163200968715
2026-04-14 09:45:00+00:00,44.814,44.882,44.81,44.824,12009.52,47.02331462230333
2026-04-14 09:50:00+00:00,44.833,44.97,44.791,44.902,27981.92,52.08885271481886
2026-04-14 09:55:00+00:00,44.902,45.003,44.79,44.901,64241.44,52.020177075609006
2026-04-14 10:00:00+00:00,44.891,44.91,44.828,44.899,6508.55,51.87287363023199
2026-04-14 10:05:00+00:00,44.898,45.062,44.888,44.905,15275.87,52.309170296949524
2026-04-14 10:10:00+00:00,44.905,44.97,44.881,44.932,3852.93,54.31618929916342
2026-04-14 10:15:00+00:00,44.931,44.97,44.908,44.953,4443.13,55.871703508324515
2026-04-14 10:20:00+00:00,44.953,44.954,44.806,44.841,4184.92,46.7323990169227
2026-04-14 10:25:00+00:00,44.838,44.864,44.802,44.844,9113.13,46.98256477449426
2026-04-14 10:30:00+00:00,44.844,44.882,44.8,44.826,14555.87,45.598825350103674
2026-04-14 10:35:00+00:00,44.827,44.901,44.802,44.833,8875.42,46.26167033540838
2026-04-14 10:40:00+00:00,44.841,44.885,44.805,44.86,4132.53,48.85045473231405
2026-04-14 10:45:00+00:00,44.871,44.898,44.792,44.864,11890.68,49.24058463644082
2026-04-14 10:50:00+00:00,44.865,44.923,44.85,44.874,6734.75,50.26194950346529
2026-04-14 10:55:00+00:00,44.881,44.916,44.869,44.869,3929.07,49.72321082544693
2026-04-14 11:00:00+00:00,44.874,44.942,44.854,44.937,4598.78,56.54505266616891
2026-04-14 11:05:00+00:00,44.927,45.014,44.918,44.983,12161.38,60.45408565522135
2026-04-14 11:10:00+00:00,44.991,44.997,44.883,44.939,9862.94,55.3272573005547
2026-04-14 11:15:00+00:00,44.947,44.983,44.922,44.977,2732.36,58.593212768932815
2026-04-14 11:20:00+00:00,44.977,44.99,44.946,44.981,4834.82,58.933554990150064
2026-04-14 11:25:00+00:00,44.989,44.993,44.836,44.854,8844.55,46.004354998461324
2026-04-14 11:30:00+00:00,44.854,44.92,44.823,44.919,6998.91,51.82923372504803
2026-04-14 11:35:00+00:00,44.922,45.014,44.81,44.819,8520.36,43.97037240648863
2026-04-14 11:40:00+00:00,44.818,44.818,44.628,44.685,26463.78,36.07637153995694
2026-04-14 11:45:00+00:00,44.686,44.884,44.686,44.874,11957.58,49.77305647358303
2026-04-14 11:50:00+00:00,44.871,44.888,44.829,44.877,6983.61,49.95635001358638
2026-04-14 11:55:00+00:00,44.878,44.878,44.777,44.8,3577.91,45.378948676475154
2026-04-14 12:00:00+00:00,44.801,44.847,44.732,44.744,11060.99,42.34040629190664
2026-04-14 12:05:00+00:00,44.744,44.84,44.707,44.824,9344.56,47.72543406252988
2026-04-14 12:10:00+00:00,44.823,44.86,44.78,44.833,3845.88,48.31030167522217
2026-04-14 12:15:00+00:00,44.829,44.983,44.82,44.971,22455.88,56.370858831397726
2026-04-14 12:20:00+00:00,44.97,44.992,44.909,44.913,12858.46,52.65440002511716
2026-04-14 12:25:00+00:00,44.913,44.967,44.855,44.915,11807.17,52.770032283036215
2026-04-14 12:30:00+00:00,44.919,45.083,44.911,45.071,16197.32,60.80999425925399
2026-04-14 12:35:00+00:00,45.071,45.093,44.998,45.006,10044.14,56.49463465173694
2026-04-14 12:40:00+00:00,45.013,45.031,44.84,44.87,22162.83,48.70641131676236
2026-04-14 12:45:00+00:00,44.87,44.947,44.81,44.906,9169.07,50.64596641102081
2026-04-14 12:50:00+00:00,44.915,44.937,44.872,44.918,2916.46,51.30691811572025
2026-04-14 12:55:00+00:00,44.919,44.944,44.883,44.935,3813.94,52.28186926619021
2026-04-14 13:00:00+00:00,44.936,45.034,44.919,45.026,13114.9,57.21970382156178
2026-04-14 13:05:00+00:00,45.024,45.109,44.975,45.005,17788.7,55.78509378374021
2026-04-14 13:10:00+00:00,45.006,45.036,44.934,44.965,5854.56,53.05642021620501
2026-04-14 13:15:00+00:00,44.959,45.056,44.894,45.043,17124.89,57.42926315101055
2026-04-14 13:20:00+00:00,45.034,45.153,44.97,45.137,15228.27,62.02073724461845
2026-04-14 13:25:00+00:00,45.138,45.198,44.936,44.936,18606.87,49.68149446081357
2026-04-14 13:30:00+00:00,44.956,45.197,44.956,45.083,34775.39,56.49806754520864
2026-04-14 13:35:00+00:00,45.07,45.16,44.975,45.033,25465.82,53.8270526228627
2026-04-14 13:40:00+00:00,45.025,45.184,44.965,45.056,73923.68,54.883672975571066
2026-04-14 13:45:00+00:00,45.056,45.086,44.808,44.825,40712.91,43.99442582056876
2026-04-14 13:50:00+00:00,44.828,44.976,44.725,44.734,49169.85,40.578816721019095
2026-04-14 13:55:00+00:00,44.733,44.776,44.341,44.451,139620.41,32.20499867244898
2026-04-14 14:00:00+00:00,44.448,44.548,44.102,44.321,166188.36,29.221859034537403
2026-04-14 14:05:00+00:00,44.321,44.393,44.078,44.199,93314.31,26.720394632803874
2026-04-14 14:10:00+00:00,44.193,44.206,43.95,44.061,134107.05,24.19717481705247
2026-04-14 14:15:00+00:00,44.054,44.054,43.836,43.928,66164.07,22.037303353126305
2026-04-14 14:20:00+00:00,43.929,44.205,43.926,44.129,39280.13,31.926687130692287
2026-04-14 14:25:00+00:00,44.136,44.606,44.116,44.48,113263.76,45.0378651503323
2026-04-14 14:30:00+00:00,44.481,44.59,44.272,44.312,99142.92,40.97041670206343
2026-04-14 14:35:00+00:00,44.334,44.478,44.052,44.16,92162.76,37.65676920089865
2026-04-14 14:40:00+00:00,44.155,44.262,44.09,44.141,42279.19,37.25119452831866
2026-04-14 14:45:00+00:00,44.157,44.188,43.95,43.976,48115.61,33.8423777052071
2026-04-14 14:50:00+00:00,43.977,43.986,43.9,43.983,34233.06,34.11781973046615
2026-04-14 14:55:00+00:00,43.979,43.996,43.625,43.74,71242.52,29.522677356395747
2026-04-14 15:00:00+00:00,43.715,43.77,43.42,43.694,111806.07,28.733733669643087
2026-04-14 15:05:00+00:00,43.708,43.712,43.298,43.398,142682.77,24.24406521412118
2026-04-14 15:10:00+00:00,43.402,43.592,43.314,43.57,45459.31,30.991606431465456
2026-04-14 15:15:00+00:00,43.579,43.638,43.521,43.583,34909.32,31.48830531478407
2026-04-14 15:20:00+00:00,43.582,43.59,43.48,43.494,54454.99,29.901527991486418
2026-04-14 15:25:00+00:00,43.499,43.542,43.399,43.46,51985.44,29.294201869249136
2026-04-14 15:30:00+00:00,43.445,43.581,43.406,43.556,29739.34,33.40697115325811
2026-04-14 15:35:00+00:00,43.536,43.595,43.457,43.528,50579.08,32.80756011898747
2026-04-14 15:40:00+00:00,43.528,43.672,43.523,43.649,28639.46,37.98589501393961
2026-04-14 15:45:00+00:00,43.644,43.824,43.624,43.818,72787.53,44.42778690945512
2026-04-14 15:50:00+00:00,43.819,43.973,43.799,43.867,58908.07,46.17365684700608
2026-04-14 15:55:00+00:00,43.85,43.852,43.472,43.515,42746.43,37.14562418127641
2026-04-14 16:00:00+00:00,43.525,43.826,43.47,43.811,45444.19,46.6007578925734
2026-04-14 16:05:00+00:00,43.808,43.901,43.716,43.813,33786.1,46.6591447498564
2026-04-14 16:10:00+00:00,43.803,43.883,43.763,43.77,44274.93,45.507066466776855
2026-04-14 16:15:00+00:00,43.782,43.829,43.652,43.767,21475.97,45.42279964831197
2026-04-14 16:20:00+00:00,43.767,43.795,43.559,43.637,31132.73,41.80984051879511
2026-04-14 16:25:00+00:00,43.64,43.733,43.565,43.713,36710.85,44.58489938237343
2026-04-14 16:30:00+00:00,43.726,43.825,43.665,43.665,27952.03,43.1841533840788
2026-04-14 16:35:00+00:00,43.678,43.74,43.601,43.726,23533.0,45.52639140534745
2026-04-14 16:40:00+00:00,43.726,43.74,43.706,43.712,10799.18,45.06718822101337
2026-04-14 16:45:00+00:00,43.711,43.718,43.29,43.484,138894.33,38.29306242076155
2026-04-14 16:50:00+00:00,43.494,43.513,43.183,43.192,90975.0,31.717606268618752
2026-04-14 16:55:00+00:00,43.191,43.303,43.173,43.3,30877.4,36.08887810681779
2026-04-14 17:00:00+00:00,43.289,43.31,43.132,43.152,54882.82,32.97365726167399
2026-04-14 17:05:00+00:00,43.146,43.214,43.133,43.19,47279.54,34.536169533358304
2026-04-14 17:10:00+00:00,43.195,43.218,43.132,43.207,48092.51,35.26324393630462
2026-04-14 17:15:00+00:00,43.208,43.21,43.19,43.209,61867.15,35.35421084594098
2026-04-14 17:20:00+00:00,43.209,43.338,43.195,43.297,112961.43,39.3898752606024
2026-04-14 17:25:00+00:00,43.296,43.314,43.184,43.19,29232.96,36.41327615050049
2026-04-14 17:30:00+00:00,43.189,43.322,43.171,43.213,58094.86,37.5064758409683
2026-04-14 17:35:00+00:00,43.213,43.337,43.163,43.188,55984.89,36.76655903311205
2026-04-14 17:40:00+00:00,43.21,43.314,43.204,43.28,18004.74,41.35181624782014
2026-04-14 17:45:00+00:00,43.28,43.335,43.227,43.328,25834.78,43.647784995163576
2026-04-14 17:50:00+00:00,43.331,43.427,43.323,43.391,115726.06,46.602504688008224
2026-04-14 17:55:00+00:00,43.385,43.471,43.37,43.435,24375.49,48.62843679435557
2026-04-14 18:00:00+00:00,43.432,43.537,43.404,43.481,20286.08,50.732944156323
2026-04-14 18:05:00+00:00,43.479,43.493,43.399,43.453,22247.42,49.40617971068486
2026-04-14 18:10:00+00:00,43.465,43.477,43.29,43.368,21143.61,45.51481349684303
2026-04-14 18:15:00+00:00,43.368,43.45,43.318,43.399,20316.44,47.14972968701013
2026-04-14 18:20:00+00:00,43.413,43.432,43.232,43.383,28542.34,46.376238191782214
2026-04-14 18:25:00+00:00,43.382,43.431,43.335,43.354,4719.29,44.937287577179724
2026-04-14 18:30:00+00:00,43.355,43.426,43.338,43.385,12112.52,46.83624149996238
2026-04-14 18:35:00+00:00,43.386,43.426,43.3,43.315,5507.86,43.21226874757823
2026-04-14 18:40:00+00:00,43.323,43.4,43.24,43.388,21718.73,47.75249933950588
2026-04-14 18:45:00+00:00,43.39,43.444,43.129,43.142,87818.4,37.01318066489748
2026-04-14 18:50:00+00:00,43.152,43.306,43.111,43.216,32976.05,41.290487379375
2026-04-14 18:55:00+00:00,43.226,43.4,43.086,43.399,53625.24,50.28209924495372
2026-04-14 19:00:00+00:00,43.4,43.57,43.351,43.519,46090.92,55.134497648770015
2026-04-14 19:05:00+00:00,43.517,43.643,43.464,43.501,33749.8,54.278742757355914
2026-04-14 19:10:00+00:00,43.501,43.501,43.308,43.32,13880.57,46.46833306926989
2026-04-14 19:15:00+00:00,43.304,43.384,43.292,43.307,13743.53,45.95683545539237
2026-04-14 19:20:00+00:00,43.307,43.378,43.212,43.212,17727.62,42.29312432503759
2026-04-14 19:25:00+00:00,43.222,43.355,43.163,43.349,36801.08,48.65064454120303
2026-04-14 19:30:00+00:00,43.35,43.496,43.34,43.441,48094.66,52.439908128955054
2026-04-14 19:35:00+00:00,43.442,43.468,43.35,43.39,13801.21,50.227191757404405
2026-04-14 19:40:00+00:00,43.39,43.45,43.35,43.351,13027.55,48.54045697047572
2026-04-14 19:45:00+00:00,43.351,43.377,43.316,43.35,9184.26,48.49548630649827
2026-04-14 19:50:00+00:00,43.345,43.413,43.258,43.273,24939.14,45.03563719071971
2026-04-14 19:55:00+00:00,43.273,43.428,43.273,43.395,14964.77,51.00051002465006
2026-04-14 20:00:00+00:00,43.395,43.482,43.368,43.469,31901.94,54.24408407604839
2026-04-14 20:05:00+00:00,43.464,43.526,43.46,43.519,19413.74,56.346757075938044
2026-04-14 20:10:00+00:00,43.523,43.523,43.44,43.447,7750.28,52.59837391440964
2026-04-14 20:15:00+00:00,43.448,43.481,43.348,43.423,15710.83,51.37160816535681
2026-04-14 20:20:00+00:00,43.416,43.428,43.29,43.317,17497.1,46.24177621079216
2026-04-14 20:25:00+00:00,43.318,43.318,43.21,43.256,23630.53,43.54685878095159
2026-04-14 20:30:00+00:00,43.257,43.336,43.212,43.26,11223.44,43.77824112879975
2026-04-14 20:35:00+00:00,43.273,43.295,43.188,43.214,19398.59,41.663392606529
2026-04-14 20:40:00+00:00,43.227,43.318,43.178,43.273,13659.65,45.31250981416856
2026-04-14 20:45:00+00:00,43.275,43.359,43.238,43.283,13878.16,45.92986734586834
2026-04-14 20:50:00+00:00,43.278,43.339,43.245,43.258,3452.06,44.57509680185024
2026-04-14 20:55:00+00:00,43.257,43.257,43.081,43.104,31391.83,37.280269805052484
2026-04-14 21:00:00+00:00,43.101,43.298,43.093,43.267,16839.36,47.14069642741607
2026-04-14 21:05:00+00:00,43.267,43.267,43.127,43.177,7859.55,43.1106021872852
2026-04-14 21:10:00+00:00,43.177,43.193,43.135,43.16,3240.18,42.37370526208845
2026-04-14 21:15:00+00:00,43.16,43.211,43.135,43.198,13330.64,44.65116394118214
2026-04-14 21:20:00+00:00,43.203,43.217,42.973,43.058,84035.38,38.59870723313872
2026-04-14 21:25:00+00:00,43.066,43.209,43.066,43.193,19182.26,46.17525406641727
2026-04-14 21:30:00+00:00,43.193,43.223,43.116,43.17,8338.04,45.1529992827556
2026-04-14 21:35:00+00:00,43.17,43.253,43.13,43.165,18330.35,44.920180399781366
2026-04-14 21:40:00+00:00,43.156,43.173,43.086,43.087,8298.66,41.339192386663946
2026-04-14 21:45:00+00:00,43.087,43.087,42.922,42.953,54827.97,36.02582133332545
2026-04-14 21:50:00+00:00,42.953,43.171,42.938,43.154,20271.72,47.02489112872975
2026-04-14 21:55:00+00:00,43.154,43.283,43.125,43.27,14010.56,52.13910270223188
2026-04-14 22:00:00+00:00,43.271,43.344,43.266,43.324,23182.58,54.34854134465339
2026-04-14 22:05:00+00:00,43.314,43.38,43.313,43.38,25526.84,56.586758761875394
2026-04-14 22:10:00+00:00,43.38,43.46,43.323,43.409,66783.97,57.74220333111161
2026-04-14 22:15:00+00:00,43.41,43.444,43.34,43.435,20735.19,58.800907414968485
2026-04-14 22:20:00+00:00,43.435,43.45,43.372,43.436,8965.16,58.843616108272435
2026-04-14 22:25:00+00:00,43.436,43.461,43.344,43.358,9862.39,54.130082495546134
2026-04-14 22:30:00+00:00,43.365,43.476,43.342,43.435,24175.61,57.729753739885844
2026-04-14 22:35:00+00:00,43.435,43.45,43.252,43.308,13921.83,50.66723285403446
2026-04-14 22:40:00+00:00,43.309,43.37,43.283,43.297,11871.31,50.09557906179839
2026-04-14 22:45:00+00:00,43.297,43.396,43.265,43.348,11933.15,52.7569534488313
2026-04-14 22:50:00+00:00,43.341,43.412,43.318,43.412,5645.38,55.93291855154474
2026-04-14 22:55:00+00:00,43.412,43.414,43.361,43.367,5521.2,53.223604602815776
2026-04-14 23:00:00+00:00,43.367,43.416,43.356,43.38,12596.05,53.918050186351415
2026-04-14 23:05:00+00:00,43.388,43.508,43.384,43.463,31676.11,58.186296974788604
2026-04-14 23:10:00+00:00,43.464,43.48,43.435,43.436,26065.44,56.35760091913523
2026-04-14 23:15:00+00:00,43.436,43.528,43.435,43.456,10075.99,57.4249989353501
2026-04-14 23:20:00+00:00,43.457,43.477,43.371,43.388,10576.36,52.70508685658468
2026-04-14 23:25:00+00:00,43.385,43.419,43.316,43.419,9391.79,54.53953017496817
2026-04-14 23:30:00+00:00,43.419,43.47,43.365,43.418,5343.36,54.466139741884014
2026-04-14 23:35:00+00:00,43.422,43.475,43.393,43.469,5641.0,57.59979269583587
2026-04-14 23:40:00+00:00,43.473,43.498,43.441,43.475,6966.97,57.966297633144315
2026-04-14 23:45:00+00:00,43.467,43.517,43.429,43.517,9117.59,60.53773850788671
2026-04-14 23:50:00+00:00,43.517,43.517,43.452,43.511,6692.25,59.97329117655877
2026-04-14 23:55:00+00:00,43.509,43.541,43.506,43.532,12077.97,61.332227518951804
2026-04-15 00:00:00+00:00,43.532,43.738,43.516,43.683,39422.05,69.38177662866573
2026-04-15 00:05:00+00:00,43.68,43.72,43.559,43.595,19674.76,61.36444874637109
2026-04-15 00:10:00+00:00,43.598,43.65,43.56,43.575,30464.36,59.67664995727254
2026-04-15 00:15:00+00:00,43.583,43.586,43.438,43.472,23458.74,51.77818699773802
2026-04-15 00:20:00+00:00,43.472,43.728,43.471,43.717,26903.44,63.98778841529481
2026-04-15 00:25:00+00:00,43.717,43.787,43.704,43.773,13565.03,66.1005808581988
2026-04-15 00:30:00+00:00,43.779,43.786,43.619,43.691,32616.57,60.503069792650905
2026-04-15 00:35:00+00:00,43.69,43.697,43.642,43.642,3828.66,57.376346243074515
2026-04-15 00:40:00+00:00,43.644,43.644,43.501,43.551,15234.96,52.00159089813529
2026-04-15 00:45:00+00:00,43.549,43.635,43.549,43.608,4927.27,54.85431768097705
2026-04-15 00:50:00+00:00,43.608,43.732,43.587,43.713,15931.24,59.6158173721867
2026-04-15 00:55:00+00:00,43.702,43.808,43.702,43.773,9825.83,62.07717572355949
2026-04-15 01:00:00+00:00,43.773,43.878,43.74,43.871,7493.18,65.74911015940381
2026-04-15 01:05:00+00:00,43.871,43.96,43.858,43.945,18520.19,68.24911263728646
2026-04-15 01:10:00+00:00,43.94,43.956,43.8,43.956,19341.07,68.61582449459321
2026-04-15 01:15:00+00:00,43.951,43.956,43.813,43.866,19142.54,62.27802594019895
2026-04-15 01:20:00+00:00,43.882,43.894,43.805,43.843,7412.24,60.734133659743065
2026-04-15 01:25:00+00:00,43.843,44.159,43.832,44.12,43452.69,70.287525583916
2026-04-15 01:30:00+00:00,44.124,44.189,44.123,44.152,20157.39,71.16046783570043
2026-04-15 01:35:00+00:00,44.15,44.162,43.984,44.121,16609.48,69.04420159229085
2026-04-15 01:40:00+00:00,44.111,44.25,44.094,44.25,15891.49,72.68462114402506
2026-04-15 01:45:00+00:00,44.25,44.267,44.189,44.213,10068.39,70.1368954677607
2026-04-15 01:50:00+00:00,44.213,44.285,44.119,44.189,16332.09,68.46062085658902
2026-04-15 01:55:00+00:00,44.19,44.271,44.16,44.263,11512.28,70.77956588685622
2026-04-15 02:00:00+00:00,44.265,44.514,44.25,44.306,89479.59,72.06487999514657
2026-04-15 02:05:00+00:00,44.301,44.352,44.262,44.268,12351.64,69.16929841069803
2026-04-15 02:10:00+00:00,44.269,44.29,44.24,44.289,6627.95,69.88933224840812
2026-04-15 02:15:00+00:00,44.29,44.493,44.29,44.47,29869.19,75.25375271346971
2026-04-15 02:20:00+00:00,44.478,44.533,44.361,44.372,31565.79,68.172001687489
2026-04-15 02:25:00+00:00,44.367,44.383,44.102,44.206,54459.23,58.18391843448886
2026-04-15 02:30:00+00:00,44.208,44.215,44.04,44.141,19187.46,54.79833572302822
2026-04-15 02:35:00+00:00,44.15,44.16,43.997,44.024,33314.85,49.24389831810803
2026-04-15 02:40:00+00:00,44.012,44.158,43.99,44.126,37041.75,53.65432784216045
2026-04-15 02:45:00+00:00,44.126,44.152,43.96,43.978,15046.12,47.240031331975544
2026-04-15 02:50:00+00:00,43.98,44.23,43.98,44.185,10342.27,55.290755041025776
2026-04-15 02:55:00+00:00,44.191,44.29,44.19,44.191,15501.38,55.50270318141046
2026-04-15 03:00:00+00:00,44.198,44.213,44.102,44.132,7847.8,52.849569264758046
2026-04-15 03:05:00+00:00,44.132,44.167,44.08,44.162,2694.47,54.05228469853176
2026-04-15 03:10:00+00:00,44.161,44.161,44.028,44.028,16368.69,48.14489416264097
2026-04-15 03:15:00+00:00,44.029,44.037,43.951,43.962,18116.29,45.50684907707566
2026-04-15 03:20:00+00:00,43.959,44.017,43.845,43.943,54421.99,44.74671967884236
2026-04-15 03:25:00+00:00,43.943,44.05,43.932,44.01,7441.16,48.04254737530976
2026-04-15 03:30:00+00:00,44.01,44.047,43.954,44.018,6993.01,48.43803758582134
2026-04-15 03:35:00+00:00,44.013,44.041,43.963,43.986,8121.67,46.90021101965569
2026-04-15 03:40:00+00:00,43.986,44.011,43.801,43.849,32712.62,40.91164269058265
2026-04-15 03:45:00+00:00,43.846,43.931,43.827,43.912,1781.48,44.42583728520251
2026-04-15 03:50:00+00:00,43.92,43.968,43.875,43.952,11545.73,46.597486684331486
2026-04-15 03:55:00+00:00,43.946,44.014,43.946,43.991,5492.67,48.70225527844577
2026-04-15 04:00:00+00:00,43.977,44.104,43.967,44.038,9536.49,51.198536109829696
2026-04-15 04:05:00+00:00,44.035,44.035,43.887,43.908,18215.2,44.7167384842691
2026-04-15 04:10:00+00:00,43.908,43.932,43.778,43.789,19341.62,39.75516145955703
2026-04-15 04:15:00+00:00,43.789,43.944,43.779,43.85,43164.53,43.232273436740115
2026-04-15 04:20:00+00:00,43.836,43.851,43.746,43.79,27727.02,40.741458274438955
2026-04-15 04:25:00+00:00,43.79,43.858,43.591,43.655,40228.04,35.75051200947246
2026-04-15 04:30:00+00:00,43.649,43.708,43.586,43.663,22885.9,36.24890835811532
2026-04-15 04:35:00+00:00,43.648,43.734,43.613,43.716,13368.65,39.592159906784396
2026-04-15 04:40:00+00:00,43.716,43.777,43.703,43.739,12567.98,41.0372528754262
2026-04-15 04:45:00+00:00,43.742,43.747,43.62,43.701,11632.13,39.36185307204764
2026-04-15 04:50:00+00:00,43.701,43.753,43.686,43.732,9674.91,41.46149196882544
2026-04-15 04:55:00+00:00,43.731,43.864,43.719,43.864,9681.73,49.482635610797836
2026-04-15 05:00:00+00:00,43.852,43.962,43.83,43.839,16181.8,48.13731056431724
2026-04-15 05:05:00+00:00,43.836,43.836,43.721,43.772,8433.72,44.63488957969418
2026-04-15 05:10:00+00:00,43.772,43.839,43.67,43.67,23336.55,39.87793272375006
2026-04-15 05:15:00+00:00,43.67,43.756,43.666,43.719,15465.36,43.01960441972083
2026-04-15 05:20:00+00:00,43.719,43.719,43.586,43.659,11953.17,40.24632888909891
2026-04-15 05:25:00+00:00,43.659,43.672,43.545,43.584,17020.31,37.03262539048076
2026-04-15 05:30:00+00:00,43.582,43.591,43.531,43.591,9326.65,37.53397979081529
2026-04-15 05:35:00+00:00,43.591,43.631,43.517,43.518,6966.57,34.45315014112501
2026-04-15 05:40:00+00:00,43.518,43.526,43.409,43.418,27923.31,30.731858422523388
2026-04-15 05:45:00+00:00,43.419,43.472,43.344,43.466,26889.12,34.39479179117289
2026-04-15 05:50:00+00:00,43.472,43.489,43.34,43.355,8609.3,30.392340514038025
2026-04-15 05:55:00+00:00,43.358,43.364,43.311,43.32,7717.3,29.237036024948793
2026-04-15 06:00:00+00:00,43.313,43.38,43.276,43.276,23223.71,27.806032648956602
2026-04-15 06:05:00+00:00,43.277,43.395,43.221,43.345,41653.94,33.31788739016231
2026-04-15 06:10:00+00:00,43.35,43.466,43.35,43.429,10916.77,39.38512429053223
2026-04-15 06:15:00+00:00,43.427,43.493,43.414,43.488,10445.11,43.28824597131329
2026-04-15 06:20:00+00:00,43.488,43.518,43.444,43.478,9026.42,42.78537005597358
2026-04-15 06:25:00+00:00,43.481,43.481,43.409,43.46,5657.86,41.84310743046464
2026-04-15 06:30:00+00:00,43.451,43.48,43.403,43.435,3809.15,40.50873357050708
2026-04-15 06:35:00+00:00,43.423,43.544,43.371,43.475,10524.3,43.6074375603124
2026-04-15 06:40:00+00:00,43.475,43.5,43.414,43.5,3908.47,45.51750442303046
2026-04-15 06:45:00+00:00,43.501,43.592,43.492,43.592,8322.5,51.965340130195514
2026-04-15 06:50:00+00:00,43.579,43.6,43.44,43.456,11266.79,43.72695691431251
2026-04-15 06:55:00+00:00,43.457,43.457,43.374,43.414,12295.33,41.53689060846555
2026-04-15 07:00:00+00:00,43.415,43.499,43.415,43.446,9080.66,43.84461933362367
2026-04-15 07:05:00+00:00,43.446,43.488,43.322,43.4,21187.06,41.319672414447254
2026-04-15 07:10:00+00:00,43.4,43.544,43.358,43.417,32516.35,42.63448134812398
2026-04-15 07:15:00+00:00,43.416,43.419,43.317,43.381,11020.1,40.56183151319785
2026-04-15 07:20:00+00:00,43.371,43.434,43.329,43.41,9923.97,42.96713733960262
2026-04-15 07:25:00+00:00,43.401,43.406,43.335,43.368,6438.09,40.41621907480233
2026-04-15 07:30:00+00:00,43.368,43.368,43.226,43.274,17488.99,35.35684414842734
2026-04-15 07:35:00+00:00,43.263,43.286,43.155,43.23,22013.75,33.2581517113571
2026-04-15 07:40:00+00:00,43.233,43.24,43.143,43.145,11379.0,29.602576317797954
2026-04-15 07:45:00+00:00,43.146,43.262,43.133,43.262,6053.55,39.465627748630084
2026-04-15 07:50:00+00:00,43.264,43.353,43.264,43.297,10345.03,42.07989935419703
2026-04-15 07:55:00+00:00,43.303,43.35,43.287,43.342,5619.12,45.34791800822099
2026-04-15 08:00:00+00:00,43.343,43.35,43.229,43.346,23117.49,45.64151709969978
2026-04-15 08:05:00+00:00,43.344,43.39,43.264,43.294,18807.02,42.44892982960452
2026-04-15 08:10:00+00:00,43.288,43.44,43.263,43.436,17832.61,52.26784358028465
2026-04-15 08:15:00+00:00,43.437,43.496,43.43,43.472,14454.45,54.39229638170364
2026-04-15 08:20:00+00:00,43.471,43.588,43.471,43.555,12540.18,58.93079871902827
2026-04-15 08:25:00+00:00,43.555,43.59,43.505,43.58,8934.38,60.21502068481032
2026-04-15 08:30:00+00:00,43.581,43.7,43.576,43.66,18726.05,64.08520694885777
2026-04-15 08:35:00+00:00,43.656,43.675,43.569,43.588,8406.53,58.56357443237714
2026-04-15 08:40:00+00:00,43.581,43.589,43.492,43.537,3729.7,54.9518516993523
2026-04-15 08:45:00+00:00,43.537,43.542,43.472,43.491,5051.49,51.84604246516966
2026-04-15 08:50:00+00:00,43.491,43.584,43.483,43.584,2664.78,57.122383749912515
2026-04-15 08:55:00+00:00,43.575,43.656,43.419,43.536,49829.5,53.84313612048157
2026-04-15 09:00:00+00:00,43.54,43.696,43.54,43.636,11396.82,59.10974595230863
2026-04-15 09:05:00+00:00,43.638,43.655,43.6,43.61,3405.77,57.279734203875876
2026-04-15 09:10:00+00:00,43.606,43.619,43.511,43.54,18037.11,52.561575601338156
2026-04-15 09:15:00+00:00,43.54,43.546,43.462,43.545,7654.79,52.86026193665559
2026-04-15 09:20:00+00:00,43.545,43.566,43.5,43.5,6641.4,49.8199669313074
2026-04-15 09:25:00+00:00,43.5,43.5,43.401,43.451,8883.61,46.67212959300224
2026-04-15 09:30:00+00:00,43.452,43.498,43.4,43.429,7285.22,45.288536397749844
2026-04-15 09:35:00+00:00,43.445,43.592,43.433,43.538,16499.67,52.760646247221004
2026-04-15 09:40:00+00:00,43.533,43.665,43.518,43.64,16658.84,58.475760992642925
2026-04-15 09:45:00+00:00,43.633,43.688,43.597,43.643,6563.18,58.63427491565008
2026-04-15 09:50:00+00:00,43.643,43.722,43.642,43.714,4011.33,62.302069608396955
2026-04-15 09:55:00+00:00,43.71,43.811,43.684,43.788,14816.83,65.7142793115562
2026-04-15 10:00:00+00:00,43.791,43.85,43.71,43.757,13041.67,63.13611428601706
2026-04-15 10:05:00+00:00,43.756,43.854,43.744,43.814,5201.7,65.79351619373654
2026-04-15 10:10:00+00:00,43.829,43.854,43.669,43.704,21033.19,57.22090088667293
2026-04-15 10:15:00+00:00,43.703,43.703,43.575,43.662,13334.06,54.31112000594781
2026-04-15 10:20:00+00:00,43.659,43.687,43.628,43.664,1931.72,54.4299566626654
2026-04-15 10:25:00+00:00,43.675,43.692,43.527,43.547,13133.52,46.766642130975804
2026-04-15 10:30:00+00:00,43.547,43.579,43.492,43.519,6725.03,45.12910107113691
2026-04-15 10:35:00+00:00,43.519,43.558,43.49,43.553,3790.71,47.53157988329636
2026-04-15 10:40:00+00:00,43.553,43.715,43.548,43.708,13252.39,56.81464592843421
2026-04-15 10:45:00+00:00,43.716,44.02,43.716,43.942,38174.58,66.46184884316854
2026-04-15 10:50:00+00:00,43.929,43.975,43.852,43.925,25277.67,65.3202060949047
2026-04-15 10:55:00+00:00,43.914,43.92,43.761,43.776,13039.03,56.207017184602286
2026-04-15 11:00:00+00:00,43.782,43.837,43.715,43.82,9019.02,58.067495942422504
2026-04-15 11:05:00+00:00,43.822,43.871,43.792,43.811,9049.22,57.52912394089275
2026-04-15 11:10:00+00:00,43.82,43.947,43.793,43.911,13797.96,61.77035388959218
2026-04-15 11:15:00+00:00,43.912,43.947,43.881,43.939,12402.86,62.88788349604873
2026-04-15 11:20:00+00:00,43.939,44.0,43.919,43.992,8984.93,64.97496704133368
2026-04-15 11:25:00+00:00,43.989,44.014,43.951,43.954,11668.61,62.27099422417049
2026-04-15 11:30:00+00:00,43.956,44.03,43.91,44.027,8443.64,65.26179556723773
2026-04-15 11:35:00+00:00,44.027,44.07,43.952,43.972,4582.24,61.31791207198582
2026-04-15 11:40:00+00:00,43.972,44.139,43.962,44.125,8018.15,67.24748179446392
2026-04-15 11:45:00+00:00,44.124,44.236,44.016,44.236,19956.85,70.75054001980669
2026-04-15 11:50:00+00:00,44.228,44.235,44.099,44.148,17311.99,64.83047796097306
2026-04-15 11:55:00+00:00,44.148,44.235,44.12,44.214,15451.64,67.05689721143402
2026-04-15 12:00:00+00:00,44.215,44.317,44.2,44.286,32568.7,69.33736137123103
2026-04-15 12:05:00+00:00,44.286,44.32,44.182,44.315,20054.8,70.23122226650204
2026-04-15 12:10:00+00:00,44.321,44.344,44.264,44.29,17810.21,68.38059074174424
2026-04-15 12:15:00+00:00,44.288,44.409,44.268,44.345,37909.35,70.23861037562278
2026-04-15 12:20:00+00:00,44.345,44.416,44.324,44.398,14770.54,71.94917709034719
2026-04-15 12:25:00+00:00,44.381,44.474,44.359,44.474,15088.64,74.23595150975748
2026-04-15 12:30:00+00:00,44.475,44.477,44.297,44.311,8777.22,62.472715777634654
2026-04-15 12:35:00+00:00,44.306,44.48,44.289,44.461,12413.54,67.56603506350035
2026-04-15 12:40:00+00:00,44.462,44.462,44.342,44.385,7468.08,62.907361782113604
2026-04-15 12:45:00+00:00,44.384,44.432,44.345,44.412,6373.98,63.86070301042014
2026-04-15 12:50:00+00:00,44.411,44.43,44.348,44.363,5771.33,60.806300741252734
2026-04-15 12:55:00+00:00,44.367,44.406,44.258,44.273,7536.62,55.55080146663156
2026-04-15 13:00:00+00:00,44.271,44.389,44.271,44.378,9566.88,59.90480882691103
2026-04-15 13:05:00+00:00,44.388,44.44,44.349,44.37,7024.86,59.42717434053907
2026-04-15 13:10:00+00:00,44.369,44.6,44.292,44.535,36044.58,65.53146799681394
2026-04-15 13:15:00+00:00,44.546,44.563,44.401,44.434,4739.88,59.61852734321223
2026-04-15 13:20:00+00:00,44.46,44.522,44.418,44.445,8365.21,60.04140990250488
2026-04-15 13:25:00+00:00,44.459,44.62,44.444,44.519,16930.69,62.85922384881458
2026-04-15 13:30:00+00:00,44.518,44.518,44.283,44.329,31022.24,52.60237262437322
2026-04-15 13:35:00+00:00,44.344,44.397,44.262,44.319,18759.25,52.120332376781256
2026-04-15 13:40:00+00:00,44.314,44.367,44.0,44.082,44753.56,42.240675687467125
2026-04-15 13:45:00+00:00,44.096,44.19,43.997,44.076,58970.43,42.02349836811308
2026-04-15 13:50:00+00:00,44.096,44.15,44.012,44.064,12177.89,41.56323371888996
2026-04-15 13:55:00+00:00,44.052,44.266,44.052,44.237,13171.51,50.05598506120091
2026-04-15 14:00:00+00:00,44.237,44.37,44.198,44.281,37011.8,51.96796985154914
2026-04-15 14:05:00+00:00,44.284,44.305,44.217,44.283,12919.25,52.05781214569195
2026-04-15 14:10:00+00:00,44.274,44.443,44.27,44.443,21690.55,58.71138445613172
2026-04-15 14:15:00+00:00,44.443,44.596,44.411,44.52,27932.01,61.48188049742616
2026-04-15 14:20:00+00:00,44.523,44.668,44.495,44.664,33422.31,66.06751400398858
2026-04-15 14:25:00+00:00,44.665,44.7,44.65,44.674,26413.46,66.36696278187637
2026-04-15 14:30:00+00:00,44.673,44.7,44.501,44.541,18846.05,58.919592836821415
2026-04-15 14:35:00+00:00,44.55,44.63,44.424,44.437,17792.55,53.83258291778611
2026-04-15 14:40:00+00:00,44.459,44.526,44.385,44.392,12839.34,51.75057726686292
2026-04-15 14:45:00+00:00,44.402,44.561,44.399,44.549,10621.18,57.872332017432456
2026-04-15 14:50:00+00:00,44.549,44.648,44.539,44.644,17216.51,61.089400894111435
2026-04-15 14:55:00+00:00,44.647,44.72,44.575,44.576,28127.11,57.69324292995703
2026-04-15 15:00:00+00:00,44.601,44.71,44.557,44.628,18547.69,59.545364228299505
2026-04-15 15:05:00+00:00,44.625,44.67,44.4,44.485,19984.45,52.71127579691761
2026-04-15 15:10:00+00:00,44.473,44.661,44.449,44.659,9355.66,58.89345398952748
2026-04-15 15:15:00+00:00,44.652,44.749,44.59,44.59,38955.75,55.77929033441895
2026-04-15 15:20:00+00:00,44.591,44.64,44.538,44.584,15866.99,55.504444594105166
2026-04-15 15:25:00+00:00,44.595,44.64,44.461,44.545,29852.39,53.65383489318634
2026-04-15 15:30:00+00:00,44.544,44.544,44.28,44.377,39554.23,46.46666466021166
2026-04-15 15:35:00+00:00,44.381,44.527,44.381,44.425,28024.46,48.58579152064866
2026-04-15 15:40:00+00:00,44.425,44.456,44.372,44.438,18354.72,49.172628006020986
2026-04-15 15:45:00+00:00,44.431,44.6,44.378,44.575,38306.67,55.0016113429298
2026-04-15 15:50:00+00:00,44.576,44.619,44.561,44.586,11591.95,55.443449804435964
2026-04-15 15:55:00+00:00,44.589,44.605,44.505,44.575,12388.24,54.86330923265271
2026-04-15 16:00:00+00:00,44.569,44.675,44.415,44.649,27396.16,58.04385935517016
2026-04-15 16:05:00+00:00,44.64,44.798,44.576,44.78,32135.19,63.01264300469379
2026-04-15 16:10:00+00:00,44.78,44.851,44.706,44.847,45004.71,65.2775633804903
2026-04-15 16:15:00+00:00,44.847,44.916,44.833,44.9,32875.81,66.99908081982802
2026-04-15 16:20:00+00:00,44.903,45.028,44.903,44.949,71129.27,68.55148999336483
2026-04-15 16:25:00+00:00,44.949,45.024,44.915,44.942,26943.8,68.05893811904458
2026-04-15 16:30:00+00:00,44.944,45.0,44.674,44.745,41101.47,55.88840362593391
2026-04-15 16:35:00+00:00,44.744,44.81,44.619,44.619,22076.15,49.75941580927043
2026-04-15 16:40:00+00:00,44.62,44.651,44.53,44.53,12220.11,45.9280859459902
2026-04-15 16:45:00+00:00,44.529,44.622,44.451,44.607,22236.31,49.547531853921654
2026-04-15 16:50:00+00:00,44.618,44.75,44.501,44.514,24416.56,45.579149824341805
2026-04-15 16:55:00+00:00,44.516,44.556,44.42,44.501,20589.47,45.03615234264878
2026-04-15 17:00:00+00:00,44.501,44.52,44.327,44.374,41548.71,40.02017433710539
2026-04-15 17:05:00+00:00,44.377,44.45,44.322,44.356,14348.89,39.351205552362586
2026-04-15 17:10:00+00:00,44.369,44.384,44.23,44.357,43625.57,39.41179920200082
2026-04-15 17:15:00+00:00,44.357,44.403,44.281,44.317,12667.35,37.785592128056884
2026-04-15 17:20:00+00:00,44.32,44.4,44.274,44.365,6099.92,40.93511575757134
2026-04-15 17:25:00+00:00,44.372,44.665,44.372,44.422,71853.37,44.52646812258081
2026-04-15 17:30:00+00:00,44.429,44.554,44.411,44.489,23150.03,48.491038105447906
2026-04-15 17:35:00+00:00,44.467,44.467,44.233,44.233,13783.03,37.47154304763823
2026-04-15 17:40:00+00:00,44.254,44.375,44.203,44.215,21626.71,36.83765952101137
2026-04-15 17:45:00+00:00,44.215,44.3,44.212,44.245,11137.25,38.69892953009862
2026-04-15 17:50:00+00:00,44.257,44.307,44.254,44.288,3684.82,41.36598872902511
2026-04-15 17:55:00+00:00,44.295,44.373,44.281,44.32,11735.44,43.34157192973066
2026-04-15 18:00:00+00:00,44.317,44.322,44.204,44.3,13087.56,42.380455418053856
2026-04-15 18:05:00+00:00,44.302,44.393,44.264,44.313,13110.16,43.261199173514605
2026-04-15 18:10:00+00:00,44.313,44.409,44.301,44.402,8745.72,49.007845279358236
2026-04-15 18:15:00+00:00,44.398,44.409,44.316,44.366,9999.25,46.937003866501804
2026-04-15 18:20:00+00:00,44.362,44.363,44.244,44.342,14852.99,45.55499552081094
2026-04-15 18:25:00+00:00,44.341,44.368,44.224,44.319,50891.3,44.21151319034968
2026-04-15 18:30:00+00:00,44.318,44.56,44.295,44.54,28070.4,57.25584431619103
2026-04-15 18:35:00+00:00,44.54,44.586,44.343,44.586,43307.51,59.38456454880077
2026-04-15 18:40:00+00:00,44.585,44.749,44.447,44.675,68526.18,63.202885794923766
2026-04-15 18:45:00+00:00,44.67,44.735,44.591,44.725,30891.63,65.1832033708377
2026-04-15 18:50:00+00:00,44.726,44.858,44.705,44.848,39997.02,69.52775815732912
2026-04-15 18:55:00+00:00,44.848,44.859,44.763,44.78,13242.47,64.7195790602998
2026-04-15 19:00:00+00:00,44.779,44.863,44.723,44.776,13208.54,64.43728909978014
2026-04-15 19:05:00+00:00,44.778,44.884,44.761,44.812,12769.14,65.87973437451552
2026-04-15 19:10:00+00:00,44.812,44.88,44.804,44.857,12080.57,67.64627439353335
2026-04-15 19:15:00+00:00,44.859,44.944,44.836,44.932,8171.3,70.39719104568859
2026-04-15 19:20:00+00:00,44.932,45.0,44.862,44.975,19653.65,71.87376954653601
2026-04-15 19:25:00+00:00,44.976,45.031,44.963,45.023,17053.77,73.46488625779699
2026-04-15 19:30:00+00:00,45.02,45.148,44.928,45.035,57577.06,73.8629672853802
2026-04-15 19:35:00+00:00,45.028,45.462,45.024,45.206,155898.41,78.7542442787447
2026-04-15 19:40:00+00:00,45.22,45.279,45.041,45.091,40196.65,69.35429041145292
2026-04-15 19:45:00+00:00,45.111,45.113,44.901,44.904,19036.24,57.364229988629866
2026-04-15 19:50:00+00:00,44.912,44.946,44.776,44.946,27255.87,59.07551985121787
2026-04-15 19:55:00+00:00,44.915,44.946,44.842,44.848,9307.41,53.66315417467632
2026-04-15 20:00:00+00:00,44.859,44.899,44.71,44.74,29914.94,48.400423948820894
2026-04-15 20:05:00+00:00,44.736,44.749,44.495,44.601,43079.52,42.60868743085535
2026-04-15 20:10:00+00:00,44.602,44.631,44.458,44.501,34309.9,38.993569216744845
2026-04-15 20:15:00+00:00,44.511,44.513,44.317,44.384,52334.88,35.22759073116835
2026-04-15 20:20:00+00:00,44.384,44.518,44.338,44.515,36997.98,41.98381600914223
2026-04-15 20:25:00+00:00,44.508,44.609,44.424,44.548,23195.18,43.580327180301275
2026-04-15 20:30:00+00:00,44.548,44.648,44.381,44.42,20419.16,39.08729868795163
2026-04-15 20:35:00+00:00,44.411,44.436,44.335,44.384,16451.84,37.90369198767791
2026-04-15 20:40:00+00:00,44.381,44.386,44.233,44.321,27761.94,35.85737467428039
2026-04-15 20:45:00+00:00,44.321,44.403,44.296,44.399,8943.71,40.16451495802008
2026-04-15 20:50:00+00:00,44.399,44.483,44.387,44.48,11422.05,44.344059081610766
2026-04-15 20:55:00+00:00,44.482,44.536,44.465,44.49,31948.13,44.856173101267316
2026-04-15 21:00:00+00:00,44.488,44.648,44.483,44.646,6907.1,52.23922296411046
2026-04-15 21:05:00+00:00,44.646,44.681,44.636,44.666,8871.42,53.1060761582375
2026-04-15 21:10:00+00:00,44.666,44.811,44.665,44.81,14313.5,58.89135751818852
2026-04-15 21:15:00+00:00,44.81,44.826,44.587,44.611,13245.92,49.755945088019125
2026-04-15 21:20:00+00:00,44.611,44.65,44.531,44.64,10900.02,50.950056126692
2026-04-15 21:25:00+00:00,44.631,44.67,44.577,44.644,3839.02,51.122606042004065
2026-04-15 21:30:00+00:00,44.646,44.698,44.539,44.57,8179.67,47.774286791119074
2026-04-15 21:35:00+00:00,44.58,44.744,44.561,44.738,4703.79,54.98292735227902
2026-04-15 21:40:00+00:00,44.736,44.921,44.65,44.894,57529.53,60.44293280785481
2026-04-15 21:45:00+00:00,44.894,44.904,44.821,44.834,10264.7,57.55168570655716
2026-04-15 21:50:00+00:00,44.829,44.857,44.807,44.835,3994.46,57.58809907475624
2026-04-15 21:55:00+00:00,44.832,44.832,44.724,44.788,7289.42,55.191712830860794
2026-04-15 22:00:00+00:00,44.789,44.942,44.755,44.904,16444.64,59.65410970529382
2026-04-15 22:05:00+00:00,44.899,44.969,44.8,44.954,20627.73,61.43681456725873
2026-04-15 22:10:00+00:00,44.936,44.951,44.773,44.783,8841.28,52.838021760744574
2026-04-15 22:15:00+00:00,44.787,44.836,44.764,44.779,16182.04,52.652380133331754
2026-04-15 22:20:00+00:00,44.775,44.868,44.756,44.801,11680.78,53.61760686939409
2026-04-15 22:25:00+00:00,44.801,44.832,44.752,44.762,12062.88,51.60905208082449
2026-04-15 22:30:00+00:00,44.762,44.919,44.73,44.896,17468.98,57.50005811469076
2026-04-15 22:35:00+00:00,44.888,45.015,44.821,44.931,6813.26,58.90720348152734
2026-04-15 22:40:00+00:00,44.931,44.994,44.845,44.863,24519.89,55.090791976886884
2026-04-15 22:45:00+00:00,44.872,44.928,44.838,44.87,18982.55,55.41104108839401
2026-04-15 22:50:00+00:00,44.87,44.897,44.833,44.865,3327.29,55.10874695343936
2026-04-15 22:55:00+00:00,44.853,44.853,44.633,44.646,15413.93,43.82994169728032
2026-04-15 23:00:00+00:00,44.646,44.648,44.522,44.544,23218.3,39.74943357683025
2026-04-15 23:05:00+00:00,44.542,44.625,44.52,44.586,3550.24,42.13817575143119
2026-04-15 23:10:00+00:00,44.59,44.633,44.583,44.592,3589.76,42.48896475589954
2026-04-15 23:15:00+00:00,44.592,44.64,44.508,44.619,12818.29,44.13041048298439
2026-04-15 23:20:00+00:00,44.626,44.67,44.559,44.645,7232.56,45.73652753000886
2026-04-15 23:25:00+00:00,44.639,44.69,44.601,44.673,5362.59,47.48732230551347
2026-04-15 23:30:00+00:00,44.675,44.723,44.6,44.604,4097.8,43.74189798577489
2026-04-15 23:35:00+00:00,44.61,44.61,44.473,44.482,19884.27,38.03040419295117
2026-04-15 23:40:00+00:00,44.482,44.531,44.444,44.502,22870.94,39.42673373568007
2026-04-15 23:45:00+00:00,44.507,44.541,44.444,44.541,10732.9,42.16345700182946
2026-04-15 23:50:00+00:00,44.541,44.67,44.529,44.652,15614.23,49.19853879366171
2026-04-15 23:55:00+00:00,44.64,44.654,44.611,44.639,2535.51,48.4551570572059
2026-04-16 00:00:00+00:00,44.639,44.695,44.507,44.514,11091.54,41.89945247797207
2026-04-16 00:05:00+00:00,44.506,44.568,44.48,44.498,4349.64,41.132342788246056
2026-04-16 00:10:00+00:00,44.508,44.621,44.507,44.587,6521.61,46.95049602735926
2026-04-16 00:15:00+00:00,44.572,44.633,44.469,44.565,10607.16,45.746881948163896
2026-04-16 00:20:00+00:00,44.555,44.581,44.444,44.463,16517.77,40.55575404827213
2026-04-16 00:25:00+00:00,44.463,44.5,44.444,44.5,10102.2,43.078996676380015
2026-04-16 00:30:00+00:00,44.5,44.597,44.485,44.565,7705.58,47.31027360547902
2026-04-16 00:35:00+00:00,44.574,44.622,44.48,44.499,5471.73,43.753721590487935
2026-04-16 00:40:00+00:00,44.499,44.566,44.45,44.451,8192.44,41.32081958053466
2026-04-16 00:45:00+00:00,44.45,44.45,44.35,44.369,16110.33,37.486071443633286
2026-04-16 00:50:00+00:00,44.369,44.579,44.368,44.428,9652.39,41.67988511938834
2026-04-16 00:55:00+00:00,44.428,44.467,44.38,44.446,6302.33,42.937615161863064
2026-04-16 01:00:00+00:00,44.447,44.447,44.3,44.358,7626.25,38.5594264245104
2026-04-16 01:05:00+00:00,44.354,44.372,44.116,44.182,49536.48,31.615943313409886
2026-04-16 01:10:00+00:00,44.19,44.214,44.102,44.2,13779.03,32.94583748214643
2026-04-16 01:15:00+00:00,44.206,44.235,44.172,44.226,5867.52,34.9147671827519
2026-04-16 01:20:00+00:00,44.227,44.295,44.156,44.176,11367.69,32.913261934242215
2026-04-16 01:25:00+00:00,44.178,44.37,44.088,44.366,20669.92,45.66086622821527
2026-04-16 01:30:00+00:00,44.361,44.37,44.202,44.321,21521.73,43.55017178585919
2026-04-16 01:35:00+00:00,44.323,44.45,44.287,44.416,12786.92,48.918517636975515
2026-04-16 01:40:00+00:00,44.417,44.532,44.416,44.463,8543.65,51.38191594413144
2026-04-16 01:45:00+00:00,44.464,44.495,44.429,44.455,2413.48,50.93168431854486
2026-04-16 01:50:00+00:00,44.452,44.479,44.431,44.431,2423.1,49.5295298915378
2026-04-16 01:55:00+00:00,44.431,44.529,44.406,44.491,7234.8,53.01223937547601
2026-04-16 02:00:00+00:00,44.491,44.573,44.45,44.501,15390.98,53.58708623813355
2026-04-16 02:05:00+00:00,44.49,44.533,44.39,44.415,7017.67,48.133321673902884
2026-04-16 02:10:00+00:00,44.415,44.535,44.415,44.445,3501.23,50.04333826254943
2026-04-16 02:15:00+00:00,44.44,44.463,44.363,44.427,10753.74,48.880235919273545
2026-04-16 02:20:00+00:00,44.432,44.539,44.43,44.523,5215.86,54.900637637078766
2026-04-16 02:25:00+00:00,44.522,44.702,44.464,44.702,22912.73,63.526147063327535
2026-04-16 02:30:00+00:00,44.696,44.728,44.626,44.631,14485.89,58.72824502364081
2026-04-16 02:35:00+00:00,44.625,44.7,44.622,44.69,6421.79,61.34116421275335
2026-04-16 02:40:00+00:00,44.7,44.902,44.671,44.885,23311.83,68.45055047890258
2026-04-16 02:45:00+00:00,44.881,44.898,44.726,44.784,14617.8,62.082267459634615
2026-04-16 02:50:00+00:00,44.79,44.823,44.637,44.719,11367.6,58.32170920764542
2026-04-16 02:55:00+00:00,44.719,44.747,44.681,44.681,7205.88,56.179235513280744
2026-04-16 03:00:00+00:00,44.68,44.928,44.662,44.915,17181.79,64.76337083315669
2026-04-16 03:05:00+00:00,44.916,44.977,44.829,44.829,30112.69,60.103402743786056
2026-04-16 03:10:00+00:00,44.844,44.888,44.78,44.858,26281.03,61.11935018864602
2026-04-16 03:15:00+00:00,44.858,44.983,44.806,44.972,8572.28,64.90288977411367
2026-04-16 03:20:00+00:00,44.972,45.185,44.948,45.185,66288.15,70.64980946143477
2026-04-16 03:25:00+00:00,45.185,45.215,45.057,45.073,36093.36,64.6548281621101
2026-04-16 03:30:00+00:00,45.073,45.15,44.995,45.0,13844.57,61.020357983428774
2026-04-16 03:35:00+00:00,45.005,45.06,44.951,45.022,15220.22,61.71876815610443
2026-04-16 03:40:00+00:00,45.02,45.051,44.982,44.989,6338.4,59.98266933839961
2026-04-16 03:45:00+00:00,44.982,45.0,44.859,44.895,17089.56,55.21796268336085
2026-04-16 03:50:00+00:00,44.898,44.96,44.843,44.912,26489.53,55.90022673178955
2026-04-16 03:55:00+00:00,44.912,44.967,44.841,44.842,14494.36,52.36266380880483
2026-04-16 04:00:00+00:00,44.842,44.89,44.819,44.865,7277.63,53.406025392546084
2026-04-16 04:05:00+00:00,44.866,44.984,44.836,44.952,12347.24,57.222633094776334
2026-04-16 04:10:00+00:00,44.958,45.035,44.943,44.981,6568.36,58.44454319074974
2026-04-16 04:15:00+00:00,44.982,44.996,44.915,44.989,1877.76,58.79421455963984
2026-04-16 04:20:00+00:00,44.989,45.037,44.975,44.988,5920.83,58.72769189425203
2026-04-16 04:25:00+00:00,44.989,45.11,44.982,45.102,9508.73,63.7614810789734
2026-04-16 04:30:00+00:00,45.103,45.161,45.067,45.161,8208.39,66.06810217957371
2026-04-16 04:35:00+00:00,45.161,45.223,45.116,45.195,13585.41,67.35753967435649
2026-04-16 04:40:00+00:00,45.193,45.23,45.165,45.203,14037.35,67.6688610220829
2026-04-16 04:45:00+00:00,45.204,45.219,44.961,45.079,12987.33,58.37549624807843
2026-04-16 04:50:00+00:00,45.063,45.164,45.047,45.148,4647.05,61.54067245675582
2026-04-16 04:55:00+00:00,45.147,45.183,45.023,45.137,27612.53,60.74761197085707
2026-04-16 05:00:00+00:00,45.132,45.132,44.982,45.074,8161.87,56.27470515892424
2026-04-16 05:05:00+00:00,45.068,45.085,44.94,44.972,11867.26,49.87202316004609
2026-04-16 05:10:00+00:00,44.971,45.05,44.949,45.043,13593.99,53.811390269873364
2026-04-16 05:15:00+00:00,45.036,45.175,45.027,45.113,12032.05,57.3685302658104
2026-04-16 05:20:00+00:00,45.114,45.222,45.114,45.207,15705.26,61.64072424216995
2026-04-16 05:25:00+00:00,45.208,45.29,45.188,45.275,20589.85,64.41857991491315
2026-04-16 05:30:00+00:00,45.276,45.33,45.19,45.29,18858.39,65.02033797695276
2026-04-16 05:35:00+00:00,45.298,45.376,45.278,45.376,13286.19,68.32761989631112
2026-04-16 05:40:00+00:00,45.376,45.61,45.351,45.536,82631.27,73.37192741242619
2026-04-16 05:45:00+00:00,45.538,45.679,45.514,45.656,79666.48,76.40688164913722
2026-04-16 05:50:00+00:00,45.657,45.763,45.561,45.578,64686.46,70.76132931536354
2026-04-16 05:55:00+00:00,45.594,45.607,45.484,45.542,15700.32,68.25464994253933
2026-04-16 06:00:00+00:00,45.542,45.608,45.377,45.411,13854.97,59.93446608287859
2026-04-16 06:05:00+00:00,45.408,45.47,45.364,45.401,12334.77,59.33981765509238
2026-04-16 06:10:00+00:00,45.401,45.475,45.395,45.401,7690.85,59.33981765509238
2026-04-16 06:15:00+00:00,45.401,45.411,45.346,45.364,7994.2,56.9165933135987
2026-04-16 06:20:00+00:00,45.364,45.388,45.292,45.339,9971.18,55.27414240959193
2026-04-16 06:25:00+00:00,45.34,45.406,45.298,45.378,11004.96,57.34219366625826
2026-04-16 06:30:00+00:00,45.378,45.537,45.378,45.519,16586.72,63.85019673457454
2026-04-16 06:35:00+00:00,45.519,45.551,45.48,45.535,11803.07,64.51183158028226
2026-04-16 06:40:00+00:00,45.533,45.534,45.43,45.495,6399.67,61.48222191389516
2026-04-16 06:45:00+00:00,45.491,45.667,45.456,45.647,12452.87,67.69139531028986
2026-04-16 06:50:00+00:00,45.646,45.688,45.475,45.516,21206.59,58.88162228450019
2026-04-16 06:55:00+00:00,45.516,45.531,45.421,45.445,10742.84,54.72457123992886
2026-04-16 07:00:00+00:00,45.445,45.519,45.367,45.498,9294.48,57.1561920866602
2026-04-16 07:05:00+00:00,45.49,45.512,45.299,45.352,12556.09,49.30109556346496
2026-04-16 07:10:00+00:00,45.352,45.365,45.305,45.348,4236.4,49.10199193784838
2026-04-16 07:15:00+00:00,45.354,45.392,45.289,45.369,7178.82,50.23821227722953
2026-04-16 07:20:00+00:00,45.369,45.428,45.337,45.354,4689.75,49.39009044623876
2026-04-16 07:25:00+00:00,45.354,45.387,45.314,45.338,5080.08,48.45050606221408
2026-04-16 07:30:00+00:00,45.34,45.34,45.249,45.286,16791.18,45.42590825820638
2026-04-16 07:35:00+00:00,45.286,45.318,45.253,45.299,5515.75,46.327981775762396
2026-04-16 07:40:00+00:00,45.299,45.347,45.289,45.318,4661.05,47.688937173938804
2026-04-16 07:45:00+00:00,45.318,45.333,45.181,45.204,14746.82,40.97535080520642
2026-04-16 07:50:00+00:00,45.195,45.2,45.09,45.124,25259.56,37.03512943062989
2026-04-16 07:55:00+00:00,45.128,45.299,45.128,45.277,5427.93,47.444055316059874
2026-04-16 08:00:00+00:00,45.277,45.307,45.232,45.233,15988.73,45.13331691383171
2026-04-16 08:05:00+00:00,45.233,45.247,45.07,45.082,15879.36,38.24850074048784
2026-04-16 08:10:00+00:00,45.084,45.102,45.005,45.028,26143.26,36.126144844726625
2026-04-16 08:15:00+00:00,45.027,45.136,44.994,45.129,16276.86,42.54747783921733
2026-04-16 08:20:00+00:00,45.121,45.252,45.1,45.236,17362.3,48.45903258690583
2026-04-16 08:25:00+00:00,45.232,45.287,45.197,45.278,5891.98,50.60738172344583
2026-04-16 08:30:00+00:00,45.278,45.34,45.254,45.336,17573.48,53.49046808039845
2026-04-16 08:35:00+00:00,45.34,45.359,45.299,45.337,12423.99,53.54082090341127
2026-04-16 08:40:00+00:00,45.327,45.334,45.246,45.246,15146.69,48.40512524746155
2026-04-16 08:45:00+00:00,45.244,45.315,45.224,45.29,17166.88,50.85954799924675
2026-04-16 08:50:00+00:00,45.29,45.29,45.231,45.277,7836.52,50.101203874685844
2026-04-16 08:55:00+00:00,45.278,45.298,45.219,45.257,4236.62,48.89334849457465
2026-04-16 09:00:00+00:00,45.257,45.354,45.21,45.342,10702.29,53.97214830846
2026-04-16 09:05:00+00:00,45.343,45.371,45.319,45.342,12928.44,53.97214830846
2026-04-16 09:10:00+00:00,45.339,45.38,45.321,45.363,11775.87,55.246474635019176
2026-04-16 09:15:00+00:00,45.364,45.39,45.325,45.389,21069.7,56.839720978901546
2026-04-16 09:20:00+00:00,45.387,45.391,45.35,45.372,27342.63,55.449719415938006
2026-04-16 09:25:00+00:00,45.376,45.391,45.218,45.246,49314.82,46.39385137975329
2026-04-16 09:30:00+00:00,45.244,45.278,45.161,45.193,9380.72,43.19801503474155
2026-04-16 09:35:00+00:00,45.195,45.265,45.142,45.205,14840.2,44.13631934386463
2026-04-16 09:40:00+00:00,45.206,45.225,45.103,45.225,14032.32,45.74494085693
2026-04-16 09:45:00+00:00,45.226,45.357,45.222,45.328,18036.92,53.21646601900895
2026-04-16 09:50:00+00:00,45.316,45.36,45.271,45.353,12092.17,54.841982427308736
2026-04-16 09:55:00+00:00,45.36,45.366,45.307,45.312,4935.11,51.67113830119931
2026-04-16 10:00:00+00:00,45.31,45.369,45.218,45.233,10684.42,46.13598716677376
2026-04-16 10:05:00+00:00,45.231,45.288,45.12,45.168,29677.66,42.136444871318105
2026-04-16 10:10:00+00:00,45.168,45.171,45.13,45.133,11115.84,40.11962676592387
2026-04-16 10:15:00+00:00,45.134,45.173,45.091,45.117,9752.54,39.196019319731185
2026-04-16 10:20:00+00:00,45.125,45.27,45.125,45.268,11841.8,50.725170190555644
2026-04-16 10:25:00+00:00,45.269,45.362,45.269,45.338,21159.64,54.986219635127284
2026-04-16 10:30:00+00:00,45.337,45.369,45.326,45.364,7581.76,56.491192308319924
2026-04-16 10:35:00+00:00,45.364,45.385,45.347,45.384,12784.97,57.66375689606788
2026-04-16 10:40:00+00:00,45.385,45.386,45.312,45.342,15963.99,54.351132701973945
2026-04-16 10:45:00+00:00,45.344,45.37,45.34,45.36,3005.67,55.530209826883485
2026-04-16 10:50:00+00:00,45.361,45.391,45.361,45.39,23273.04,57.50049683682632
2026-04-16 10:55:00+00:00,45.391,45.391,45.361,45.382,56653.71,56.77806246971119
2026-04-16 11:00:00+00:00,45.382,45.391,45.279,45.329,48802.5,52.107219510600586
2026-04-16 11:05:00+00:00,45.33,45.346,45.25,45.256,6624.06,46.44036577808737
2026-04-16 11:10:00+00:00,45.256,45.256,45.175,45.176,8331.64,41.15776601185687
2026-04-16 11:15:00+00:00,45.177,45.177,45.128,45.128,10166.23,38.339787293423186
2026-04-16 11:20:00+00:00,45.129,45.139,44.872,44.889,50697.72,28.04386718932298
2026-04-16 11:25:00+00:00,44.887,44.899,44.815,44.821,22618.11,25.91176436491193
2026-04-16 11:30:00+00:00,44.822,44.911,44.728,44.782,43142.8,24.74957124225959
2026-04-16 11:35:00+00:00,44.781,44.794,44.521,44.562,50153.69,19.44997177187244
2026-04-16 11:40:00+00:00,44.571,44.754,44.453,44.721,30690.16,30.956794933265428
2026-04-16 11:45:00+00:00,44.709,44.739,44.554,44.643,6491.17,28.784445098456075
2026-04-16 11:50:00+00:00,44.643,44.73,44.591,44.715,6233.42,33.42837354659328
2026-04-16 11:55:00+00:00,44.715,44.725,44.602,44.617,6737.17,30.511899200294025
2026-04-16 12:00:00+00:00,44.618,44.778,44.567,44.756,33491.17,38.683276470842905
2026-04-16 12:05:00+00:00,44.761,44.778,44.66,44.778,11487.67,39.888139161758964
2026-04-16 12:10:00+00:00,44.778,44.86,44.767,44.802,10653.87,41.24451570572828
2026-04-16 12:15:00+00:00,44.806,44.859,44.746,44.852,12501.6,44.07567493770782
2026-04-16 12:20:00+00:00,44.847,44.847,44.815,44.839,4831.58,43.488925616793146
2026-04-16 12:25:00+00:00,44.84,44.921,44.828,44.902,14755.31,47.16004054212598
2026-04-16 12:30:00+00:00,44.903,44.992,44.872,44.992,21089.43,51.96117065000243
2026-04-16 12:35:00+00:00,44.993,45.021,44.951,44.985,27569.36,51.56869980963262
2026-04-16 12:40:00+00:00,44.986,45.04,44.966,45.026,20783.75,53.77117886547572
2026-04-16 12:45:00+00:00,45.015,45.022,44.899,44.988,10414.61,51.4364262590047
2026-04-16 12:50:00+00:00,44.989,45.07,44.989,44.997,9343.77,51.968365795190024
2026-04-16 12:55:00+00:00,45.008,45.097,45.008,45.008,14093.78,52.651014342764775
2026-04-16 13:00:00+00:00,45.037,45.04,44.958,44.985,7432.61,51.01828026635489
2026-04-16 13:05:00+00:00,44.986,45.054,44.967,45.006,8217.65,52.46763366138891
2026-04-16 13:10:00+00:00,45.006,45.1,44.991,45.097,12442.2,58.23478987081384
2026-04-16 13:15:00+00:00,45.099,45.1,44.872,44.953,18873.07,48.25692330646351
2026-04-16 13:20:00+00:00,44.951,44.958,44.837,44.85,14485.5,42.630470037660906
2026-04-16 13:25:00+00:00,44.851,44.862,44.736,44.751,29463.56,38.039612422370745
2026-04-16 13:30:00+00:00,44.75,44.875,44.705,44.819,17532.37,42.611123986678045
2026-04-16 13:35:00+00:00,44.819,44.845,44.693,44.726,13408.72,38.43449762734875
2026-04-16 13:40:00+00:00,44.727,44.78,44.6,44.697,26388.52,37.20971583612865
2026-04-16 13:45:00+00:00,44.698,44.698,44.503,44.586,27595.87,32.88950876446134
2026-04-16 13:50:00+00:00,44.587,44.613,44.41,44.422,51955.94,27.76102225971421
2026-04-16 13:55:00+00:00,44.422,44.667,44.26,44.65,112078.81,41.433743963516875
2026-04-16 14:00:00+00:00,44.65,44.71,44.286,44.286,49056.05,31.261011396725422
2026-04-16 14:05:00+00:00,44.285,44.651,44.26,44.619,24849.32,44.64952427025316
2026-04-16 14:10:00+00:00,44.62,44.758,44.584,44.668,46875.51,46.30676390835972
2026-04-16 14:15:00+00:00,44.684,44.751,44.452,44.575,26805.11,43.63631905005051
2026-04-16 14:20:00+00:00,44.578,44.628,44.538,44.55,40052.1,42.91978235333078
2026-04-16 14:25:00+00:00,44.55,44.55,44.296,44.52,46256.64,42.027927394211986
2026-04-16 14:30:00+00:00,44.519,44.593,44.476,44.524,52016.25,42.20038608228409
2026-04-16 14:35:00+00:00,44.543,44.667,44.504,44.51,14535.77,41.73244326023065
2026-04-16 14:40:00+00:00,44.511,44.554,44.441,44.512,17666.0,41.831674763112844
2026-04-16 14:45:00+00:00,44.513,44.53,44.503,44.529,19496.57,42.724558303767786
2026-04-16 14:50:00+00:00,44.523,44.534,44.468,44.512,26186.33,42.02977400475483
2026-04-16 14:55:00+00:00,44.511,44.605,44.436,44.472,44456.47,40.366406339254176
2026-04-16 15:00:00+00:00,44.473,44.51,44.438,44.506,39835.55,42.45123707769145
2026-04-16 15:05:00+00:00,44.505,44.51,44.456,44.51,49079.42,42.70501985786746
2026-04-16 15:10:00+00:00,44.51,44.675,44.509,44.571,155529.08,46.5743060816413
2026-04-16 15:15:00+00:00,44.578,44.694,44.519,44.694,12636.47,53.407040501662436
2026-04-16 15:20:00+00:00,44.695,44.71,44.634,44.669,19732.87,51.95268054086245
2026-04-16 15:25:00+00:00,44.67,44.696,44.599,44.599,10228.35,48.01036720226582
2026-04-16 15:30:00+00:00,44.597,44.779,44.555,44.772,26872.85,56.7461310573377
2026-04-16 15:35:00+00:00,44.776,45.06,44.725,44.847,86658.38,59.892499495468144
2026-04-16 15:40:00+00:00,44.84,44.844,44.627,44.679,40471.08,50.951706273145454
2026-04-16 15:45:00+00:00,44.681,44.793,44.634,44.651,27365.29,49.62213240969892
2026-04-16 15:50:00+00:00,44.657,44.779,44.657,44.705,19485.1,52.21208735941333
2026-04-16 15:55:00+00:00,44.717,44.796,44.717,44.737,5470.98,53.73015585620509
2026-04-16 16:00:00+00:00,44.738,44.76,44.691,44.752,10130.73,54.46043376036071
2026-04-16 16:05:00+00:00,44.755,44.863,44.719,44.73,17013.11,53.13580704365662
2026-04-16 16:10:00+00:00,44.733,44.742,44.646,44.662,4208.25,49.15601823810088
2026-04-16 16:15:00+00:00,44.662,44.737,44.647,44.648,6935.99,48.353046257074226
2026-04-16 16:20:00+00:00,44.657,44.694,44.466,44.534,58736.72,42.29449193851208
2026-04-16 16:25:00+00:00,44.527,44.582,44.474,44.474,16565.4,39.489944612530614
2026-04-16 16:30:00+00:00,44.497,44.56,44.372,44.429,10339.29,37.48245662816032
2026-04-16 16:35:00+00:00,44.428,44.436,44.223,44.249,23445.01,30.748948690502687
2026-04-16 16:40:00+00:00,44.249,44.368,44.165,44.175,86234.76,28.483517634967768
2026-04-16 16:45:00+00:00,44.175,44.183,43.905,43.938,138024.97,22.712135210674774
2026-04-16 16:50:00+00:00,43.948,44.074,43.793,43.855,77275.67,21.099718394206803
2026-04-16 16:55:00+00:00,43.858,43.986,43.856,43.98,20277.91,29.24646319380153
2026-04-16 17:00:00+00:00,43.979,44.053,43.976,43.983,26263.48,29.434781342230153
2026-04-16 17:05:00+00:00,43.993,43.993,43.801,43.816,23102.67,25.384440939082097
2026-04-16 17:10:00+00:00,43.814,43.833,43.688,43.741,29465.97,23.80047509583828
2026-04-16 17:15:00+00:00,43.725,43.832,43.627,43.818,58685.55,28.718271834036628
2026-04-16 17:20:00+00:00,43.819,43.853,43.762,43.83,19885.8,29.482095157933372
2026-04-16 17:25:00+00:00,43.844,43.865,43.816,43.856,9871.72,31.20224294228035
2026-04-16 17:30:00+00:00,43.856,43.891,43.587,43.592,34758.13,24.632001556680493
2026-04-16 17:35:00+00:00,43.591,43.646,43.523,43.616,52088.13,26.154344366807535
2026-04-16 17:40:00+00:00,43.646,43.8,43.615,43.789,28890.6,36.16383170285554
2026-04-16 17:45:00+00:00,43.794,43.809,43.727,43.779,10939.3,35.86124431748404
2026-04-16 17:50:00+00:00,43.78,43.818,43.666,43.794,24354.67,36.7165910240037
2026-04-16 17:55:00+00:00,43.795,43.82,43.65,43.74,10552.94,34.911585979310985
2026-04-16 18:00:00+00:00,43.74,43.875,43.69,43.704,32810.42,33.721399313825216
2026-04-16 18:05:00+00:00,43.704,43.841,43.66,43.697,10642.43,33.48237505448061
2026-04-16 18:10:00+00:00,43.709,43.77,43.671,43.716,5483.09,34.83260275450152
2026-04-16 18:15:00+00:00,43.71,43.773,43.654,43.721,10603.16,35.20534664753056
2026-04-16 18:20:00+00:00,43.721,43.779,43.46,43.473,37219.26,26.96643193198291
2026-04-16 18:25:00+00:00,43.479,43.642,43.479,43.577,9690.53,33.94742892996679
2026-04-16 18:30:00+00:00,43.577,43.728,43.52,43.726,31516.57,42.43683333585012
2026-04-16 18:35:00+00:00,43.726,43.78,43.653,43.7,31919.87,41.43605553180392
2026-04-16 18:40:00+00:00,43.708,43.786,43.672,43.703,22949.84,41.607170030494835
2026-04-16 18:45:00+00:00,43.703,44.009,43.703,43.872,76521.09,50.39930565038655
2026-04-16 18:50:00+00:00,43.87,44.07,43.836,43.969,51968.44,54.622536168169795
2026-04-16 18:55:00+00:00,43.972,44.043,43.936,44.02,28781.73,56.70958176747769
2026-04-16 19:00:00+00:00,44.017,44.038,43.869,43.924,32122.96,51.87320077759775
2026-04-16 19:05:00+00:00,43.924,43.924,43.743,43.795,18983.83,46.174575114319346
2026-04-16 19:10:00+00:00,43.795,43.795,43.684,43.717,19992.7,43.09200237137275
2026-04-16 19:15:00+00:00,43.717,43.848,43.717,43.786,40833.01,46.49486974708242
2026-04-16 19:20:00+00:00,43.786,43.85,43.749,43.82,14605.87,48.14043496040632
2026-04-16 19:25:00+00:00,43.819,43.872,43.762,43.791,40594.81,46.817816465698705
2026-04-16 19:30:00+00:00,43.787,43.884,43.725,43.805,22062.52,47.56675476603103
2026-04-16 19:35:00+00:00,43.804,43.937,43.778,43.918,26119.6,53.28510022861967
2026-04-16 19:40:00+00:00,43.921,44.149,43.921,44.108,60008.17,60.988999268893444
2026-04-16 19:45:00+00:00,44.105,44.158,44.085,44.156,23422.47,62.66414864508505
2026-04-16 19:50:00+00:00,44.157,44.22,44.132,44.201,45866.1,64.21552462537122
2026-04-16 19:55:00+00:00,44.201,44.236,44.126,44.127,24490.94,59.81405093940754
2026-04-16 20:00:00+00:00,44.129,44.168,43.943,44.039,86897.45,54.987287574059174
2026-04-16 20:05:00+00:00,44.04,44.04,43.878,43.917,14335.88,49.07476439008337
2026-04-16 20:10:00+00:00,43.912,43.98,43.867,43.915,15497.6,48.981782153108576
2026-04-16 20:15:00+00:00,43.914,43.914,43.819,43.837,12855.74,45.37124549498972
2026-04-16 20:20:00+00:00,43.837,43.837,43.717,43.82,14368.84,44.599618658223676
2026-04-16 20:25:00+00:00,43.806,43.81,43.673,43.681,13108.48,38.79058940825894
2026-04-16 20:30:00+00:00,43.682,43.682,43.522,43.552,48001.83,34.322599495391444
2026-04-16 20:35:00+00:00,43.552,43.585,43.421,43.509,52764.4,32.95979446241158
2026-04-16 20:40:00+00:00,43.509,43.543,43.42,43.44,23411.19,30.84347066332363
2026-04-16 20:45:00+00:00,43.439,43.583,43.436,43.508,26825.7,35.255562926649134
2026-04-16 20:50:00+00:00,43.508,43.598,43.5,43.581,8870.4,39.70296108385023
2026-04-16 20:55:00+00:00,43.58,43.668,43.555,43.655,18783.65,43.90915308379366
2026-04-16 21:00:00+00:00,43.657,43.672,43.56,43.566,17907.33,40.27063486082763
2026-04-16 21:05:00+00:00,43.565,43.665,43.544,43.634,11402.53,44.083184552976455
2026-04-16 21:10:00+00:00,43.633,43.688,43.6,43.614,12850.11,43.20958288507357
2026-04-16 21:15:00+00:00,43.611,43.729,43.547,43.673,22546.11,46.57319856382707
2026-04-16 21:20:00+00:00,43.67,43.7,43.443,43.468,30986.76,38.12398746997926
2026-04-16 21:25:00+00:00,43.468,43.468,43.305,43.328,79409.46,33.6360760286434
2026-04-16 21:30:00+00:00,43.328,43.421,43.32,43.398,18763.39,37.59193983936083
2026-04-16 21:35:00+00:00,43.399,43.45,43.399,43.438,10879.96,39.80020353266116
2026-04-16 21:40:00+00:00,43.438,43.51,43.428,43.44,15958.07,39.914684497838586
2026-04-16 21:45:00+00:00,43.44,43.56,43.433,43.557,12140.74,46.34310590829126
2026-04-16 21:50:00+00:00,43.56,43.622,43.539,43.565,9356.94,46.76251930381057
2026-04-16 21:55:00+00:00,43.56,43.65,43.556,43.65,7924.46,51.13315575020188
2026-04-16 22:00:00+00:00,43.649,43.716,43.564,43.588,16300.7,48.035407543544665
2026-04-16 22:05:00+00:00,43.584,43.675,43.572,43.591,7161.16,48.1989371669946
2026-04-16 22:10:00+00:00,43.592,43.639,43.577,43.583,4545.52,47.76724662332336
2026-04-16 22:15:00+00:00,43.584,43.59,43.455,43.475,17512.96,42.263942287949455
2026-04-16 22:20:00+00:00,43.474,43.512,43.449,43.466,9082.88,41.83142899513512
2026-04-16 22:25:00+00:00,43.466,43.53,43.444,43.49,5781.42,43.492131335380485
2026-04-16 22:30:00+00:00,43.483,43.502,43.432,43.432,9229.63,40.48405505693942
2026-04-16 22:35:00+00:00,43.432,43.518,43.408,43.512,5635.62,46.02886172888698
2026-04-16 22:40:00+00:00,43.512,43.549,43.452,43.498,5664.8,45.23463068891031
2026-04-16 22:45:00+00:00,43.498,43.603,43.451,43.6,17671.36,51.7649732567504
2026-04-16 22:50:00+00:00,43.601,43.607,43.496,43.537,19063.14,47.96095310087514
2026-04-16 22:55:00+00:00,43.532,43.603,43.527,43.588,9071.45,51.09411100719697
2026-04-16 23:00:00+00:00,43.589,43.684,43.546,43.682,8391.0,56.31481950472543
2026-04-16 23:05:00+00:00,43.681,43.789,43.674,43.784,18400.36,61.15994593599302
2026-04-16 23:10:00+00:00,43.784,43.957,43.779,43.939,30311.01,67.12661110316262
2026-04-16 23:15:00+00:00,43.938,43.938,43.841,43.893,11072.61,63.98507991964482
2026-04-16 23:20:00+00:00,43.893,43.993,43.875,43.882,28221.33,63.223102687848126
2026-04-16 23:25:00+00:00,43.878,43.976,43.856,43.973,8919.73,66.75070126241833
2026-04-16 23:30:00+00:00,43.973,43.973,43.91,43.946,3521.85,64.7657203861116
2026-04-16 23:35:00+00:00,43.946,44.012,43.921,43.934,11306.13,63.85683308402012
2026-04-16 23:40:00+00:00,43.935,43.975,43.881,43.913,7409.32,62.211483723335874
2026-04-16 23:45:00+00:00,43.91,43.927,43.798,43.832,8556.44,56.19680063769126
2026-04-16 23:50:00+00:00,43.832,43.852,43.792,43.792,2948.72,53.448661726224934
2026-04-16 23:55:00+00:00,43.792,43.859,43.761,43.813,24031.31,54.70110674091898
2026-04-17 00:00:00+00:00,43.814,43.886,43.777,43.786,20373.1,52.736537837954245
2026-04-17 00:05:00+00:00,43.786,43.786,43.699,43.703,10477.4,47.13262015771253
2026-04-17 00:10:00+00:00,43.704,43.773,43.677,43.737,10288.49,49.49994310332496
2026-04-17 00:15:00+00:00,43.737,43.794,43.714,43.737,14289.69,49.49994310332496
2026-04-17 00:20:00+00:00,43.734,43.814,43.721,43.789,9331.19,53.21582965524406
2026-04-17 00:25:00+00:00,43.787,44.059,43.782,44.05,20639.82,66.52855314709852
2026-04-17 00:30:00+00:00,44.05,44.231,44.05,44.161,46045.9,70.38782554688223
2026-04-17 00:35:00+00:00,44.16,44.248,44.135,44.235,21498.96,72.65171140351988
2026-04-17 00:40:00+00:00,44.24,44.367,44.082,44.168,36146.26,67.61167483523084
2026-04-17 00:45:00+00:00,44.164,44.168,44.055,44.088,5516.56,62.07435134076509
2026-04-17 00:50:00+00:00,44.087,44.097,44.053,44.054,3414.89,59.83159349370366
2026-04-17 00:55:00+00:00,44.053,44.053,43.948,43.948,8210.11,53.358851453470066
2026-04-17 01:00:00+00:00,43.948,43.951,43.88,43.889,6349.06,50.109416096922615
2026-04-17 01:05:00+00:00,43.893,43.973,43.883,43.915,9503.49,51.51078539423342
2026-04-17 01:10:00+00:00,43.92,43.92,43.828,43.832,10740.06,46.97464063394548
2026-04-17 01:15:00+00:00,43.83,43.85,43.81,43.834,11034.12,47.09553821766037
2026-04-17 01:20:00+00:00,43.834,43.867,43.72,43.744,14965.88,42.40961150717521
2026-04-17 01:25:00+00:00,43.741,43.795,43.729,43.729,10762.37,41.66552064134435
2026-04-17 01:30:00+00:00,43.729,43.829,43.683,43.818,29486.84,47.54613383546766
2026-04-17 01:35:00+00:00,43.816,43.851,43.795,43.815,7496.27,47.37277656543855
2026-04-17 01:40:00+00:00,43.815,43.87,43.75,43.779,12764.16,45.24107831908184
2026-04-17 01:45:00+00:00,43.776,43.783,43.69,43.691,12322.83,40.449536407219064
2026-04-17 01:50:00+00:00,43.692,43.754,43.668,43.718,15661.11,42.463051745227474
2026-04-17 01:55:00+00:00,43.72,43.853,43.699,43.798,25919.69,48.06618473380824
2026-04-17 02:00:00+00:00,43.797,43.805,43.715,43.749,13738.73,45.164990492825716
2026-04-17 02:05:00+00:00,43.753,43.756,43.575,43.584,11895.31,37.05444574826548
2026-04-17 02:10:00+00:00,43.583,43.642,43.569,43.602,7757.52,38.354972811777664
2026-04-17 02:15:00+00:00,43.594,43.602,43.477,43.478,17397.88,33.257267163363665
2026-04-17 02:20:00+00:00,43.478,43.572,43.451,43.564,20617.45,39.28445116663524
2026-04-17 02:25:00+00:00,43.562,43.64,43.524,43.542,4033.41,38.330847741426844
2026-04-17 02:30:00+00:00,43.54,43.644,43.454,43.471,29881.0,35.3486255637074
2026-04-17 02:35:00+00:00,43.471,43.511,43.435,43.477,7549.9,35.80317664443008
2026-04-17 02:40:00+00:00,43.474,43.495,43.398,43.411,13566.01,33.0504699426767
2026-04-17 02:45:00+00:00,43.411,43.44,43.282,43.33,24165.04,30.001793320004552
2026-04-17 02:50:00+00:00,43.33,43.33,43.2,43.231,50445.21,26.75354036585165
2026-04-17 02:55:00+00:00,43.232,43.302,43.2,43.302,31807.38,32.405773508537195
2026-04-17 03:00:00+00:00,43.306,43.327,43.207,43.24,18984.68,30.213228163846864
2026-04-17 03:05:00+00:00,43.241,43.271,43.17,43.214,11377.04,29.317413462657754
2026-04-17 03:10:00+00:00,43.214,43.401,43.214,43.391,11862.55,41.938432292208645
2026-04-17 03:15:00+00:00,43.391,43.473,43.377,43.437,10701.44,44.701942696607766
2026-04-17 03:20:00+00:00,43.44,43.484,43.354,43.469,31915.78,46.605837527442155
2026-04-17 03:25:00+00:00,43.469,43.486,43.442,43.455,3556.12,45.861880788010396
2026-04-17 03:30:00+00:00,43.455,43.488,43.398,43.482,16389.05,47.59914607403879
2026-04-17 03:35:00+00:00,43.482,43.482,43.407,43.436,5542.42,44.952501671392646
2026-04-17 03:40:00+00:00,43.436,43.451,43.376,43.447,3159.71,45.72960532280402
2026-04-17 03:45:00+00:00,43.442,43.503,43.4,43.462,11894.08,46.83184542203493
2026-04-17 03:50:00+00:00,43.462,43.49,43.373,43.374,4603.69,41.505873406879914
2026-04-17 03:55:00+00:00,43.374,43.374,43.255,43.289,9691.55,37.11520708228014
2026-04-17 04:00:00+00:00,43.292,43.357,43.259,43.357,5807.25,42.36765591911847
2026-04-17 04:05:00+00:00,43.357,43.424,43.357,43.416,8514.46,46.53993598020706
2026-04-17 04:10:00+00:00,43.404,43.443,43.402,43.424,2651.12,47.09916838210704
2026-04-17 04:15:00+00:00,43.43,43.496,43.41,43.496,4624.55,51.968976873159065
2026-04-17 04:20:00+00:00,43.496,43.513,43.434,43.434,2779.42,47.88145058532103
2026-04-17 04:25:00+00:00,43.428,43.428,43.377,43.38,3292.93,44.59174089962734
2026-04-17 04:30:00+00:00,43.38,43.48,43.376,43.48,3040.93,51.26884169670304
2026-04-17 04:35:00+00:00,43.48,43.568,43.48,43.543,9830.01,54.95195130804124
2026-04-17 04:40:00+00:00,43.543,43.648,43.525,43.629,23635.44,59.456690868198
2026-04-17 04:45:00+00:00,43.622,43.634,43.516,43.529,23328.24,52.839974275305934
2026-04-17 04:50:00+00:00,43.521,43.537,43.472,43.508,2301.7,51.542754964791506
2026-04-17 04:55:00+00:00,43.508,43.556,43.502,43.517,2637.62,52.0856604280459
2026-04-17 05:00:00+00:00,43.517,43.521,43.366,43.39,10291.07,44.50778638168716
2026-04-17 05:05:00+00:00,43.39,43.418,43.289,43.315,18494.76,40.738362312362604
2026-04-17 05:10:00+00:00,43.309,43.4,43.304,43.4,5087.06,46.29017827191726
2026-04-17 05:15:00+00:00,43.4,43.431,43.363,43.417,4456.21,47.35249467699116
2026-04-17 05:20:00+00:00,43.417,43.488,43.417,43.466,2657.49,50.39781398510213
2026-04-17 05:25:00+00:00,43.466,43.478,43.293,43.33,5333.89,42.96873291323701
2026-04-17 05:30:00+00:00,43.33,43.38,43.324,43.38,5039.75,46.113709836974316
2026-04-17 05:35:00+00:00,43.38,43.457,43.37,43.429,2168.48,49.07735468233416
2026-04-17 05:40:00+00:00,43.427,43.451,43.4,43.436,7043.88,49.50460880005092
2026-04-17 05:45:00+00:00,43.435,43.578,43.435,43.557,13221.14,56.32596369584885
2026-04-17 05:50:00+00:00,43.562,43.6,43.543,43.577,10073.4,57.351502155705155
2026-04-17 05:55:00+00:00,43.589,43.59,43.495,43.518,7007.6,53.37012312065129
2026-04-17 06:00:00+00:00,43.518,43.596,43.451,43.571,10176.16,56.30461453995986
2026-04-17 06:05:00+00:00,43.572,43.612,43.466,43.47,7490.04,49.86454412778709
2026-04-17 06:10:00+00:00,43.472,43.531,43.456,43.483,9051.61,50.64701239871979
2026-04-17 06:15:00+00:00,43.484,43.612,43.483,43.583,10067.71,56.29730937377665
2026-04-17 06:20:00+00:00,43.58,43.717,43.571,43.71,23460.62,62.21397985549178
2026-04-17 06:25:00+00:00,43.711,43.751,43.666,43.727,24012.3,62.93730912312182
2026-04-17 06:30:00+00:00,43.714,43.835,43.681,43.816,32223.52,66.54771811857545
2026-04-17 06:35:00+00:00,43.816,43.893,43.806,43.889,22121.77,69.19813396643332
2026-04-17 06:40:00+00:00,43.889,43.913,43.796,43.808,11171.02,63.21340737416149
2026-04-17 06:45:00+00:00,43.807,43.841,43.78,43.785,9031.09,61.58467369539348
2026-04-17 06:50:00+00:00,43.785,43.832,43.761,43.761,7752.5,59.851725265307024
2026-04-17 06:55:00+00:00,43.762,43.787,43.716,43.752,15764.49,59.179216182689764
2026-04-17 07:00:00+00:00,43.753,43.858,43.739,43.787,14944.12,61.013820360795926
2026-04-17 07:05:00+00:00,43.788,43.848,43.755,43.848,7133.52,64.0466426555676
2026-04-17 07:10:00+00:00,43.848,43.87,43.749,43.755,10356.49,56.79281138732069
2026-04-17 07:15:00+00:00,43.755,43.766,43.659,43.709,16923.8,53.56146795440868
2026-04-17 07:20:00+00:00,43.709,43.724,43.567,43.57,19266.14,45.19370532930842
2026-04-17 07:25:00+00:00,43.571,43.609,43.556,43.598,8534.91,46.99026012579305
2026-04-17 07:30:00+00:00,43.602,43.635,43.551,43.563,9376.72,45.0043516360636
2026-04-17 07:35:00+00:00,43.564,43.79,43.478,43.79,23483.64,57.53837477907528
2026-04-17 07:40:00+00:00,43.79,43.821,43.702,43.811,13915.7,58.48110212145125
2026-04-17 07:45:00+00:00,43.809,43.895,43.8,43.884,23120.26,61.667126639962206
2026-04-17 07:50:00+00:00,43.883,43.944,43.825,43.935,17936.41,63.75945579654875
2026-04-17 07:55:00+00:00,43.936,43.952,43.866,43.915,9666.47,62.32280852699754
2026-04-17 08:00:00+00:00,43.916,43.972,43.905,43.953,18216.94,63.98334058184162
2026-04-17 08:05:00+00:00,43.968,43.973,43.857,43.857,5989.03,57.132775681121394
2026-04-17 08:10:00+00:00,43.859,43.884,43.799,43.801,9926.19,53.53216815452265
2026-04-17 08:15:00+00:00,43.801,43.818,43.754,43.757,9495.51,50.82202779777588
2026-04-17 08:20:00+00:00,43.757,43.86,43.749,43.86,5340.48,56.38812674829069
2026-04-17 08:25:00+00:00,43.86,43.947,43.782,43.826,29312.46,54.20709100489999
2026-04-17 08:30:00+00:00,43.822,43.917,43.804,43.897,8417.66,57.87158761077898
2026-04-17 08:35:00+00:00,43.9,43.939,43.79,43.797,10666.04,51.60753314006286
2026-04-17 08:40:00+00:00,43.796,44.126,43.796,43.964,70109.6,59.49290808901215
2026-04-17 08:45:00+00:00,43.964,44.11,43.93,44.034,39431.21,62.268257702187334
2026-04-17 08:50:00+00:00,44.037,44.25,44.023,44.228,40662.13,68.6741284310652
2026-04-17 08:55:00+00:00,44.229,44.36,44.096,44.158,77002.03,64.4240189450077
2026-04-17 09:00:00+00:00,44.158,44.202,44.093,44.186,18396.59,65.34782775741807
2026-04-17 09:05:00+00:00,44.186,44.323,44.138,44.234,29333.36,66.93303985125607
2026-04-17 09:10:00+00:00,44.231,44.419,44.199,44.41,28387.03,71.99233414697126
2026-04-17 09:15:00+00:00,44.409,44.409,44.264,44.309,16042.31,65.7730939332958
2026-04-17 09:20:00+00:00,44.315,44.42,44.232,44.404,31599.14,68.52715750095612
2026-04-17 09:25:00+00:00,44.409,44.466,44.369,44.397,32295.7,68.09238309620127
2026-04-17 09:30:00+00:00,44.419,44.42,43.977,44.08,111148.59,52.001976808402205
2026-04-17 09:35:00+00:00,44.068,44.103,43.984,44.078,15676.17,51.918618858694344
2026-04-17 09:40:00+00:00,44.073,44.145,44.013,44.069,6822.21,51.518409888987726
2026-04-17 09:45:00+00:00,44.073,44.139,43.989,44.132,12358.72,54.180928746996486
2026-04-17 09:50:00+00:00,44.135,44.223,44.122,44.212,9904.21,57.38164133492924
2026-04-17 09:55:00+00:00,44.211,44.26,44.176,44.255,5912.83,59.03796450632336
2026-04-17 10:00:00+00:00,44.255,44.284,44.185,44.189,9692.98,55.47427270419691
2026-04-17 10:05:00+00:00,44.19,44.201,44.103,44.107,6684.6,51.32870802359449
2026-04-17 10:10:00+00:00,44.104,44.104,43.974,43.988,8278.0,45.96088428391352
2026-04-17 10:15:00+00:00,43.988,44.03,43.942,43.985,6601.17,45.830761315491245
2026-04-17 10:20:00+00:00,43.984,44.139,43.974,44.123,6098.8,52.493612428923846
2026-04-17 10:25:00+00:00,44.125,44.14,43.944,43.982,11272.77,46.235953292649455
2026-04-17 10:30:00+00:00,43.987,44.007,43.251,43.531,401675.29,32.77687982513247
2026-04-17 10:35:00+00:00,43.531,43.545,43.276,43.365,86237.56,29.38614242846434
2026-04-17 10:40:00+00:00,43.365,43.427,43.262,43.273,30581.26,27.67725303497457
2026-04-17 10:45:00+00:00,43.273,43.408,43.272,43.389,16695.88,32.97016161203787
2026-04-17 10:50:00+00:00,43.389,43.427,43.375,43.423,4711.01,34.48363532496691
2026-04-17 10:55:00+00:00,43.423,43.423,43.322,43.364,10284.16,33.08749714220279
2026-04-17 11:00:00+00:00,43.364,43.449,43.351,43.425,5837.66,35.97375990710805
2026-04-17 11:05:00+00:00,43.425,43.497,43.394,43.454,18014.37,37.35717582077204
2026-04-17 11:10:00+00:00,43.454,43.482,43.369,43.482,12865.45,38.73362961476259
2026-04-17 11:15:00+00:00,43.482,43.556,43.481,43.545,29312.87,41.830701839668215
2026-04-17 11:20:00+00:00,43.542,43.583,43.528,43.551,7427.87,42.13073725117008
2026-04-17 11:25:00+00:00,43.554,43.589,43.553,43.583,10902.92,43.79580099897986
2026-04-17 11:30:00+00:00,43.584,43.648,43.583,43.621,23477.19,45.79049667278321
2026-04-17 11:35:00+00:00,43.619,43.625,43.55,43.592,23309.94,44.49273172859203
2026-04-17 11:40:00+00:00,43.585,43.597,43.507,43.509,12330.04,40.918329989684956
2026-04-17 11:45:00+00:00,43.509,43.574,43.457,43.56,10054.36,43.90061508721677
2026-04-17 11:50:00+00:00,43.559,43.614,43.525,43.533,6953.96,42.67254483767767
2026-04-17 11:55:00+00:00,43.532,43.651,43.49,43.65,16730.8,49.292183669818264
2026-04-17 12:00:00+00:00,43.65,43.712,43.602,43.693,27164.43,51.50836716888608
2026-04-17 12:05:00+00:00,43.693,43.704,43.642,43.7,9855.61,51.8770874114679
2026-04-17 12:10:00+00:00,43.7,43.7,43.601,43.607,4546.97,46.7870029268359
2026-04-17 12:15:00+00:00,43.607,43.62,43.554,43.572,7714.71,44.99759844543702
2026-04-17 12:20:00+00:00,43.572,43.726,43.571,43.712,21959.18,52.777543724989805
2026-04-17 12:25:00+00:00,43.7,43.773,43.571,43.673,23252.69,50.62913621109632
2026-04-17 12:30:00+00:00,43.67,43.824,43.667,43.788,32474.7,56.280584431362946
2026-04-17 12:35:00+00:00,43.788,43.824,43.749,43.75,16813.93,54.07776840075535
2026-04-17 12:40:00+00:00,43.75,43.83,43.744,43.777,10893.3,55.413107858898485
2026-04-17 12:45:00+00:00,43.78,43.958,43.76,43.932,27256.73,62.207186101123504
2026-04-17 12:50:00+00:00,43.931,44.146,43.876,44.098,49536.99,67.85629945328246
2026-04-17 12:55:00+00:00,44.097,44.146,44.065,44.145,14828.4,69.25745185433097
2026-04-17 13:00:00+00:00,44.133,44.187,44.044,44.163,16421.93,69.80038976856494
2026-04-17 13:05:00+00:00,44.162,44.439,44.115,44.407,122820.13,75.99046652642359
2026-04-17 13:10:00+00:00,44.407,44.532,44.382,44.529,47691.49,78.37698912420662
2026-04-17 13:15:00+00:00,44.529,44.575,44.38,44.526,50837.51,78.17122254336905
2026-04-17 13:20:00+00:00,44.521,44.78,44.52,44.765,79126.51,82.18409595394652
2026-04-17 13:25:00+00:00,44.768,44.768,44.193,44.385,76177.6,62.50823786219738
2026-04-17 13:30:00+00:00,44.366,44.552,44.34,44.544,54461.33,66.15902853482166
2026-04-17 13:35:00+00:00,44.537,44.586,44.487,44.531,22049.1,65.59660516983055
2026-04-17 13:40:00+00:00,44.53,44.649,44.482,44.644,25097.11,68.13255822901809
2026-04-17 13:45:00+00:00,44.626,44.643,44.421,44.569,27566.56,64.72249326209041
2026-04-17 13:50:00+00:00,44.55,44.788,44.536,44.729,41354.56,68.3606312703786
2026-04-17 13:55:00+00:00,44.73,44.979,44.653,44.945,76125.26,72.48592316585896
2026-04-17 14:00:00+00:00,44.945,45.025,44.52,44.663,119413.38,61.256464048308615
2026-04-17 14:05:00+00:00,44.663,44.681,44.456,44.601,102900.07,59.089061783425656
2026-04-17 14:10:00+00:00,44.593,44.64,44.59,44.62,37783.06,59.56126802439892
2026-04-17 14:15:00+00:00,44.619,44.898,44.619,44.879,78280.03,65.42051322628637
2026-04-17 14:20:00+00:00,44.889,44.946,44.826,44.831,17973.77,63.58184477184217
2026-04-17 14:25:00+00:00,44.83,44.84,44.686,44.701,20088.44,58.76466820664649
2026-04-17 14:30:00+00:00,44.7,44.82,44.693,44.815,21759.08,61.51802785745379
2026-04-17 14:35:00+00:00,44.82,44.884,44.792,44.88,15994.43,63.033657605483384
2026-04-17 14:40:00+00:00,44.879,45.028,44.833,44.944,74070.5,64.51557787286816
2026-04-17 14:45:00+00:00,44.938,45.079,44.916,44.925,46849.58,63.69916395727981
2026-04-17 14:50:00+00:00,44.925,44.95,44.803,44.812,37463.22,58.92339717433082
2026-04-17 14:55:00+00:00,44.812,44.987,44.735,44.934,54102.87,62.2170046074212
2026-04-17 15:00:00+00:00,44.934,44.934,44.687,44.782,33681.03,56.1736459575744
2026-04-17 15:05:00+00:00,44.763,45.023,44.733,45.019,26800.78,62.31941637342761
2026-04-17 15:10:00+00:00,45.023,45.22,44.991,45.083,39882.82,63.79585564682642
2026-04-17 15:15:00+00:00,45.08,45.2,44.997,45.052,30346.19,62.518035607048645
2026-04-17 15:20:00+00:00,45.066,45.068,44.878,44.979,52296.95,59.49592537329805
2026-04-17 15:25:00+00:00,44.988,45.009,44.797,44.903,32187.19,56.437164144044566
2026-04-17 15:30:00+00:00,44.907,44.924,44.752,44.841,54862.34,53.99822686051311
2026-04-17 15:35:00+00:00,44.84,44.95,44.805,44.895,28582.15,55.79023671180096
2026-04-17 15:40:00+00:00,44.895,44.95,44.794,44.878,11850.31,55.063016955263954
2026-04-17 15:45:00+00:00,44.881,45.014,44.881,44.897,15436.19,55.757145598976514
2026-04-17 15:50:00+00:00,44.885,45.091,44.842,45.091,9715.9,62.180787829275886
2026-04-17 15:55:00+00:00,45.09,45.309,45.09,45.276,59750.75,67.08812121029727
2026-04-17 16:00:00+00:00,45.276,45.438,45.177,45.413,73469.2,70.17453293962767
2026-04-17 16:05:00+00:00,45.407,45.485,45.331,45.466,47560.72,71.2959927209068
2026-04-17 16:10:00+00:00,45.465,45.5,45.38,45.38,66453.33,66.90025769383377
2026-04-17 16:15:00+00:00,45.38,45.427,45.235,45.326,62558.14,64.22272308588794
2026-04-17 16:20:00+00:00,45.326,45.5,45.32,45.42,59801.4,66.71969350122009
2026-04-17 16:25:00+00:00,45.401,45.478,45.347,45.381,36446.51,64.70204477741109
2026-04-17 16:30:00+00:00,45.38,45.455,45.164,45.177,35970.38,55.284361951557436
2026-04-17 16:35:00+00:00,45.178,45.365,45.11,45.285,16709.95,58.71078477248996
2026-04-17 16:40:00+00:00,45.285,45.363,45.107,45.235,12076.28,56.55031841136733
2026-04-17 16:45:00+00:00,45.234,45.24,45.088,45.1,13420.41,51.08436335997057
2026-04-17 16:50:00+00:00,45.099,45.232,45.099,45.173,9105.7,53.6909413817525
2026-04-17 16:55:00+00:00,45.172,45.237,45.146,45.158,7427.56,53.0652127739429
2026-04-17 17:00:00+00:00,45.146,45.222,44.971,45.175,58415.5,53.72345877555949
2026-04-17 17:05:00+00:00,45.173,45.174,44.899,44.944,26755.68,44.575270299064584
2026-04-17 17:10:00+00:00,44.943,44.989,44.685,44.756,63133.43,38.786546788133904
2026-04-17 17:15:00+00:00,44.748,44.78,44.67,44.671,15074.25,36.47986441626375
2026-04-17 17:20:00+00:00,44.67,44.671,44.414,44.517,119891.39,32.686992922785365
2026-04-17 17:25:00+00:00,44.519,44.654,44.498,44.633,25165.14,37.92263710813916
2026-04-17 17:30:00+00:00,44.632,44.724,44.632,44.704,25537.9,40.95007687556808
2026-04-17 17:35:00+00:00,44.703,44.771,44.67,44.74,27401.12,42.481786619186586
2026-04-17 17:40:00+00:00,44.737,44.76,44.659,44.678,4456.26,40.53182026134231
2026-04-17 17:45:00+00:00,44.684,44.897,44.619,44.691,33788.16,41.14187265006151
2026-04-17 17:50:00+00:00,44.69,44.758,44.628,44.628,12426.11,39.051141909230665
2026-04-17 17:55:00+00:00,44.628,44.673,44.546,44.584,25350.5,37.61348762143656
2026-04-17 18:00:00+00:00,44.587,44.693,44.469,44.475,27513.02,34.249647564409045
2026-04-17 18:05:00+00:00,44.473,44.488,44.222,44.289,89588.68,29.41531649486967
2026-04-17 18:10:00+00:00,44.289,44.289,44.1,44.146,89451.78,26.337373823009514
2026-04-17 18:15:00+00:00,44.141,44.218,44.051,44.153,79375.17,26.741476611890107
2026-04-17 18:20:00+00:00,44.152,44.334,44.152,44.334,34579.03,36.44946171775876
2026-04-17 18:25:00+00:00,44.333,44.414,44.333,44.396,18790.04,39.411293698367665
2026-04-17 18:30:00+00:00,44.395,44.541,44.317,44.541,29001.9,45.77620151747369
2026-04-17 18:35:00+00:00,44.54,44.55,44.353,44.39,28524.36,40.95156528892634
2026-04-17 18:40:00+00:00,44.388,44.501,44.341,44.495,26949.52,45.27111481896673
2026-04-17 18:45:00+00:00,44.494,44.504,44.247,44.261,48232.46,38.51004611656081
2026-04-17 18:50:00+00:00,44.26,44.28,43.991,44.105,131630.61,34.78075265345194
2026-04-17 18:55:00+00:00,44.104,44.143,44.082,44.126,12209.15,35.68368057778538
2026-04-17 19:00:00+00:00,44.125,44.179,44.027,44.061,29263.89,34.10958020567965
2026-04-17 19:05:00+00:00,44.06,44.111,43.953,44.093,29527.31,35.61537656740491
2026-04-17 19:10:00+00:00,44.092,44.194,44.092,44.179,9534.58,39.60970935321892
2026-04-17 19:15:00+00:00,44.178,44.255,44.152,44.211,26713.79,41.074585613412644
2026-04-17 19:20:00+00:00,44.21,44.231,44.138,44.182,6546.25,40.12468501731008
2026-04-17 19:25:00+00:00,44.181,44.22,44.13,44.149,5302.57,39.01887544905684
2026-04-17 19:30:00+00:00,44.148,44.226,44.134,44.169,7235.94,40.09638828917412
2026-04-17 19:35:00+00:00,44.161,44.288,44.133,44.259,6338.44,44.821319932216504
2026-04-17 19:40:00+00:00,44.258,44.335,44.258,44.325,16839.34,48.0569304753381
2026-04-17 19:45:00+00:00,44.324,44.343,44.259,44.343,5580.65,48.93637774723474
2026-04-17 19:50:00+00:00,44.341,44.392,44.32,44.377,15242.38,50.63649653340222
2026-04-17 19:55:00+00:00,44.371,44.438,44.314,44.418,16265.19,52.682376704300566
2026-04-17 20:00:00+00:00,44.407,44.52,44.407,44.472,22639.43,55.30952035347017
2026-04-17 20:05:00+00:00,44.471,44.476,44.306,44.341,23571.83,48.303072789689665
2026-04-17 20:10:00+00:00,44.335,44.344,44.219,44.294,17853.5,46.04919050698478
2026-04-17 20:15:00+00:00,44.293,44.379,44.265,44.373,25094.27,50.25116402274292
2026-04-17 20:20:00+00:00,44.379,44.431,44.333,44.409,7331.16,52.08266881675137
2026-04-17 20:25:00+00:00,44.409,44.438,44.236,44.245,29310.7,44.114904019828664
2026-04-17 20:30:00+00:00,44.244,44.259,44.109,44.175,14201.11,41.216535309828714
2026-04-17 20:35:00+00:00,44.174,44.287,44.146,44.264,7464.21,46.06819058129275
2026-04-17 20:40:00+00:00,44.263,44.339,44.263,44.296,11455.48,47.7383671437879
2026-04-17 20:45:00+00:00,44.292,44.388,44.246,44.388,10640.37,52.310921307325124
2026-04-17 20:50:00+00:00,44.378,44.435,44.375,44.413,10013.17,53.5014828553838
2026-04-17 20:55:00+00:00,44.412,44.694,44.412,44.669,33181.88,63.539359478205625
2026-04-17 21:00:00+00:00,44.667,44.8,44.667,44.715,21245.73,65.00138889152387
2026-04-17 21:05:00+00:00,44.714,44.719,44.513,44.514,18805.89,54.68309662313288
2026-04-17 21:10:00+00:00,44.513,44.68,44.509,44.67,3888.05,59.99135718485775
2026-04-17 21:15:00+00:00,44.669,44.669,44.5,44.56,8980.03,55.0910238742119
2026-04-17 21:20:00+00:00,44.559,44.615,44.539,44.552,9613.39,54.74081257121054
2026-04-17 21:25:00+00:00,44.551,44.575,44.52,44.537,1312.69,54.04705567981709
2026-04-17 21:30:00+00:00,44.536,44.544,44.468,44.483,3297.91,51.51586839819707
2026-04-17 21:35:00+00:00,44.482,44.54,44.391,44.412,13397.99,48.312125497912305
2026-04-17 21:40:00+00:00,44.414,44.556,44.41,44.491,2948.36,51.896756208322834
2026-04-17 21:45:00+00:00,44.49,44.607,44.49,44.595,9289.94,56.20293165197974
2026-04-17 21:50:00+00:00,44.594,44.623,44.583,44.601,2163.74,56.4451774206373
2026-04-17 21:55:00+00:00,44.601,44.624,44.559,44.571,3761.62,54.812700515297145
2026-04-17 22:00:00+00:00,44.57,44.592,44.49,44.533,5393.25,52.73231387005008
2026-04-17 22:05:00+00:00,44.532,44.658,44.488,44.658,5395.15,58.33442064986817
2026-04-17 22:10:00+00:00,44.653,44.669,44.596,44.655,12888.69,58.156273231616595
2026-04-17 22:15:00+00:00,44.65,44.684,44.583,44.617,18583.16,55.83047008540353
2026-04-17 22:20:00+00:00,44.614,44.83,44.614,44.824,17277.27,64.2239210542412
2026-04-17 22:25:00+00:00,44.823,44.861,44.786,44.83,11452.76,64.43488468445318
2026-04-17 22:30:00+00:00,44.829,44.85,44.76,44.821,7989.15,63.826897358536094
2026-04-17 22:35:00+00:00,44.819,44.82,44.682,44.709,7261.89,56.66177161614542
2026-04-17 22:40:00+00:00,44.708,44.739,44.664,44.686,7271.63,55.28913871669491
2026-04-17 22:45:00+00:00,44.685,44.725,44.675,44.698,7216.22,55.889543168348744
2026-04-17 22:50:00+00:00,44.69,44.734,44.647,44.702,5316.22,56.10115860970085
2026-04-17 22:55:00+00:00,44.701,44.727,44.662,44.7,7462.04,55.95661067602046
2026-04-17 23:00:00+00:00,44.699,44.7,44.654,44.673,4663.06,53.936203586997195
2026-04-17 23:05:00+00:00,44.672,44.738,44.669,44.697,3767.49,55.47514524162247
2026-04-17 23:10:00+00:00,44.689,44.722,44.598,44.675,13336.1,53.703956544722345
2026-04-17 23:15:00+00:00,44.674,44.681,44.41,44.416,39561.25,38.22921178554866
2026-04-17 23:20:00+00:00,44.417,44.52,44.352,44.429,28122.25,39.176574651720095
2026-04-17 23:25:00+00:00,44.428,44.524,44.428,44.499,6403.54,44.14411625678618
2026-04-17 23:30:00+00:00,44.498,44.561,44.443,44.443,7531.54,41.242185905733706
2026-04-17 23:35:00+00:00,44.442,44.49,44.407,44.451,4670.48,41.83048240411705
2026-04-17 23:40:00+00:00,44.45,44.47,44.414,44.415,12053.81,39.89475740736802
2026-04-17 23:45:00+00:00,44.414,44.489,44.392,44.48,28276.48,44.85656731538186
2026-04-17 23:50:00+00:00,44.483,44.576,44.467,44.575,13478.55,51.1976502417198
2026-04-17 23:55:00+00:00,44.574,44.646,44.574,44.622,12504.12,54.01502442970019
2026-04-18 00:00:00+00:00,44.622,44.727,44.499,44.517,26542.66,47.42766092915058
2026-04-18 00:05:00+00:00,44.516,44.526,44.468,44.483,6338.29,45.492952699361624
2026-04-18 00:10:00+00:00,44.485,44.568,44.478,44.535,6182.51,48.9246149108237
2026-04-18 00:15:00+00:00,44.53,44.712,44.53,44.712,13416.25,58.50176167017064
2026-04-18 00:20:00+00:00,44.705,44.743,44.683,44.743,16042.11,59.91929398038054
2026-04-18 00:25:00+00:00,44.742,44.774,44.723,44.739,9067.04,59.63622230717943
2026-04-18 00:30:00+00:00,44.738,44.806,44.694,44.736,9956.46,59.40953259720993
2026-04-18 00:35:00+00:00,44.73,44.754,44.624,44.636,22112.2,52.27624845338841
2026-04-18 00:40:00+00:00,44.634,44.721,44.617,44.701,14609.87,55.976380118276715
2026-04-18 00:45:00+00:00,44.699,44.816,44.696,44.816,20373.22,61.64268533878361
2026-04-18 00:50:00+00:00,44.807,44.815,44.737,44.802,12477.24,60.619761461033704
2026-04-18 00:55:00+00:00,44.801,44.874,44.801,44.866,5985.29,63.59397186669929
2026-04-18 01:00:00+00:00,44.865,44.91,44.81,44.908,10941.96,65.43872034265539
2026-04-18 01:05:00+00:00,44.907,45.005,44.905,45.002,19273.98,69.20032570060816
2026-04-18 01:10:00+00:00,45.001,45.19,44.999,45.167,31174.3,74.45584596087932
2026-04-18 01:15:00+00:00,45.166,45.2,45.12,45.182,13581.36,74.8755642614836
2026-04-18 01:20:00+00:00,45.181,45.21,45.112,45.136,10433.54,71.02159658020503
2026-04-18 01:25:00+00:00,45.135,45.152,45.03,45.071,9761.42,65.86280049577724
2026-04-18 01:30:00+00:00,45.078,45.093,45.024,45.035,2990.57,63.12783016214182
2026-04-18 01:35:00+00:00,45.034,45.084,45.002,45.083,9801.51,65.20265733329413
2026-04-18 01:40:00+00:00,45.087,45.135,44.946,44.946,13051.54,55.588104135363025
2026-04-18 01:45:00+00:00,44.946,44.96,44.815,44.817,7477.19,48.35740016810269
2026-04-18 01:50:00+00:00,44.815,44.909,44.742,44.895,21672.87,52.39001154405607
2026-04-18 01:55:00+00:00,44.896,44.961,44.88,44.961,13428.41,55.55270856932406
2026-04-18 02:00:00+00:00,44.96,45.029,44.94,45.029,5825.08,58.60389441118196
2026-04-18 02:05:00+00:00,45.023,45.078,44.999,45.075,3582.08,60.57551347100996
2026-04-18 02:10:00+00:00,45.073,45.086,44.979,45.019,2903.07,57.015348029388484
2026-04-18 02:15:00+00:00,45.018,45.068,44.995,45.029,3940.44,57.49574705716718
2026-04-18 02:20:00+00:00,45.028,45.085,44.985,45.071,16082.95,59.54095874538157
2026-04-18 02:25:00+00:00,45.07,45.085,45.029,45.085,7452.23,60.22794389738236
2026-04-18 02:30:00+00:00,45.084,45.085,44.999,45.034,5385.31,56.46654167229839
2026-04-18 02:35:00+00:00,45.033,45.066,44.998,45.052,4469.93,57.47596473261434
2026-04-18 02:40:00+00:00,45.051,45.085,45.001,45.016,13773.54,54.74204506259137
2026-04-18 02:45:00+00:00,45.015,45.042,44.993,45.017,2477.09,54.806352182516065
2026-04-18 02:50:00+00:00,45.016,45.173,44.959,45.164,18503.2,63.105410784947054
2026-04-18 02:55:00+00:00,45.162,45.21,45.151,45.163,10286.96,63.020629202605555
2026-04-18 03:00:00+00:00,45.162,45.21,45.065,45.209,15507.81,65.3281939687004
2026-04-18 03:05:00+00:00,45.208,45.285,45.173,45.285,16027.96,68.79305687186638
2026-04-18 03:10:00+00:00,45.284,45.33,45.263,45.292,21436.0,69.09935634360437
2026-04-18 03:15:00+00:00,45.291,45.336,45.223,45.329,6731.96,70.73444088073079
2026-04-18 03:20:00+00:00,45.329,45.375,45.307,45.373,30727.24,72.59177177772806
2026-04-18 03:25:00+00:00,45.374,45.42,45.345,45.41,18940.64,74.08139946829576
2026-04-18 03:30:00+00:00,45.406,45.434,45.296,45.373,25009.86,69.98514146390613
2026-04-18 03:35:00+00:00,45.375,45.395,45.247,45.279,8961.9,60.788847456871096
2026-04-18 03:40:00+00:00,45.275,45.4,45.275,45.4,7721.78,66.83088108276382
2026-04-18 03:45:00+00:00,45.399,45.456,45.324,45.324,16721.55,60.522692396835524
2026-04-18 03:50:00+00:00,45.324,45.372,45.169,45.178,22701.84,50.63486090585496
2026-04-18 03:55:00+00:00,45.175,45.208,45.12,45.14,13803.31,48.41767469360712
2026-04-18 04:00:00+00:00,45.139,45.18,44.932,45.143,28011.24,48.60899540927265
2026-04-18 04:05:00+00:00,45.142,45.164,45.06,45.073,21064.97,44.46481163278267
2026-04-18 04:10:00+00:00,45.064,45.116,45.03,45.087,15808.92,45.46620058546769
2026-04-18 04:15:00+00:00,45.086,45.104,44.924,44.952,23797.15,38.295345375672035
2026-04-18 04:20:00+00:00,44.951,44.99,44.859,44.894,13619.47,35.69088074728725
2026-04-18 04:25:00+00:00,44.893,44.959,44.861,44.907,17679.71,36.72954097107283
2026-04-18 04:30:00+00:00,44.906,44.953,44.854,44.95,10821.95,40.171598500601064
2026-04-18 04:35:00+00:00,44.949,44.98,44.908,44.909,9783.07,38.04625496725854
2026-04-18 04:40:00+00:00,44.908,45.015,44.871,44.932,5891.13,39.96511103130378
2026-04-18 04:45:00+00:00,44.931,44.996,44.92,44.972,3798.28,43.256704761296355
2026-04-18 04:50:00+00:00,44.967,45.009,44.944,45.004,7999.67,45.816156772051635
2026-04-18 04:55:00+00:00,45.003,45.034,44.978,45.013,4102.3,46.54643164027985
2026-04-18 05:00:00+00:00,45.004,45.075,45.002,45.058,4955.48,50.163205362437246
2026-04-18 05:05:00+00:00,45.057,45.059,44.956,44.989,3505.3,45.12179275550357
2026-04-18 05:10:00+00:00,44.988,45.059,44.982,45.022,2845.11,47.82263157781715
2026-04-18 05:15:00+00:00,45.021,45.021,44.954,44.974,2874.95,44.39975450912353
2026-04-18 05:20:00+00:00,44.973,45.08,44.97,45.055,13568.02,50.79941014728564
2026-04-18 05:25:00+00:00,45.058,45.066,44.948,44.948,4041.69,43.651734400183116
2026-04-18 05:30:00+00:00,44.947,44.961,44.84,44.85,12575.7,38.331949614699354
2026-04-18 05:35:00+00:00,44.849,44.9,44.81,44.9,15855.07,42.2021450115275
2026-04-18 05:40:00+00:00,44.899,44.899,44.802,44.859,18038.63,39.98609187952344
2026-04-18 05:45:00+00:00,44.859,44.925,44.849,44.919,9397.3,44.57299075655992
2026-04-18 05:50:00+00:00,44.919,44.965,44.861,44.867,7278.5,41.605082826113446
2026-04-18 05:55:00+00:00,44.868,44.887,44.815,44.818,24167.16,38.97174872943959
2026-04-18 06:00:00+00:00,44.815,44.831,44.744,44.745,35310.82,35.379077023103264
2026-04-18 06:05:00+00:00,44.745,44.807,44.744,44.803,4212.37,40.10360213547588
2026-04-18 06:10:00+00:00,44.815,44.869,44.792,44.797,2913.92,39.779595941441755
2026-04-18 06:15:00+00:00,44.805,44.877,44.801,44.874,2788.2,45.828352821114414
2026-04-18 06:20:00+00:00,44.874,44.884,44.848,44.881,4715.41,46.3558700736016
2026-04-18 06:25:00+00:00,44.881,44.937,44.875,44.937,9059.87,50.508029694165415
2026-04-18 06:30:00+00:00,44.937,44.945,44.876,44.892,9747.21,47.33726394998317
2026-04-18 06:35:00+00:00,44.894,44.9,44.817,44.826,9097.95,43.066912905807676
2026-04-18 06:40:00+00:00,44.825,44.88,44.809,44.879,4148.34,47.187101062979345
2026-04-18 06:45:00+00:00,44.878,44.895,44.856,44.878,2941.62,47.117814938133805
2026-04-18 06:50:00+00:00,44.878,44.905,44.865,44.893,2945.13,48.34307276698478
2026-04-18 06:55:00+00:00,44.893,44.911,44.81,44.825,12014.96,43.430436339813554
2026-04-18 07:00:00+00:00,44.829,44.842,44.768,44.802,12625.09,41.88021785334416
2026-04-18 07:05:00+00:00,44.79,44.807,44.756,44.766,4229.99,39.503417332869645
2026-04-18 07:10:00+00:00,44.766,44.772,44.716,44.751,11516.69,38.52241343862012
2026-04-18 07:15:00+00:00,44.751,44.785,44.716,44.724,5936.99,36.753168201577296
2026-04-18 07:20:00+00:00,44.724,44.764,44.702,44.719,15345.6,36.41958782310241
2026-04-18 07:25:00+00:00,44.715,44.729,44.617,44.676,33693.88,33.59554942457828
2026-04-18 07:30:00+00:00,44.677,44.698,44.665,44.698,3576.9,36.316384341967215
2026-04-18 07:35:00+00:00,44.697,44.718,44.674,44.693,2151.4,35.95580073683877
2026-04-18 07:40:00+00:00,44.693,44.715,44.662,44.715,3892.04,38.83355668805074
2026-04-18 07:45:00+00:00,44.715,44.731,44.637,44.661,10091.73,34.710741949689464
2026-04-18 07:50:00+00:00,44.664,44.67,44.635,44.668,2006.55,35.66425782965506
2026-04-18 07:55:00+00:00,44.666,44.67,44.604,44.609,6954.8,31.48984518359069
2026-04-18 08:00:00+00:00,44.616,44.665,44.535,44.665,16716.48,38.810648450539446
2026-04-18 08:05:00+00:00,44.665,44.695,44.632,44.685,5961.74,41.22618878083729
2026-04-18 08:10:00+00:00,44.685,44.704,44.611,44.612,2360.44,35.68832625502334
2026-04-18 08:15:00+00:00,44.611,44.682,44.454,44.665,32751.66,41.800885131744316
2026-04-18 08:20:00+00:00,44.677,44.711,44.528,44.559,26137.8,34.69776142336944
2026-04-18 08:25:00+00:00,44.559,44.588,44.355,44.424,30568.66,28.139449311179447
2026-04-18 08:30:00+00:00,44.424,44.513,44.397,44.42,24182.39,27.97075296034015
2026-04-18 08:35:00+00:00,44.421,44.595,44.326,44.595,16171.15,43.8349753338224
2026-04-18 08:40:00+00:00,44.595,44.615,44.53,44.589,18940.17,43.48137629064904
2026-04-18 08:45:00+00:00,44.591,44.8,44.586,44.8,19940.91,56.70718013587852
2026-04-18 08:50:00+00:00,44.8,44.947,44.8,44.947,19145.77,63.17290885441411
2026-04-18 08:55:00+00:00,44.944,44.997,44.915,44.997,16836.98,65.08309086353628
2026-04-18 09:00:00+00:00,44.996,45.108,44.771,44.787,44708.95,52.715626220571366
2026-04-18 09:05:00+00:00,44.787,44.879,44.727,44.734,10373.56,50.12668182488199
2026-04-18 09:10:00+00:00,44.734,44.775,44.679,44.687,12920.29,47.88097524111691
2026-04-18 09:15:00+00:00,44.689,44.737,44.63,44.635,7515.16,45.45463129887728
2026-04-18 09:20:00+00:00,44.632,44.985,44.598,44.846,24215.78,55.343336739932326
2026-04-18 09:25:00+00:00,44.841,44.86,44.825,44.86,2654.31,55.91443162037954
2026-04-18 09:30:00+00:00,44.86,44.883,44.813,44.823,6675.17,53.95072041859221
2026-04-18 09:35:00+00:00,44.823,44.824,44.735,44.757,3864.6,50.540958384838945
2026-04-18 09:40:00+00:00,44.757,44.815,44.754,44.798,4961.25,52.54733312776316
2026-04-18 09:45:00+00:00,44.798,44.815,44.774,44.781,2118.61,51.6124219702745
2026-04-18 09:50:00+00:00,44.781,44.789,44.714,44.757,2780.19,50.25307809406122
2026-04-18 09:55:00+00:00,44.763,44.792,44.717,44.786,3597.54,51.90153556406207
2026-04-18 10:00:00+00:00,44.786,44.79,44.66,44.676,5937.77,45.713718657601746
2026-04-18 10:05:00+00:00,44.676,44.692,44.514,44.532,15469.02,39.13583299846484
2026-04-18 10:10:00+00:00,44.532,44.584,44.408,44.583,22508.09,42.302408315828934
2026-04-18 10:15:00+00:00,44.586,44.673,44.586,44.651,13356.41,46.31310523901944
2026-04-18 10:20:00+00:00,44.651,44.672,44.485,44.519,7282.34,40.43698554557022
2026-04-18 10:25:00+00:00,44.529,44.578,44.519,44.537,5821.44,41.52649035420303
2026-04-18 10:30:00+00:00,44.538,44.575,44.464,44.55,16919.01,42.34671361463423
2026-04-18 10:35:00+00:00,44.549,44.549,44.379,44.463,14735.07,38.45869734745101
2026-04-18 10:40:00+00:00,44.466,44.549,44.466,44.515,3695.49,41.89275379682412
2026-04-18 10:45:00+00:00,44.515,44.551,44.424,44.508,10756.92,41.55658302175645
2026-04-18 10:50:00+00:00,44.508,44.508,44.438,44.442,3944.7,38.425656196095595
2026-04-18 10:55:00+00:00,44.442,44.478,44.427,44.478,4213.55,41.03522631970997
2026-04-18 11:00:00+00:00,44.478,44.489,44.375,44.426,12098.41,38.49726728466635
2026-04-18 11:05:00+00:00,44.432,44.439,44.265,44.318,31792.77,33.8189186075998
2026-04-18 11:10:00+00:00,44.318,44.347,44.268,44.268,18311.73,31.886922602272392
2026-04-18 11:15:00+00:00,44.269,44.278,44.22,44.254,21036.36,31.346934368259838
2026-04-18 11:20:00+00:00,44.258,44.299,44.238,44.281,9482.99,33.67953123737759
2026-04-18 11:25:00+00:00,44.279,44.281,44.189,44.197,21256.44,30.237421495262907
2026-04-18 11:30:00+00:00,44.196,44.305,44.188,44.285,20124.35,37.449754376820856
2026-04-18 11:35:00+00:00,44.284,44.284,44.113,44.113,18996.57,30.75671164158797
2026-04-18 11:40:00+00:00,44.112,44.14,44.05,44.099,39598.54,30.28230815619527
2026-04-18 11:45:00+00:00,44.107,44.257,44.092,44.24,21004.91,40.27416021981636
2026-04-18 11:50:00+00:00,44.247,44.37,44.233,44.349,15504.81,46.64072266017062
2026-04-18 11:55:00+00:00,44.342,44.392,44.29,44.306,21818.84,44.62003457191282
2026-04-18 12:00:00+00:00,44.306,44.475,44.27,44.464,28370.15,52.72480398693546
2026-04-18 12:05:00+00:00,44.453,44.486,44.364,44.43,8254.3,50.995288136160106
2026-04-18 12:10:00+00:00,44.426,44.486,44.394,44.41,4071.49,49.95717846593686
2026-04-18 12:15:00+00:00,44.404,44.435,44.306,44.363,7543.9,47.50954381618766
2026-04-18 12:20:00+00:00,44.358,44.366,44.26,44.313,7740.25,44.984502755041305
2026-04-18 12:25:00+00:00,44.313,44.313,44.073,44.116,21119.08,36.70671931217825
2026-04-18 12:30:00+00:00,44.112,44.171,44.068,44.136,12089.2,37.9549834508274
2026-04-18 12:35:00+00:00,44.135,44.135,44.005,44.016,28997.95,33.66493146243222
2026-04-18 12:40:00+00:00,44.016,44.089,43.97,44.059,26871.66,36.437404090923145
2026-04-18 12:45:00+00:00,44.06,44.104,44.024,44.104,7669.38,39.296737882289236
2026-04-18 12:50:00+00:00,44.104,44.17,44.103,44.17,14150.43,43.3237284187144
2026-04-18 12:55:00+00:00,44.169,44.235,44.153,44.231,11214.74,46.834245899478134
2026-04-18 13:00:00+00:00,44.227,44.24,44.175,44.195,11954.05,45.06037496482994
2026-04-18 13:05:00+00:00,44.196,44.227,44.12,44.161,12533.31,43.38890611710632
2026-04-18 13:10:00+00:00,44.157,44.171,44.124,44.134,2939.53,42.05480532253227
2026-04-18 13:15:00+00:00,44.134,44.163,44.05,44.113,9966.51,40.99890620706321
2026-04-18 13:20:00+00:00,44.121,44.277,44.11,44.235,24745.98,49.00880786488022
2026-04-18 13:25:00+00:00,44.229,44.295,44.221,44.239,15144.42,49.25206764924204
2026-04-18 13:30:00+00:00,44.239,44.239,44.132,44.151,23626.3,44.2505563799389
2026-04-18 13:35:00+00:00,44.155,44.166,44.088,44.118,19950.79,42.507319309011876
2026-04-18 13:40:00+00:00,44.115,44.163,44.077,44.126,14680.25,43.09260399527954
2026-04-18 13:45:00+00:00,44.126,44.279,44.099,44.278,19363.12,52.90299238041831
2026-04-18 13:50:00+00:00,44.275,44.327,44.069,44.163,87060.02,46.38736648344645
2026-04-18 13:55:00+00:00,44.165,44.19,44.006,44.074,40353.13,42.069041077988025
2026-04-18 14:00:00+00:00,44.086,44.123,44.056,44.076,5869.2,42.19925988724304
2026-04-18 14:05:00+00:00,44.076,44.165,44.076,44.131,2605.06,45.806909089657424
2026-04-18 14:10:00+00:00,44.136,44.182,44.13,44.182,4587.28,48.986478955105255
2026-04-18 14:15:00+00:00,44.182,44.2,44.145,44.2,6939.79,50.099281879991786
2026-04-18 14:20:00+00:00,44.2,44.202,44.058,44.15,10977.9,47.03030951579071
2026-04-18 14:25:00+00:00,44.15,44.204,44.15,44.204,5620.99,50.5532678805018
2026-04-18 14:30:00+00:00,44.204,44.283,44.203,44.243,14796.79,52.98529983415716
2026-04-18 14:35:00+00:00,44.243,44.362,44.243,44.362,16617.83,59.526656148940646
2026-04-18 14:40:00+00:00,44.362,44.375,44.35,44.368,8119.04,59.83013156617496
2026-04-18 14:45:00+00:00,44.364,44.405,44.349,44.405,21563.25,61.73552785172482
2026-04-18 14:50:00+00:00,44.405,44.432,44.382,44.393,11758.82,60.729411555737684
2026-04-18 14:55:00+00:00,44.393,44.408,44.337,44.361,11722.37,58.01421751337279
2026-04-18 15:00:00+00:00,44.361,44.448,44.33,44.418,8892.81,61.330699732531244
2026-04-18 15:05:00+00:00,44.418,44.418,44.321,44.328,3116.96,54.068442639692464
2026-04-18 15:10:00+00:00,44.328,44.343,44.263,44.308,7776.72,52.578484946123126
2026-04-18 15:15:00+00:00,44.31,44.333,44.292,44.312,3367.14,52.85828649851036
2026-04-18 15:20:00+00:00,44.311,44.419,44.308,44.419,4071.33,59.707050805248485
2026-04-18 15:25:00+00:00,44.418,44.456,44.368,44.401,10814.89,58.17588141245237
2026-04-18 15:30:00+00:00,44.401,44.415,44.387,44.415,2959.23,59.055379071586685
2026-04-18 15:35:00+00:00,44.417,44.492,44.408,44.479,14359.29,62.896511309101896
2026-04-18 15:40:00+00:00,44.488,44.494,44.455,44.464,8623.78,61.44165115115666
2026-04-18 15:45:00+00:00,44.468,44.527,44.457,44.527,11105.1,65.09366883673385
2026-04-18 15:50:00+00:00,44.527,44.559,44.46,44.552,13500.74,66.45157789398128
2026-04-18 15:55:00+00:00,44.559,44.627,44.55,44.587,19694.94,68.31023072175664
2026-04-18 16:00:00+00:00,44.579,44.58,44.451,44.452,16068.89,55.53082373442185
2026-04-18 16:05:00+00:00,44.452,44.648,44.452,44.648,13623.53,65.59455649944036
2026-04-18 16:10:00+00:00,44.648,44.701,44.61,44.611,11888.64,62.7094405380543
2026-04-18 16:15:00+00:00,44.61,44.61,44.35,44.396,31345.63,49.174487946546876
2026-04-18 16:20:00+00:00,44.417,44.494,44.376,44.399,13041.94,49.338798996972976
2026-04-18 16:25:00+00:00,44.399,44.457,44.371,44.372,8817.41,47.83979927959643
2026-04-18 16:30:00+00:00,44.372,44.398,44.267,44.295,15351.28,43.75687848955795
2026-04-18 16:35:00+00:00,44.293,44.305,44.193,44.221,22913.87,40.2055316233404
2026-04-18 16:40:00+00:00,44.222,44.226,44.106,44.126,11383.15,36.14929601890531
2026-04-18 16:45:00+00:00,44.125,44.227,44.124,44.161,5591.24,38.60675934066268
2026-04-18 16:50:00+00:00,44.161,44.242,44.126,44.24,6031.12,43.859006765624954
2026-04-18 16:55:00+00:00,44.242,44.285,44.186,44.239,6044.74,43.80791689379855
2026-04-18 17:00:00+00:00,44.239,44.239,44.177,44.188,5310.23,41.173704301804804
2026-04-18 17:05:00+00:00,44.184,44.195,44.127,44.133,5373.32,38.4860190621035
2026-04-18 17:10:00+00:00,44.132,44.216,44.118,44.192,5184.52,42.799540752340846
2026-04-18 17:15:00+00:00,44.192,44.25,44.184,44.25,2330.3,46.75246359077098
2026-04-18 17:20:00+00:00,44.25,44.254,44.192,44.231,2669.6,45.63977757148424
2026-04-18 17:25:00+00:00,44.231,44.263,44.199,44.234,1735.63,45.858880257297876
2026-04-18 17:30:00+00:00,44.229,44.282,44.222,44.282,3216.14,49.37479198507267
2026-04-18 17:35:00+00:00,44.282,44.291,44.24,44.24,1007.69,46.52761628164942
2026-04-18 17:40:00+00:00,44.241,44.25,44.18,44.18,3831.05,42.73627965922412
2026-04-18 17:45:00+00:00,44.18,44.21,44.168,44.207,2950.47,44.91167554658292
2026-04-18 17:50:00+00:00,44.21,44.24,44.197,44.238,3108.09,47.38320476369945
2026-04-18 17:55:00+00:00,44.238,44.24,44.17,44.181,3440.46,43.51717882517253
2026-04-18 18:00:00+00:00,44.184,44.188,44.115,44.184,4821.79,43.77718520223416
2026-04-18 18:05:00+00:00,44.178,44.284,44.169,44.279,3791.62,51.40569986002259
2026-04-18 18:10:00+00:00,44.279,44.281,44.203,44.207,4263.46,46.28041275593219
2026-04-18 18:15:00+00:00,44.204,44.204,44.132,44.142,3683.71,42.190730985487356
2026-04-18 18:20:00+00:00,44.133,44.147,44.1,44.106,8889.7,40.07833288771443
2026-04-18 18:25:00+00:00,44.102,44.122,44.089,44.093,8211.71,39.31287888030205
2026-04-18 18:30:00+00:00,44.092,44.161,44.026,44.122,39941.8,41.97521170336349
2026-04-18 18:35:00+00:00,44.121,44.136,44.026,44.059,16494.09,38.0681128976656
2026-04-18 18:40:00+00:00,44.054,44.168,44.0,44.167,22528.67,47.14996932655363
2026-04-18 18:45:00+00:00,44.168,44.248,44.116,44.232,17216.24,51.73716660417022
2026-04-18 18:50:00+00:00,44.231,44.231,44.063,44.093,14826.63,43.11830377307325
2026-04-18 18:55:00+00:00,44.093,44.179,44.073,44.174,5640.91,48.502135196226824
2026-04-18 19:00:00+00:00,44.167,44.311,44.148,44.246,15506.98,52.78045164201306
2026-04-18 19:05:00+00:00,44.238,44.295,44.153,44.287,8611.01,55.06953013618292
2026-04-18 19:10:00+00:00,44.293,44.312,44.201,44.255,10936.67,52.9134936865605
2026-04-18 19:15:00+00:00,44.255,44.255,44.21,44.221,1697.44,50.64471326184399
2026-04-18 19:20:00+00:00,44.214,44.227,44.151,44.158,2126.49,46.65306278973092
2026-04-18 19:25:00+00:00,44.16,44.165,44.113,44.122,4450.51,44.494942378982046
2026-04-18 19:30:00+00:00,44.125,44.135,44.02,44.028,13287.79,39.373319688876464
2026-04-18 19:35:00+00:00,44.026,44.029,43.8,43.833,81971.98,31.319480953797722
2026-04-18 19:40:00+00:00,43.834,43.834,43.75,43.756,40313.07,28.813181771191125
2026-04-18 19:45:00+00:00,43.757,43.975,43.733,43.92,35088.13,39.85317634474744
2026-04-18 19:50:00+00:00,43.92,43.939,43.851,43.925,14306.35,40.15788657855779
2026-04-18 19:55:00+00:00,43.925,44.0,43.924,43.995,21606.1,44.404354423128254
2026-04-18 20:00:00+00:00,44.0,44.005,43.903,43.941,2096.24,41.932343126944225
2026-04-18 20:05:00+00:00,43.964,44.026,43.911,44.009,9088.94,46.008493283773014
2026-04-18 20:10:00+00:00,44.013,44.02,43.971,44.004,2571.04,45.75416638567631
2026-04-18 20:15:00+00:00,44.003,44.008,43.942,43.942,2669.5,42.608876118165654
2026-04-18 20:20:00+00:00,43.962,44.007,43.962,43.987,3438.36,45.535386170931766
2026-04-18 20:25:00+00:00,43.986,44.006,43.93,43.937,11346.15,42.91675495262431
2026-04-18 20:30:00+00:00,43.937,43.997,43.937,43.97,3534.3,45.15838615126956
2026-04-18 20:35:00+00:00,43.971,44.0,43.93,44.0,3173.32,47.18875036835522
2026-04-18 20:40:00+00:00,44.0,44.138,43.999,44.102,12073.83,53.49315657959005
2026-04-18 20:45:00+00:00,44.098,44.108,44.071,44.092,3996.32,52.827330319584185
2026-04-18 20:50:00+00:00,44.091,44.136,44.068,44.1,2078.35,53.32782036890536
2026-04-18 20:55:00+00:00,44.1,44.157,44.052,44.125,5399.53,54.93683998954456
2026-04-18 21:00:00+00:00,44.122,44.158,44.106,44.126,12682.6,55.00366285480399
2026-04-18 21:05:00+00:00,44.126,44.14,44.124,44.14,4093.69,55.98765288718442
2026-04-18 21:10:00+00:00,44.14,44.15,44.111,44.15,3086.1,56.71576776162155
2026-04-18 21:15:00+00:00,44.15,44.17,44.117,44.143,4977.46,56.01716670846858
2026-04-18 21:20:00+00:00,44.142,44.156,44.126,44.15,2137.19,56.59296480828566
2026-04-18 21:25:00+00:00,44.146,44.15,44.11,44.119,12735.07,53.26717335047614
2026-04-18 21:30:00+00:00,44.12,44.12,44.073,44.075,7549.11,48.87671146815396
2026-04-18 21:35:00+00:00,44.074,44.075,43.963,43.969,19191.0,40.266197899131924
2026-04-18 21:40:00+00:00,43.969,43.983,43.933,43.959,4804.68,39.55818326589525
2026-04-18 21:45:00+00:00,43.958,44.068,43.934,44.056,16027.24,48.93729747227588
2026-04-18 21:50:00+00:00,44.056,44.094,44.056,44.093,5992.15,51.99718652605162
2026-04-18 21:55:00+00:00,44.093,44.203,44.093,44.182,16397.51,58.447386690578064
2026-04-18 22:00:00+00:00,44.182,44.182,44.062,44.103,4736.26,51.79447575734242
2026-04-18 22:05:00+00:00,44.1,44.122,44.064,44.094,6234.73,51.08111845546607
2026-04-18 22:10:00+00:00,44.094,44.217,44.087,44.163,12773.7,56.07591349964406
2026-04-18 22:15:00+00:00,44.176,44.231,44.158,44.228,16388.68,60.198670017161554
2026-04-18 22:20:00+00:00,44.227,44.24,44.208,44.226,6226.63,60.01202150712924
2026-04-18 22:25:00+00:00,44.226,44.257,44.134,44.186,7634.19,56.2552452343485
2026-04-18 22:30:00+00:00,44.186,44.235,44.166,44.216,2779.91,58.36061014284618
2026-04-18 22:35:00+00:00,44.216,44.238,44.2,44.208,2696.99,57.56497649560626
2026-04-18 22:40:00+00:00,44.221,44.237,44.2,44.223,2130.91,58.7018442045518
2026-04-18 22:45:00+00:00,44.223,44.246,44.202,44.218,2924.61,58.142674137651476
2026-04-18 22:50:00+00:00,44.219,44.253,44.1,44.155,17169.28,51.48763869289045
2026-04-18 22:55:00+00:00,44.159,44.212,44.158,44.19,2929.74,54.59687207811796
2026-04-18 23:00:00+00:00,44.187,44.229,44.166,44.229,2490.63,57.83943613810091
2026-04-18 23:05:00+00:00,44.229,44.286,44.221,44.24,12445.42,58.734598125504036
2026-04-18 23:10:00+00:00,44.237,44.24,44.062,44.078,15706.77,43.93849342948838
2026-04-18 23:15:00+00:00,44.077,44.136,44.077,44.136,4837.52,48.90164955526933
2026-04-18 23:20:00+00:00,44.136,44.137,44.05,44.07,6671.47,44.11551254208889
2026-04-18 23:25:00+00:00,44.071,44.2,44.071,44.163,7178.51,51.342178423314245
2026-04-18 23:30:00+00:00,44.159,44.194,44.121,44.129,2754.48,48.854839606363335
2026-04-18 23:35:00+00:00,44.129,44.14,44.048,44.053,12354.35,43.75235767854696
2026-04-18 23:40:00+00:00,44.056,44.096,43.901,43.933,44815.06,37.15405233605704
2026-04-18 23:45:00+00:00,43.932,43.954,43.86,43.888,27140.17,35.02112068500682
2026-04-18 23:50:00+00:00,43.887,43.888,43.787,43.795,16763.14,31.053449136743893
2026-04-18 23:55:00+00:00,43.795,43.795,43.717,43.781,18100.76,30.49338079903525
2026-04-19 00:00:00+00:00,43.78,43.871,43.767,43.864,13756.17,37.6706393131393
2026-04-19 00:05:00+00:00,43.869,43.932,43.851,43.932,5369.16,42.87507417204111
2026-04-19 00:10:00+00:00,43.931,43.933,43.867,43.889,6179.3,40.568265523240335
2026-04-19 00:15:00+00:00,43.879,43.887,43.818,43.881,5363.38,40.135609490277844
2026-04-19 00:20:00+00:00,43.886,43.893,43.708,43.726,13980.51,32.83003925457194
2026-04-19 00:25:00+00:00,43.73,43.733,43.678,43.68,19523.56,31.025156262813525
2026-04-19 00:30:00+00:00,43.68,43.701,43.65,43.654,20188.01,30.020548627076778
2026-04-19 00:35:00+00:00,43.653,43.658,43.4,43.47,132596.48,24.078446418544928
2026-04-19 00:40:00+00:00,43.498,43.498,43.4,43.446,35190.35,23.42709110325501
2026-04-19 00:45:00+00:00,43.446,43.616,43.446,43.583,22882.44,34.345255382267766
2026-04-19 00:50:00+00:00,43.583,43.605,43.54,43.598,9194.13,35.43081863705764
2026-04-19 00:55:00+00:00,43.598,43.653,43.597,43.653,11299.62,39.38815217886549
2026-04-19 01:00:00+00:00,43.653,43.7,43.625,43.677,16034.18,41.08497568818024
2026-04-19 01:05:00+00:00,43.677,43.708,43.601,43.621,9855.43,38.38475424629842
2026-04-19 01:10:00+00:00,43.629,43.701,43.602,43.701,9698.45,44.042711387733775
2026-04-19 01:15:00+00:00,43.701,43.708,43.587,43.624,11485.14,40.21495349439972
2026-04-19 01:20:00+00:00,43.623,43.628,43.552,43.603,3852.32,39.2139754789544
2026-04-19 01:25:00+00:00,43.597,43.6,43.503,43.514,8253.1,35.213583177678274
2026-04-19 01:30:00+00:00,43.511,43.511,43.4,43.419,13867.18,31.517576040485395
2026-04-19 01:35:00+00:00,43.418,43.458,43.384,43.4,16243.79,30.82081888977791
2026-04-19 01:40:00+00:00,43.399,43.43,43.35,43.401,32701.55,30.907393647195804
2026-04-19 01:45:00+00:00,43.4,43.511,43.4,43.494,13191.94,38.602807976853654
2026-04-19 01:50:00+00:00,43.493,43.59,43.489,43.59,11503.53,45.36717353295903
2026-04-19 01:55:00+00:00,43.585,43.601,43.55,43.576,10736.1,44.595539335100064
2026-04-19 02:00:00+00:00,43.575,43.59,43.54,43.566,10833.01,44.01960557251317
2026-04-19 02:05:00+00:00,43.566,43.58,43.531,43.558,6188.28,43.53521411765312
2026-04-19 02:10:00+00:00,43.557,43.596,43.539,43.593,6841.53,46.318377493348905
2026-04-19 02:15:00+00:00,43.593,43.614,43.57,43.593,7918.07,46.318377493348905
2026-04-19 02:20:00+00:00,43.593,43.603,43.468,43.469,25130.72,38.517520071209354
2026-04-19 02:25:00+00:00,43.469,43.594,43.45,43.555,20657.98,45.387317917851675
2026-04-19 02:30:00+00:00,43.553,43.564,43.5,43.511,10998.84,42.75511384581057
2026-04-19 02:35:00+00:00,43.5,43.533,43.47,43.5,9387.56,42.09780544073194
2026-04-19 02:40:00+00:00,43.5,43.616,43.5,43.564,5510.42,47.1853422080255
2026-04-19 02:45:00+00:00,43.557,43.64,43.1,43.213,249235.99,31.064475485877082
2026-04-19 02:50:00+00:00,43.197,43.422,43.189,43.362,51290.17,40.37684252617432
2026-04-19 02:55:00+00:00,43.362,43.388,43.325,43.335,12447.15,39.33976565605645
2026-04-19 03:00:00+00:00,43.332,43.333,43.24,43.292,55176.34,37.679882532930556
2026-04-19 03:05:00+00:00,43.294,43.304,43.148,43.221,30215.62,35.0501577785638
2026-04-19 03:10:00+00:00,43.221,43.327,43.172,43.293,27207.13,39.64994020955595
2026-04-19 03:15:00+00:00,43.293,43.351,43.279,43.301,11043.87,40.15706431424755
2026-04-19 03:20:00+00:00,43.301,43.339,43.249,43.293,14887.6,39.7969248224962
2026-04-19 03:25:00+00:00,43.302,43.307,43.216,43.264,17921.79,38.45073551361686
2026-04-19 03:30:00+00:00,43.264,43.302,43.241,43.302,14295.68,41.25486960076551
2026-04-19 03:35:00+00:00,43.289,43.415,43.289,43.348,37997.3,44.548308610314
2026-04-19 03:40:00+00:00,43.348,43.385,43.338,43.385,5182.12,47.1164951143448
2026-04-19 03:45:00+00:00,43.385,43.415,43.37,43.375,5917.67,46.48980556713304
2026-04-19 03:50:00+00:00,43.374,43.405,43.333,43.403,5612.88,48.55319223986042
2026-04-19 03:55:00+00:00,43.404,43.404,43.292,43.34,7750.92,44.404263595226546
2026-04-19 04:00:00+00:00,43.34,43.436,43.334,43.399,10415.88,48.81542944185537
2026-04-19 04:05:00+00:00,43.398,43.444,43.389,43.442,6553.6,51.81607826389373
2026-04-19 04:10:00+00:00,43.44,43.543,43.438,43.521,17594.89,56.82404441361207
2026-04-19 04:15:00+00:00,43.518,43.599,43.516,43.573,18146.41,59.786755420413456
2026-04-19 04:20:00+00:00,43.572,43.633,43.555,43.605,19244.47,61.53593281164209
2026-04-19 04:25:00+00:00,43.605,43.616,43.523,43.593,29637.83,60.47363384951499
2026-04-19 04:30:00+00:00,43.593,43.604,43.437,43.47,21278.41,50.7943743588014
2026-04-19 04:35:00+00:00,43.47,43.475,43.418,43.427,13145.72,47.9075017581019
2026-04-19 04:40:00+00:00,43.426,43.428,43.325,43.375,21654.38,44.60590570555755
2026-04-19 04:45:00+00:00,43.377,43.499,43.377,43.495,6663.45,52.7059836084852
2026-04-19 04:50:00+00:00,43.494,43.564,43.489,43.548,2304.98,55.78144038966083
2026-04-19 04:55:00+00:00,43.547,43.6,43.539,43.6,5749.23,58.624333866680864
2026-04-19 05:00:00+00:00,43.596,43.604,43.53,43.594,8107.37,58.15970012599073
2026-04-19 05:05:00+00:00,43.59,43.63,43.577,43.616,9779.11,59.42939799012678
2026-04-19 05:10:00+00:00,43.615,43.616,43.536,43.536,3690.72,53.11704214685564
2026-04-19 05:15:00+00:00,43.535,43.574,43.491,43.557,5378.15,54.48373447210924
2026-04-19 05:20:00+00:00,43.557,43.634,43.557,43.63,8093.86,58.96218917516295
2026-04-19 05:25:00+00:00,43.63,43.63,43.595,43.604,1914.47,56.817906852423356
2026-04-19 05:30:00+00:00,43.604,43.638,43.59,43.638,3814.11,58.92173706840513
2026-04-19 05:35:00+00:00,43.635,43.643,43.536,43.537,5280.77,50.97654285635481
2026-04-19 05:40:00+00:00,43.536,43.537,43.491,43.491,2680.43,47.81421326922811
2026-04-19 05:45:00+00:00,43.49,43.495,43.458,43.495,7872.69,48.11562502358016
2026-04-19 05:50:00+00:00,43.494,43.495,43.434,43.442,9539.26,44.452087283811544
2026-04-19 05:55:00+00:00,43.436,43.45,43.428,43.45,2595.93,45.13119527108443
2026-04-19 06:00:00+00:00,43.45,43.45,43.38,43.381,4103.71,40.52885032954297
2026-04-19 06:05:00+00:00,43.38,43.401,43.327,43.328,7639.39,37.37597818419756
2026-04-19 06:10:00+00:00,43.327,43.328,43.22,43.228,10085.5,32.2743541569769
2026-04-19 06:15:00+00:00,43.233,43.36,43.197,43.36,17463.33,43.27989781511657
2026-04-19 06:20:00+00:00,43.358,43.432,43.352,43.395,9279.25,45.79511543155266
2026-04-19 06:25:00+00:00,43.39,43.394,43.317,43.319,956.3,41.49244735340458
2026-04-19 06:30:00+00:00,43.316,43.377,43.3,43.358,6587.68,44.38035055277977
2026-04-19 06:35:00+00:00,43.354,43.385,43.337,43.359,1351.98,44.456056062876634
2026-04-19 06:40:00+00:00,43.357,43.361,43.303,43.323,2630.11,42.22770356952843
2026-04-19 06:45:00+00:00,43.324,43.385,43.295,43.385,1777.35,47.141753693668974
2026-04-19 06:50:00+00:00,43.384,43.41,43.38,43.41,1801.1,49.02459467034328
2026-04-19 06:55:00+00:00,43.409,43.45,43.407,43.45,2469.95,51.97238492239924
2026-04-19 07:00:00+00:00,43.449,43.45,43.407,43.425,3073.4,50.02527669969023
2026-04-19 07:05:00+00:00,43.433,43.435,43.37,43.397,3214.39,47.86248166646381
2026-04-19 07:10:00+00:00,43.398,43.448,43.35,43.384,3975.28,46.84973001304976
2026-04-19 07:15:00+00:00,43.368,43.415,43.266,43.266,14842.58,38.82021947136784
2026-04-19 07:20:00+00:00,43.275,43.296,43.041,43.165,87238.59,33.52404330080435
2026-04-19 07:25:00+00:00,43.177,43.223,42.989,43.019,57214.04,27.6513542300207
2026-04-19 07:30:00+00:00,43.018,43.112,42.923,43.015,39778.78,27.509170491678958
2026-04-19 07:35:00+00:00,43.019,43.039,42.888,42.961,23846.88,25.595711409614978
2026-04-19 07:40:00+00:00,42.956,43.155,42.939,43.14,18017.31,40.395750519155655
2026-04-19 07:45:00+00:00,43.139,43.156,43.115,43.122,4785.61,39.543928496196976
2026-04-19 07:50:00+00:00,43.121,43.207,43.103,43.164,7717.94,42.586153259246046
2026-04-19 07:55:00+00:00,43.16,43.211,43.13,43.141,7564.74,41.35876444969521
2026-04-19 08:00:00+00:00,43.14,43.203,43.08,43.096,11623.4,38.990953813777764
2026-04-19 08:05:00+00:00,43.095,43.127,43.09,43.09,3578.98,38.67303873365062
2026-04-19 08:10:00+00:00,43.089,43.113,43.084,43.096,10650.34,39.20684861643741
2026-04-19 08:15:00+00:00,43.1,43.149,43.1,43.118,2167.25,41.22693354321894
2026-04-19 08:20:00+00:00,43.117,43.118,43.106,43.118,1021.76,41.22693354321894
2026-04-19 08:25:00+00:00,43.117,43.2,43.117,43.147,14548.01,44.068240387667316
2026-04-19 08:30:00+00:00,43.142,43.185,43.122,43.184,2000.17,47.552067311404535
2026-04-19 08:35:00+00:00,43.184,43.298,43.176,43.25,9202.98,53.15699173888715
2026-04-19 08:40:00+00:00,43.248,43.313,43.233,43.259,7011.45,53.880771898389625
2026-04-19 08:45:00+00:00,43.259,43.277,43.232,43.274,1700.37,55.125278195428066
2026-04-19 08:50:00+00:00,43.271,43.332,43.22,43.304,11264.18,57.59016151603647
2026-04-19 08:55:00+00:00,43.303,43.333,43.284,43.301,5830.82,57.25149976608406
2026-04-19 09:00:00+00:00,43.3,43.327,43.232,43.237,1891.59,50.43732456383953
2026-04-19 09:05:00+00:00,43.236,43.274,43.21,43.212,4444.56,48.032379038796186
2026-04-19 09:10:00+00:00,43.211,43.233,43.154,43.156,4507.23,43.07746584357618
2026-04-19 09:15:00+00:00,43.156,43.167,43.068,43.117,10347.24,39.98397269574413
2026-04-19 09:20:00+00:00,43.117,43.117,42.938,42.957,33550.36,30.35349592161137
2026-04-19 09:25:00+00:00,42.956,42.966,42.681,42.924,83612.67,28.812095975896256
2026-04-19 09:30:00+00:00,42.924,42.987,42.924,42.951,13035.76,31.860953846664913
2026-04-19 09:35:00+00:00,42.944,42.98,42.862,42.887,14067.55,28.720946825912236
2026-04-19 09:40:00+00:00,42.887,42.892,42.822,42.827,14465.92,26.121799499871088
2026-04-19 09:45:00+00:00,42.828,42.88,42.81,42.88,17962.03,31.97768845772096
2026-04-19 09:50:00+00:00,42.88,42.9,42.821,42.9,13419.32,34.10043376633682
2026-04-19 09:55:00+00:00,42.9,42.972,42.85,42.913,29127.46,35.509210711935964
2026-04-19 10:00:00+00:00,42.921,43.023,42.83,43.021,22862.83,45.86339285653963
2026-04-19 10:05:00+00:00,43.021,43.063,42.981,43.058,22493.2,48.89085930929549
2026-04-19 10:10:00+00:00,43.057,43.063,42.997,43.002,4079.67,44.80670364609466
2026-04-19 10:15:00+00:00,43.003,43.003,42.935,42.965,2834.53,42.292850227049684
2026-04-19 10:20:00+00:00,42.965,43.005,42.889,42.911,17585.61,38.86564903918963
2026-04-19 10:25:00+00:00,42.912,43.0,42.899,42.967,20264.6,43.93918778562006
2026-04-19 10:30:00+00:00,42.967,43.004,42.958,43.004,2411.62,47.065027793206376
2026-04-19 10:35:00+00:00,43.003,43.02,42.97,42.973,5916.27,44.810617584395786
2026-04-19 10:40:00+00:00,42.973,43.023,42.97,42.997,8890.6,46.93004042810661
2026-04-19 10:45:00+00:00,42.99,43.026,42.99,43.026,5033.16,49.45587109845218
2026-04-19 10:50:00+00:00,43.026,43.048,43.026,43.048,7176.8,51.34764281623824
2026-04-19 10:55:00+00:00,43.048,43.062,43.038,43.043,9341.43,50.88153091810991
2026-04-19 11:00:00+00:00,43.043,43.066,43.036,43.066,4150.14,52.99528107402939
2026-04-19 11:05:00+00:00,43.066,43.136,43.066,43.136,25741.78,58.80562260717367
2026-04-19 11:10:00+00:00,43.136,43.148,43.064,43.143,10937.47,59.34679996911417
2026-04-19 11:15:00+00:00,43.143,43.157,43.016,43.025,14648.88,47.918671842796805
2026-04-19 11:20:00+00:00,43.035,43.122,42.978,43.058,22975.97,50.773583241296194
2026-04-19 11:25:00+00:00,43.055,43.156,42.998,43.124,25116.08,55.97181935817993
2026-04-19 11:30:00+00:00,43.119,43.246,42.911,43.234,56815.43,62.987090163516214
2026-04-19 11:35:00+00:00,43.241,43.247,43.16,43.232,12531.76,62.79119017541079
2026-04-19 11:40:00+00:00,43.231,43.326,43.231,43.326,19485.94,67.85199342917252
2026-04-19 11:45:00+00:00,43.326,43.388,43.287,43.349,32911.93,68.96428858490924
2026-04-19 11:50:00+00:00,43.35,43.402,43.342,43.402,16684.54,71.418353038541
2026-04-19 11:55:00+00:00,43.399,43.412,43.355,43.397,12446.81,70.84918833815732
2026-04-19 12:00:00+00:00,43.396,43.415,43.348,43.414,14632.01,71.67570356293146
2026-04-19 12:05:00+00:00,43.414,43.453,43.4,43.433,19957.4,72.61040972311574
2026-04-19 12:10:00+00:00,43.431,43.455,43.372,43.455,7630.76,73.69294478982745
2026-04-19 12:15:00+00:00,43.455,43.468,43.386,43.4,5509.36,66.60547737610298
2026-04-19 12:20:00+00:00,43.402,43.41,43.245,43.278,16831.55,54.162001896299685
2026-04-19 12:25:00+00:00,43.277,43.293,43.157,43.172,25217.08,46.10283576417117
2026-04-19 12:30:00+00:00,43.169,43.205,43.14,43.203,11122.84,48.51558238876208
2026-04-19 12:35:00+00:00,43.192,43.263,43.188,43.197,3695.74,48.06707690928819
2026-04-19 12:40:00+00:00,43.198,43.212,43.156,43.166,4208.64,45.715572518427415
2026-04-19 12:45:00+00:00,43.168,43.185,43.142,43.158,1768.43,45.102360956744405
2026-04-19 12:50:00+00:00,43.164,43.23,43.147,43.224,3219.9,50.948114593224616
2026-04-19 12:55:00+00:00,43.224,43.53,43.224,43.501,23769.48,66.88571020472975
2026-04-19 13:00:00+00:00,43.501,43.766,43.466,43.764,73276.59,75.14355585970108
2026-04-19 13:05:00+00:00,43.763,43.925,43.559,43.639,56924.84,66.63783470562635
2026-04-19 13:10:00+00:00,43.633,43.633,43.51,43.573,13727.61,62.60816910412738
2026-04-19 13:15:00+00:00,43.568,43.74,43.566,43.723,31994.87,67.42889685873317
2026-04-19 13:20:00+00:00,43.723,43.759,43.616,43.691,17381.25,65.48913449633065
2026-04-19 13:25:00+00:00,43.688,43.817,43.534,43.8,23240.57,68.78333603786295
2026-04-19 13:30:00+00:00,43.8,43.814,43.684,43.767,28398.0,66.70727721469663
2026-04-19 13:35:00+00:00,43.768,43.804,43.559,43.655,35505.61,60.07945061115151
2026-04-19 13:40:00+00:00,43.659,43.672,43.591,43.659,5816.4,60.23142297791882
2026-04-19 13:45:00+00:00,43.658,43.673,43.573,43.614,7188.2,57.57592340807514
2026-04-19 13:50:00+00:00,43.623,43.656,43.592,43.598,5518.75,56.62008217881322
2026-04-19 13:55:00+00:00,43.605,43.64,43.569,43.589,3095.81,56.056344797884016
2026-04-19 14:00:00+00:00,43.588,43.617,43.517,43.558,9534.21,54.05977525531835
2026-04-19 14:05:00+00:00,43.56,43.613,43.47,43.581,12346.28,55.33098401528959
2026-04-19 14:10:00+00:00,43.576,43.635,43.392,43.435,36909.46,46.529398669854025
2026-04-19 14:15:00+00:00,43.442,43.55,43.426,43.505,8938.28,50.58781362007531
2026-04-19 14:20:00+00:00,43.506,43.563,43.498,43.562,10748.65,53.6713729570437
2026-04-19 14:25:00+00:00,43.561,43.59,43.508,43.533,27420.12,51.89690752166811
2026-04-19 14:30:00+00:00,43.541,43.569,43.449,43.51,11680.81,50.4716706760838
2026-04-19 14:35:00+00:00,43.511,43.594,43.488,43.57,14902.87,54.01923176419684
2026-04-19 14:40:00+00:00,43.573,43.598,43.546,43.585,5608.56,54.88915682190221
2026-04-19 14:45:00+00:00,43.585,43.645,43.565,43.642,6293.62,58.130823221664535
2026-04-19 14:50:00+00:00,43.64,43.652,43.523,43.533,6677.54,50.63717699351325
2026-04-19 14:55:00+00:00,43.539,43.568,43.513,43.567,4422.76,52.686040872280216
2026-04-19 15:00:00+00:00,43.564,43.584,43.501,43.58,3398.84,53.48108604141459
2026-04-19 15:05:00+00:00,43.566,43.566,43.49,43.501,3051.25,48.18249698752236
2026-04-19 15:10:00+00:00,43.516,43.592,43.516,43.533,3452.17,50.32918474088189
2026-04-19 15:15:00+00:00,43.532,43.656,43.518,43.598,3892.95,54.456493193386876
2026-04-19 15:20:00+00:00,43.597,43.607,43.506,43.541,5041.59,50.49414324742829
2026-04-19 15:25:00+00:00,43.531,43.531,43.483,43.484,6642.49,46.82499247918651
2026-04-19 15:30:00+00:00,43.483,43.484,43.408,43.409,32485.77,42.45368793711377
2026-04-19 15:35:00+00:00,43.409,43.412,43.267,43.386,50246.38,41.18395423663169
2026-04-19 15:40:00+00:00,43.385,43.39,43.32,43.367,3723.23,40.116544430745925
2026-04-19 15:45:00+00:00,43.365,43.414,43.347,43.411,7117.68,43.752276370711755
2026-04-19 15:50:00+00:00,43.406,43.418,43.342,43.395,3993.76,42.73618504723011
2026-04-19 15:55:00+00:00,43.39,43.417,43.342,43.371,1377.36,41.19089756307637
2026-04-19 16:00:00+00:00,43.371,43.374,43.268,43.291,18493.06,36.45855266833857
2026-04-19 16:05:00+00:00,43.291,43.291,43.176,43.191,19338.56,31.575220936082047
2026-04-19 16:10:00+00:00,43.19,43.345,43.182,43.334,6663.37,43.27576757881058
2026-04-19 16:15:00+00:00,43.333,43.39,43.147,43.182,31810.98,36.19154625798096
2026-04-19 16:20:00+00:00,43.187,43.235,43.157,43.193,6946.37,36.99535676415839
2026-04-19 16:25:00+00:00,43.198,43.292,43.197,43.227,1323.07,39.530949630910584
2026-04-19 16:30:00+00:00,43.228,43.302,43.133,43.217,24525.2,39.0333856279239
2026-04-19 16:35:00+00:00,43.218,43.228,43.16,43.185,2794.83,37.410672023425406
2026-04-19 16:40:00+00:00,43.185,43.193,43.09,43.114,13514.1,34.03030008672178
2026-04-19 16:45:00+00:00,43.114,43.255,43.113,43.226,6979.83,42.80918964544172
2026-04-19 16:50:00+00:00,43.216,43.286,43.077,43.105,12397.82,37.06978122073033
2026-04-19 16:55:00+00:00,43.1,43.205,43.072,43.168,8999.75,41.46975726192218
2026-04-19 17:00:00+00:00,43.164,43.182,43.08,43.081,17970.24,37.563828601621616
2026-04-19 17:05:00+00:00,43.08,43.081,42.924,42.962,68894.6,32.98715383150149
2026-04-19 17:10:00+00:00,42.961,43.05,42.951,42.971,3708.72,33.64561483874847
2026-04-19 17:15:00+00:00,42.979,42.98,42.895,42.921,23428.07,31.777498643641508
2026-04-19 17:20:00+00:00,42.921,42.944,42.634,42.651,62596.08,24.02128051190691
2026-04-19 17:25:00+00:00,42.652,42.652,42.27,42.491,247216.95,20.78387095323933
2026-04-19 17:30:00+00:00,42.49,42.49,42.07,42.112,111492.97,15.466495557182299
2026-04-19 17:35:00+00:00,42.106,42.435,42.106,42.435,87376.29,31.541354849287202
2026-04-19 17:40:00+00:00,42.435,42.447,42.361,42.378,13911.41,30.441240890994266
2026-04-19 17:45:00+00:00,42.377,42.378,41.998,42.0,111292.31,24.37070477860128
2026-04-19 17:50:00+00:00,42.0,42.165,41.898,41.969,231417.09,23.948906349227073
2026-04-19 17:55:00+00:00,41.956,42.078,41.844,41.888,88440.83,22.83671744901929
2026-04-19 18:00:00+00:00,41.887,41.95,41.55,41.609,239968.0,19.480851039901623
2026-04-19 18:05:00+00:00,41.609,41.69,41.519,41.68,76078.86,22.598030637240228
2026-04-19 18:10:00+00:00,41.665,41.696,41.57,41.663,97298.46,22.374676159596305
2026-04-19 18:15:00+00:00,41.663,41.699,41.603,41.65,31810.35,22.194025618179552
2026-04-19 18:20:00+00:00,41.638,41.775,41.621,41.671,32013.29,23.2717272900922
2026-04-19 18:25:00+00:00,41.67,41.848,41.652,41.778,49635.02,28.691442059720956
2026-04-19 18:30:00+00:00,41.79,41.831,41.634,41.751,52483.49,28.151085015290178
2026-04-19 18:35:00+00:00,41.754,41.833,41.626,41.696,50581.45,27.034157748846894
2026-04-19 18:40:00+00:00,41.692,41.696,41.52,41.576,59698.04,24.728811132168673
2026-04-19 18:45:00+00:00,41.56,41.58,41.404,41.463,117882.19,22.760527869003326
2026-04-19 18:50:00+00:00,41.463,41.57,41.398,41.447,62518.74,22.487596393873858
2026-04-19 18:55:00+00:00,41.447,41.505,41.377,41.437,37784.24,22.307548584966895
2026-04-19 19:00:00+00:00,41.437,41.577,41.437,41.516,28579.3,27.262238810665863
2026-04-19 19:05:00+00:00,41.518,41.666,41.488,41.498,46745.61,26.84220336426918
2026-04-19 19:10:00+00:00,41.496,41.635,41.485,41.602,21856.67,33.24209527038255
2026-04-19 19:15:00+00:00,41.602,41.608,41.456,41.582,26305.04,32.65055551637947
2026-04-19 19:20:00+00:00,41.581,41.617,41.522,41.546,12680.54,31.561838457861313
2026-04-19 19:25:00+00:00,41.532,41.67,41.53,41.633,17789.86,37.02673678895172
2026-04-19 19:30:00+00:00,41.626,41.636,41.509,41.572,14946.28,34.92117556942382
2026-04-19 19:35:00+00:00,41.564,41.611,41.518,41.611,13072.12,37.3732397617695
2026-04-19 19:40:00+00:00,41.61,41.611,41.536,41.553,17262.13,35.246306701094426
2026-04-19 19:45:00+00:00,41.561,41.611,41.53,41.559,7097.58,35.654269675545336
2026-04-19 19:50:00+00:00,41.565,41.589,41.53,41.531,2930.6,34.56000723029716
2026-04-19 19:55:00+00:00,41.531,41.6,41.52,41.555,6020.5,36.3628528755549
2026-04-19 20:00:00+00:00,41.552,41.582,41.518,41.564,19069.95,37.06307650689705
2026-04-19 20:05:00+00:00,41.564,41.594,41.526,41.584,6729.39,38.677864463968525
2026-04-19 20:10:00+00:00,41.576,41.598,41.53,41.56,6519.02,37.436577872975484
2026-04-19 20:15:00+00:00,41.56,41.593,41.519,41.545,8566.37,36.645008282549895
2026-04-19 20:20:00+00:00,41.545,41.572,41.517,41.517,30817.54,35.15090399063091
2026-04-19 20:25:00+00:00,41.518,41.532,41.4,41.425,46007.7,30.719024089597212
2026-04-19 20:30:00+00:00,41.433,41.63,41.415,41.618,23258.03,46.07825825448943
2026-04-19 20:35:00+00:00,41.618,41.622,41.49,41.493,6893.13,39.90738996177686
2026-04-19 20:40:00+00:00,41.493,41.493,41.306,41.317,37765.38,33.17140089102121
2026-04-19 20:45:00+00:00,41.311,41.332,41.214,41.299,43706.46,32.56598093255997
2026-04-19 20:50:00+00:00,41.295,41.429,41.28,41.4,11534.99,39.26436505927052
2026-04-19 20:55:00+00:00,41.404,41.483,41.392,41.403,17300.89,39.45673685265572
2026-04-19 21:00:00+00:00,41.403,41.448,41.346,41.426,8030.36,40.99965758411411
2026-04-19 21:05:00+00:00,41.419,41.468,41.379,41.407,6764.81,40.09072402689485
2026-04-19 21:10:00+00:00,41.407,41.472,41.374,41.464,10362.83,44.094866612010584
2026-04-19 21:15:00+00:00,41.462,41.529,41.385,41.42,19448.91,41.773828626930964
2026-04-19 21:20:00+00:00,41.419,41.42,41.312,41.336,17830.78,37.69454405989016
2026-04-19 21:25:00+00:00,41.335,41.401,41.315,41.371,4833.16,40.31004231289417
2026-04-19 21:30:00+00:00,41.364,41.398,41.256,41.277,10472.46,35.94569115404023
2026-04-19 21:35:00+00:00,41.277,41.291,41.22,41.233,15715.22,34.08538613632774
2026-04-19 21:40:00+00:00,41.232,41.268,41.143,41.166,34418.64,31.41892391417528
2026-04-19 21:45:00+00:00,41.166,41.22,41.105,41.105,23068.12,29.180704276300702
2026-04-19 21:50:00+00:00,41.111,41.186,41.08,41.082,19837.23,28.360342253399892
2026-04-19 21:55:00+00:00,41.082,41.095,41.02,41.074,45936.96,28.064800684474505
2026-04-19 22:00:00+00:00,41.073,41.127,40.924,41.004,65430.13,25.555334156224106
2026-04-19 22:05:00+00:00,41.017,41.367,41.013,41.186,67304.46,40.46175848917457
2026-04-19 22:10:00+00:00,41.167,41.214,41.044,41.093,28742.18,36.44584654804244
2026-04-19 22:15:00+00:00,41.09,41.103,40.999,41.025,27515.7,33.80394030372614
2026-04-19 22:20:00+00:00,41.023,41.024,40.84,40.894,58342.13,29.384787843967842
2026-04-19 22:25:00+00:00,40.897,41.003,40.89,40.963,45604.44,34.2596898067537
2026-04-19 22:30:00+00:00,40.962,41.225,40.956,41.122,51945.2,43.87487505264731
2026-04-19 22:35:00+00:00,41.125,41.165,41.047,41.052,17334.52,41.02969475963826
2026-04-19 22:40:00+00:00,41.053,41.139,41.031,41.126,16548.97,45.08395406292907
2026-04-19 22:45:00+00:00,41.126,41.234,41.126,41.224,23147.52,49.98776223176611
2026-04-19 22:50:00+00:00,41.224,41.261,41.149,41.214,32748.49,49.50200905881167
2026-04-19 22:55:00+00:00,41.21,41.214,41.062,41.072,12262.34,43.09761282174348
2026-04-19 23:00:00+00:00,41.069,41.075,41.015,41.044,12859.59,41.945241509978075
2026-04-19 23:05:00+00:00,41.043,41.08,40.909,40.96,25214.08,38.60987505161792
2026-04-19 23:10:00+00:00,40.963,40.969,40.908,40.945,16123.6,38.02835452634146
2026-04-19 23:15:00+00:00,40.942,41.048,40.9,41.011,14867.97,42.15653178076696
2026-04-19 23:20:00+00:00,41.015,41.015,40.91,40.91,20898.68,37.98634991846785
2026-04-19 23:25:00+00:00,40.911,41.013,40.91,40.95,10020.57,40.49681194528039
2026-04-19 23:30:00+00:00,40.955,40.966,40.837,40.854,17328.66,36.66092574270654
2026-04-19 23:35:00+00:00,40.856,41.039,40.8,41.016,30985.53,45.96272174216978
2026-04-19 23:40:00+00:00,41.018,41.018,40.755,40.768,37603.81,37.003683234343995
2026-04-19 23:45:00+00:00,40.769,40.796,40.682,40.719,57302.14,35.53007880414272
2026-04-19 23:50:00+00:00,40.719,40.727,40.571,40.642,147682.11,33.2867802260656
2026-04-19 23:55:00+00:00,40.606,40.69,40.5,40.69,138418.99,35.99952720315585
2026-04-20 00:00:00+00:00,40.69,40.846,40.676,40.815,63899.13,42.55092386012034
2026-04-20 00:05:00+00:00,40.801,40.85,40.702,40.821,44566.44,42.85331403986139
2026-04-20 00:10:00+00:00,40.836,41.09,40.828,40.966,90665.09,49.73858143601093
2026-04-20 00:15:00+00:00,40.962,41.053,40.942,41.037,24369.19,52.74111754250219
2026-04-20 00:20:00+00:00,41.038,41.133,41.021,41.119,16586.59,56.00963808505161
2026-04-20 00:25:00+00:00,41.12,41.154,41.072,41.113,17341.26,55.706044789395136
2026-04-20 00:30:00+00:00,41.112,41.2,41.08,41.154,30643.42,57.40508800443192
2026-04-20 00:35:00+00:00,41.15,41.171,41.041,41.079,17731.09,53.37201872031831
2026-04-20 00:40:00+00:00,41.079,41.224,41.074,41.196,25113.32,58.29453889440124
2026-04-20 00:45:00+00:00,41.185,41.288,41.15,41.275,21687.71,61.26783764144872
2026-04-20 00:50:00+00:00,41.279,41.317,41.249,41.279,22163.26,61.417823367222645
2026-04-20 00:55:00+00:00,41.278,41.308,41.099,41.19,45379.19,56.202859581881036
2026-04-20 01:00:00+00:00,41.19,41.358,41.19,41.344,27885.11,62.185948827079606
2026-04-20 01:05:00+00:00,41.342,41.411,41.3,41.316,26095.71,60.56589349588661
2026-04-20 01:10:00+00:00,41.31,41.427,41.288,41.427,16200.33,64.512817245776
2026-04-20 01:15:00+00:00,41.426,41.436,41.316,41.391,29473.29,62.33373274678847
2026-04-20 01:20:00+00:00,41.393,41.401,41.229,41.312,28791.86,57.725788543700524
2026-04-20 01:25:00+00:00,41.313,41.405,41.311,41.393,14706.16,60.91604225823808
2026-04-20 01:30:00+00:00,41.385,41.495,41.385,41.476,32770.47,63.92063970040405
2026-04-20 01:35:00+00:00,41.476,41.487,41.388,41.392,29008.64,58.97900039334039
2026-04-20 01:40:00+00:00,41.393,41.5,41.392,41.446,8793.78,61.062972406409266
2026-04-20 01:45:00+00:00,41.446,41.586,41.427,41.559,46067.42,65.06281515645746
2026-04-20 01:50:00+00:00,41.559,41.61,41.54,41.56,28713.71,65.09698549648657
2026-04-20 01:55:00+00:00,41.561,41.592,41.542,41.572,21277.28,65.53263319918452
2026-04-20 02:00:00+00:00,41.575,41.577,41.294,41.311,30156.9,50.70776333157388
2026-04-20 02:05:00+00:00,41.311,41.321,41.233,41.31,11643.7,50.660475792710514
2026-04-20 02:10:00+00:00,41.302,41.308,41.121,41.131,21903.03,42.94108564825673
2026-04-20 02:15:00+00:00,41.125,41.19,41.091,41.121,11854.48,42.55100429193042
2026-04-20 02:20:00+00:00,41.118,41.16,41.072,41.148,6519.85,44.02939963780503
2026-04-20 02:25:00+00:00,41.15,41.175,41.094,41.096,13914.27,41.79843625116919
2026-04-20 02:30:00+00:00,41.097,41.113,41.044,41.078,7372.14,41.023552086598144
2026-04-20 02:35:00+00:00,41.079,41.15,41.049,41.15,34432.49,45.38502486628081
2026-04-20 02:40:00+00:00,41.149,41.157,41.087,41.146,11308.05,45.185102215375444
2026-04-20 02:45:00+00:00,41.137,41.188,41.124,41.188,13136.1,47.78592633458244
2026-04-20 02:50:00+00:00,41.188,41.232,41.131,41.138,11260.74,45.04579113576357
2026-04-20 02:55:00+00:00,41.131,41.138,41.003,41.013,12575.52,39.021563899171504
2026-04-20 03:00:00+00:00,41.015,41.023,40.926,40.94,27179.68,35.994119272799296
2026-04-20 03:05:00+00:00,40.943,40.947,40.9,40.92,13350.21,35.18861920398831
2026-04-20 03:10:00+00:00,40.923,40.969,40.918,40.967,10916.8,38.66248285530223
2026-04-20 03:15:00+00:00,40.97,41.025,40.968,40.999,31543.39,40.98192394101669
2026-04-20 03:20:00+00:00,41.0,41.11,40.999,41.05,10661.83,44.578897112963176
2026-04-20 03:25:00+00:00,41.051,41.098,41.018,41.039,9953.19,43.95662027469231
2026-04-20 03:30:00+00:00,41.039,41.231,41.031,41.207,22469.38,54.421135183621246
2026-04-20 03:35:00+00:00,41.21,41.231,41.169,41.177,3903.34,52.53471757557785
2026-04-20 03:40:00+00:00,41.178,41.21,41.16,41.181,1821.01,52.76979638514248
2026-04-20 03:45:00+00:00,41.178,41.2,41.109,41.197,9295.11,53.75638003003286
2026-04-20 03:50:00+00:00,41.202,41.382,41.179,41.343,33423.53,61.63224164246368
2026-04-20 03:55:00+00:00,41.343,41.408,41.223,41.232,48150.12,54.089731772042825
2026-04-20 04:00:00+00:00,41.235,41.27,41.144,41.172,22831.4,50.49265980451283
2026-04-20 04:05:00+00:00,41.173,41.2,41.14,41.169,6814.18,50.312497113684785
2026-04-20 04:10:00+00:00,41.17,41.183,41.104,41.104,6192.18,46.44563816373047
2026-04-20 04:15:00+00:00,41.113,41.122,41.055,41.055,3115.95,43.717861707261065
2026-04-20 04:20:00+00:00,41.056,41.056,40.965,40.965,8457.3,39.167735730704045
2026-04-20 04:25:00+00:00,40.965,41.047,40.947,41.02,28715.72,43.06742664594935
2026-04-20 04:30:00+00:00,41.021,41.102,40.989,41.07,10396.35,46.42954893827707
2026-04-20 04:35:00+00:00,41.076,41.111,41.076,41.091,1906.0,47.82323143038874
2026-04-20 04:40:00+00:00,41.092,41.143,41.045,41.09,12580.78,47.75951318308416
2026-04-20 04:45:00+00:00,41.091,41.178,41.048,41.069,29027.3,46.36251491673476
2026-04-20 04:50:00+00:00,41.069,41.118,41.016,41.043,4844.41,44.62220829913015
2026-04-20 04:55:00+00:00,41.037,41.037,40.99,40.991,4769.67,41.284413854022226
2026-04-20 05:00:00+00:00,40.991,40.999,40.811,40.841,48234.98,33.49999974841782
2026-04-20 05:05:00+00:00,40.841,40.876,40.717,40.853,61012.58,34.56301081826801
2026-04-20 05:10:00+00:00,40.856,40.919,40.75,40.919,11090.36,40.22278603466513
2026-04-20 05:15:00+00:00,40.92,40.92,40.728,40.764,24743.96,33.003308091229044
2026-04-20 05:20:00+00:00,40.768,40.832,40.74,40.781,7985.89,34.39415109775136
2026-04-20 05:25:00+00:00,40.782,40.85,40.749,40.76,35524.93,33.46980835796428
2026-04-20 05:30:00+00:00,40.755,40.82,40.719,40.806,8606.05,37.43619299739798
2026-04-20 05:35:00+00:00,40.807,40.903,40.806,40.9,12814.33,44.6924872628593
2026-04-20 05:40:00+00:00,40.901,40.973,40.889,40.921,15028.67,46.193897517440035
2026-04-20 05:45:00+00:00,40.922,40.997,40.905,40.996,11769.72,51.28067949868504
2026-04-20 05:50:00+00:00,40.995,41.156,40.98,41.156,24908.17,59.9741889934266
2026-04-20 05:55:00+00:00,41.156,41.156,41.063,41.069,12451.07,54.30030877876439
2026-04-20 06:00:00+00:00,41.069,41.098,40.975,41.042,24002.78,52.63602248096518
2026-04-20 06:05:00+00:00,41.042,41.078,41.001,41.016,14064.67,51.01453377685108
2026-04-20 06:10:00+00:00,41.017,41.048,40.982,40.994,5622.2,49.62158385815647
2026-04-20 06:15:00+00:00,40.995,41.028,40.973,41.026,7046.96,51.687957985615704
2026-04-20 06:20:00+00:00,41.029,41.042,40.973,41.037,6737.08,52.41056534741328
2026-04-20 06:25:00+00:00,41.038,41.133,41.029,41.071,6243.23,54.667542515232114
2026-04-20 06:30:00+00:00,41.065,41.244,41.065,41.224,16578.07,63.13936155266032
2026-04-20 06:35:00+00:00,41.224,41.312,41.219,41.257,13142.22,64.67285911599507
2026-04-20 06:40:00+00:00,41.258,41.482,41.258,41.32,30485.09,67.45639715872034
2026-04-20 06:45:00+00:00,41.321,41.418,41.3,41.393,6823.19,70.36973714175141
2026-04-20 06:50:00+00:00,41.391,41.414,41.097,41.186,95346.88,55.26241290689359
2026-04-20 06:55:00+00:00,41.187,41.203,41.13,41.134,5895.92,52.229003410501456
2026-04-20 07:00:00+00:00,41.15,41.227,41.13,41.142,5286.27,52.65953502180569
2026-04-20 07:05:00+00:00,41.145,41.16,41.057,41.159,11950.68,53.61618016695516
2026-04-20 07:10:00+00:00,41.157,41.184,41.114,41.168,3087.24,54.144489348242836
2026-04-20 07:15:00+00:00,41.164,41.169,41.084,41.169,6814.34,54.206900738722524
2026-04-20 07:20:00+00:00,41.169,41.554,41.141,41.458,61693.0,67.83286470525354
2026-04-20 07:25:00+00:00,41.453,41.568,41.363,41.374,55808.68,62.05326253547646
2026-04-20 07:30:00+00:00,41.372,41.395,41.225,41.229,44505.87,53.56848347222372
2026-04-20 07:35:00+00:00,41.23,41.26,41.157,41.199,17556.14,51.98472268668597
2026-04-20 07:40:00+00:00,41.2,41.219,41.103,41.104,14762.17,47.22343082977234
2026-04-20 07:45:00+00:00,41.105,41.145,40.955,40.997,25232.95,42.50170975053928
2026-04-20 07:50:00+00:00,40.996,41.0,40.786,40.793,41574.37,35.26255801245915
2026-04-20 07:55:00+00:00,40.795,40.916,40.782,40.91,25704.16,41.42475747626286
2026-04-20 08:00:00+00:00,40.91,40.915,40.84,40.84,12469.48,39.030965675696514
2026-04-20 08:05:00+00:00,40.841,40.936,40.84,40.908,12026.79,42.50664431063896
2026-04-20 08:10:00+00:00,40.907,41.037,40.907,41.011,22539.32,47.398168021029
2026-04-20 08:15:00+00:00,41.008,41.066,40.95,41.024,18626.08,47.999514421042896
2026-04-20 08:20:00+00:00,41.025,41.033,40.892,40.908,11523.28,43.248422459783036
2026-04-20 08:25:00+00:00,40.909,40.949,40.816,40.821,32963.66,40.04679835914323
2026-04-20 08:30:00+00:00,40.822,40.924,40.818,40.859,10288.68,42.06421676957376
2026-04-20 08:35:00+00:00,40.86,40.868,40.822,40.822,12615.91,40.63057904036238
2026-04-20 08:40:00+00:00,40.823,40.823,40.782,40.793,15735.98,39.49440936007198
2026-04-20 08:45:00+00:00,40.794,40.849,40.783,40.803,9827.3,40.11625957470272
2026-04-20 08:50:00+00:00,40.804,40.816,40.793,40.805,9660.81,40.24852720638537
2026-04-20 08:55:00+00:00,40.804,40.887,40.712,40.871,50349.93,44.59736957533575
2026-04-20 09:00:00+00:00,40.879,40.942,40.849,40.859,11958.22,43.9707400974155
2026-04-20 09:05:00+00:00,40.863,40.987,40.842,40.961,13332.75,50.355913680555126
2026-04-20 09:10:00+00:00,40.962,41.002,40.927,40.937,12897.12,48.94259351699919
2026-04-20 09:15:00+00:00,40.938,41.091,40.927,41.059,30776.97,55.74259887217724
2026-04-20 09:20:00+00:00,41.056,41.116,41.042,41.065,22842.12,56.05259753336071
2026-04-20 09:25:00+00:00,41.066,41.089,41.002,41.02,3862.84,53.05125528449225
2026-04-20 09:30:00+00:00,41.029,41.065,40.99,40.997,5533.36,51.532455179568544
2026-04-20 09:35:00+00:00,40.999,41.09,40.964,41.065,6665.62,55.58134636000756
2026-04-20 09:40:00+00:00,41.066,41.159,41.06,41.091,26602.39,57.05845312639647
2026-04-20 09:45:00+00:00,41.092,41.24,41.091,41.134,13226.06,59.45957698911743
2026-04-20 09:50:00+00:00,41.128,41.134,41.036,41.044,8073.47,52.804316729817074
2026-04-20 09:55:00+00:00,41.049,41.091,41.01,41.022,6649.88,51.2929638507243
2026-04-20 10:00:00+00:00,41.023,41.059,40.989,40.998,14582.0,49.62431772907106
2026-04-20 10:05:00+00:00,41.006,41.134,40.987,41.098,10681.76,56.041221241251066
2026-04-20 10:10:00+00:00,41.099,41.233,41.085,41.136,8442.5,58.219180740763
2026-04-20 10:15:00+00:00,41.134,41.138,41.027,41.06,28884.62,52.60547310371745
2026-04-20 10:20:00+00:00,41.061,41.061,40.986,41.06,27700.54,52.60547310371745
2026-04-20 10:25:00+00:00,41.06,41.168,41.056,41.162,15130.05,58.790443036749004
2026-04-20 10:30:00+00:00,41.163,41.167,41.064,41.074,15542.62,52.433015490172345
2026-04-20 10:35:00+00:00,41.075,41.094,41.03,41.04,5183.96,50.175417501370205
2026-04-20 10:40:00+00:00,41.04,41.076,41.001,41.062,5205.11,51.62677779897773
2026-04-20 10:45:00+00:00,41.063,41.108,41.031,41.048,14198.88,50.616333696958996
2026-04-20 10:50:00+00:00,41.049,41.062,40.948,41.034,8081.98,49.57148386851056
2026-04-20 10:55:00+00:00,41.034,41.04,40.938,40.952,10569.85,43.86054263078652
2026-04-20 11:00:00+00:00,40.958,41.004,40.915,40.968,5122.57,45.18746785937173
2026-04-20 11:05:00+00:00,40.975,41.059,40.969,41.057,6552.14,51.985803655372386
2026-04-20 11:10:00+00:00,41.058,41.082,41.014,41.064,6492.78,52.48497133678934
2026-04-20 11:15:00+00:00,41.065,41.106,41.054,41.06,6053.52,52.15132315585834
2026-04-20 11:20:00+00:00,41.065,41.079,40.979,41.072,5767.31,53.114265878922794
2026-04-20 11:25:00+00:00,41.064,41.085,40.991,40.991,11307.46,46.33574239874849
2026-04-20 11:30:00+00:00,40.989,41.083,40.952,40.965,5238.2,44.37796065349509
2026-04-20 11:35:00+00:00,40.966,41.032,40.956,41.018,5059.84,49.09923923902245
2026-04-20 11:40:00+00:00,41.019,41.142,41.001,41.088,9300.31,54.58254391812722
2026-04-20 11:45:00+00:00,41.094,41.153,41.093,41.138,6018.49,58.058089299948016
2026-04-20 11:50:00+00:00,41.136,41.185,41.121,41.18,8227.62,60.77354773462774
2026-04-20 11:55:00+00:00,41.181,41.221,41.141,41.19,16897.83,61.41410638980761
2026-04-20 12:00:00+00:00,41.198,41.28,41.147,41.267,16251.74,66.01593655743213
2026-04-20 12:05:00+00:00,41.253,41.305,41.215,41.303,39716.14,67.94101425085815
2026-04-20 12:10:00+00:00,41.302,41.461,41.296,41.37,34401.3,71.20972001985862
2026-04-20 12:15:00+00:00,41.372,41.444,41.3,41.401,16963.56,72.60166417025431
2026-04-20 12:20:00+00:00,41.4,41.514,41.267,41.358,32143.2,67.71143318356758
2026-04-20 12:25:00+00:00,41.362,41.38,41.286,41.299,9193.22,61.582198811100106
2026-04-20 12:30:00+00:00,41.302,41.37,41.282,41.365,3245.83,65.35968325055231
2026-04-20 12:35:00+00:00,41.362,41.362,41.214,41.233,13461.42,53.93692378436813
2026-04-20 12:40:00+00:00,41.23,41.406,41.164,41.406,27417.74,63.05113435384855
2026-04-20 12:45:00+00:00,41.393,41.566,41.348,41.555,27503.96,68.7806156190081
2026-04-20 12:50:00+00:00,41.556,41.568,41.395,41.472,24936.87,62.92695649602765
2026-04-20 12:55:00+00:00,41.472,41.475,41.39,41.415,5788.23,59.20072492368238
2026-04-20 13:00:00+00:00,41.42,41.441,41.229,41.27,19300.8,50.937516442221174
2026-04-20 13:05:00+00:00,41.273,41.409,41.237,41.383,12488.36,56.08218642248416
2026-04-20 13:10:00+00:00,41.386,41.423,41.309,41.326,9421.74,53.05976900786801
2026-04-20 13:15:00+00:00,41.327,41.359,41.223,41.265,15516.39,49.95689187157467
2026-04-20 13:20:00+00:00,41.276,41.276,41.154,41.168,16737.77,45.409403435556925
2026-04-20 13:25:00+00:00,41.171,41.265,41.131,41.247,7030.35,49.44562483284741
2026-04-20 13:30:00+00:00,41.261,41.324,41.115,41.294,30910.63,51.73212264764367
2026-04-20 13:35:00+00:00,41.294,41.366,41.252,41.267,11847.82,50.3240085054243
2026-04-20 13:40:00+00:00,41.253,41.263,41.163,41.216,29774.78,47.68379257480617
2026-04-20 13:45:00+00:00,41.225,41.318,41.153,41.169,16712.57,45.32383996116952
2026-04-20 13:50:00+00:00,41.17,41.18,41.011,41.043,19470.72,39.65735651120579
2026-04-20 13:55:00+00:00,41.03,41.2,41.016,41.172,17333.82,46.96760317937549
2026-04-20 14:00:00+00:00,41.172,41.211,41.057,41.181,14045.62,47.44595925643548
2026-04-20 14:05:00+00:00,41.187,41.254,41.067,41.197,29267.63,48.33811857257256
2026-04-20 14:10:00+00:00,41.197,41.242,41.097,41.119,9631.09,44.382558880147606
2026-04-20 14:15:00+00:00,41.115,41.296,41.108,41.207,10318.34,49.41219734377532
2026-04-20 14:20:00+00:00,41.206,41.479,41.203,41.479,33229.87,61.11684151949636
2026-04-20 14:25:00+00:00,41.478,41.609,41.464,41.578,61279.22,64.34997211712411
2026-04-20 14:30:00+00:00,41.582,41.77,41.54,41.751,58508.87,69.17366066558954
2026-04-20 14:35:00+00:00,41.764,41.79,41.42,41.464,37519.75,55.70725680240199
2026-04-20 14:40:00+00:00,41.464,41.486,41.316,41.434,19700.67,54.512630542787726
2026-04-20 14:45:00+00:00,41.434,41.508,41.377,41.493,11332.46,56.48885485414742
2026-04-20 14:50:00+00:00,41.495,41.519,41.05,41.085,71858.85,42.67987997247159
2026-04-20 14:55:00+00:00,41.092,41.097,40.872,40.97,60731.52,39.731673549698364
2026-04-20 15:00:00+00:00,40.975,41.048,40.741,40.958,79862.68,39.42563125941595
2026-04-20 15:05:00+00:00,40.956,41.032,40.84,41.018,23040.83,41.83797286556874
2026-04-20 15:10:00+00:00,41.011,41.124,40.995,41.113,30196.65,45.53636990708506
2026-04-20 15:15:00+00:00,41.113,41.193,41.086,41.143,9657.7,46.68921617797999
2026-04-20 15:20:00+00:00,41.144,41.461,41.094,41.397,38301.5,55.31375401430823
2026-04-20 15:25:00+00:00,41.407,41.613,41.296,41.356,38677.2,53.80073699836791
2026-04-20 15:30:00+00:00,41.358,41.358,41.238,41.312,31641.54,52.15205974167847
2026-04-20 15:35:00+00:00,41.332,41.356,41.169,41.169,15384.86,47.100337272508995
2026-04-20 15:40:00+00:00,41.171,41.271,41.171,41.186,14295.11,47.74832355767891
2026-04-20 15:45:00+00:00,41.188,41.197,40.585,40.659,201549.16,33.889543399097434
2026-04-20 15:50:00+00:00,40.659,41.09,40.587,41.048,134794.01,46.28322832132188
2026-04-20 15:55:00+00:00,41.043,41.207,40.944,41.192,60194.79,50.01861971635538
2026-04-20 16:00:00+00:00,41.199,41.256,41.025,41.027,27746.02,46.065766839386356
2026-04-20 16:05:00+00:00,41.032,41.072,40.966,40.998,25816.77,45.38686363700196
2026-04-20 16:10:00+00:00,41.007,41.027,40.758,40.944,104176.43,44.08402322863822
2026-04-20 16:15:00+00:00,40.945,41.052,40.894,41.022,58174.72,46.474093155402166
2026-04-20 16:20:00+00:00,41.021,41.14,40.946,41.139,40206.84,49.93123734129618
2026-04-20 16:25:00+00:00,41.139,41.148,41.048,41.048,31405.0,47.36861639089986
2026-04-20 16:30:00+00:00,41.048,41.084,40.99,41.001,22199.72,46.053936704098476
2026-04-20 16:35:00+00:00,41.001,41.074,40.963,41.064,8612.79,48.131987848348736
2026-04-20 16:40:00+00:00,41.055,41.075,41.0,41.002,14897.85,46.24404805000299
2026-04-20 16:45:00+00:00,41.008,41.025,40.899,40.918,11413.96,43.74074843253382
2026-04-20 16:50:00+00:00,40.924,40.928,40.831,40.888,26892.98,42.848633884938735
2026-04-20 16:55:00+00:00,40.895,40.896,40.73,40.767,20906.62,39.36160157408531
2026-04-20 17:00:00+00:00,40.76,40.822,40.67,40.817,39355.11,41.48087095068472
2026-04-20 17:05:00+00:00,40.816,41.033,40.809,41.013,61239.53,49.00470637887457
2026-04-20 17:10:00+00:00,41.012,41.346,40.986,41.313,122325.38,57.922225720602206
2026-04-20 17:15:00+00:00,41.311,41.543,41.246,41.475,57860.28,61.80627249819364
2026-04-20 17:20:00+00:00,41.477,41.531,41.295,41.337,68892.01,56.98111605675218
2026-04-20 17:25:00+00:00,41.338,41.488,41.284,41.401,60510.22,58.59551836234775
2026-04-20 17:30:00+00:00,41.402,41.402,41.125,41.219,65954.87,52.55539221494765
2026-04-20 17:35:00+00:00,41.217,41.258,41.199,41.202,5958.14,52.016029374256966
2026-04-20 17:40:00+00:00,41.202,41.255,41.146,41.252,9664.22,53.52671089801087
2026-04-20 17:45:00+00:00,41.247,41.439,41.216,41.431,21100.45,58.5570277363324
2026-04-20 17:50:00+00:00,41.431,41.456,41.292,41.297,15295.51,53.85729742356386
2026-04-20 17:55:00+00:00,41.297,41.319,41.25,41.258,5931.87,52.53571856794251
2026-04-20 18:00:00+00:00,41.258,41.456,41.25,41.317,18622.42,54.36030057817209
2026-04-20 18:05:00+00:00,41.317,41.59,41.306,41.578,52409.88,61.42475118797698
2026-04-20 18:10:00+00:00,41.575,41.591,41.46,41.522,42475.87,59.30370725578204
2026-04-20 18:15:00+00:00,41.525,41.633,41.521,41.62,50112.0,61.79028901121696
2026-04-20 18:20:00+00:00,41.625,41.63,41.441,41.441,27772.02,55.16066326551706
2026-04-20 18:25:00+00:00,41.44,41.459,41.342,41.344,27482.9,51.91034359610567
2026-04-20 18:30:00+00:00,41.341,41.365,41.287,41.358,19388.17,52.34678882738918
2026-04-20 18:35:00+00:00,41.358,41.365,41.169,41.172,39004.32,46.330671894062284
2026-04-20 18:40:00+00:00,41.172,41.4,41.169,41.283,36423.57,50.022135861285946
2026-04-20 18:45:00+00:00,41.28,41.311,41.224,41.289,13266.29,50.22144523006933
2026-04-20 18:50:00+00:00,41.285,41.458,41.285,41.438,21486.47,55.018789260288045
2026-04-20 18:55:00+00:00,41.438,41.48,41.364,41.41,21938.03,53.966252464036096
2026-04-20 19:00:00+00:00,41.41,41.478,41.358,41.414,12168.78,54.10133926444463
2026-04-20 19:05:00+00:00,41.417,41.442,41.326,41.362,11678.72,51.96639184637193
2026-04-20 19:10:00+00:00,41.357,41.383,41.23,41.23,24744.23,46.906224120261115
2026-04-20 19:15:00+00:00,41.237,41.238,41.178,41.192,10415.87,45.53170553668063
2026-04-20 19:20:00+00:00,41.193,41.212,41.162,41.19,8310.2,45.45620597881599
2026-04-20 19:25:00+00:00,41.19,41.212,41.144,41.193,3814.2,45.60191620553819
2026-04-20 19:30:00+00:00,41.198,41.249,41.185,41.222,4956.01,47.07381090320762
2026-04-20 19:35:00+00:00,41.221,41.285,41.21,41.271,5510.25,49.557365247233534
2026-04-20 19:40:00+00:00,41.271,41.332,41.268,41.331,7065.84,52.496812358582716
2026-04-20 19:45:00+00:00,41.331,41.357,41.285,41.304,6652.45,51.05501736555018
2026-04-20 19:50:00+00:00,41.304,41.339,41.28,41.292,4465.37,50.39258825431624
2026-04-20 19:55:00+00:00,41.292,41.341,41.268,41.321,4824.01,52.01300228914001
2026-04-20 20:00:00+00:00,41.318,41.477,41.145,41.428,123344.3,57.52583417744211
2026-04-20 20:05:00+00:00,41.428,41.463,41.367,41.41,25087.77,56.35298675039651
2026-04-20 20:10:00+00:00,41.41,41.499,41.41,41.496,8526.52,60.49698417338342
2026-04-20 20:15:00+00:00,41.496,41.528,41.453,41.509,12909.97,61.098246111777264
2026-04-20 20:20:00+00:00,41.509,41.565,41.438,41.44,21239.11,56.20809014623183
2026-04-20 20:25:00+00:00,41.437,41.466,41.36,41.362,9918.27,51.21759807280518
2026-04-20 20:30:00+00:00,41.362,41.41,41.318,41.403,8714.49,53.552050483638226
2026-04-20 20:35:00+00:00,41.402,41.436,41.381,41.435,4558.92,55.3480772892748
2026-04-20 20:40:00+00:00,41.435,41.477,41.406,41.418,4839.02,54.15015242946983
2026-04-20 20:45:00+00:00,41.418,41.501,41.382,41.428,12194.67,54.77028797243299
2026-04-20 20:50:00+00:00,41.428,41.443,41.379,41.404,3333.99,52.92030804612152
2026-04-20 20:55:00+00:00,41.4,41.46,41.4,41.447,8554.13,55.80087242550293
2026-04-20 21:00:00+00:00,41.447,41.505,41.447,41.48,8385.52,57.928343914967904
2026-04-20 21:05:00+00:00,41.48,41.575,41.422,41.436,16502.31,54.183445109825506
2026-04-20 21:10:00+00:00,41.44,41.441,41.301,41.343,26753.87,47.233044057566644
2026-04-20 21:15:00+00:00,41.346,41.369,41.245,41.278,18675.56,43.074174451587645
2026-04-20 21:20:00+00:00,41.29,41.342,41.263,41.314,9730.05,45.91459895291036
2026-04-20 21:25:00+00:00,41.302,41.308,41.234,41.275,6044.82,43.38880240473241
2026-04-20 21:30:00+00:00,41.274,41.28,41.167,41.199,24563.1,38.89814309088809
2026-04-20 21:35:00+00:00,41.198,41.226,41.075,41.131,34353.83,35.37072889364026
2026-04-20 21:40:00+00:00,41.131,41.146,40.956,41.033,42294.26,31.006723208240857
2026-04-20 21:45:00+00:00,41.033,41.139,41.033,41.117,9131.26,38.06086708487617
2026-04-20 21:50:00+00:00,41.119,41.126,40.98,40.986,10204.74,32.48297582831853
2026-04-20 21:55:00+00:00,40.988,41.075,40.974,40.996,13362.67,33.28671855512502
2026-04-20 22:00:00+00:00,40.996,41.129,40.995,41.06,10678.3,38.34536311458253
2026-04-20 22:05:00+00:00,41.059,41.122,41.026,41.029,12515.4,36.88636695765024
2026-04-20 22:10:00+00:00,41.029,41.047,41.009,41.011,5526.37,36.02914990269152
2026-04-20 22:15:00+00:00,41.009,41.01,40.935,40.935,8560.94,32.58581489971881
2026-04-20 22:20:00+00:00,40.936,40.951,40.918,40.926,11117.87,32.19343550993466
2026-04-20 22:25:00+00:00,40.926,40.949,40.9,40.9,12438.52,31.030948332148256
2026-04-20 22:30:00+00:00,40.901,40.942,40.863,40.934,23865.38,34.368466590448676
2026-04-20 22:35:00+00:00,40.933,40.988,40.89,40.89,7102.18,32.19704639816878
2026-04-20 22:40:00+00:00,40.891,40.903,40.822,40.845,15930.65,30.10231594452506
2026-04-20 22:45:00+00:00,40.846,40.867,40.802,40.802,15624.86,28.21341821357116
2026-04-20 22:50:00+00:00,40.803,40.924,40.8,40.924,9863.08,39.76259095755556
2026-04-20 22:55:00+00:00,40.923,40.964,40.865,40.959,5792.87,42.61491917075591
2026-04-20 23:00:00+00:00,40.943,40.943,40.737,40.752,29602.89,32.74060573565491
2026-04-20 23:05:00+00:00,40.752,40.764,40.72,40.725,6863.96,31.708557888157543
2026-04-20 23:10:00+00:00,40.724,40.731,40.616,40.637,45195.51,28.549777442999897
2026-04-20 23:15:00+00:00,40.636,40.649,40.613,40.638,27796.75,28.63677747541645
2026-04-20 23:20:00+00:00,40.638,40.707,40.6,40.662,14298.95,30.81413199705652
2026-04-20 23:25:00+00:00,40.659,40.66,40.592,40.611,19794.12,28.803019647377937
2026-04-20 23:30:00+00:00,40.611,40.63,40.588,40.612,7376.84,28.90100572180866
2026-04-20 23:35:00+00:00,40.612,40.624,40.569,40.59,10858.42,27.988389756789445
2026-04-20 23:40:00+00:00,40.59,40.617,40.576,40.602,11987.86,29.29980126100388
2026-04-20 23:45:00+00:00,40.603,40.692,40.563,40.647,7795.21,34.14322927485607
2026-04-20 23:50:00+00:00,40.646,40.668,40.561,40.588,16909.64,31.131876123360797
2026-04-20 23:55:00+00:00,40.589,40.752,40.58,40.705,17484.23,42.04748396299718
2026-04-21 00:00:00+00:00,40.7,40.716,40.594,40.597,32464.48,36.3241656892496
2026-04-21 00:05:00+00:00,40.597,40.644,40.528,40.568,61313.59,34.948553500896
2026-04-21 00:10:00+00:00,40.572,40.649,40.572,40.647,16944.2,41.45311382732779
2026-04-21 00:15:00+00:00,40.647,40.69,40.63,40.672,10043.15,43.382457535344955
2026-04-21 00:20:00+00:00,40.672,40.673,40.609,40.613,4290.93,40.02982340699248
2026-04-21 00:25:00+00:00,40.613,40.614,40.505,40.55,59530.24,36.76278916739111
2026-04-21 00:30:00+00:00,40.543,40.579,40.423,40.472,134594.01,33.15487540272565
2026-04-21 00:35:00+00:00,40.472,40.507,40.391,40.396,40598.19,30.059372094927184
2026-04-21 00:40:00+00:00,40.4,40.506,40.38,40.387,17084.29,29.70567064960329
2026-04-21 00:45:00+00:00,40.386,40.607,40.359,40.477,89677.31,37.61147934749759
2026-04-21 00:50:00+00:00,40.475,40.524,40.434,40.45,10722.63,36.292761270802245
2026-04-21 00:55:00+00:00,40.455,40.594,40.451,40.57,16610.93,45.44754355198428
2026-04-21 01:00:00+00:00,40.57,40.57,40.487,40.561,12867.65,44.926104031474516
2026-04-21 01:05:00+00:00,40.561,40.761,40.561,40.752,32678.73,56.36750316629647
2026-04-21 01:10:00+00:00,40.752,40.926,40.695,40.878,45735.25,61.97900011951465
2026-04-21 01:15:00+00:00,40.875,40.88,40.748,40.801,16558.22,57.14248395034636
2026-04-21 01:20:00+00:00,40.802,40.923,40.801,40.839,11364.65,58.84913450791071
2026-04-21 01:25:00+00:00,40.841,40.879,40.785,40.869,9226.75,60.196727464017265
2026-04-21 01:30:00+00:00,40.866,40.97,40.865,40.967,13595.08,64.3085422935599
2026-04-21 01:35:00+00:00,40.967,40.983,40.887,40.899,18031.16,59.700068540427374
2026-04-21 01:40:00+00:00,40.899,40.899,40.834,40.877,10344.98,58.245777425443976
2026-04-21 01:45:00+00:00,40.879,40.917,40.773,40.856,15935.11,56.822856134856956
2026-04-21 01:50:00+00:00,40.852,40.874,40.749,40.759,6507.03,50.66585883740952
2026-04-21 01:55:00+00:00,40.756,40.845,40.733,40.836,8398.46,54.84824574469441
2026-04-21 02:00:00+00:00,40.844,40.888,40.656,40.721,53831.11,48.26685822233876
2026-04-21 02:05:00+00:00,40.718,40.766,40.652,40.731,9526.7,48.8417122324285
2026-04-21 02:10:00+00:00,40.731,40.747,40.678,40.695,17801.65,46.82451135132814
2026-04-21 02:15:00+00:00,40.695,40.786,40.657,40.744,8403.66,49.859948909599815
2026-04-21 02:20:00+00:00,40.744,40.781,40.697,40.724,4108.22,48.639505726367624
2026-04-21 02:25:00+00:00,40.727,40.85,40.691,40.762,13891.98,51.08918335077311
2026-04-21 02:30:00+00:00,40.77,40.864,40.77,40.81,2887.8,54.06924758192469
2026-04-21 02:35:00+00:00,40.818,40.886,40.769,40.774,2138.24,51.53322019756236
2026-04-21 02:40:00+00:00,40.774,40.862,40.745,40.791,9108.63,52.66234375482493
2026-04-21 02:45:00+00:00,40.791,40.854,40.769,40.806,4691.73,53.6875750287239
2026-04-21 02:50:00+00:00,40.82,40.846,40.799,40.815,7112.15,54.32674010585164
2026-04-21 02:55:00+00:00,40.818,40.833,40.799,40.819,4069.79,54.626463273528444
2026-04-21 03:00:00+00:00,40.819,40.838,40.771,40.838,14723.18,56.10013181576832
2026-04-21 03:05:00+00:00,40.841,40.87,40.769,40.813,5288.08,53.63187007203397
2026-04-21 03:10:00+00:00,40.812,40.862,40.724,40.756,6874.97,48.40287732011904
2026-04-21 03:15:00+00:00,40.752,40.839,40.728,40.762,10060.35,48.966914849176845
2026-04-21 03:20:00+00:00,40.756,40.85,40.719,40.844,5339.83,56.039699785096595
2026-04-21 03:25:00+00:00,40.845,40.985,40.845,40.945,14172.5,62.86622813782799
2026-04-21 03:30:00+00:00,40.945,41.132,40.939,41.132,53406.72,71.64561824486194
2026-04-21 03:35:00+00:00,41.133,41.133,40.926,40.932,17125.37,56.31131565320157
2026-04-21 03:40:00+00:00,40.927,40.998,40.92,40.976,9090.34,58.4197905333659
2026-04-21 03:45:00+00:00,40.978,41.1,40.93,41.079,15350.0,62.929949728472884
2026-04-21 03:50:00+00:00,41.079,41.327,41.053,41.297,72188.61,70.27820432718696
2026-04-21 03:55:00+00:00,41.3,41.428,41.236,41.262,58525.89,67.94934877026014
2026-04-21 04:00:00+00:00,41.261,41.38,41.255,41.327,16572.55,69.94148663313138
2026-04-21 04:05:00+00:00,41.325,41.326,41.258,41.263,7265.12,65.61685385581933
2026-04-21 04:10:00+00:00,41.263,41.34,41.244,41.244,6135.56,64.34485559551018
2026-04-21 04:15:00+00:00,41.251,41.265,41.111,41.116,25429.69,56.41113336285786
2026-04-21 04:20:00+00:00,41.116,41.174,40.929,41.002,96696.7,50.44539438463973
2026-04-21 04:25:00+00:00,41.002,41.078,40.968,40.968,14137.42,48.788201794330135
2026-04-21 04:30:00+00:00,40.968,41.015,40.962,40.992,4996.58,50.035947615771214
2026-04-21 04:35:00+00:00,40.997,41.13,40.986,40.994,10618.67,50.14495818834092
2026-04-21 04:40:00+00:00,40.986,41.006,40.94,41.006,11177.94,50.838026760101
2026-04-21 04:45:00+00:00,41.008,41.085,40.9,41.058,43817.57,53.833081662527114
2026-04-21 04:50:00+00:00,41.054,41.172,41.048,41.098,16671.57,56.05109849311741
2026-04-21 04:55:00+00:00,41.111,41.162,41.094,41.133,12854.22,57.95456625006433
2026-04-21 05:00:00+00:00,41.133,41.22,41.111,41.208,20676.8,61.77508176537998
2026-04-21 05:05:00+00:00,41.213,41.321,41.208,41.304,16435.21,66.03001838592903
2026-04-21 05:10:00+00:00,41.287,41.29,41.158,41.198,11623.67,58.31171790358696
2026-04-21 05:15:00+00:00,41.202,41.228,41.167,41.17,4432.35,56.43513949033249
2026-04-21 05:20:00+00:00,41.17,41.213,41.101,41.128,5296.71,53.64628121806846
2026-04-21 05:25:00+00:00,41.118,41.167,41.081,41.089,12535.11,51.120077638382014
2026-04-21 05:30:00+00:00,41.088,41.097,41.032,41.032,14569.25,47.59260893714535
2026-04-21 05:35:00+00:00,41.033,41.059,41.016,41.016,5256.05,46.62014151319751
2026-04-21 05:40:00+00:00,41.016,41.027,41.0,41.006,2770.12,45.98766901314172
2026-04-21 05:45:00+00:00,41.01,41.046,41.004,41.007,4744.28,46.06646636428887
2026-04-21 05:50:00+00:00,41.006,41.068,40.987,41.029,8130.57,47.86835317637808
2026-04-21 05:55:00+00:00,41.031,41.037,40.983,41.015,3399.49,46.79689383145435
2026-04-21 06:00:00+00:00,41.022,41.141,41.012,41.054,20196.92,50.14469634308711
2026-04-21 06:05:00+00:00,41.054,41.054,40.945,40.954,11204.82,42.72152237133832
2026-04-21 06:10:00+00:00,40.96,40.974,40.834,40.887,21116.24,38.59868136009537
2026-04-21 06:15:00+00:00,40.894,40.919,40.832,40.836,5890.36,35.76900489892469
2026-04-21 06:20:00+00:00,40.831,40.839,40.78,40.789,15721.88,33.34305374816286
2026-04-21 06:25:00+00:00,40.789,40.802,40.746,40.759,18871.78,31.857805234439994
2026-04-21 06:30:00+00:00,40.758,40.956,40.758,40.95,9066.93,47.80036394180572
2026-04-21 06:35:00+00:00,40.951,41.038,40.951,40.973,13076.77,49.33748408137737
2026-04-21 06:40:00+00:00,40.98,41.007,40.945,40.97,3342.71,49.13424709553689
2026-04-21 06:45:00+00:00,40.97,41.044,40.939,41.028,9730.85,53.152213014183204
2026-04-21 06:50:00+00:00,41.022,41.046,40.974,41.004,6496.32,51.34484918903232
2026-04-21 06:55:00+00:00,41.001,41.011,40.948,40.959,4338.69,48.0459647096867
2026-04-21 07:00:00+00:00,40.957,40.979,40.851,40.861,3771.07,41.754248291374246
2026-04-21 07:05:00+00:00,40.854,40.904,40.836,40.886,3291.79,43.77692032160445
2026-04-21 07:10:00+00:00,40.887,40.889,40.778,40.786,16056.25,38.080425789039786
2026-04-21 07:15:00+00:00,40.793,40.82,40.613,40.805,84510.86,39.68631876885239
2026-04-21 07:20:00+00:00,40.804,40.839,40.707,40.811,49696.41,40.213637384171605
2026-04-21 07:25:00+00:00,40.81,40.883,40.732,40.767,26285.72,37.61634987253032
2026-04-21 07:30:00+00:00,40.775,40.805,40.702,40.727,15834.65,35.37924071190068
2026-04-21 07:35:00+00:00,40.734,40.85,40.734,40.839,5892.78,45.20553814519731
2026-04-21 07:40:00+00:00,40.839,40.927,40.835,40.916,14319.4,50.750253251989065
2026-04-21 07:45:00+00:00,40.913,40.959,40.872,40.899,9887.58,49.55791768206535
2026-04-21 07:50:00+00:00,40.906,40.952,40.871,40.944,5787.05,52.724185057214164
2026-04-21 07:55:00+00:00,40.946,40.949,40.89,40.906,4720.94,49.87703117249121
2026-04-21 08:00:00+00:00,40.911,40.922,40.833,40.841,6055.29,45.3643920561368
2026-04-21 08:05:00+00:00,40.841,40.898,40.825,40.832,7435.84,44.76052818419035
2026-04-21 08:10:00+00:00,40.833,40.854,40.802,40.822,6143.46,44.05875249036778
2026-04-21 08:15:00+00:00,40.819,40.839,40.798,40.838,3822.71,45.530261996221036
2026-04-21 08:20:00+00:00,40.838,41.06,40.833,40.93,75088.91,53.159859719288086
2026-04-21 08:25:00+00:00,40.929,41.05,40.924,41.041,6073.41,60.372058690519395
2026-04-21 08:30:00+00:00,41.042,41.042,40.886,40.98,10090.8,55.33006569512814
2026-04-21 08:35:00+00:00,40.981,41.01,40.93,41.01,4288.85,57.22223688944773
2026-04-21 08:40:00+00:00,41.009,41.105,41.002,41.023,10815.34,58.05145503162157
2026-04-21 08:45:00+00:00,41.016,41.199,40.991,41.016,23347.03,57.40617429493889
2026-04-21 08:50:00+00:00,41.014,41.028,40.959,40.979,18165.91,53.99002023128294
2026-04-21 08:55:00+00:00,40.976,40.979,40.932,40.939,7557.34,50.491833898007
2026-04-21 09:00:00+00:00,40.934,40.947,40.84,40.857,11033.14,44.173153394168786
2026-04-21 09:05:00+00:00,40.858,40.898,40.833,40.874,7650.19,45.690554419479646
2026-04-21 09:10:00+00:00,40.875,40.921,40.838,40.842,6705.27,43.3045223897715
2026-04-21 09:15:00+00:00,40.842,40.87,40.797,40.802,7131.48,40.46023828719815
2026-04-21 09:20:00+00:00,40.808,40.813,40.731,40.731,10473.26,35.947026318088206
2026-04-21 09:25:00+00:00,40.738,40.794,40.683,40.684,43537.7,33.29905432378672
2026-04-21 09:30:00+00:00,40.684,40.908,40.573,40.775,45470.38,42.17995585242482
2026-04-21 09:35:00+00:00,40.774,40.89,40.727,40.889,14376.41,50.984496003200086
2026-04-21 09:40:00+00:00,40.894,40.918,40.832,40.902,8729.3,51.88428034149405
2026-04-21 09:45:00+00:00,40.912,40.916,40.796,40.87,8792.57,49.47661434211866
2026-04-21 09:50:00+00:00,40.869,40.9,40.733,40.78,56232.03,43.37952634952699
2026-04-21 09:55:00+00:00,40.789,40.831,40.768,40.788,7610.8,44.03966469190244
2026-04-21 10:00:00+00:00,40.799,40.835,40.784,40.808,5805.4,45.742778622193505
2026-04-21 10:05:00+00:00,40.799,40.882,40.798,40.868,5390.94,50.60008535756517
2026-04-21 10:10:00+00:00,40.863,40.864,40.794,40.797,8420.17,45.41850114839287
2026-04-21 10:15:00+00:00,40.797,40.955,40.785,40.938,17879.07,55.224599366504734
2026-04-21 10:20:00+00:00,40.938,41.068,40.921,41.019,41328.92,59.70347466132565
2026-04-21 10:25:00+00:00,41.024,41.068,40.979,41.01,6977.83,58.99731338379471
2026-04-21 10:30:00+00:00,41.01,41.148,40.903,40.953,20773.64,54.593187034385664
2026-04-21 10:35:00+00:00,40.953,40.957,40.907,40.921,4442.57,52.23567170982301
2026-04-21 10:40:00+00:00,40.922,41.041,40.922,41.012,5294.12,57.8146404567645
2026-04-21 10:45:00+00:00,41.024,41.147,41.017,41.126,15375.23,63.55725285218701
2026-04-21 10:50:00+00:00,41.127,41.227,41.105,41.19,44495.44,66.32846910492844
2026-04-21 10:55:00+00:00,41.19,41.256,41.09,41.09,21831.82,58.804076423053964
2026-04-21 11:00:00+00:00,41.094,41.095,40.967,40.988,14812.97,52.28837094281444
2026-04-21 11:05:00+00:00,40.995,41.028,40.959,40.986,6161.2,52.16631507038142
2026-04-21 11:10:00+00:00,40.987,41.014,40.907,40.914,15276.37,47.837132595506674
2026-04-21 11:15:00+00:00,40.921,40.994,40.895,40.965,10465.78,50.942705224371466
2026-04-21 11:20:00+00:00,40.971,41.075,40.966,41.06,6754.44,56.17659384234552
2026-04-21 11:25:00+00:00,41.056,41.105,41.037,41.042,6528.38,54.97969677203426
2026-04-21 11:30:00+00:00,41.042,41.066,40.994,40.994,3043.64,51.809651341758304
2026-04-21 11:35:00+00:00,40.993,41.051,40.912,40.922,13844.25,47.395230550966986
2026-04-21 11:40:00+00:00,40.922,40.938,40.873,40.898,9813.79,45.988610589030735
2026-04-21 11:45:00+00:00,40.898,40.915,40.835,40.849,4306.26,43.171470160303684
2026-04-21 11:50:00+00:00,40.855,40.864,40.828,40.84,6779.72,42.65463088568278
2026-04-21 11:55:00+00:00,40.834,40.876,40.817,40.869,8241.69,44.94191414018424
2026-04-21 12:00:00+00:00,40.868,40.87,40.795,40.799,10802.52,40.719958638557955
2026-04-21 12:05:00+00:00,40.799,40.808,40.755,40.763,16645.92,38.706092673893515
2026-04-21 12:10:00+00:00,40.764,40.766,40.679,40.696,18591.23,35.215391001469996
2026-04-21 12:15:00+00:00,40.696,40.758,40.672,40.674,13659.17,34.12705067661095
2026-04-21 12:20:00+00:00,40.674,40.7,40.66,40.698,8295.08,36.434985810787715
2026-04-21 12:25:00+00:00,40.693,40.784,40.65,40.764,17932.7,42.41052360019937
2026-04-21 12:30:00+00:00,40.778,40.888,40.704,40.855,58417.72,49.46455065150972
2026-04-21 12:35:00+00:00,40.851,40.897,40.687,40.687,22129.68,39.77763493164243
2026-04-21 12:40:00+00:00,40.685,40.686,40.476,40.514,66819.58,32.68025043181794
2026-04-21 12:45:00+00:00,40.506,40.621,40.476,40.573,20834.37,36.820496707854815
2026-04-21 12:50:00+00:00,40.569,40.7,40.548,40.689,31401.18,44.099768731316885
2026-04-21 12:55:00+00:00,40.689,40.748,40.664,40.728,6011.84,46.33832130056372
2026-04-21 13:00:00+00:00,40.73,40.75,40.61,40.611,6515.84,41.02995729135896
2026-04-21 13:05:00+00:00,40.617,40.747,40.616,40.735,2844.42,47.84872418058962
2026-04-21 13:10:00+00:00,40.733,40.771,40.683,40.753,15765.07,48.77468904555081
2026-04-21 13:15:00+00:00,40.751,40.777,40.701,40.711,2683.44,46.69149916277396
2026-04-21 13:20:00+00:00,40.701,40.735,40.439,40.52,58500.49,38.61444637485684
2026-04-21 13:25:00+00:00,40.527,40.562,40.449,40.507,19826.14,38.13095640417308
2026-04-21 13:30:00+00:00,40.492,40.516,40.256,40.294,120742.47,31.231024266999214
2026-04-21 13:35:00+00:00,40.294,40.366,40.2,40.21,56286.94,29.002168533925698
2026-04-21 13:40:00+00:00,40.211,40.328,40.2,40.224,100714.03,29.90010688315664
2026-04-21 13:45:00+00:00,40.225,40.27,40.12,40.138,121206.84,27.59158898124369
2026-04-21 13:50:00+00:00,40.136,40.359,40.12,40.299,62303.67,37.34445243510037
2026-04-21 13:55:00+00:00,40.301,40.43,40.301,40.427,20490.65,43.82290363516774
2026-04-21 14:00:00+00:00,40.43,40.485,40.288,40.386,41204.53,42.313688617017895
2026-04-21 14:05:00+00:00,40.386,40.431,40.27,40.431,14362.23,44.570045693459335
2026-04-21 14:10:00+00:00,40.433,40.492,40.335,40.426,42480.16,44.362414591141366
2026-04-21 14:15:00+00:00,40.454,40.69,40.454,40.605,65599.05,52.83369231698745
2026-04-21 14:20:00+00:00,40.606,40.634,40.48,40.523,19475.53,49.14236778657652
2026-04-21 14:25:00+00:00,40.524,40.557,40.433,40.504,32828.34,48.300302910850746
2026-04-21 14:30:00+00:00,40.505,40.582,40.48,40.555,9849.37,50.74026353125812
2026-04-21 14:35:00+00:00,40.556,40.581,40.5,40.545,10182.71,50.23958910978571
2026-04-21 14:40:00+00:00,40.54,40.636,40.514,40.533,15249.3,49.6070145719234
2026-04-21 14:45:00+00:00,40.531,40.532,40.331,40.434,31969.91,44.6159374294587
2026-04-21 14:50:00+00:00,40.43,40.442,40.328,40.336,18244.42,40.294101895594956
2026-04-21 14:55:00+00:00,40.334,40.334,40.1,40.1,48876.47,32.20393076299116
2026-04-21 15:00:00+00:00,40.1,40.191,40.04,40.172,71654.5,36.39941881978186
2026-04-21 15:05:00+00:00,40.162,40.162,40.03,40.043,36866.24,32.516776708851594
2026-04-21 15:10:00+00:00,40.042,40.143,40.018,40.124,38296.27,37.05683549833611
2026-04-21 15:15:00+00:00,40.134,40.335,40.124,40.335,43723.11,47.05020723802726
2026-04-21 15:20:00+00:00,40.334,40.334,40.011,40.045,40642.61,38.09740335088233
2026-04-21 15:25:00+00:00,40.046,40.079,39.825,39.994,142658.71,36.772225092228226
2026-04-21 15:30:00+00:00,39.987,40.016,39.846,39.887,49665.81,34.09280994309513
2026-04-21 15:35:00+00:00,39.887,39.969,39.8,39.969,33493.31,37.831384551636525
2026-04-21 15:40:00+00:00,39.969,40.032,39.915,40.004,35074.48,39.411193357038464
2026-04-21 15:45:00+00:00,40.011,40.108,39.978,40.053,27211.67,41.64687605038165
2026-04-21 15:50:00+00:00,40.052,40.052,39.951,39.952,33995.84,38.49390680989834
2026-04-21 15:55:00+00:00,39.951,40.025,39.927,40.006,16469.71,41.063014402010516
2026-04-21 16:00:00+00:00,40.007,40.076,39.965,39.973,29014.61,39.96440732880861
2026-04-21 16:05:00+00:00,39.972,39.977,39.58,39.887,222571.01,37.17320831132675
2026-04-21 16:10:00+00:00,39.89,39.966,39.669,39.963,86388.65,41.08894982961939
2026-04-21 16:15:00+00:00,39.966,39.983,39.847,39.892,15309.0,38.664511714462
2026-04-21 16:20:00+00:00,39.891,39.902,39.734,39.794,28827.57,35.546780016775955
2026-04-21 16:25:00+00:00,39.792,39.896,39.782,39.884,24155.51,40.30724067543475
2026-04-21 16:30:00+00:00,39.884,40.022,39.791,39.999,46439.38,45.814407153860806
2026-04-21 16:35:00+00:00,40.0,40.1,39.937,39.96,30802.3,44.32103551558149
2026-04-21 16:40:00+00:00,39.967,40.05,39.851,39.895,17005.76,41.87131861231028
2026-04-21 16:45:00+00:00,39.894,39.919,39.858,39.901,7555.77,42.188961654752326
2026-04-21 16:50:00+00:00,39.891,39.917,39.849,39.911,6239.31,42.75046746377173
2026-04-21 16:55:00+00:00,39.921,40.01,39.909,39.995,11253.69,47.374331731261606
2026-04-21 17:00:00+00:00,39.996,40.007,39.775,39.8,80220.84,39.415639386332565
2026-04-21 17:05:00+00:00,39.806,39.806,39.629,39.762,60155.59,38.07332843391334
2026-04-21 17:10:00+00:00,39.762,39.769,39.645,39.741,13273.31,37.31699789363192
2026-04-21 17:15:00+00:00,39.74,39.746,39.502,39.522,88109.38,30.5101680363492
2026-04-21 17:20:00+00:00,39.522,39.678,39.502,39.573,58507.01,33.549962181728915
2026-04-21 17:25:00+00:00,39.563,39.644,39.522,39.589,34611.64,34.51775185546431
2026-04-21 17:30:00+00:00,39.589,39.658,39.578,39.629,19261.32,36.98850976532794
2026-04-21 17:35:00+00:00,39.62,39.712,39.517,39.711,22016.26,41.83375935339587
2026-04-21 17:40:00+00:00,39.711,39.887,39.71,39.756,55830.67,44.36218291959191
2026-04-21 17:45:00+00:00,39.755,39.78,39.636,39.673,40531.6,40.83624324384107
2026-04-21 17:50:00+00:00,39.673,39.687,39.521,39.531,40454.99,35.62007349446256
2026-04-21 17:55:00+00:00,39.532,39.57,39.502,39.511,23298.16,34.94306630444554
2026-04-21 18:00:00+00:00,39.512,39.607,39.512,39.573,35368.07,38.82475383649371
2026-04-21 18:05:00+00:00,39.573,39.609,39.535,39.537,8225.77,37.42831241275764
2026-04-21 18:10:00+00:00,39.534,39.58,39.502,39.506,21075.38,36.22019626802737
2026-04-21 18:15:00+00:00,39.51,39.523,39.4,39.453,125324.21,34.18837385925811
2026-04-21 18:20:00+00:00,39.447,39.547,39.364,39.449,40724.72,34.033204276593736
2026-04-21 18:25:00+00:00,39.447,39.491,39.386,39.415,17014.71,32.67565363128237
2026-04-21 18:30:00+00:00,39.414,39.496,39.356,39.482,64213.29,37.92996448668157
2026-04-21 18:35:00+00:00,39.474,39.533,39.429,39.45,24891.01,36.466126184035694
2026-04-21 18:40:00+00:00,39.45,39.457,39.349,39.39,18921.14,33.829817383187844
2026-04-21 18:45:00+00:00,39.391,39.453,39.114,39.137,113464.33,25.468655642612575
2026-04-21 18:50:00+00:00,39.137,39.17,39.036,39.142,125358.3,25.858652951303796
2026-04-21 18:55:00+00:00,39.133,39.291,39.1,39.269,75905.95,35.14200039473111
2026-04-21 19:00:00+00:00,39.268,39.321,39.185,39.222,25683.91,33.47167750938179
2026-04-21 19:05:00+00:00,39.229,39.301,39.218,39.244,28843.4,35.02838536912313
2026-04-21 19:10:00+00:00,39.244,39.308,39.219,39.237,12306.63,34.74976525676709
2026-04-21 19:15:00+00:00,39.25,39.264,39.169,39.172,42889.84,32.18938197661069
2026-04-21 19:20:00+00:00,39.176,39.28,39.135,39.266,30567.5,39.1696572704377
2026-04-21 19:25:00+00:00,39.263,39.364,39.234,39.254,44361.3,38.623069748811425
2026-04-21 19:30:00+00:00,39.254,39.303,39.15,39.15,25934.9,34.172428748464526
2026-04-21 19:35:00+00:00,39.15,39.15,38.981,39.015,88890.83,29.43140732386408
2026-04-21 19:40:00+00:00,39.015,39.021,38.891,38.923,94422.13,26.711619454670412
2026-04-21 19:45:00+00:00,38.916,39.043,38.886,38.958,86979.8,29.385148778690947
2026-04-21 19:50:00+00:00,38.966,39.016,38.898,38.963,28462.21,29.77924472381774
2026-04-21 19:55:00+00:00,38.962,39.006,38.934,38.951,14156.29,29.35580092520506
2026-04-21 20:00:00+00:00,38.95,39.092,38.89,38.987,115785.4,32.458630338333734
2026-04-21 20:05:00+00:00,38.987,39.383,38.95,39.296,78253.72,51.96191444692638
2026-04-21 20:10:00+00:00,39.318,39.62,39.296,39.512,172810.1,60.539749274998
2026-04-21 20:15:00+00:00,39.51,39.68,39.397,39.524,84388.99,60.95685766949655
2026-04-21 20:20:00+00:00,39.533,39.674,39.496,39.632,41727.1,64.58514559444941
2026-04-21 20:25:00+00:00,39.623,39.709,39.6,39.621,37067.88,63.93345898977762
2026-04-21 20:30:00+00:00,39.631,39.74,39.606,39.658,45584.94,65.20524390672168
2026-04-21 20:35:00+00:00,39.654,39.666,39.462,39.482,29838.25,55.22890416758407
2026-04-21 20:40:00+00:00,39.481,39.495,39.396,39.4,21819.2,51.29141598624685
2026-04-21 20:45:00+00:00,39.399,39.412,39.259,39.365,42095.47,49.66387361983434
2026-04-21 20:50:00+00:00,39.363,39.374,39.294,39.313,12277.01,47.26426451751688
2026-04-21 20:55:00+00:00,39.311,39.365,39.28,39.357,7708.27,49.48822250247388
2026-04-21 21:00:00+00:00,39.344,39.5,39.322,39.322,25817.51,47.762738866651844
2026-04-21 21:05:00+00:00,39.323,39.357,39.261,39.264,19491.11,44.96487237356957
2026-04-21 21:10:00+00:00,39.265,39.288,39.167,39.218,14170.8,42.82236213532409
2026-04-21 21:15:00+00:00,39.218,39.23,39.134,39.208,10927.38,42.349941125650794
2026-04-21 21:20:00+00:00,39.208,39.4,39.196,39.327,45041.71,49.49094792198108
2026-04-21 21:25:00+00:00,39.327,39.379,39.274,39.323,5906.84,49.2700252995342
2026-04-21 21:30:00+00:00,39.328,39.328,39.262,39.28,10455.4,46.84895461101728
2026-04-21 21:35:00+00:00,39.276,39.336,39.2,39.281,5400.9,46.914285501734376
2026-04-21 21:40:00+00:00,39.28,39.301,39.225,39.226,5885.42,43.73053564503335
2026-04-21 21:45:00+00:00,39.225,39.35,39.213,39.339,11120.1,51.076543702836595
2026-04-21 21:50:00+00:00,39.339,39.347,39.306,39.312,3147.57,49.41649598954876
2026-04-21 21:55:00+00:00,39.31,39.425,39.306,39.394,7425.13,54.27687104901272
2026-04-21 22:00:00+00:00,39.387,39.441,39.362,39.419,5132.71,55.67522855461782
2026-04-21 22:05:00+00:00,39.412,39.516,39.388,39.472,13123.61,58.568153139569716
2026-04-21 22:10:00+00:00,39.471,39.567,39.461,39.559,11376.69,62.85394761435643
2026-04-21 22:15:00+00:00,39.553,39.609,39.42,39.42,27217.52,53.357285134895655
2026-04-21 22:20:00+00:00,39.42,39.5,39.36,39.475,21958.32,56.178634835335195
2026-04-21 22:25:00+00:00,39.479,39.55,39.473,39.534,4871.94,59.0408238883963
2026-04-21 22:30:00+00:00,39.539,39.569,39.409,39.446,19739.9,53.4348350313856
2026-04-21 22:35:00+00:00,39.446,39.563,39.426,39.506,9971.64,56.4697350811627
2026-04-21 22:40:00+00:00,39.505,39.591,39.496,39.565,3796.89,59.28017674907542
2026-04-21 22:45:00+00:00,39.564,39.564,39.496,39.499,5298.65,55.002186163906146
2026-04-21 22:50:00+00:00,39.498,39.536,39.45,39.472,6364.76,53.30737186941748
2026-04-21 22:55:00+00:00,39.472,39.533,39.472,39.518,4656.88,55.80590527145515
2026-04-21 23:00:00+00:00,39.524,39.685,39.514,39.668,14068.99,62.79683368469369
2026-04-21 23:05:00+00:00,39.667,39.723,39.655,39.719,38698.72,64.8336927462033
2026-04-21 23:10:00+00:00,39.722,39.723,39.664,39.722,7171.23,64.95523854325002
2026-04-21 23:15:00+00:00,39.722,39.737,39.665,39.707,13176.11,63.76844897250438
2026-04-21 23:20:00+00:00,39.706,39.719,39.53,39.558,13454.03,53.34256018999433
2026-04-21 23:25:00+00:00,39.551,39.666,39.53,39.658,7504.6,58.27337719317508
2026-04-21 23:30:00+00:00,39.657,39.734,39.657,39.709,4966.85,60.562465746647085
2026-04-21 23:35:00+00:00,39.707,39.737,39.65,39.736,27286.42,61.75855055364904
2026-04-21 23:40:00+00:00,39.736,39.844,39.722,39.832,49284.26,65.73745895347778
2026-04-21 23:45:00+00:00,39.832,39.902,39.83,39.883,19259.57,67.66241495244176
2026-04-21 23:50:00+00:00,39.88,39.906,39.786,39.822,19351.64,63.09627419241901
2026-04-21 23:55:00+00:00,39.817,39.83,39.75,39.764,20363.36,59.01806403229108
2026-04-22 00:00:00+00:00,39.762,39.869,39.75,39.856,34006.18,63.09298614552913
2026-04-22 00:05:00+00:00,39.855,40.038,39.855,39.98,33685.52,67.74782256287546
2026-04-22 00:10:00+00:00,39.98,39.981,39.907,39.94,7420.06,64.90407858775225
2026-04-22 00:15:00+00:00,39.939,40.076,39.9,40.027,53537.58,68.04579587874
2026-04-22 00:20:00+00:00,40.026,40.028,39.825,39.827,19928.39,55.70134998068859
2026-04-22 00:25:00+00:00,39.827,39.942,39.81,39.814,6689.47,55.00287042787245
2026-04-22 00:30:00+00:00,39.813,39.864,39.757,39.767,8936.06,52.44245643839324
2026-04-22 00:35:00+00:00,39.761,39.843,39.75,39.813,12121.55,54.66672190150161
2026-04-22 00:40:00+00:00,39.817,39.834,39.75,39.751,11151.82,51.191492057033194
2026-04-22 00:45:00+00:00,39.755,39.785,39.695,39.704,7630.45,48.66582863058391
2026-04-22 00:50:00+00:00,39.703,39.806,39.696,39.79,5405.03,53.21440147141102
2026-04-22 00:55:00+00:00,39.789,39.939,39.76,39.939,14783.96,59.85192174162451
2026-04-22 01:00:00+00:00,39.939,39.979,39.908,39.962,7704.13,60.77696307441526
2026-04-22 01:05:00+00:00,39.961,39.995,39.928,39.95,7794.43,60.000202479450756
2026-04-22 01:10:00+00:00,39.949,39.967,39.831,39.899,6141.59,56.68442376023334
2026-04-22 01:15:00+00:00,39.899,39.91,39.752,39.752,8373.37,48.384551870659365
2026-04-22 01:20:00+00:00,39.756,39.858,39.741,39.796,8935.81,50.71091974677683
2026-04-22 01:25:00+00:00,39.792,39.857,39.772,39.785,4479.41,50.10294348480609
2026-04-22 01:30:00+00:00,39.771,39.789,39.714,39.715,15603.43,46.29889697499628
2026-04-22 01:35:00+00:00,39.714,39.733,39.678,39.728,10630.07,47.102146764258144
2026-04-22 01:40:00+00:00,39.728,39.746,39.637,39.639,8340.45,42.423645639079155
2026-04-22 01:45:00+00:00,39.639,39.724,39.624,39.703,10324.97,46.53610204141216
2026-04-22 01:50:00+00:00,39.704,39.772,39.701,39.746,7553.42,49.163385490901916
2026-04-22 01:55:00+00:00,39.745,39.807,39.741,39.793,3069.11,51.943196537913536
2026-04-22 02:00:00+00:00,39.792,39.892,39.78,39.819,10803.76,53.45930980673987
2026-04-22 02:05:00+00:00,39.819,39.852,39.772,39.79,6094.76,51.507417390698016
2026-04-22 02:10:00+00:00,39.793,40.096,39.785,40.044,91764.28,63.9297272417592
2026-04-22 02:15:00+00:00,40.043,40.27,39.967,40.266,54311.99,70.93729126165994
2026-04-22 02:20:00+00:00,40.26,40.434,40.2,40.237,126473.21,69.05011797905321
2026-04-22 02:25:00+00:00,40.237,40.577,40.237,40.577,51978.01,76.83208964378437
2026-04-22 02:30:00+00:00,40.533,40.668,40.25,40.328,114018.59,64.11725585172196
2026-04-22 02:35:00+00:00,40.328,40.44,40.271,40.287,39406.45,62.28936140327962
2026-04-22 02:40:00+00:00,40.296,40.443,40.267,40.401,29139.99,65.25535207189927
2026-04-22 02:45:00+00:00,40.401,40.406,40.282,40.323,17256.98,61.68073232947251
2026-04-22 02:50:00+00:00,40.322,40.413,40.316,40.404,7793.18,63.89272424209
2026-04-22 02:55:00+00:00,40.403,40.456,40.356,40.439,50240.58,64.83725650224412
2026-04-22 03:00:00+00:00,40.438,40.509,40.341,40.498,29338.45,66.43138787741634
2026-04-22 03:05:00+00:00,40.498,40.691,40.458,40.537,66151.01,67.48087587314882
2026-04-22 03:10:00+00:00,40.53,40.531,40.373,40.379,34903.71,59.38115761584241
2026-04-22 03:15:00+00:00,40.379,40.39,40.254,40.258,20550.77,54.03236067747124
2026-04-22 03:20:00+00:00,40.257,40.277,40.2,40.203,18113.95,51.750525768893176
2026-04-22 03:25:00+00:00,40.203,40.231,40.178,40.179,18552.93,50.74349238700231
2026-04-22 03:30:00+00:00,40.179,40.193,39.934,39.966,47037.26,42.78588257116097
2026-04-22 03:35:00+00:00,39.966,40.098,39.96,40.092,27066.49,47.982572258118736
2026-04-22 03:40:00+00:00,40.089,40.116,40.02,40.037,15040.07,46.017739065385754
2026-04-22 03:45:00+00:00,40.035,40.089,39.936,40.045,22384.98,46.36179446748924
2026-04-22 03:50:00+00:00,40.045,40.124,40.037,40.096,16731.1,48.61042056642488
2026-04-22 03:55:00+00:00,40.097,40.198,40.096,40.101,27028.92,48.8368769486787
2026-04-22 04:00:00+00:00,40.104,40.146,40.054,40.078,15809.42,47.79354792746729
2026-04-22 04:05:00+00:00,40.086,40.097,39.952,40.033,30742.55,45.73486180705797
2026-04-22 04:10:00+00:00,40.033,40.057,39.959,39.96,14829.06,42.53410146333576
2026-04-22 04:15:00+00:00,39.96,40.104,39.96,40.079,14476.63,48.8219014363277
2026-04-22 04:20:00+00:00,40.087,40.161,40.037,40.134,9611.63,51.46517663266435
2026-04-22 04:25:00+00:00,40.132,40.241,40.114,40.233,13472.1,55.882196057585034
2026-04-22 04:30:00+00:00,40.233,40.249,40.214,40.241,7040.12,56.228855658217704
2026-04-22 04:35:00+00:00,40.236,40.306,40.218,40.302,5441.19,58.88191381363847
2026-04-22 04:40:00+00:00,40.297,40.32,40.231,40.244,4281.42,55.44100767385157
2026-04-22 04:45:00+00:00,40.243,40.243,40.187,40.187,2372.89,52.211834001374726
2026-04-22 04:50:00+00:00,40.185,40.215,40.17,40.193,8147.23,52.52529509163876
2026-04-22 04:55:00+00:00,40.193,40.342,40.184,40.342,9560.4,59.61048667081239
2026-04-22 05:00:00+00:00,40.342,40.363,40.29,40.343,5413.62,59.65400659718874
2026-04-22 05:05:00+00:00,40.337,40.434,40.273,40.282,10178.26,55.71059722443998
2026-04-22 05:10:00+00:00,40.289,40.327,40.245,40.257,3860.51,54.13125869977276
2026-04-22 05:15:00+00:00,40.255,40.505,40.23,40.489,21380.99,64.25762224927517
2026-04-22 05:20:00+00:00,40.486,40.566,40.367,40.519,18709.09,65.32369646948825
2026-04-22 05:25:00+00:00,40.508,40.604,40.44,40.474,34427.27,62.320980716607316
2026-04-22 05:30:00+00:00,40.469,40.681,40.454,40.571,27505.97,65.95389240914237
2026-04-22 05:35:00+00:00,40.565,40.661,40.534,40.536,15990.16,63.57210583880215
2026-04-22 05:40:00+00:00,40.536,40.641,40.477,40.496,15565.22,60.86678126633047
2026-04-22 05:45:00+00:00,40.494,40.548,40.46,40.524,9005.49,62.083156798254336
2026-04-22 05:50:00+00:00,40.526,40.611,40.273,40.325,75687.82,50.15183272810165
2026-04-22 05:55:00+00:00,40.327,40.406,40.269,40.29,12184.08,48.39037005440073
2026-04-22 06:00:00+00:00,40.29,40.421,40.182,40.373,25805.74,52.63858100034959
2026-04-22 06:05:00+00:00,40.372,40.519,40.359,40.448,21201.31,56.15097423219876
2026-04-22 06:10:00+00:00,40.456,40.466,40.336,40.365,16928.02,51.591082041859735
2026-04-22 06:15:00+00:00,40.359,40.483,40.341,40.371,6942.67,51.895201021363114
2026-04-22 06:20:00+00:00,40.374,40.486,40.371,40.419,21317.4,54.365157902352706
2026-04-22 06:25:00+00:00,40.436,40.522,40.4,40.48,10723.25,57.36140182743147
2026-04-22 06:30:00+00:00,40.483,40.499,40.414,40.433,6351.43,54.397833633521934
2026-04-22 06:35:00+00:00,40.428,40.45,40.392,40.418,13299.14,53.44873642536891
2026-04-22 06:40:00+00:00,40.426,40.477,40.388,40.396,7351.26,52.015306848308214
2026-04-22 06:45:00+00:00,40.395,40.456,40.377,40.436,8479.44,54.40937473485327
2026-04-22 06:50:00+00:00,40.436,40.502,40.423,40.497,6425.42,57.862093619541774
2026-04-22 06:55:00+00:00,40.49,40.501,40.453,40.489,5361.59,57.249737577519284
2026-04-22 07:00:00+00:00,40.489,40.576,40.472,40.558,23056.3,61.075970817575715
2026-04-22 07:05:00+00:00,40.553,40.669,40.553,40.604,24384.41,63.426128562651016
2026-04-22 07:10:00+00:00,40.61,40.623,40.496,40.567,17916.92,60.273766232133596
2026-04-22 07:15:00+00:00,40.567,40.567,40.451,40.473,10653.42,53.058772807934204
2026-04-22 07:20:00+00:00,40.473,40.49,40.382,40.417,24352.69,49.27456266528922
2026-04-22 07:25:00+00:00,40.418,40.44,40.38,40.391,13236.22,47.57790824402469
2026-04-22 07:30:00+00:00,40.391,40.438,40.374,40.411,6984.12,49.03173219657926
2026-04-22 07:35:00+00:00,40.411,40.44,40.362,40.368,3225.62,46.07324676672294
2026-04-22 07:40:00+00:00,40.373,40.428,40.343,40.381,8683.6,47.11222646871038
2026-04-22 07:45:00+00:00,40.382,40.423,40.324,40.327,12308.44,43.37398615297173
2026-04-22 07:50:00+00:00,40.326,40.467,40.292,40.441,41053.34,52.02799328229051
2026-04-22 07:55:00+00:00,40.442,40.461,40.39,40.394,9848.05,48.721985111978356
2026-04-22 08:00:00+00:00,40.405,40.456,40.373,40.373,7381.3,47.276484945440096
2026-04-22 08:05:00+00:00,40.374,40.421,40.372,40.408,3263.89,49.94211047894658
2026-04-22 08:10:00+00:00,40.407,40.467,40.399,40.462,10228.64,53.821348505719975
2026-04-22 08:15:00+00:00,40.461,40.481,40.438,40.468,6021.67,54.24562473132885
2026-04-22 08:20:00+00:00,40.468,40.481,40.372,40.38,4520.44,47.37117815356275
2026-04-22 08:25:00+00:00,40.38,40.39,40.31,40.316,13803.32,43.09387027827919
2026-04-22 08:30:00+00:00,40.318,40.402,40.307,40.389,5219.65,48.77536688167863
2026-04-22 08:35:00+00:00,40.386,40.459,40.386,40.387,6685.73,48.632108967286555
2026-04-22 08:40:00+00:00,40.381,40.461,40.381,40.451,5273.03,53.35351809999105
2026-04-22 08:45:00+00:00,40.451,40.532,40.429,40.531,8945.77,58.489595521387756
2026-04-22 08:50:00+00:00,40.531,40.615,40.53,40.574,24309.4,60.97673112914129
2026-04-22 08:55:00+00:00,40.574,40.591,40.51,40.51,6239.94,55.633824125657966
2026-04-22 09:00:00+00:00,40.515,40.585,40.484,40.582,7619.62,59.891628563948025
2026-04-22 09:05:00+00:00,40.583,40.64,40.563,40.637,19939.99,62.82645591939736
2026-04-22 09:10:00+00:00,40.637,40.65,40.592,40.604,7737.34,59.990085515761564
2026-04-22 09:15:00+00:00,40.607,40.607,40.527,40.527,7607.09,53.87795075373682
2026-04-22 09:20:00+00:00,40.528,40.58,40.502,40.571,6211.66,56.59913801901104
2026-04-22 09:25:00+00:00,40.572,40.591,40.49,40.559,26238.49,55.63506116232154
2026-04-22 09:30:00+00:00,40.559,40.568,40.519,40.541,4867.55,54.14522688975881
2026-04-22 09:35:00+00:00,40.542,40.542,40.502,40.52,3090.83,52.382806036520385
2026-04-22 09:40:00+00:00,40.52,40.598,40.52,40.582,5165.41,56.84862545063609
2026-04-22 09:45:00+00:00,40.584,40.597,40.517,40.555,4477.93,54.453544110431174
2026-04-22 09:50:00+00:00,40.556,40.567,40.476,40.483,4539.11,48.57624667478812
2026-04-22 09:55:00+00:00,40.484,40.523,40.464,40.515,5138.91,51.10229779558576
2026-04-22 10:00:00+00:00,40.519,40.565,40.489,40.564,4757.49,54.766421249881304
2026-04-22 10:05:00+00:00,40.565,40.599,40.459,40.469,28216.14,47.3570921852196
2026-04-22 10:10:00+00:00,40.471,40.585,40.471,40.555,24304.11,53.491297072382054
2026-04-22 10:15:00+00:00,40.565,40.642,40.562,40.631,21371.74,58.13408473746985
2026-04-22 10:20:00+00:00,40.632,40.752,40.629,40.703,43370.54,62.00387550150082
2026-04-22 10:25:00+00:00,40.709,40.764,40.662,40.763,25840.42,64.91432561426163
2026-04-22 10:30:00+00:00,40.764,40.9,40.761,40.897,58640.4,70.37257098549955
2026-04-22 10:35:00+00:00,40.899,41.03,40.899,40.977,96900.9,73.06649855804666
2026-04-22 10:40:00+00:00,40.978,41.046,40.816,40.865,50413.75,64.25746514185985
2026-04-22 10:45:00+00:00,40.865,40.974,40.826,40.947,9397.27,67.36015628035621
2026-04-22 10:50:00+00:00,40.941,41.011,40.931,40.944,7061.98,67.13055962917963
2026-04-22 10:55:00+00:00,40.949,41.043,40.93,40.998,7634.15,69.16772032478582
2026-04-22 11:00:00+00:00,40.997,41.094,40.961,41.047,17968.21,70.92843274350459
2026-04-22 11:05:00+00:00,41.039,41.056,40.803,40.822,26898.47,55.30943578453188
2026-04-22 11:10:00+00:00,40.826,40.947,40.82,40.852,17736.39,56.67922093831675
2026-04-22 11:15:00+00:00,40.851,40.96,40.8,40.807,9981.26,54.00529776747236
2026-04-22 11:20:00+00:00,40.808,40.868,40.798,40.842,9381.89,55.75370338346006
2026-04-22 11:25:00+00:00,40.838,40.921,40.759,40.796,30646.22,52.90712582577159
2026-04-22 11:30:00+00:00,40.8,40.932,40.763,40.928,65880.14,59.3248270151394
2026-04-22 11:35:00+00:00,40.928,40.982,40.837,40.901,16271.25,57.595846971132524
2026-04-22 11:40:00+00:00,40.9,41.009,40.867,40.986,5036.59,61.408961188978274
2026-04-22 11:45:00+00:00,40.987,41.003,40.918,40.948,4331.41,58.86068729915322
2026-04-22 11:50:00+00:00,40.94,40.996,40.895,40.925,24290.01,57.31052328718712
2026-04-22 11:55:00+00:00,40.926,41.073,40.926,41.058,33452.11,63.32539363962622
2026-04-22 12:00:00+00:00,41.058,41.1,41.032,41.068,25032.06,63.73908574368092
2026-04-22 12:05:00+00:00,41.073,41.1,41.034,41.091,7232.6,64.72467357175105
2026-04-22 12:10:00+00:00,41.09,41.25,41.087,41.133,107825.03,66.51453360874754
2026-04-22 12:15:00+00:00,41.133,41.188,41.075,41.132,31394.74,66.42810941921644
2026-04-22 12:20:00+00:00,41.127,41.265,41.106,41.151,51995.81,67.29754499425673
2026-04-22 12:25:00+00:00,41.152,41.194,41.089,41.091,9727.23,61.85019806980151
2026-04-22 12:30:00+00:00,41.092,41.142,40.985,41.097,37635.23,62.17987868690731
2026-04-22 12:35:00+00:00,41.098,41.13,40.972,41.075,13935.35,60.1280807790738
2026-04-22 12:40:00+00:00,41.067,41.118,41.037,41.072,6551.06,59.838115580166914
2026-04-22 12:45:00+00:00,41.072,41.257,41.07,41.209,59436.68,67.53719177773861
2026-04-22 12:50:00+00:00,41.209,41.28,41.187,41.224,22394.26,68.25475245183266
2026-04-22 12:55:00+00:00,41.224,41.224,41.146,41.189,10010.33,64.6631295560235
2026-04-22 13:00:00+00:00,41.189,41.306,41.101,41.274,27351.19,68.93799877388166
2026-04-22 13:05:00+00:00,41.276,41.366,41.251,41.334,39796.29,71.5539725240372
2026-04-22 13:10:00+00:00,41.334,41.484,41.33,41.435,61136.46,75.32165870409708
2026-04-22 13:15:00+00:00,41.43,41.467,41.33,41.349,33635.44,67.16423651138652
2026-04-22 13:20:00+00:00,41.349,41.381,41.33,41.36,3594.18,67.64688186058189
2026-04-22 13:25:00+00:00,41.36,41.382,41.33,41.353,3819.1,66.97225140382773
2026-04-22 13:30:00+00:00,41.358,41.441,41.271,41.353,44090.92,66.97225140382773
2026-04-22 13:35:00+00:00,41.353,41.433,41.291,41.426,9588.45,70.52720306484366
2026-04-22 13:40:00+00:00,41.426,41.487,41.361,41.417,23186.98,69.53350784282205
2026-04-22 13:45:00+00:00,41.416,41.528,41.312,41.328,37873.71,60.46142332149176
2026-04-22 13:50:00+00:00,41.328,41.384,41.287,41.38,18759.19,63.461048878780076
2026-04-22 13:55:00+00:00,41.374,41.441,41.232,41.274,47317.04,54.4008290154671
2026-04-22 14:00:00+00:00,41.274,41.398,41.239,41.361,41483.88,59.5102810228027
2026-04-22 14:05:00+00:00,41.361,41.38,41.231,41.232,6667.8,50.47840192319654
