timestamp,open,high,low,close,volume,rsi_14
2024-12-05 08:00:00+00:00,13.207,14.638,13.08,13.514,2053208.44,
2024-12-05 12:00:00+00:00,13.538,13.732,12.3,12.825,1545740.86,
2024-12-05 16:00:00+00:00,12.81,13.155,12.0,12.101,1129645.44,
2024-12-05 20:00:00+00:00,12.114,13.0,11.3,12.724,2380229.39,
2024-12-06 00:00:00+00:00,12.7,13.725,11.5,13.369,2145238.96,
2024-12-06 04:00:00+00:00,13.369,13.577,12.694,13.08,796426.51,
2024-12-06 08:00:00+00:00,13.097,13.4,12.424,12.67,722376.48,
2024-12-06 12:00:00+00:00,12.683,13.831,12.335,13.831,1287635.72,
2024-12-06 16:00:00+00:00,13.826,14.462,13.368,13.892,1520322.98,
2024-12-06 20:00:00+00:00,13.88,14.386,13.27,13.848,1045230.93,
2024-12-07 00:00:00+00:00,13.848,15.054,13.55,14.902,902905.04,
2024-12-07 04:00:00+00:00,14.905,15.314,14.263,14.573,1310721.88,
2024-12-07 08:00:00+00:00,14.548,15.0,14.177,14.334,712340.09,
2024-12-07 12:00:00+00:00,14.331,15.05,14.296,14.522,996159.4,
2024-12-07 16:00:00+00:00,14.533,14.913,13.835,14.722,1328470.62,33.74211886816377
2024-12-07 20:00:00+00:00,14.716,14.886,14.2,14.246,864666.7,31.535144802247757
2024-12-08 00:00:00+00:00,14.23,14.451,13.564,14.191,1206472.44,31.28055572965694
2024-12-08 04:00:00+00:00,14.169,14.198,13.53,13.912,573688.2,29.959253655621154
2024-12-08 08:00:00+00:00,13.912,14.036,13.516,13.941,528661.36,30.288869636393912
2024-12-08 12:00:00+00:00,13.96,14.67,13.915,14.489,687275.17,36.381542668050436
2024-12-08 16:00:00+00:00,14.489,14.702,13.882,13.915,713063.26,33.11665510521692
2024-12-08 20:00:00+00:00,13.895,14.411,13.79,14.051,532480.16,34.61387105554766
2024-12-09 00:00:00+00:00,14.056,14.463,13.52,13.664,872402.56,32.39179836885701
2024-12-09 04:00:00+00:00,13.666,13.967,12.534,13.514,2579418.19,31.546473047200863
2024-12-09 08:00:00+00:00,13.514,13.74,12.419,12.507,1604853.14,26.539216818629342
2024-12-09 12:00:00+00:00,12.507,13.547,12.3,12.616,1948232.79,27.873733983410503
2024-12-09 16:00:00+00:00,12.64,13.432,12.4,12.73,1158292.27,29.319934753628473
2024-12-09 20:00:00+00:00,12.73,13.84,12.064,13.598,3803019.18,39.299802786200495
2024-12-10 00:00:00+00:00,13.567,13.77,12.702,13.085,1018418.3,36.05919680718999
2024-12-10 04:00:00+00:00,13.08,13.9,12.68,13.706,855563.82,42.265463835777894
2024-12-10 08:00:00+00:00,13.71,14.5,13.602,14.33,764562.03,47.7531601553347
2024-12-10 12:00:00+00:00,14.333,14.443,13.035,13.036,1535956.79,39.39151960744367
2024-12-10 16:00:00+00:00,13.036,13.732,12.627,13.231,2140996.1,41.066225889728386
2024-12-10 20:00:00+00:00,13.231,14.0,13.0,13.573,1010762.38,43.98938064033431
2024-12-11 00:00:00+00:00,13.56,13.914,13.06,13.786,771192.97,45.7927436625894
2024-12-11 04:00:00+00:00,13.817,13.945,13.33,13.536,653625.81,44.00201241073649
2024-12-11 08:00:00+00:00,13.549,14.412,13.537,14.248,569625.66,49.999048781993125
2024-12-11 12:00:00+00:00,14.249,15.834,14.14,15.532,1980347.0,58.6080023095032
2024-12-11 16:00:00+00:00,15.532,16.598,15.067,16.309,2327471.12,62.78384627440721
2024-12-11 20:00:00+00:00,16.32,16.584,15.83,16.144,888797.81,61.36799569359471
2024-12-12 00:00:00+00:00,16.17,16.652,15.62,16.383,1075392.86,62.68080139605182
2024-12-12 04:00:00+00:00,16.376,18.401,16.294,17.707,3080076.34,68.97137817562337
2024-12-12 08:00:00+00:00,17.729,18.384,17.519,17.832,1552334.68,69.4941924017257
2024-12-12 12:00:00+00:00,17.832,18.9,17.654,18.282,2186561.29,71.36475803705487
2024-12-12 16:00:00+00:00,18.278,18.841,17.0,17.445,2434027.02,63.55819921857393
2024-12-12 20:00:00+00:00,17.445,18.493,17.238,18.079,1509957.34,66.54360560143246
2024-12-13 00:00:00+00:00,18.08,18.214,17.248,17.826,1111661.53,64.28053019870666
2024-12-13 04:00:00+00:00,17.826,17.843,16.972,17.345,1237210.12,60.09599284997099
2024-12-13 08:00:00+00:00,17.345,18.369,17.275,17.932,926109.71,63.240918332876745
2024-12-13 12:00:00+00:00,17.953,18.1,17.254,17.945,1197113.55,63.309883988523566
2024-12-13 16:00:00+00:00,17.959,19.71,17.41,19.466,2855193.11,70.32492986333642
2024-12-13 20:00:00+00:00,19.483,19.74,19.027,19.509,1241957.31,70.49667180388576
2024-12-14 00:00:00+00:00,19.51,22.353,19.05,20.958,2986854.85,75.61757067159131
2024-12-14 04:00:00+00:00,20.964,21.93,20.557,20.91,2084169.82,75.15222618381188
2024-12-14 08:00:00+00:00,20.914,21.857,20.075,20.528,1629845.37,71.38710933912677
2024-12-14 12:00:00+00:00,20.528,24.0,20.256,22.793,2659713.78,78.3220693107709
2024-12-14 16:00:00+00:00,22.743,23.65,22.0,22.939,794624.53,78.68076257590944
2024-12-14 20:00:00+00:00,22.919,24.619,22.6,24.213,584930.92,81.54963717647081
2024-12-15 00:00:00+00:00,24.212,25.469,23.179,24.058,2414171.2,80.1367145303763
2024-12-15 04:00:00+00:00,24.058,24.63,22.21,22.523,2064942.91,67.6384098685406
2024-12-15 08:00:00+00:00,22.523,24.053,21.348,21.9,2392022.28,63.32185232683247
2024-12-15 12:00:00+00:00,21.916,24.992,21.1,24.641,2394446.6,71.837550254261
2024-12-15 16:00:00+00:00,24.64,25.2,23.4,23.609,1721965.18,65.65671265985084
2024-12-15 20:00:00+00:00,23.645,25.061,22.7,23.955,1759178.79,66.69145579764424
2024-12-16 00:00:00+00:00,23.967,25.11,23.05,24.151,1799550.76,67.29263086374826
2024-12-16 04:00:00+00:00,24.177,26.9,23.833,26.781,2128420.12,74.05851432813029
2024-12-16 08:00:00+00:00,26.781,27.4,25.44,25.901,2101696.41,68.92112074599163
2024-12-16 12:00:00+00:00,25.901,27.415,25.404,27.122,1787263.24,71.84001241805669
2024-12-16 16:00:00+00:00,27.096,28.506,26.33,27.938,2056661.13,73.62295726642729
2024-12-16 20:00:00+00:00,27.94,28.698,27.064,27.32,1927078.69,70.0077391646027
2024-12-17 00:00:00+00:00,27.329,29.0,26.956,28.958,1663965.19,73.69474531057055
2024-12-17 04:00:00+00:00,28.961,29.0,27.618,27.78,1851148.3,67.2882573473803
2024-12-17 08:00:00+00:00,27.797,28.738,27.46,27.75,1525124.14,67.12820973307709
2024-12-17 12:00:00+00:00,27.75,28.597,26.0,27.061,3727717.8,63.398528199343126
2024-12-17 16:00:00+00:00,27.051,27.641,25.474,26.798,2892443.63,61.98286627725058
2024-12-17 20:00:00+00:00,26.797,26.976,23.643,25.579,3399992.21,55.767146352319045
2024-12-18 00:00:00+00:00,25.584,27.55,25.122,25.963,2590803.73,57.22243144261199
2024-12-18 04:00:00+00:00,25.987,26.12,23.763,25.072,2234694.15,52.8754446833337
2024-12-18 08:00:00+00:00,25.072,27.5,25.07,26.663,1698330.14,58.88206842466325
2024-12-18 12:00:00+00:00,26.695,27.428,24.5,25.451,2436085.02,53.30776318196843
2024-12-18 16:00:00+00:00,25.451,25.659,24.042,24.042,3017551.62,47.65908950034636
2024-12-18 20:00:00+00:00,24.049,26.25,22.716,23.251,6221181.37,44.78973198048373
2024-12-19 00:00:00+00:00,23.267,25.144,22.1,24.639,4585492.49,50.429484238961756
2024-12-19 04:00:00+00:00,24.592,25.657,24.088,25.657,1956067.28,54.1303914808716
2024-12-19 08:00:00+00:00,25.657,27.23,24.579,27.106,2118054.81,58.84078447342546
2024-12-19 12:00:00+00:00,27.1,27.219,24.5,25.229,3325757.15,51.46772627884543
2024-12-19 16:00:00+00:00,25.231,25.507,22.75,24.052,5558806.9,47.452370823762394
2024-12-19 20:00:00+00:00,24.041,25.933,22.673,24.96,3787266.59,50.65098302297663
2024-12-20 00:00:00+00:00,24.952,25.462,23.382,24.927,2547162.82,50.53059711080863
2024-12-20 04:00:00+00:00,24.911,25.532,23.875,24.556,1952649.07,49.1171941652795
2024-12-20 08:00:00+00:00,24.555,24.69,22.962,23.295,3429666.86,44.555380145918825
2024-12-20 12:00:00+00:00,23.299,31.406,22.949,30.251,8146832.66,64.26935072374553
2024-12-20 16:00:00+00:00,30.254,31.97,29.237,29.585,4535599.79,61.996448040685856
2024-12-20 20:00:00+00:00,29.585,30.975,28.35,29.81,2138808.72,62.479219694963085
2024-12-21 00:00:00+00:00,29.815,33.697,29.0,32.977,2720433.34,68.5376364757461
2024-12-21 04:00:00+00:00,32.962,35.27,32.1,34.22,3144738.56,70.54771935215399
2024-12-21 08:00:00+00:00,34.29,34.354,32.162,33.341,1917105.68,67.27449699939898
2024-12-21 12:00:00+00:00,33.305,33.62,31.325,32.455,2295197.17,64.048732913544
2024-12-21 16:00:00+00:00,32.424,32.55,30.406,32.193,1962785.78,63.08542871172227
2024-12-21 20:00:00+00:00,32.189,35.35,31.622,32.09,2746444.72,62.68626968437607
2024-12-22 00:00:00+00:00,32.088,35.15,32.027,34.573,2189188.76,67.95078581448504
2024-12-22 04:00:00+00:00,34.575,34.654,32.274,32.873,1649210.11,61.548111522555985
2024-12-22 08:00:00+00:00,32.866,34.744,32.825,33.923,1312492.86,63.81593546706178
2024-12-22 12:00:00+00:00,33.876,34.15,31.067,31.568,2426530.28,55.858594591031746
2024-12-22 16:00:00+00:00,31.558,31.87,27.79,27.889,4073283.44,46.17255407757564
2024-12-22 20:00:00+00:00,27.889,30.17,27.385,28.554,4503106.21,47.93015042158551
2024-12-23 00:00:00+00:00,28.56,29.85,25.303,29.52,6453799.64,50.46064759619474
2024-12-23 04:00:00+00:00,29.52,29.768,25.92,28.229,4106949.15,47.16193166732365
2024-12-23 08:00:00+00:00,28.229,29.667,27.153,27.18,2504844.65,44.61005997582452
2024-12-23 12:00:00+00:00,27.181,27.781,25.27,27.043,3564833.82,44.27313185739627
2024-12-23 16:00:00+00:00,27.039,28.886,26.1,26.765,3894983.53,43.55427218194192
2024-12-23 20:00:00+00:00,26.753,29.939,26.5,28.632,2980538.48,49.486227694854705
2024-12-24 00:00:00+00:00,28.634,30.365,27.465,29.335,2062699.12,51.55088668608645
2024-12-24 04:00:00+00:00,29.341,30.434,28.802,29.246,1541053.21,51.26520618239691
2024-12-24 08:00:00+00:00,29.256,30.1,27.472,27.994,2199356.92,47.29461508839233
2024-12-24 12:00:00+00:00,27.985,30.4,27.58,30.361,2152281.9,54.47376188481085
2024-12-24 16:00:00+00:00,30.348,31.626,29.11,29.289,2432065.44,51.08023025519559
2024-12-24 20:00:00+00:00,29.264,30.6,28.55,29.857,1491020.78,52.75948801118882
2024-12-25 00:00:00+00:00,29.859,30.475,29.2,29.538,839957.3,51.68639774702221
2024-12-25 04:00:00+00:00,29.538,30.56,28.902,29.248,807843.14,50.6772819743246
2024-12-25 08:00:00+00:00,29.267,29.748,28.0,28.123,1348108.55,46.85551134316581
2024-12-25 12:00:00+00:00,28.118,28.768,26.5,26.932,2120093.62,43.14585006247347
2024-12-25 16:00:00+00:00,26.932,28.721,26.792,28.185,1368574.49,47.82592024661836
2024-12-25 20:00:00+00:00,28.185,28.941,26.242,26.629,1998733.9,43.083063793977516
2024-12-26 00:00:00+00:00,26.635,26.959,25.696,26.569,1681959.43,42.90636859651503
2024-12-26 04:00:00+00:00,26.568,26.618,25.344,25.433,1298199.47,39.595262080654976
2024-12-26 08:00:00+00:00,25.433,25.975,23.867,25.12,3298827.09,38.70889652055463
2024-12-26 12:00:00+00:00,25.105,26.077,24.2,24.889,2188651.56,38.032231410969494
2024-12-26 16:00:00+00:00,24.889,26.848,24.595,26.7,1708799.58,46.00177788572061
2024-12-26 20:00:00+00:00,26.723,27.238,25.753,27.218,1348229.28,48.05942317794804
2024-12-27 00:00:00+00:00,27.22,28.107,26.674,27.193,2163358.72,47.9644271941829
2024-12-27 04:00:00+00:00,27.161,27.595,25.777,25.872,1196950.3,43.114878248276675
2024-12-27 08:00:00+00:00,25.874,28.93,25.734,28.743,1795807.34,54.0004394849871
2024-12-27 12:00:00+00:00,28.716,28.794,26.637,27.563,1843445.93,49.78373552041543
2024-12-27 16:00:00+00:00,27.563,27.619,26.462,27.105,1171090.13,48.21017770512793
2024-12-27 20:00:00+00:00,27.105,27.261,26.183,27.119,928951.23,48.264009050814806
2024-12-28 00:00:00+00:00,27.118,27.24,26.097,26.646,755731.04,46.50523344670325
2024-12-28 04:00:00+00:00,26.656,26.891,25.9,25.939,644014.16,43.928461470765605
2024-12-28 08:00:00+00:00,25.938,28.22,25.886,27.731,1259405.84,51.29481609238953
2024-12-28 12:00:00+00:00,27.731,29.0,27.113,28.345,1781670.38,53.54667909412275
2024-12-28 16:00:00+00:00,28.351,28.839,27.6,28.062,891496.54,52.34538883403141
2024-12-28 20:00:00+00:00,28.045,29.35,27.842,29.291,892083.36,56.870601050976276
2024-12-29 00:00:00+00:00,29.292,29.499,27.7,27.847,1072314.7,50.770394349110354
2024-12-29 04:00:00+00:00,27.856,28.272,27.311,27.957,709760.57,51.19982034252019
2024-12-29 08:00:00+00:00,27.972,28.149,27.343,27.72,603118.89,50.18411305323154
2024-12-29 12:00:00+00:00,27.72,28.193,27.13,27.387,907185.16,48.72159184602248
2024-12-29 16:00:00+00:00,27.382,27.516,26.647,27.145,826542.59,47.635118723273585
2024-12-29 20:00:00+00:00,27.157,27.779,26.7,27.49,800125.4,49.368548715042934
2024-12-30 00:00:00+00:00,27.509,28.379,27.23,27.553,947807.2,49.69602108208098
2024-12-30 04:00:00+00:00,27.552,28.11,27.045,27.917,744530.07,51.64212922948276
2024-12-30 08:00:00+00:00,27.93,29.333,27.567,28.015,2195066.25,52.1785392059717
2024-12-30 12:00:00+00:00,28.025,28.419,26.71,27.192,1850987.54,47.42123444237082
2024-12-30 16:00:00+00:00,27.189,27.697,26.51,27.069,1893276.26,46.73542227099865
2024-12-30 20:00:00+00:00,27.07,27.6,26.668,26.99,868111.33,46.272548664699734
2024-12-31 00:00:00+00:00,26.991,27.167,26.1,26.348,1090634.16,42.581656015322814
2024-12-31 04:00:00+00:00,26.363,26.591,25.568,25.947,926162.48,40.41332015530502
2024-12-31 08:00:00+00:00,25.952,26.889,25.586,26.464,869974.78,44.34805275558179
2024-12-31 12:00:00+00:00,26.467,27.067,25.939,26.125,1106749.33,42.37225950230608
2024-12-31 16:00:00+00:00,26.125,26.319,25.095,25.182,1606948.59,37.3829829911922
2024-12-31 20:00:00+00:00,25.17,25.213,22.958,24.062,3307455.56,32.48977508782238
2025-01-01 00:00:00+00:00,24.063,24.633,23.677,24.434,1826958.22,35.50921890430297
2025-01-01 04:00:00+00:00,24.434,24.938,23.555,23.699,998443.3,32.423564791338265
2025-01-01 08:00:00+00:00,23.699,24.773,23.328,24.62,1014857.28,39.516120225300966
2025-01-01 12:00:00+00:00,24.634,24.891,24.0,24.82,798571.74,40.965129366986375
2025-01-01 16:00:00+00:00,24.82,25.71,24.067,25.674,1008723.98,46.82334140466466
2025-01-01 20:00:00+00:00,25.678,26.549,25.25,26.318,1870578.71,50.78913536232918
2025-01-02 00:00:00+00:00,26.318,26.823,25.551,25.625,1142073.15,46.748849617953276
2025-01-02 04:00:00+00:00,25.625,26.516,25.561,25.843,784094.63,48.14627668236826
2025-01-02 08:00:00+00:00,25.843,26.512,25.365,25.474,737385.57,45.948294788847576
2025-01-02 12:00:00+00:00,25.474,25.706,24.08,24.08,1282768.12,38.75105426393756
2025-01-02 16:00:00+00:00,24.08,24.638,23.1,23.237,2549015.38,35.163951830061066
2025-01-02 20:00:00+00:00,23.255,23.844,22.49,23.198,2002061.32,35.002522917735874
2025-01-03 00:00:00+00:00,23.198,24.038,22.829,23.827,840784.76,39.802435077609005
2025-01-03 04:00:00+00:00,23.828,23.929,22.091,22.143,1848251.78,32.815430586054234
2025-01-03 08:00:00+00:00,22.102,23.735,21.571,23.509,2613780.21,41.74816257837649
2025-01-03 12:00:00+00:00,23.514,24.666,23.307,24.082,2188095.45,45.04867621231844
2025-01-03 16:00:00+00:00,24.111,24.811,23.5,23.876,1731415.98,44.08167444680118
2025-01-03 20:00:00+00:00,23.878,24.5,23.029,24.49,1233679.94,47.686193995816474
2025-01-04 00:00:00+00:00,24.479,24.66,23.643,23.978,948816.73,45.07684021428406
2025-01-04 04:00:00+00:00,23.97,23.984,23.262,23.449,428132.32,42.48984376286674
2025-01-04 08:00:00+00:00,23.437,24.12,23.163,24.0,608374.65,45.96818762311671
2025-01-04 12:00:00+00:00,23.978,24.405,23.484,23.552,854213.61,43.65620258005486
2025-01-04 16:00:00+00:00,23.541,24.111,23.194,24.073,729592.38,46.9949913299443
2025-01-04 20:00:00+00:00,24.056,25.5,23.94,25.058,2293940.8,52.7015340574563
2025-01-05 00:00:00+00:00,25.042,25.789,24.988,25.311,1418454.05,54.069350207072056
2025-01-05 04:00:00+00:00,25.343,25.642,24.819,25.291,894601.52,53.93656243217397
2025-01-05 08:00:00+00:00,25.3,25.456,24.455,25.42,888684.09,54.7091746580781
2025-01-05 12:00:00+00:00,25.42,25.42,24.6,25.006,751436.33,51.71147922275417
2025-01-05 16:00:00+00:00,24.976,25.19,24.3,24.41,1172367.56,47.662592670632236
2025-01-05 20:00:00+00:00,24.41,24.69,24.155,24.43,786328.05,47.81026602828312
2025-01-06 00:00:00+00:00,24.43,24.966,24.07,24.806,800891.43,50.630537265775594
2025-01-06 04:00:00+00:00,24.806,25.15,24.569,24.787,674808.95,50.48208272062555
2025-01-06 08:00:00+00:00,24.775,24.856,24.21,24.753,695155.54,50.1984338037412
2025-01-06 12:00:00+00:00,24.762,25.975,24.745,25.905,2455463.94,58.671680599582196
2025-01-06 16:00:00+00:00,25.914,26.2,25.4,26.143,1746289.58,60.17907654774548
2025-01-06 20:00:00+00:00,26.143,26.195,25.05,25.24,1169172.76,52.373786465574305
2025-01-07 00:00:00+00:00,25.232,26.086,25.161,25.736,1184078.53,55.76741613546239
2025-01-07 04:00:00+00:00,25.751,26.301,25.4,26.027,978621.06,57.67301599978578
2025-01-07 08:00:00+00:00,26.027,26.125,25.123,25.321,712585.64,51.838096788608894
2025-01-07 12:00:00+00:00,25.308,25.759,24.039,24.352,2284748.57,45.09452804138126
2025-01-07 16:00:00+00:00,24.357,24.801,22.76,23.027,3101885.2,37.84477163285654
2025-01-07 20:00:00+00:00,23.042,24.3,22.857,23.502,1884528.65,41.47712141673023
2025-01-08 00:00:00+00:00,23.502,23.888,21.533,21.838,2916148.08,33.98447897054923
2025-01-08 04:00:00+00:00,21.835,22.549,20.5,22.115,4113091.47,36.055297775270176
2025-01-08 08:00:00+00:00,22.144,22.427,21.156,21.432,1953532.5,33.282974948589356
2025-01-08 12:00:00+00:00,21.434,22.18,20.64,21.222,1908282.06,32.45662993200409
2025-01-08 16:00:00+00:00,21.224,23.332,20.15,23.058,4210495.07,45.254215051818306
2025-01-08 20:00:00+00:00,23.058,23.954,22.412,22.501,2166251.64,42.61614305310762
2025-01-09 00:00:00+00:00,22.518,23.926,21.991,22.206,2002054.44,41.24479326683383
2025-01-09 04:00:00+00:00,22.203,22.575,20.272,20.388,2533454.24,33.98646448870768
2025-01-09 08:00:00+00:00,20.413,21.34,20.33,20.592,1700334.34,35.36108411747021
2025-01-09 12:00:00+00:00,20.58,21.118,18.974,20.64,5070241.43,35.70036066358419
2025-01-09 16:00:00+00:00,20.629,21.465,18.939,19.128,3746337.83,30.304485150084787
2025-01-09 20:00:00+00:00,19.128,20.538,18.889,20.304,2604719.42,38.13634820109599
2025-01-10 00:00:00+00:00,20.299,21.926,20.144,21.105,2617083.56,42.84728219440932
2025-01-10 04:00:00+00:00,21.118,22.198,20.7,21.811,1492733.79,46.69990356710814
2025-01-10 08:00:00+00:00,21.821,22.094,21.241,21.725,910474.65,46.29055781314351
2025-01-10 12:00:00+00:00,21.717,21.858,19.93,20.617,2776167.44,41.271207840647406
2025-01-10 16:00:00+00:00,20.616,21.536,19.751,21.065,2484911.35,43.919057392024605
2025-01-10 20:00:00+00:00,21.065,21.522,20.556,20.665,812472.91,42.09419103551303
2025-01-11 00:00:00+00:00,20.665,20.843,20.12,20.36,607695.29,40.70534524147736
2025-01-11 04:00:00+00:00,20.364,20.485,19.625,20.102,963472.64,39.51759025037524
2025-01-11 08:00:00+00:00,20.102,20.515,19.6,20.287,844494.26,40.8503873298192
2025-01-11 12:00:00+00:00,20.28,20.679,20.03,20.154,567235.54,40.165137711049326
2025-01-11 16:00:00+00:00,20.145,20.45,19.85,20.189,763903.86,40.44824319921362
2025-01-11 20:00:00+00:00,20.202,21.3,20.112,20.892,1310923.91,45.97719826672741
2025-01-12 00:00:00+00:00,20.883,21.039,20.326,20.389,335081.53,42.90760983848795
2025-01-12 04:00:00+00:00,20.392,20.643,20.01,20.344,579547.59,42.63337879827261
2025-01-12 08:00:00+00:00,20.358,21.41,20.29,21.405,819017.1,50.64310502647112
2025-01-12 12:00:00+00:00,21.405,21.949,21.029,21.788,1209572.87,53.184189045724274
2025-01-12 16:00:00+00:00,21.788,21.989,21.253,21.565,662092.83,51.520982805384584
2025-01-12 20:00:00+00:00,21.565,21.701,20.801,21.155,631928.71,48.51684537742757
2025-01-13 00:00:00+00:00,21.156,23.346,20.888,21.243,3322395.08,49.201497666243334
2025-01-13 04:00:00+00:00,21.23,21.593,20.003,20.195,1425844.49,42.032570643905736
2025-01-13 08:00:00+00:00,20.202,20.229,18.88,18.919,2574139.47,35.29031198587194
2025-01-13 12:00:00+00:00,18.913,20.8,18.81,20.405,3055312.59,46.127973631546695
2025-01-13 16:00:00+00:00,20.408,20.804,19.893,20.658,1324928.91,47.732993111903916
2025-01-13 20:00:00+00:00,20.671,21.969,20.514,21.66,1287528.31,53.6258373388415
2025-01-14 00:00:00+00:00,21.66,21.86,21.251,21.831,1019716.51,54.567248710459296
2025-01-14 04:00:00+00:00,21.832,22.884,21.518,21.795,1393150.18,54.31725318682113
2025-01-14 08:00:00+00:00,21.795,23.235,21.656,22.77,1722973.15,59.70205663555486
2025-01-14 12:00:00+00:00,22.77,23.55,21.928,23.195,2483954.26,61.81496119561589
2025-01-14 16:00:00+00:00,23.186,23.197,22.357,22.406,1395262.23,55.949942518602874
2025-01-14 20:00:00+00:00,22.393,23.02,22.316,22.988,922331.82,59.03735367448847
2025-01-15 00:00:00+00:00,22.987,23.05,22.422,22.7,1372938.11,56.91164702824196
2025-01-15 04:00:00+00:00,22.693,22.825,22.5,22.778,598934.58,57.35944905408293
2025-01-15 08:00:00+00:00,22.769,22.839,22.116,22.465,1074074.81,54.894057459194535
2025-01-15 12:00:00+00:00,22.465,24.434,22.323,23.679,2901103.71,61.759432959329565
2025-01-15 16:00:00+00:00,23.678,23.886,23.3,23.84,1461704.49,62.57302581045287
2025-01-15 20:00:00+00:00,23.839,24.38,23.569,24.37,1330113.99,65.19798112998629
2025-01-16 00:00:00+00:00,24.37,24.38,23.527,23.758,946668.19,59.96781306294852
2025-01-16 04:00:00+00:00,23.761,24.087,23.539,23.971,508502.75,61.1363382533035
2025-01-16 08:00:00+00:00,23.971,24.02,23.342,23.875,736614.24,60.282265937772635
2025-01-16 12:00:00+00:00,23.865,24.347,23.073,23.509,1714139.01,57.012192542666405
2025-01-16 16:00:00+00:00,23.53,24.05,23.42,23.726,1052779.11,58.451285522933695
2025-01-16 20:00:00+00:00,23.726,23.824,23.15,23.507,1265117.82,56.39924508410249
2025-01-17 00:00:00+00:00,23.504,23.904,23.209,23.21,1134451.08,53.64852347301688
2025-01-17 04:00:00+00:00,23.21,23.849,23.2,23.652,620632.59,57.0090038255234
2025-01-17 08:00:00+00:00,23.66,24.128,23.633,23.999,689206.97,59.491969978421686
2025-01-17 12:00:00+00:00,24.0,24.115,23.11,23.231,2032213.67,52.293248937098305
2025-01-17 16:00:00+00:00,23.231,23.5,22.9,23.314,1206328.82,52.95577785974069
2025-01-17 20:00:00+00:00,23.313,23.7,23.02,23.133,1179107.83,51.28320395366707
2025-01-18 00:00:00+00:00,23.137,23.179,21.985,22.18,2714501.09,43.49388973357067
2025-01-18 04:00:00+00:00,22.159,23.024,21.116,21.766,3391664.4,40.60832219662038
2025-01-18 08:00:00+00:00,21.766,22.372,20.192,20.747,2718895.98,34.53506351466862
2025-01-18 12:00:00+00:00,20.738,21.2,20.02,20.156,2029156.77,31.584663086894622
2025-01-18 16:00:00+00:00,20.165,20.99,19.2,20.293,3719234.82,33.01331671360782
2025-01-18 20:00:00+00:00,20.307,22.12,20.17,22.016,1776626.21,47.78203521447118
2025-01-19 00:00:00+00:00,22.032,22.288,20.95,20.95,1515359.94,41.66203511926722
2025-01-19 04:00:00+00:00,20.96,21.271,19.752,20.653,1869164.39,40.12021412454417
2025-01-19 08:00:00+00:00,20.655,22.6,19.41,22.359,3588869.62,51.27481911078783
2025-01-19 12:00:00+00:00,22.401,23.629,21.5,22.059,3874416.37,49.52759696809966
2025-01-19 16:00:00+00:00,22.059,23.782,22.05,23.095,2317796.46,55.204384967967904
2025-01-19 20:00:00+00:00,23.095,23.76,19.293,20.432,5363001.57,42.097463049098295
2025-01-20 00:00:00+00:00,20.428,21.514,19.11,20.018,3859433.58,40.48804879927642
2025-01-20 04:00:00+00:00,20.031,21.96,19.856,21.919,2322654.4,49.950032155266484
2025-01-20 08:00:00+00:00,21.93,22.848,21.476,22.234,1643735.51,51.330876221147584
2025-01-20 12:00:00+00:00,22.234,22.5,20.466,20.884,1650953.71,45.5329282461905
2025-01-20 16:00:00+00:00,20.884,21.564,19.923,21.04,2657066.39,46.28792156371851
2025-01-20 20:00:00+00:00,21.032,21.058,20.013,20.575,834572.92,44.31603027447845
2025-01-21 00:00:00+00:00,20.575,21.4,20.03,21.3,936845.23,48.03318888565408
2025-01-21 04:00:00+00:00,21.298,21.923,20.571,21.608,1056452.76,49.573254545477525
2025-01-21 08:00:00+00:00,21.606,23.162,21.431,22.893,1395451.0,55.49872356841788
2025-01-21 12:00:00+00:00,22.876,24.111,22.076,23.667,2693645.67,58.65049438676271
2025-01-21 16:00:00+00:00,23.654,25.174,23.311,24.095,3509367.67,60.32389041890937
2025-01-21 20:00:00+00:00,24.088,24.35,22.84,23.178,1950167.2,55.17210009596437
2025-01-22 00:00:00+00:00,23.183,25.2,23.0,25.194,1729522.56,62.711685499996584
2025-01-22 04:00:00+00:00,25.193,26.76,25.056,26.76,2291517.49,67.31093976908139
2025-01-22 08:00:00+00:00,26.76,27.053,25.617,25.777,1442747.19,62.13050736954221
2025-01-22 12:00:00+00:00,25.787,26.23,25.135,25.73,1098264.43,61.885264363492
2025-01-22 16:00:00+00:00,25.722,26.5,25.45,25.632,954062.24,61.341564182099496
2025-01-22 20:00:00+00:00,25.644,26.028,24.187,24.325,2023447.95,54.46847978328273
2025-01-23 00:00:00+00:00,24.33,24.713,22.163,22.928,3447208.99,48.24599808434627
2025-01-23 04:00:00+00:00,22.928,23.75,22.1,23.705,1723983.38,51.56056462491723
2025-01-23 08:00:00+00:00,23.698,23.74,22.234,23.331,1694084.16,49.90383369112476
2025-01-23 12:00:00+00:00,23.331,24.438,22.415,23.575,3340040.1,51.00981130498052
2025-01-23 16:00:00+00:00,23.575,24.4,22.72,22.821,1954668.6,47.51863333135559
2025-01-23 20:00:00+00:00,22.822,25.364,21.5,21.978,4690469.18,43.9009303487893
2025-01-24 00:00:00+00:00,21.969,22.251,21.146,21.895,1803424.53,43.54938111550455
2025-01-24 04:00:00+00:00,21.887,23.987,21.71,23.302,1895594.34,50.749269965533315
2025-01-24 08:00:00+00:00,23.298,24.027,23.0,24.017,1086663.83,53.96266340368668
2025-01-24 12:00:00+00:00,24.024,24.849,23.5,24.0,1726418.86,53.872662424945574
2025-01-24 16:00:00+00:00,24.0,25.008,23.709,24.667,1375794.63,56.90933944597121
2025-01-24 20:00:00+00:00,24.667,24.995,22.7,23.113,1755212.76,48.84178976299064
2025-01-25 00:00:00+00:00,23.112,23.19,22.0,23.012,1887732.77,48.361927335369
2025-01-25 04:00:00+00:00,23.01,23.012,21.748,22.105,1174101.7,44.16550690350789
2025-01-25 08:00:00+00:00,22.105,23.0,21.8,22.765,1075329.12,47.72041866687208
2025-01-25 12:00:00+00:00,22.757,23.528,22.381,23.303,1147947.19,50.487754667957944
2025-01-25 16:00:00+00:00,23.303,23.715,22.994,23.384,706040.56,50.90908078685416
2025-01-25 20:00:00+00:00,23.385,23.942,22.982,23.198,840395.09,49.85985399355599
2025-01-26 00:00:00+00:00,23.2,24.8,23.023,24.174,1281116.74,55.09026876379092
2025-01-26 04:00:00+00:00,24.159,24.9,23.6,23.966,1066714.12,53.80217183933325
2025-01-26 08:00:00+00:00,23.965,24.0,22.753,23.826,1102303.0,52.90551963478394
2025-01-26 12:00:00+00:00,23.818,23.9,23.0,23.554,946842.99,51.12287397688197
2025-01-26 16:00:00+00:00,23.553,24.211,23.335,23.653,803294.73,51.759995613383
2025-01-26 20:00:00+00:00,23.656,23.699,22.134,22.143,1411990.85,42.6319409157216
2025-01-27 00:00:00+00:00,22.135,22.637,20.667,21.011,3604762.6,37.318644694181984
2025-01-27 04:00:00+00:00,21.013,21.229,20.2,20.861,3069246.35,36.666523708443364
2025-01-27 08:00:00+00:00,20.861,21.65,20.456,21.203,1632894.32,39.27213631772705
2025-01-27 12:00:00+00:00,21.207,22.0,20.708,21.574,2210640.87,42.05703697423675
2025-01-27 16:00:00+00:00,21.574,21.962,20.807,21.267,1540568.06,40.40578115719622
2025-01-27 20:00:00+00:00,21.27,23.724,21.27,23.402,2637272.98,53.94748299241326
2025-01-28 00:00:00+00:00,23.401,23.8,22.777,23.391,1250903.52,53.879551278017864
2025-01-28 04:00:00+00:00,23.389,24.465,23.169,24.133,2301454.73,57.744800066335245
2025-01-28 08:00:00+00:00,24.145,24.47,23.485,23.877,1553897.72,56.00098534138529
2025-01-28 12:00:00+00:00,23.883,24.037,22.41,23.5,2289386.29,53.44150270140328
2025-01-28 16:00:00+00:00,23.502,23.667,22.7,22.993,1613371.91,50.123697293076845
2025-01-28 20:00:00+00:00,22.992,23.048,21.55,22.291,1978597.71,45.876733366914586
2025-01-29 00:00:00+00:00,22.291,22.8,21.959,22.504,711942.36,47.334829449582685
2025-01-29 04:00:00+00:00,22.504,23.645,22.413,23.611,655557.96,54.23539328509249
2025-01-29 08:00:00+00:00,23.612,23.639,22.705,23.036,1030386.91,50.53174064201776
2025-01-29 12:00:00+00:00,23.036,23.36,22.46,22.937,1003605.74,49.899912059946935
2025-01-29 16:00:00+00:00,22.936,23.65,21.981,23.414,2161506.02,52.95231020215568
2025-01-29 20:00:00+00:00,23.422,24.4,23.101,23.759,2872558.43,55.08383673744849
2025-01-30 00:00:00+00:00,23.744,26.484,23.354,26.45,3235726.14,67.46543546311219
2025-01-30 04:00:00+00:00,26.45,26.785,25.57,25.991,2361895.21,64.21391213837987
2025-01-30 08:00:00+00:00,25.984,26.598,25.304,26.333,1329354.88,65.54632614082655
2025-01-30 12:00:00+00:00,26.324,27.992,26.131,26.598,2943589.61,66.58451690178268
2025-01-30 16:00:00+00:00,26.593,27.423,26.526,27.112,1135224.66,68.56322416557495
2025-01-30 20:00:00+00:00,27.103,27.8,26.482,27.211,1507822.64,68.94466465073205
2025-01-31 00:00:00+00:00,27.211,27.88,26.105,26.411,1823925.98,62.35999028568147
2025-01-31 04:00:00+00:00,26.411,27.319,25.7,26.677,1486848.19,63.60466451847583
2025-01-31 08:00:00+00:00,26.664,27.549,26.04,27.391,1128604.66,66.78011507062061
2025-01-31 12:00:00+00:00,27.373,28.153,26.55,28.133,2007534.71,69.7353106271225
2025-01-31 16:00:00+00:00,28.15,28.334,26.533,27.146,2691284.61,61.85310857929016
2025-01-31 20:00:00+00:00,27.133,27.585,26.0,26.916,1816335.37,60.147009573917074
2025-02-01 00:00:00+00:00,26.927,27.4,25.836,26.149,1086002.49,54.7259041222335
2025-02-01 04:00:00+00:00,26.132,26.492,25.521,26.227,875380.87,55.168433040738975
2025-02-01 08:00:00+00:00,26.227,26.705,25.787,26.388,1363245.42,56.12179255248828
2025-02-01 12:00:00+00:00,26.393,27.784,26.207,27.477,1227828.34,62.007015067278495
2025-02-01 16:00:00+00:00,27.472,27.5,25.25,25.627,1495648.49,49.78955817983729
2025-02-01 20:00:00+00:00,25.627,25.648,22.595,23.181,5738704.84,38.88140265885903
2025-02-02 00:00:00+00:00,23.181,24.389,21.63,22.18,3413583.26,35.45777276851463
2025-02-02 04:00:00+00:00,22.184,23.466,22.044,22.399,1574441.05,36.76956713411522
2025-02-02 08:00:00+00:00,22.395,23.2,22.02,22.087,1363397.74,35.65765677572844
2025-02-02 12:00:00+00:00,22.087,23.333,22.047,22.684,1532268.43,39.431897917999095
2025-02-02 16:00:00+00:00,22.685,22.702,20.666,21.918,4354550.11,36.4754353960556
2025-02-02 20:00:00+00:00,21.915,22.525,20.604,22.361,3058042.4,39.309470738660735
2025-02-03 00:00:00+00:00,22.361,23.943,19.937,22.55,8090049.24,40.528502993107224
2025-02-03 04:00:00+00:00,22.55,23.77,21.736,23.72,2720822.08,47.55169398143
2025-02-03 08:00:00+00:00,23.722,23.727,22.712,23.072,1628998.24,44.42270229409079
2025-02-03 12:00:00+00:00,23.073,25.89,22.078,25.007,4362178.23,54.129252048432114
2025-02-03 16:00:00+00:00,25.007,25.815,24.191,25.313,3049425.71,55.45420161093006
2025-02-03 20:00:00+00:00,25.313,26.0,24.48,25.185,2695270.87,54.74191183298557
2025-02-04 00:00:00+00:00,25.187,26.06,24.582,25.113,1623239.06,54.31925946595148
2025-02-04 04:00:00+00:00,25.121,25.503,23.754,24.684,2512771.33,51.75520718994734
2025-02-04 08:00:00+00:00,24.685,25.835,24.081,25.212,1322266.18,54.59593168995212
2025-02-04 12:00:00+00:00,25.2,26.8,25.111,26.567,2244444.58,60.950476745923964
2025-02-04 16:00:00+00:00,26.592,26.788,25.378,25.378,1505289.98,53.830981040275454
2025-02-04 20:00:00+00:00,25.401,25.924,24.332,25.141,3372300.29,52.514239961695516
2025-02-05 00:00:00+00:00,25.143,25.732,24.695,25.409,1175568.79,53.88782277921771
2025-02-05 04:00:00+00:00,25.397,26.729,25.185,26.653,1449471.86,59.71320521435031
2025-02-05 08:00:00+00:00,26.653,26.8,25.847,26.663,867163.36,59.75721620377453
2025-02-05 12:00:00+00:00,26.663,27.433,26.239,27.062,2021015.2,61.56156975413446
2025-02-05 16:00:00+00:00,27.065,27.129,25.584,25.704,1969122.39,52.87247005096317
2025-02-05 20:00:00+00:00,25.713,25.886,24.2,24.76,1676368.39,47.819707197459834
2025-02-06 00:00:00+00:00,24.766,25.917,24.302,25.55,1416301.68,51.95746451687088
2025-02-06 04:00:00+00:00,25.555,26.242,25.436,25.81,720841.61,53.270806211908706
2025-02-06 08:00:00+00:00,25.826,26.014,25.116,25.498,662320.22,51.45307737614352
2025-02-06 12:00:00+00:00,25.489,25.568,23.546,24.106,2094958.17,44.205606120428655
2025-02-06 16:00:00+00:00,24.102,24.716,23.641,24.044,1822434.15,43.9089418420832
2025-02-06 20:00:00+00:00,24.043,24.725,23.77,23.884,1275337.05,43.10499291408016
2025-02-07 00:00:00+00:00,23.882,24.725,23.67,24.195,1401798.16,45.2050966347229
2025-02-07 04:00:00+00:00,24.194,24.495,23.238,23.299,883241.2,40.55997998587792
2025-02-07 08:00:00+00:00,23.292,24.3,23.12,24.27,795002.74,46.924939218724646
2025-02-07 12:00:00+00:00,24.269,25.209,23.554,23.77,1952336.28,44.294650533114215
2025-02-07 16:00:00+00:00,23.776,23.889,22.864,23.293,1828715.11,41.88270509070388
2025-02-07 20:00:00+00:00,23.292,23.303,22.111,22.876,2140328.74,39.84030324157794
2025-02-08 00:00:00+00:00,22.87,23.182,22.583,22.954,662549.14,40.425510937235444
2025-02-08 04:00:00+00:00,22.95,22.95,22.229,22.641,619768.46,38.79467264591074
2025-02-08 08:00:00+00:00,22.63,23.151,22.485,23.001,660344.29,41.70747550839641
2025-02-08 12:00:00+00:00,23.004,23.549,22.9,23.049,1043822.23,42.10311576972076
2025-02-08 16:00:00+00:00,23.056,23.8,22.86,23.573,641891.87,46.3814746791823
2025-02-08 20:00:00+00:00,23.576,23.875,23.296,23.434,487404.83,45.42259922593891
2025-02-09 00:00:00+00:00,23.423,24.028,23.141,23.973,592140.8,49.75996667088712
2025-02-09 04:00:00+00:00,23.98,24.059,23.42,23.618,346804.31,47.104736254304015
2025-02-09 08:00:00+00:00,23.621,23.92,23.155,23.219,440875.44,44.24691936500549
2025-02-09 12:00:00+00:00,23.219,23.459,22.7,23.168,737808.76,43.88046239934302
2025-02-09 16:00:00+00:00,23.171,23.358,22.706,22.833,380140.66,41.45192941407087
2025-02-09 20:00:00+00:00,22.833,23.148,22.1,22.979,1049758.65,42.9342464497301
2025-02-10 00:00:00+00:00,22.98,23.527,22.221,23.193,1237881.76,45.12720874809687
2025-02-10 04:00:00+00:00,23.197,23.9,22.989,23.879,578220.3,51.5541876888118
2025-02-10 08:00:00+00:00,23.879,24.126,23.741,24.045,559769.89,52.989073338318676
2025-02-10 12:00:00+00:00,24.045,24.25,23.429,23.932,1156063.9,51.86298211475988
2025-02-10 16:00:00+00:00,23.93,24.012,23.627,23.953,643210.69,52.06684997005425
2025-02-10 20:00:00+00:00,23.957,24.154,23.153,23.344,748562.99,45.984595032943176
2025-02-11 00:00:00+00:00,23.337,24.5,23.32,24.206,963572.35,54.1490358428877
2025-02-11 04:00:00+00:00,24.208,24.828,24.178,24.582,554253.69,57.18874498907096
2025-02-11 08:00:00+00:00,24.594,24.9,24.491,24.856,484687.83,59.30594518157753
2025-02-11 12:00:00+00:00,24.85,24.859,23.999,24.417,1133836.97,54.64322919459523
2025-02-11 16:00:00+00:00,24.415,24.441,22.9,23.119,1382597.38,43.70258866094654
2025-02-11 20:00:00+00:00,23.118,23.698,22.965,23.497,851591.19,47.02878670472226
2025-02-12 00:00:00+00:00,23.496,23.538,23.1,23.179,327443.93,44.63933948674755
2025-02-12 04:00:00+00:00,23.187,23.836,22.97,23.734,434745.13,49.46519999878502
2025-02-12 08:00:00+00:00,23.734,23.895,23.502,23.854,406806.89,50.47053337081445
2025-02-12 12:00:00+00:00,23.857,24.336,22.5,23.537,2234639.46,47.76712679041477
2025-02-12 16:00:00+00:00,23.529,24.85,23.068,24.588,1928492.91,56.15288981104575
2025-02-12 20:00:00+00:00,24.604,25.848,24.458,25.839,1472468.99,63.63639233721334
2025-02-13 00:00:00+00:00,25.834,25.867,25.25,25.468,949583.28,60.346962464854414
2025-02-13 04:00:00+00:00,25.468,25.47,24.823,25.055,763885.63,56.825529710059264
2025-02-13 08:00:00+00:00,25.055,25.82,24.632,25.498,1071358.94,59.551991913950744
2025-02-13 12:00:00+00:00,25.502,25.547,24.674,25.147,1400036.81,56.50715537696834
2025-02-13 16:00:00+00:00,25.131,25.64,24.6,25.609,1133805.32,59.44627955487895
2025-02-13 20:00:00+00:00,25.6,26.32,25.549,26.301,1122656.1,63.43235832741498
2025-02-14 00:00:00+00:00,26.301,26.631,25.977,26.355,1067036.12,63.73193767866131
2025-02-14 04:00:00+00:00,26.361,26.863,26.183,26.572,824694.04,64.97375900026232
2025-02-14 08:00:00+00:00,26.583,27.387,26.32,27.252,1102327.34,68.60180888411512
2025-02-14 12:00:00+00:00,27.264,27.736,26.833,27.229,1335035.08,68.34394923007983
2025-02-14 16:00:00+00:00,27.223,28.524,26.845,27.08,2999795.41,66.59752779984393
2025-02-14 20:00:00+00:00,27.08,27.3,25.752,26.2,1377449.49,57.28678152772962
2025-02-15 00:00:00+00:00,26.222,26.913,25.802,26.523,1083492.8,59.52361003504365
2025-02-15 04:00:00+00:00,26.523,26.698,26.051,26.457,545835.06,58.84548522052187
2025-02-15 08:00:00+00:00,26.441,26.84,26.078,26.417,601012.37,58.41115811848184
2025-02-15 12:00:00+00:00,26.417,26.694,25.95,26.089,620878.53,54.83698266404764
2025-02-15 16:00:00+00:00,26.089,26.179,25.304,25.738,849454.62,51.224733380177874
2025-02-15 20:00:00+00:00,25.744,26.197,25.498,25.744,509078.68,51.283808730755176
2025-02-16 00:00:00+00:00,25.731,26.085,25.555,25.751,387110.82,51.3578290711704
2025-02-16 04:00:00+00:00,25.752,26.447,25.633,25.942,627318.7,53.43676409403186
2025-02-16 08:00:00+00:00,25.945,26.536,25.909,26.434,479928.15,58.37222365245342
2025-02-16 12:00:00+00:00,26.431,26.582,25.702,26.249,527108.99,55.96990654271949
2025-02-16 16:00:00+00:00,26.249,26.77,25.989,26.373,594672.05,57.24017256247155
2025-02-16 20:00:00+00:00,26.373,26.964,26.216,26.814,676286.79,61.49483976979402
2025-02-17 00:00:00+00:00,26.801,27.0,26.093,26.136,742932.35,52.79694354963347
2025-02-17 04:00:00+00:00,26.149,26.15,25.354,25.477,1099695.9,45.988263008844356
2025-02-17 08:00:00+00:00,25.476,25.942,25.341,25.741,621425.3,48.83489447695222
2025-02-17 12:00:00+00:00,25.736,26.47,25.435,25.528,1025162.46,46.69650014996405
2025-02-17 16:00:00+00:00,25.528,25.64,24.853,25.5,1420378.34,46.40881257338185
2025-02-17 20:00:00+00:00,25.498,25.935,25.25,25.405,842576.78,45.38712132852189
2025-02-18 00:00:00+00:00,25.406,25.749,25.33,25.719,434445.55,49.35574677737281
2025-02-18 04:00:00+00:00,25.724,27.768,25.02,25.637,4750870.47,48.367272150070065
2025-02-18 08:00:00+00:00,25.637,26.008,23.754,23.953,3372247.2,33.520046020664836
2025-02-18 12:00:00+00:00,23.958,24.95,23.5,23.539,2760130.38,31.00059083941744
2025-02-18 16:00:00+00:00,23.538,23.907,22.309,23.621,3769644.67,32.089365521773956
2025-02-18 20:00:00+00:00,23.611,24.18,22.631,24.107,2265414.06,38.303235104702146
2025-02-19 00:00:00+00:00,24.105,24.379,23.441,24.105,1084519.11,38.28770901337598
2025-02-19 04:00:00+00:00,24.099,24.25,22.502,23.398,1697265.06,33.169278553429535
2025-02-19 08:00:00+00:00,23.385,23.525,22.7,23.458,1078230.15,33.97594894099859
2025-02-19 12:00:00+00:00,23.461,23.575,22.977,23.273,917919.49,32.6666763500499
2025-02-19 16:00:00+00:00,23.266,24.188,23.235,23.918,1468898.96,41.17755199585547
2025-02-19 20:00:00+00:00,23.934,24.568,23.742,24.069,1406346.74,42.99417716709024
2025-02-20 00:00:00+00:00,24.069,24.859,23.997,24.683,818674.25,49.78512957096479
2025-02-20 04:00:00+00:00,24.681,24.971,24.35,24.577,686329.43,48.70638276517775
2025-02-20 08:00:00+00:00,24.568,25.224,24.34,24.993,744225.27,53.00967171978394
2025-02-20 12:00:00+00:00,24.986,25.163,23.96,24.056,1263819.84,44.04619451874111
2025-02-20 16:00:00+00:00,24.055,24.932,23.98,24.573,957016.89,49.1548495330746
2025-02-20 20:00:00+00:00,24.573,24.96,24.081,24.479,1134626.68,48.291533243681705
2025-02-21 00:00:00+00:00,24.479,24.809,24.465,24.779,579722.11,51.23519650342835
2025-02-21 04:00:00+00:00,24.779,25.3,24.759,24.848,669924.99,51.913250696327914
2025-02-21 08:00:00+00:00,24.863,25.446,24.811,25.019,602393.58,53.63389172879865
2025-02-21 12:00:00+00:00,25.019,25.493,23.677,25.272,2334239.73,56.13477984826618
2025-02-21 16:00:00+00:00,25.272,26.0,23.742,24.207,3961757.84,45.105709498609464
2025-02-21 20:00:00+00:00,24.206,25.145,24.084,25.058,1328630.41,53.04455702328934
2025-02-22 00:00:00+00:00,25.047,25.188,24.601,24.832,635080.93,50.93770878581196
2025-02-22 04:00:00+00:00,24.832,24.858,24.381,24.434,397269.18,47.36949782265921
2025-02-22 08:00:00+00:00,24.435,24.621,24.22,24.564,402210.39,48.63517199781882
2025-02-22 12:00:00+00:00,24.563,24.775,24.491,24.658,477906.02,49.579367396948655
2025-02-22 16:00:00+00:00,24.653,24.826,24.4,24.814,513853.76,51.183156163736214
2025-02-22 20:00:00+00:00,24.824,25.062,24.73,24.741,364615.51,50.37565615054638
2025-02-23 00:00:00+00:00,24.789,24.813,24.231,24.323,580845.46,45.90929156285619
2025-02-23 04:00:00+00:00,24.325,24.476,24.106,24.408,432207.94,46.93951633225483
2025-02-23 08:00:00+00:00,24.408,24.429,23.65,23.73,595561.68,40.33962707596665
2025-02-23 12:00:00+00:00,23.73,23.895,23.37,23.517,717019.83,38.507812624678046
2025-02-23 16:00:00+00:00,23.536,23.98,23.35,23.566,662999.82,39.19190096551659
2025-02-23 20:00:00+00:00,23.57,23.609,22.8,23.164,986488.27,35.684491896953475
2025-02-24 00:00:00+00:00,23.179,23.5,22.189,22.276,1626994.09,29.420969111559046
2025-02-24 04:00:00+00:00,22.28,22.4,21.36,21.584,2382900.61,25.643550528727204
2025-02-24 08:00:00+00:00,21.586,21.959,20.837,21.939,2031158.75,30.568498402622936
2025-02-24 12:00:00+00:00,21.939,22.225,20.812,21.247,2267913.07,26.83702922873043
2025-02-24 16:00:00+00:00,21.248,21.833,20.5,20.593,1689320.2,23.87125952643767
2025-02-24 20:00:00+00:00,20.593,20.942,19.835,19.902,3456948.78,21.204870070996563
2025-02-25 00:00:00+00:00,19.902,20.32,17.586,18.531,8102569.09,17.11910497045865
2025-02-25 04:00:00+00:00,18.51,19.382,17.774,18.713,4812118.31,19.340928758631463
2025-02-25 08:00:00+00:00,18.72,19.263,17.036,18.61,4825608.85,19.030011555736607
2025-02-25 12:00:00+00:00,18.61,19.85,18.03,19.567,3929560.33,30.249524319028353
2025-02-25 16:00:00+00:00,19.559,19.918,18.8,19.793,2584974.43,32.62383418581871
2025-02-25 20:00:00+00:00,19.787,20.846,19.7,20.219,2613296.96,36.97859351503868
2025-02-26 00:00:00+00:00,20.219,21.479,20.052,20.754,2098761.45,42.04475981484154
2025-02-26 04:00:00+00:00,20.759,21.2,20.402,20.539,1328968.49,40.63118059230016
2025-02-26 08:00:00+00:00,20.538,20.644,19.407,20.054,1397821.22,37.56315941759084
2025-02-26 12:00:00+00:00,20.055,20.63,19.157,20.164,2240893.26,38.69383673167208
2025-02-26 16:00:00+00:00,20.164,20.403,18.534,18.74,2681339.12,30.894166660433967
2025-02-26 20:00:00+00:00,18.74,20.158,18.45,19.578,2738121.45,38.72225831129828
2025-02-27 00:00:00+00:00,19.58,20.886,19.569,20.221,1541596.02,43.9671391711194
2025-02-27 04:00:00+00:00,20.221,20.954,19.827,20.759,1204134.48,47.97918610333759
2025-02-27 08:00:00+00:00,20.759,21.23,20.382,20.761,929366.11,47.99409372219193
2025-02-27 12:00:00+00:00,20.757,20.772,20.0,20.421,1211365.82,45.60163131923323
2025-02-27 16:00:00+00:00,20.417,20.668,19.844,20.205,932591.41,44.09768399667961
2025-02-27 20:00:00+00:00,20.207,20.929,19.664,20.915,1445381.74,49.94177503222826
2025-02-28 00:00:00+00:00,20.915,20.923,18.707,18.746,3423075.69,37.16092861006558
2025-02-28 04:00:00+00:00,18.745,19.436,18.5,19.023,2263135.48,39.29745110689076
2025-02-28 08:00:00+00:00,19.019,19.838,18.87,19.512,1331086.43,42.98294954977037
2025-02-28 12:00:00+00:00,19.513,20.52,19.309,20.025,2325145.03,46.64289610005868
2025-02-28 16:00:00+00:00,20.024,20.116,19.05,19.782,1541067.06,45.16400553002019
2025-02-28 20:00:00+00:00,19.781,20.129,19.478,19.939,1156902.54,46.3476395181451
2025-03-01 00:00:00+00:00,19.946,20.46,19.573,20.46,873620.97,50.18994162117796
2025-03-01 04:00:00+00:00,20.459,20.501,19.852,20.02,868273.56,47.12081302067049
2025-03-01 08:00:00+00:00,20.017,20.211,18.948,19.328,934068.88,42.69850335837521
2025-03-01 12:00:00+00:00,19.328,19.512,18.983,19.326,629392.82,42.68603438294715
2025-03-01 16:00:00+00:00,19.326,19.423,18.83,19.279,689008.14,42.37287989214252
2025-03-01 20:00:00+00:00,19.279,19.659,19.185,19.599,385133.95,45.314469403247934
2025-03-02 00:00:00+00:00,19.598,19.951,19.496,19.784,585687.31,46.998874990809924
2025-03-02 04:00:00+00:00,19.779,19.967,19.353,19.504,329798.67,44.75210459178883
2025-03-02 08:00:00+00:00,19.506,19.775,19.213,19.214,391039.87,42.486684624742615
2025-03-02 12:00:00+00:00,19.214,19.437,18.23,18.961,2656156.84,40.55775503843843
2025-03-02 16:00:00+00:00,18.964,21.014,18.819,20.235,4502230.4,52.30139654766274
2025-03-02 20:00:00+00:00,20.235,21.034,19.505,20.531,2621846.26,54.54820272684723
2025-03-03 00:00:00+00:00,20.538,21.099,19.701,20.094,2338555.04,50.74762126863489
2025-03-03 04:00:00+00:00,20.095,20.593,19.146,19.446,1719483.47,45.66664719469255
2025-03-03 08:00:00+00:00,19.446,19.528,18.965,19.358,1266361.85,45.00761050234143
2025-03-03 12:00:00+00:00,19.361,20.007,18.848,19.163,1880584.91,43.509208738778234
2025-03-03 16:00:00+00:00,19.158,19.29,17.437,17.814,3810661.39,34.862307957689964
2025-03-03 20:00:00+00:00,17.805,18.167,17.44,17.901,2075645.24,35.74915781688716
2025-03-04 00:00:00+00:00,17.897,18.126,15.77,16.504,6169569.96,28.936385776156897
2025-03-04 04:00:00+00:00,16.506,16.749,15.79,16.071,2307577.56,27.20579030724032
2025-03-04 08:00:00+00:00,16.071,16.693,15.361,16.247,3529291.19,29.062885851468238
2025-03-04 12:00:00+00:00,16.249,16.703,15.556,16.357,3634353.98,30.26040247268658
2025-03-04 16:00:00+00:00,16.356,17.668,15.751,17.479,3006950.62,41.169639931207115
2025-03-04 20:00:00+00:00,17.478,17.726,16.724,17.1,1959535.09,38.95303982532697
2025-03-05 00:00:00+00:00,17.09,17.921,16.922,17.212,1829889.12,39.981433496896784
2025-03-05 04:00:00+00:00,17.206,17.286,16.551,17.138,1362526.76,39.507870937490075
2025-03-05 08:00:00+00:00,17.138,17.902,17.034,17.353,1487466.73,41.66961974917118
2025-03-05 12:00:00+00:00,17.352,17.726,16.756,16.848,1549013.16,38.215163604075904
2025-03-05 16:00:00+00:00,16.849,17.274,16.321,17.258,1600243.52,42.39085807735561
2025-03-05 20:00:00+00:00,17.258,17.451,16.9,17.187,945314.66,41.863217012549335
2025-03-06 00:00:00+00:00,17.187,17.4,16.697,17.177,846920.75,41.784329882477806
2025-03-06 04:00:00+00:00,17.18,17.583,16.743,16.754,1272393.3,38.48104895137082
2025-03-06 08:00:00+00:00,16.754,17.294,16.721,17.029,949593.64,41.70747662555591
2025-03-06 12:00:00+00:00,17.029,17.07,15.861,16.129,2178428.0,35.20078960974864
2025-03-06 16:00:00+00:00,16.129,16.221,14.997,15.333,4317402.71,30.64685165200865
2025-03-06 20:00:00+00:00,15.339,15.693,15.11,15.387,2090497.49,31.29620458875212
2025-03-07 00:00:00+00:00,15.389,16.464,14.612,15.723,5524254.42,35.35220987850613
2025-03-07 04:00:00+00:00,15.723,16.312,15.5,16.311,1093414.46,41.824803946012835
2025-03-07 08:00:00+00:00,16.312,16.327,15.66,15.852,920096.85,38.57780433992484
2025-03-07 12:00:00+00:00,15.851,16.293,15.313,15.547,3051053.67,36.54742607553484
2025-03-07 16:00:00+00:00,15.549,15.982,15.118,15.777,1704375.14,39.14833184340367
2025-03-07 20:00:00+00:00,15.777,16.005,15.025,15.128,1512477.43,34.81214753418064
2025-03-08 00:00:00+00:00,15.133,15.899,15.054,15.416,1129111.29,38.089271437376375
2025-03-08 04:00:00+00:00,15.416,16.026,15.32,15.97,626456.4,43.928680802204724
2025-03-08 08:00:00+00:00,15.969,16.005,15.559,15.6,542980.76,41.13792382267854
2025-03-08 12:00:00+00:00,15.598,16.089,15.37,15.966,737630.33,44.868997238350545
2025-03-08 16:00:00+00:00,15.963,15.98,15.473,15.792,731893.22,43.45864608937802
2025-03-08 20:00:00+00:00,15.792,15.793,15.023,15.122,836225.88,38.44727365693192
2025-03-09 00:00:00+00:00,15.122,15.5,15.048,15.49,514190.53,42.37760777239865
2025-03-09 04:00:00+00:00,15.49,15.582,15.19,15.274,475437.48,40.73352096376343
2025-03-09 08:00:00+00:00,15.273,15.306,14.823,14.94,804350.54,38.26163072427379
2025-03-09 12:00:00+00:00,14.941,15.24,14.506,14.874,2519378.89,37.77382116907035
2025-03-09 16:00:00+00:00,14.871,15.126,14.4,15.053,2437818.8,40.00778185383875
2025-03-09 20:00:00+00:00,15.052,15.208,14.234,14.435,2127831.98,35.296355705561126
2025-03-10 00:00:00+00:00,14.441,15.1,14.181,14.968,1423546.5,41.675763888766056
2025-03-10 04:00:00+00:00,14.968,15.099,14.392,14.688,898077.35,39.47396375973852
2025-03-10 08:00:00+00:00,14.691,15.164,14.262,15.128,1426235.56,44.44132277482595
2025-03-10 12:00:00+00:00,15.149,15.384,14.109,14.303,2943867.91,38.123567418537306
2025-03-10 16:00:00+00:00,14.301,14.325,13.25,14.043,4910091.68,36.36884116622524
2025-03-10 20:00:00+00:00,14.034,14.295,13.449,13.465,1962078.88,32.75901828972788
2025-03-11 00:00:00+00:00,13.473,14.081,13.0,13.926,3535246.82,38.04124326865883
2025-03-11 04:00:00+00:00,13.927,14.39,13.853,14.285,903449.55,41.8708570349022
2025-03-11 08:00:00+00:00,14.285,14.648,14.154,14.36,1548635.51,42.66811705225127
2025-03-11 12:00:00+00:00,14.36,14.429,13.433,14.331,2496083.35,42.42581467601445
2025-03-11 16:00:00+00:00,14.336,14.755,13.726,14.3,2662260.65,42.150263121920204
2025-03-11 20:00:00+00:00,14.3,14.352,13.617,13.795,1425533.31,37.83880248547889
2025-03-12 00:00:00+00:00,13.781,14.179,13.577,13.598,869550.08,36.27979399946687
2025-03-12 04:00:00+00:00,13.599,13.854,13.427,13.848,1078779.93,39.67648618865783
2025-03-12 08:00:00+00:00,13.85,14.086,12.412,13.826,8679091.27,39.47705589283797
2025-03-12 12:00:00+00:00,13.825,14.244,12.533,12.971,4779985.01,32.61566338978956
2025-03-12 16:00:00+00:00,12.972,13.478,12.75,12.89,3136784.9,32.04738171987226
2025-03-12 20:00:00+00:00,12.89,13.365,12.749,13.178,1352170.0,36.29736279188157
2025-03-13 00:00:00+00:00,13.178,13.7,12.902,13.258,1456261.42,37.467320126183935
2025-03-13 04:00:00+00:00,13.262,13.382,12.364,12.518,3519858.8,31.67270964155928
2025-03-13 08:00:00+00:00,12.527,12.846,12.181,12.513,2246196.33,31.637106252678365
2025-03-13 12:00:00+00:00,12.514,12.65,12.11,12.343,3492452.52,30.38641756849138
2025-03-13 16:00:00+00:00,12.343,13.004,12.15,12.285,3015983.49,29.95137378223889
2025-03-13 20:00:00+00:00,12.293,12.672,12.096,12.33,1500420.45,30.77942627055006
2025-03-14 00:00:00+00:00,12.335,12.897,12.293,12.78,1075126.97,38.59636980779845
2025-03-14 04:00:00+00:00,12.782,13.7,12.768,13.7,1810287.14,50.823384029197165
2025-03-14 08:00:00+00:00,13.697,14.09,13.371,14.068,2427053.87,54.70836621443855
2025-03-14 12:00:00+00:00,14.062,14.365,13.618,14.285,2727863.05,56.87201211910443
2025-03-14 16:00:00+00:00,14.278,14.524,14.084,14.444,1611632.84,58.438689269305904
2025-03-14 20:00:00+00:00,14.446,14.446,13.75,13.798,1292672.87,50.42414340036769
2025-03-15 00:00:00+00:00,13.79,14.297,13.761,14.295,558616.41,55.48258713549622
2025-03-15 04:00:00+00:00,14.295,14.735,14.057,14.379,1128015.93,56.29428152014558
2025-03-15 08:00:00+00:00,14.379,14.558,14.201,14.26,521964.46,54.770708266776154
2025-03-15 12:00:00+00:00,14.262,14.77,14.25,14.54,882590.3,57.673445538243634
2025-03-15 16:00:00+00:00,14.543,14.816,14.222,14.425,1022102.14,56.081486277802426
2025-03-15 20:00:00+00:00,14.426,14.6,14.304,14.383,353422.82,55.47917337510748
2025-03-16 00:00:00+00:00,14.39,14.418,13.877,14.114,592605.94,51.65282585819603
2025-03-16 04:00:00+00:00,14.112,14.116,13.622,13.812,961439.42,47.67720835489714
2025-03-16 08:00:00+00:00,13.814,13.833,13.363,13.363,748663.29,42.44632876840931
2025-03-16 12:00:00+00:00,13.362,13.57,13.2,13.376,1043708.77,42.64254524388752
2025-03-16 16:00:00+00:00,13.367,13.62,13.061,13.128,1189392.15,39.85130031304534
2025-03-16 20:00:00+00:00,13.131,13.334,12.805,12.976,1016094.18,38.20084274705426
2025-03-17 00:00:00+00:00,12.976,13.583,12.955,13.508,939360.14,46.545339826090554
2025-03-17 04:00:00+00:00,13.508,13.686,13.252,13.606,662806.48,47.939851466788134
2025-03-17 08:00:00+00:00,13.602,14.057,13.502,13.968,1168765.04,52.83456820520132
2025-03-17 12:00:00+00:00,13.97,14.008,13.477,13.689,1366980.36,49.00996103954319
2025-03-17 16:00:00+00:00,13.688,13.793,13.474,13.64,1273191.88,48.348013057179855
2025-03-17 20:00:00+00:00,13.643,13.663,13.13,13.255,813932.99,43.38927434103166
2025-03-18 00:00:00+00:00,13.259,13.28,12.879,13.2,1256827.06,42.71527045832046
2025-03-18 04:00:00+00:00,13.202,13.41,12.884,13.341,866199.01,45.07098638569733
2025-03-18 08:00:00+00:00,13.342,13.49,13.196,13.349,834506.08,45.208660258307106
2025-03-18 12:00:00+00:00,13.343,13.404,12.993,13.228,948722.27,43.43539552931956
2025-03-18 16:00:00+00:00,13.23,13.579,13.197,13.496,624728.64,48.27476232936547
2025-03-18 20:00:00+00:00,13.503,14.34,13.33,14.179,1518249.3,58.11073143996353
2025-03-19 00:00:00+00:00,14.171,14.55,13.791,13.965,1433846.65,54.606924778087254
2025-03-19 04:00:00+00:00,13.962,14.466,13.88,14.305,687921.29,58.85197306449475
2025-03-19 08:00:00+00:00,14.304,15.156,14.304,15.141,2956218.3,67.01907392190421
2025-03-19 12:00:00+00:00,15.146,15.395,14.782,15.089,2469339.47,66.13972139859669
2025-03-19 16:00:00+00:00,15.101,15.268,14.396,15.006,3289049.44,64.68090672433655
2025-03-19 20:00:00+00:00,15.006,15.787,14.983,15.61,1789519.44,69.8862168607906
2025-03-20 00:00:00+00:00,15.617,15.799,14.889,14.968,1534756.63,59.79815728137961
2025-03-20 04:00:00+00:00,14.971,15.029,14.667,14.866,902543.64,58.356846130428515
2025-03-20 08:00:00+00:00,14.867,15.117,14.495,14.823,1024687.91,57.72517911142346
2025-03-20 12:00:00+00:00,14.825,15.15,14.526,14.604,1163582.83,54.490174313867826
2025-03-20 16:00:00+00:00,14.606,14.683,13.939,14.347,2151111.93,50.886187094638096
2025-03-20 20:00:00+00:00,14.347,14.42,13.94,14.145,748667.35,48.188383479997306
2025-03-21 00:00:00+00:00,14.144,14.542,14.133,14.429,532896.81,52.038343750909256
2025-03-21 04:00:00+00:00,14.423,14.556,14.11,14.233,511301.85,49.31483304214346
2025-03-21 08:00:00+00:00,14.233,14.374,14.03,14.217,875652.62,49.08897364311348
2025-03-21 12:00:00+00:00,14.213,14.535,13.871,14.334,1619065.76,50.8612650633766
2025-03-21 16:00:00+00:00,14.339,15.401,14.304,15.26,1932034.44,62.1050879186535
2025-03-21 20:00:00+00:00,15.259,15.924,15.158,15.913,2070101.18,67.71523811934509
2025-03-22 00:00:00+00:00,15.914,16.0,15.418,15.852,1497101.31,66.72152530981478
2025-03-22 04:00:00+00:00,15.847,16.479,15.778,16.069,1649095.7,68.49285001818465
2025-03-22 08:00:00+00:00,16.062,16.726,15.992,16.052,1323793.39,68.18664804781969
2025-03-22 12:00:00+00:00,16.056,16.174,15.707,15.772,941412.23,63.17691107552367
2025-03-22 16:00:00+00:00,15.77,15.985,15.619,15.928,501448.34,64.73163115417255
2025-03-22 20:00:00+00:00,15.928,16.15,15.516,15.572,874314.96,58.646319366671854
2025-03-23 00:00:00+00:00,15.575,15.983,15.5,15.822,693661.38,61.391222531926914
2025-03-23 04:00:00+00:00,15.821,16.154,15.587,16.043,453629.79,63.68591710008714
2025-03-23 08:00:00+00:00,16.048,16.329,15.691,16.178,733230.84,65.05233390130923
2025-03-23 12:00:00+00:00,16.178,16.263,15.628,15.684,898682.44,56.651921267312154
2025-03-23 16:00:00+00:00,15.684,15.827,15.45,15.747,718684.57,57.40731100424388
2025-03-23 20:00:00+00:00,15.756,16.317,15.722,16.309,659979.67,63.51523024170695
2025-03-24 00:00:00+00:00,16.308,16.669,15.718,16.52,1417915.39,65.51473576384635
2025-03-24 04:00:00+00:00,16.524,17.061,16.516,16.585,1366650.69,66.13052911405059
2025-03-24 08:00:00+00:00,16.585,17.205,16.584,17.167,826914.2,71.10569925079767
2025-03-24 12:00:00+00:00,17.163,17.35,16.312,16.964,2729167.78,67.38746797199732
2025-03-24 16:00:00+00:00,16.96,17.197,16.582,17.034,1328957.81,68.00869540359824
2025-03-24 20:00:00+00:00,17.031,17.168,16.383,16.764,978381.5,63.0220441211536
2025-03-25 00:00:00+00:00,16.764,17.005,16.1,16.127,1115624.26,53.125031825636974
2025-03-25 04:00:00+00:00,16.127,16.24,15.865,16.192,1124179.38,53.92023928861136
2025-03-25 08:00:00+00:00,16.188,16.575,16.12,16.503,588671.42,57.624378168055266
2025-03-25 12:00:00+00:00,16.508,16.862,16.385,16.418,1284549.3,56.292481117922755
2025-03-25 16:00:00+00:00,16.415,16.485,15.961,16.252,1256226.36,53.682880412041506
2025-03-25 20:00:00+00:00,16.259,16.454,15.884,16.028,1032162.91,50.29467091919
2025-03-26 00:00:00+00:00,16.026,16.403,15.6,15.683,1592332.85,45.528460914347654
2025-03-26 04:00:00+00:00,15.683,16.113,15.468,16.071,1463600.35,51.13675549882653
2025-03-26 08:00:00+00:00,16.069,16.307,15.96,16.22,562958.08,53.13235562739449
2025-03-26 12:00:00+00:00,16.217,16.26,12.492,14.472,27852423.3,35.04823986739984
2025-03-26 16:00:00+00:00,14.478,15.061,13.474,13.938,7005876.81,31.51889788022656
2025-03-26 20:00:00+00:00,13.944,14.5,13.619,14.065,3250695.41,33.24071242086676
2025-03-27 00:00:00+00:00,14.066,14.99,13.981,14.758,1992286.53,41.83468409851821
2025-03-27 04:00:00+00:00,14.761,14.857,14.344,14.473,1070325.08,39.57818871992738
2025-03-27 08:00:00+00:00,14.473,14.781,14.263,14.446,967815.58,39.361580927995284
2025-03-27 12:00:00+00:00,14.444,14.656,14.02,14.392,1728999.92,38.90300005882515
2025-03-27 16:00:00+00:00,14.393,14.589,14.254,14.406,1128347.56,39.10109429892798
2025-03-27 20:00:00+00:00,14.409,15.156,14.38,14.614,1886620.12,42.10451810125173
2025-03-28 00:00:00+00:00,14.612,14.914,14.38,14.419,1021556.32,40.107470740085525
2025-03-28 04:00:00+00:00,14.414,14.485,13.511,13.651,2700671.82,33.390237046434365
2025-03-28 08:00:00+00:00,13.638,13.967,13.494,13.951,1402943.19,37.77432743720805
2025-03-28 12:00:00+00:00,13.948,14.027,13.516,13.725,2070262.17,35.85954994358342
2025-03-28 16:00:00+00:00,13.725,13.806,13.055,13.317,2905737.68,32.64261064776265
2025-03-28 20:00:00+00:00,13.298,13.444,13.01,13.416,1614379.4,34.18544637127715
2025-03-29 00:00:00+00:00,13.415,13.6,13.033,13.139,1135496.47,31.97835735706832
2025-03-29 04:00:00+00:00,13.138,13.205,12.62,12.735,1746861.18,29.034115555176186
2025-03-29 08:00:00+00:00,12.735,12.922,12.358,12.567,1854504.36,27.88439791561963
2025-03-29 12:00:00+00:00,12.55,12.995,12.526,12.983,1509746.41,34.77224873389632
2025-03-29 16:00:00+00:00,12.984,13.093,12.474,12.798,1483714.55,33.25126104049697
2025-03-29 20:00:00+00:00,12.8,12.826,12.507,12.807,595059.79,33.40387608219787
2025-03-30 00:00:00+00:00,12.807,12.981,12.61,12.83,632313.18,33.82031278057647
2025-03-30 04:00:00+00:00,12.829,13.014,12.532,12.541,787528.38,31.181818420462648
2025-03-30 08:00:00+00:00,12.54,12.691,12.289,12.622,1295480.56,32.765053748041424
2025-03-30 12:00:00+00:00,12.624,12.731,12.354,12.533,1250739.67,31.896736941605795
2025-03-30 16:00:00+00:00,12.534,12.784,12.301,12.577,1358793.89,32.84427726934865
2025-03-30 20:00:00+00:00,12.576,12.602,12.198,12.486,1131540.58,31.857068531094512
2025-03-31 00:00:00+00:00,12.487,12.63,12.198,12.365,1166514.33,30.542502050745313
2025-03-31 04:00:00+00:00,12.367,12.65,12.278,12.487,502717.58,33.521151377661255
2025-03-31 08:00:00+00:00,12.487,12.942,12.453,12.761,1056745.22,39.768546857636515
2025-03-31 12:00:00+00:00,12.762,13.371,12.411,13.099,2438690.35,46.453487031316335
2025-03-31 16:00:00+00:00,13.099,13.48,13.065,13.085,1669399.65,46.22464080896335
2025-03-31 20:00:00+00:00,13.086,13.203,12.935,13.006,569872.16,44.88103452634056
2025-04-01 00:00:00+00:00,13.006,13.66,12.954,13.581,877057.52,55.10888384556829
2025-04-01 04:00:00+00:00,13.587,13.802,13.332,13.471,1074774.14,53.07970067177911
2025-04-01 08:00:00+00:00,13.471,13.899,13.402,13.499,1384323.9,53.54856672031558
2025-04-01 12:00:00+00:00,13.501,13.969,13.094,13.8,2077722.92,58.365140954158385
2025-04-01 16:00:00+00:00,13.8,13.87,13.074,13.258,1566234.62,48.5941126814549
2025-04-01 20:00:00+00:00,13.258,13.481,13.107,13.327,645008.44,49.74750965524355
2025-04-02 00:00:00+00:00,13.327,13.375,13.008,13.171,710401.03,47.17060930377252
2025-04-02 04:00:00+00:00,13.171,13.291,12.949,13.176,581470.54,47.2648972477413
2025-04-02 08:00:00+00:00,13.179,13.783,13.138,13.706,1188920.88,56.19053167279371
2025-04-02 12:00:00+00:00,13.705,14.461,13.189,14.242,3291363.36,63.009293591974526
2025-04-02 16:00:00+00:00,14.247,14.289,13.5,13.747,1635724.85,54.56308918194445
2025-04-02 20:00:00+00:00,13.743,14.246,11.68,11.772,6668068.01,34.62180078133068
2025-04-03 00:00:00+00:00,11.771,12.609,11.646,12.389,2440227.68,41.78037328356867
2025-04-03 04:00:00+00:00,12.39,12.622,11.758,11.942,1808171.19,38.49207057943868
2025-04-03 08:00:00+00:00,11.942,12.044,11.178,11.286,2741553.62,34.233779694283385
2025-04-03 12:00:00+00:00,11.282,11.562,11.041,11.478,4281404.6,36.449747293249715
2025-04-03 16:00:00+00:00,11.484,11.579,11.25,11.503,1961548.47,36.748597901026244
2025-04-03 20:00:00+00:00,11.503,11.876,11.418,11.707,1350544.71,39.25872441811923
2025-04-04 00:00:00+00:00,11.708,11.977,11.602,11.777,1008557.15,40.13661279120116
2025-04-04 04:00:00+00:00,11.778,11.883,11.452,11.836,1223240.71,40.91177922243649
2025-04-04 08:00:00+00:00,11.836,12.068,11.084,11.319,2392945.33,36.45689370916543
2025-04-04 12:00:00+00:00,11.321,11.812,11.057,11.453,3840534.11,38.33125048801274
2025-04-04 16:00:00+00:00,11.454,12.2,11.3,12.158,2912074.35,47.1620283343792
2025-04-04 20:00:00+00:00,12.134,12.4,11.839,11.886,1712039.09,44.51358399247067
2025-04-05 00:00:00+00:00,11.889,12.198,11.805,11.838,658019.69,44.043540959473276
2025-04-05 04:00:00+00:00,11.832,12.09,11.72,11.821,564567.11,43.866866392117444
2025-04-05 08:00:00+00:00,11.823,12.104,11.746,11.934,450804.56,45.43372680248486
2025-04-05 12:00:00+00:00,11.934,11.989,11.42,11.538,1281298.48,41.10367493650613
2025-04-05 16:00:00+00:00,11.537,11.832,11.493,11.749,761523.21,44.15754924795096
2025-04-05 20:00:00+00:00,11.749,12.054,11.699,12.046,503855.28,48.22690594275403
2025-04-06 00:00:00+00:00,12.047,12.092,11.691,11.691,649753.21,44.091024625522316
2025-04-06 04:00:00+00:00,11.698,11.812,11.553,11.584,639687.65,42.896913296284225
2025-04-06 08:00:00+00:00,11.584,11.607,11.32,11.428,692532.39,41.147225015771106
2025-04-06 12:00:00+00:00,11.428,11.559,11.07,11.431,1805289.54,41.19689753878962
2025-04-06 16:00:00+00:00,11.432,11.435,10.21,10.634,5318198.28,33.183848857965245
2025-04-06 20:00:00+00:00,10.634,10.713,10.001,10.261,3330364.08,30.221200075016284
2025-04-07 00:00:00+00:00,10.26,10.886,9.716,10.363,4786998.55,32.00884738579117
2025-04-07 04:00:00+00:00,10.358,10.421,9.3061,9.933,4286576.95,28.673837464826903
2025-04-07 08:00:00+00:00,9.9371,10.421,9.9,10.293,2108178.83,34.79877389559854
2025-04-07 12:00:00+00:00,10.292,11.562,10.141,11.08,6883164.44,45.76357371283243
2025-04-07 16:00:00+00:00,11.079,11.623,10.594,11.376,3713620.77,49.22232562957404
2025-04-07 20:00:00+00:00,11.38,11.932,11.371,11.494,1723802.77,50.57547527675614
2025-04-08 00:00:00+00:00,11.493,12.703,11.407,12.39,3261084.99,59.4186833155443
2025-04-08 04:00:00+00:00,12.388,12.543,11.782,11.998,1674198.73,54.79909310624913
2025-04-08 08:00:00+00:00,11.997,12.253,11.7,12.21,1788640.3,56.75716685749765
2025-04-08 12:00:00+00:00,12.211,12.31,11.487,11.577,2336761.74,49.8178122462453
2025-04-08 16:00:00+00:00,11.576,11.577,10.7,11.246,3705571.99,46.608773130402774
2025-04-08 20:00:00+00:00,11.246,11.433,10.982,11.22,1315453.2,46.35617623864062
2025-04-09 00:00:00+00:00,11.221,12.263,11.078,11.63,3426837.05,50.87721760783526
2025-04-09 04:00:00+00:00,11.627,12.5,11.573,12.43,2393086.72,58.26783158437647
2025-04-09 08:00:00+00:00,12.431,12.815,11.93,12.138,2332954.07,55.01433060473724
2025-04-09 12:00:00+00:00,12.137,13.081,11.921,12.92,3719370.32,61.25395007101415
2025-04-09 16:00:00+00:00,12.915,14.419,12.737,13.886,7592027.11,67.28960922439639
2025-04-09 20:00:00+00:00,13.884,14.226,13.5,13.57,1785567.47,63.789045287821736
2025-04-10 00:00:00+00:00,13.57,13.913,13.246,13.361,1840664.64,61.509865057249066
2025-04-10 04:00:00+00:00,13.361,13.835,13.221,13.823,1189316.88,64.52710323813197
2025-04-10 08:00:00+00:00,13.823,14.45,13.706,14.148,1876379.85,66.51561669626213
2025-04-10 12:00:00+00:00,14.141,14.5,13.3,13.354,3114313.49,57.966336378233066
2025-04-10 16:00:00+00:00,13.364,14.22,13.1,14.031,2352263.63,62.40350692486527
2025-04-10 20:00:00+00:00,14.032,14.472,13.993,14.16,1505632.08,63.20064725492843
2025-04-11 00:00:00+00:00,14.157,14.993,13.744,14.934,2530252.74,67.634719406455
2025-04-11 04:00:00+00:00,14.93,15.523,14.834,15.349,1987856.58,69.74006042311825
2025-04-11 08:00:00+00:00,15.35,15.473,14.865,14.865,1454528.98,64.47261203627976
2025-04-11 12:00:00+00:00,14.871,15.362,14.785,15.026,1815220.54,65.40856022051213
2025-04-11 16:00:00+00:00,15.027,15.836,14.961,15.743,2478650.88,69.28883738639672
2025-04-11 20:00:00+00:00,15.743,16.009,15.467,15.673,2204928.25,68.48117679658638
2025-04-12 00:00:00+00:00,15.671,15.671,15.129,15.305,1150468.73,64.24165566054523
2025-04-12 04:00:00+00:00,15.303,15.916,15.12,15.804,759446.67,67.20630513389378
2025-04-12 08:00:00+00:00,15.809,15.966,15.472,15.506,689671.43,63.8042157012293
2025-04-12 12:00:00+00:00,15.504,16.309,15.222,15.953,2652776.55,66.54032456421504
2025-04-12 16:00:00+00:00,15.954,16.481,15.764,16.477,1781308.12,69.4552068262343
2025-04-12 20:00:00+00:00,16.478,16.778,16.218,16.352,1541913.11,67.93481645927982
2025-04-13 00:00:00+00:00,16.347,16.832,16.067,16.222,1300590.38,66.30911222648703
2025-04-13 04:00:00+00:00,16.219,16.476,15.892,15.99,793583.68,63.393542273971406
2025-04-13 08:00:00+00:00,15.99,16.415,15.899,16.415,631183.09,66.31545082955782
2025-04-13 12:00:00+00:00,16.415,16.435,15.252,15.492,1920521.55,55.883005370360266
2025-04-13 16:00:00+00:00,15.492,16.289,15.462,15.559,1592967.07,56.41895846958811
2025-04-13 20:00:00+00:00,15.561,15.711,14.977,15.404,2022099.37,54.76151805327699
2025-04-14 00:00:00+00:00,15.405,16.162,15.3,15.56,1782073.72,56.15751854348885
2025-04-14 04:00:00+00:00,15.558,16.108,15.558,15.938,1248604.11,59.42482474422865
2025-04-14 08:00:00+00:00,15.95,15.994,15.5,15.92,643209.66,59.198583690369034
2025-04-14 12:00:00+00:00,15.92,16.359,15.549,15.609,1815963.87,55.2824007793765
2025-04-14 16:00:00+00:00,15.604,16.009,15.3,15.68,1691154.33,55.99805975338317
2025-04-14 20:00:00+00:00,15.695,15.895,15.442,15.733,809100.82,56.556980016056535
2025-04-15 00:00:00+00:00,15.734,16.4,15.578,16.3,981935.5,62.10292538317735
2025-04-15 04:00:00+00:00,16.294,16.392,16.021,16.388,630680.97,62.89465403321776
2025-04-15 08:00:00+00:00,16.386,16.596,15.91,16.067,799070.46,58.124453868903174
2025-04-15 12:00:00+00:00,16.059,16.439,15.51,15.7,1513903.79,53.1601873611324
2025-04-15 16:00:00+00:00,15.701,15.781,15.131,15.168,1246863.59,46.90620372944815
2025-04-15 20:00:00+00:00,15.169,15.425,14.971,15.025,996891.79,45.36142591442346
2025-04-16 00:00:00+00:00,15.027,15.326,14.888,15.274,868294.05,48.53945668889232
2025-04-16 04:00:00+00:00,15.27,15.321,14.779,14.818,912578.69,43.54439164505878
2025-04-16 08:00:00+00:00,14.818,15.317,14.64,15.271,960870.2,49.14340564769691
2025-04-16 12:00:00+00:00,15.273,16.124,15.12,15.843,1910608.99,55.18694707819993
2025-04-16 16:00:00+00:00,15.843,16.032,15.217,15.745,2134191.79,54.00288113279692
2025-04-16 20:00:00+00:00,15.746,16.248,15.682,15.737,1757439.05,53.90121257782021
2025-04-17 00:00:00+00:00,15.737,16.184,15.483,15.618,1170043.31,52.32321687945218
2025-04-17 04:00:00+00:00,15.618,16.562,15.576,16.442,1254971.59,60.866437129089526
2025-04-17 08:00:00+00:00,16.442,16.75,16.25,16.588,1035657.14,62.1602551184921
2025-04-17 12:00:00+00:00,16.587,16.75,15.927,16.52,1634523.15,61.14626328324567
2025-04-17 16:00:00+00:00,16.521,17.0,16.287,16.529,2360974.84,61.236392197799326
2025-04-17 20:00:00+00:00,16.519,17.226,16.501,17.149,2143595.93,66.92789606620391
2025-04-18 00:00:00+00:00,17.148,17.44,16.8,17.127,1674556.16,66.55447759372554
2025-04-18 04:00:00+00:00,17.125,17.179,16.666,16.961,1026518.25,63.667925400579
2025-04-18 08:00:00+00:00,16.962,17.067,16.382,16.596,903472.04,57.73819685570412
2025-04-18 12:00:00+00:00,16.598,16.821,16.399,16.424,911258.84,55.13239586242884
2025-04-18 16:00:00+00:00,16.426,17.019,16.315,16.793,1128131.45,59.3690022633562
2025-04-18 20:00:00+00:00,16.793,17.199,16.699,17.056,647201.53,62.11480203877468
2025-04-19 00:00:00+00:00,17.056,17.529,16.69,17.529,1127059.81,66.49961659909783
2025-04-19 04:00:00+00:00,17.508,18.242,17.431,18.169,1881589.5,71.3341066200619
2025-04-19 08:00:00+00:00,18.17,18.199,17.86,17.947,807068.27,67.68528337425187
2025-04-19 12:00:00+00:00,17.949,18.2,17.7,18.0,1000272.42,68.10474215999758
2025-04-19 16:00:00+00:00,18.0,18.145,17.52,17.787,1008850.93,64.48217031815305
2025-04-19 20:00:00+00:00,17.787,18.103,17.665,18.088,466318.4,67.14199165221929
2025-04-20 00:00:00+00:00,18.088,18.489,18.0,18.47,820810.5,70.1927608157845
2025-04-20 04:00:00+00:00,18.468,18.493,17.662,17.734,990188.79,58.854489519829805
2025-04-20 08:00:00+00:00,17.641,17.757,17.396,17.523,575950.46,56.05880795354645
2025-04-20 12:00:00+00:00,17.523,17.84,17.098,17.278,1046191.05,52.915688617607366
2025-04-20 16:00:00+00:00,17.277,17.711,17.212,17.664,571045.35,57.00577981544452
2025-04-20 20:00:00+00:00,17.663,17.847,17.251,17.598,844789.67,56.108298976446235
2025-04-21 00:00:00+00:00,17.597,18.45,17.592,17.885,1675197.77,59.12211899929087
2025-04-21 04:00:00+00:00,17.888,18.399,17.786,18.292,730009.98,63.00193482806157
2025-04-21 08:00:00+00:00,18.303,18.456,17.809,17.894,855624.07,57.27693052131522
2025-04-21 12:00:00+00:00,17.891,18.288,17.69,18.043,1209368.08,58.78682260709167
2025-04-21 16:00:00+00:00,18.042,18.063,17.214,17.857,1538697.94,56.12047856523183
2025-04-21 20:00:00+00:00,17.858,18.241,17.8,18.198,779235.26,59.726906873404985
2025-04-22 00:00:00+00:00,18.198,18.698,17.83,18.579,1365529.67,63.35125425809042
2025-04-22 04:00:00+00:00,18.579,18.696,18.064,18.273,900185.3,58.77618807094368
2025-04-22 08:00:00+00:00,18.274,18.497,18.08,18.495,728367.11,60.977940968689545
2025-04-22 12:00:00+00:00,18.495,18.907,18.369,18.555,2275171.85,61.57527079839473
2025-04-22 16:00:00+00:00,18.555,18.87,18.351,18.832,1134914.75,64.29279302383677
2025-04-22 20:00:00+00:00,18.824,19.285,18.557,19.205,1792444.95,67.61425945507008
2025-04-23 00:00:00+00:00,19.205,19.236,18.586,19.069,1358701.03,65.23168043588731
2025-04-23 04:00:00+00:00,19.07,19.2,18.711,18.942,1359516.45,62.99917077771431
2025-04-23 08:00:00+00:00,18.941,19.111,18.723,18.828,999934.62,60.98164213711281
2025-04-23 12:00:00+00:00,18.828,19.1,18.139,18.507,2615839.21,55.58382498190881
2025-04-23 16:00:00+00:00,18.509,18.8,18.0,18.386,1956192.88,53.65585102559038
2025-04-23 20:00:00+00:00,18.386,18.65,18.154,18.447,890890.29,54.51244395539729
2025-04-24 00:00:00+00:00,18.449,18.62,18.001,18.016,1182885.26,47.7910647389704
2025-04-24 04:00:00+00:00,18.016,18.314,17.9,17.929,547218.34,46.543540961087075
2025-04-24 08:00:00+00:00,17.929,18.217,17.698,17.822,1154255.15,44.988115735679855
2025-04-24 12:00:00+00:00,17.826,18.304,17.706,18.216,1157601.3,51.42531349152912
2025-04-24 16:00:00+00:00,18.216,19.072,17.921,18.917,1900948.97,60.32146948901978
2025-04-24 20:00:00+00:00,18.918,18.985,18.35,18.776,1085454.0,58.01974174361854
2025-04-25 00:00:00+00:00,18.776,19.093,18.482,18.657,1020736.92,56.07499169930753
2025-04-25 04:00:00+00:00,18.655,18.85,18.497,18.838,749157.58,58.361133647653176
2025-04-25 08:00:00+00:00,18.843,19.062,18.764,19.048,656836.35,60.903590649290855
2025-04-25 12:00:00+00:00,19.048,19.191,18.5,18.531,1585294.7,52.417848301683634
2025-04-25 16:00:00+00:00,18.529,18.61,18.171,18.308,1089065.3,49.23152916305715
2025-04-25 20:00:00+00:00,18.306,18.428,18.15,18.407,429834.06,50.66529309139542
2025-04-26 00:00:00+00:00,18.407,18.461,17.961,18.398,771056.77,50.52559611326529
2025-04-26 04:00:00+00:00,18.398,18.424,17.936,18.099,686489.11,45.988870076220714
2025-04-26 08:00:00+00:00,18.098,18.349,17.61,17.675,740812.64,40.443178195880336
2025-04-26 12:00:00+00:00,17.675,17.88,17.475,17.803,932986.37,42.689968000577096
2025-04-26 16:00:00+00:00,17.802,17.963,17.68,17.878,779388.97,44.02250826945436
2025-04-26 20:00:00+00:00,17.878,18.279,17.747,17.916,786286.16,44.72379389200565
2025-04-27 00:00:00+00:00,17.916,18.25,17.602,17.699,1076419.34,41.52455063839161
2025-04-27 04:00:00+00:00,17.7,17.834,17.324,17.521,808380.66,39.056538307852485
2025-04-27 08:00:00+00:00,17.52,17.65,17.47,17.598,305487.32,40.69850164880983
2025-04-27 12:00:00+00:00,17.598,18.038,17.436,17.986,1063528.61,48.262743660588356
2025-04-27 16:00:00+00:00,17.989,17.99,17.648,17.698,489123.64,43.79703949872914
2025-04-27 20:00:00+00:00,17.698,17.771,17.322,17.383,506710.63,39.492780440821
2025-04-28 00:00:00+00:00,17.384,17.761,16.75,17.593,1966051.44,43.48067818204899
2025-04-28 04:00:00+00:00,17.594,18.394,17.591,18.258,1039457.65,53.85283114501605
2025-04-28 08:00:00+00:00,18.263,18.598,18.238,18.262,1015965.41,53.90762402095249
2025-04-28 12:00:00+00:00,18.262,18.369,17.188,17.514,1796740.62,43.5049691737584
2025-04-28 16:00:00+00:00,17.514,17.857,17.238,17.722,1463748.35,46.5913668438806
2025-04-28 20:00:00+00:00,17.732,18.744,17.508,18.682,3160431.73,57.996899316083315
2025-04-29 00:00:00+00:00,18.683,19.2,18.15,18.659,2390215.09,57.6790920637405
2025-04-29 04:00:00+00:00,18.66,18.993,18.265,18.91,958729.31,60.23967874171857
2025-04-29 08:00:00+00:00,18.914,19.008,18.715,18.84,967928.09,59.16456312756799
2025-04-29 12:00:00+00:00,18.839,18.969,18.563,18.879,766981.17,59.5972115377683
2025-04-29 16:00:00+00:00,18.879,19.089,18.649,19.067,878707.51,61.70357846189819
2025-04-29 20:00:00+00:00,19.066,19.165,18.174,18.613,2056350.94,54.33647402077532
2025-04-30 00:00:00+00:00,18.608,18.659,18.199,18.556,726250.76,53.473243691396306
2025-04-30 04:00:00+00:00,18.559,18.577,18.227,18.396,518777.73,51.02288286201177
2025-04-30 08:00:00+00:00,18.398,18.774,18.368,18.774,371995.89,56.1367645451077
2025-04-30 12:00:00+00:00,18.77,18.804,17.604,18.341,2487352.68,49.73107241368221
2025-04-30 16:00:00+00:00,18.341,18.923,18.135,18.806,1758599.72,55.59156227006544
2025-04-30 20:00:00+00:00,18.801,20.17,18.745,20.028,2864141.18,66.60873401700263
2025-05-01 00:00:00+00:00,20.028,20.299,19.223,19.36,3978086.75,58.120388090928614
2025-05-01 04:00:00+00:00,19.356,19.929,19.259,19.916,1202000.41,62.41380680421923
2025-05-01 08:00:00+00:00,19.916,20.089,19.725,20.015,1106758.24,63.138441911627766
2025-05-01 12:00:00+00:00,20.015,21.176,19.988,20.263,4325430.1,64.96085050632999
2025-05-01 16:00:00+00:00,20.263,20.469,19.918,20.269,1386242.26,65.00592707115496
2025-05-01 20:00:00+00:00,20.272,20.419,19.731,19.937,1290503.51,60.37739631804696
2025-05-02 00:00:00+00:00,19.933,20.643,19.883,20.594,967513.2,65.59763610014016
2025-05-02 04:00:00+00:00,20.594,20.7,19.981,20.192,869034.1,60.35770555533004
2025-05-02 08:00:00+00:00,20.195,20.525,20.1,20.155,534218.8,59.883566908048614
2025-05-02 12:00:00+00:00,20.155,21.17,20.145,21.154,1499985.09,67.34288178312178
2025-05-02 16:00:00+00:00,21.156,21.437,20.753,20.927,1688546.43,64.41206349028315
2025-05-02 20:00:00+00:00,20.927,21.149,20.726,20.812,641289.13,62.91813535527505
2025-05-03 00:00:00+00:00,20.813,20.907,20.5,20.74,560412.75,61.949369718160376
2025-05-03 04:00:00+00:00,20.741,20.832,20.53,20.575,317700.42,59.68149677417751
2025-05-03 08:00:00+00:00,20.578,20.706,20.192,20.337,550355.16,56.4702111470737
2025-05-03 12:00:00+00:00,20.338,20.931,20.338,20.673,786811.3,59.761934482296375
2025-05-03 16:00:00+00:00,20.672,21.539,19.951,21.261,2558768.24,64.781138109554
2025-05-03 20:00:00+00:00,21.266,21.44,20.886,20.948,819721.06,60.45796206945364
2025-05-04 00:00:00+00:00,20.944,21.224,20.468,20.584,623077.96,55.794707926865904
2025-05-04 04:00:00+00:00,20.584,20.93,20.494,20.558,540403.77,55.465616873280894
2025-05-04 08:00:00+00:00,20.558,20.899,20.369,20.884,463738.66,58.75085569869434
2025-05-04 12:00:00+00:00,20.886,21.026,20.7,20.717,556862.44,56.45341007697252
2025-05-04 16:00:00+00:00,20.714,20.81,20.243,20.25,731146.62,50.50561740220473
2025-05-04 20:00:00+00:00,20.263,20.526,19.7,19.894,1616953.33,46.48496992965881
2025-05-05 00:00:00+00:00,19.893,20.432,19.791,20.41,1103476.08,52.39988727130085
2025-05-05 04:00:00+00:00,20.41,20.757,20.281,20.678,614111.78,55.17128569321289
2025-05-05 08:00:00+00:00,20.67,20.699,19.97,20.023,823143.53,47.84009952820713
2025-05-05 12:00:00+00:00,20.022,20.266,19.824,20.032,994356.51,47.9424596232972
2025-05-05 16:00:00+00:00,20.03,20.425,19.94,20.226,612346.4,50.21062394334069
2025-05-05 20:00:00+00:00,20.225,20.465,19.91,20.293,892742.66,51.00459375294958
2025-05-06 00:00:00+00:00,20.292,20.561,19.972,20.223,589682.49,50.105590200684496
2025-05-06 04:00:00+00:00,20.223,20.303,20.047,20.123,503295.37,48.78275696094807
2025-05-06 08:00:00+00:00,20.122,20.151,19.583,19.665,1061910.66,43.16227674486205
2025-05-06 12:00:00+00:00,19.669,20.631,19.538,20.533,2745331.44,53.983161891050344
2025-05-06 16:00:00+00:00,20.534,20.8,20.201,20.631,1185377.27,55.02426892268839
2025-05-06 20:00:00+00:00,20.631,21.145,20.167,20.951,1572586.44,58.33877788079894
2025-05-07 00:00:00+00:00,20.957,21.307,20.686,20.737,1155564.28,55.398505960277795
2025-05-07 04:00:00+00:00,20.737,21.246,20.662,21.19,627202.95,59.994875214202764
2025-05-07 08:00:00+00:00,21.19,21.437,21.087,21.395,1034444.75,61.907984580807295
2025-05-07 12:00:00+00:00,21.396,21.439,21.01,21.08,1154258.34,57.3681852490222
2025-05-07 16:00:00+00:00,21.08,21.26,20.757,20.81,1419983.14,53.73109893537692
2025-05-07 20:00:00+00:00,20.809,21.231,20.749,21.042,841042.02,56.29511856797175
2025-05-08 00:00:00+00:00,21.044,21.479,20.798,21.457,1288139.78,60.51069043294003
2025-05-08 04:00:00+00:00,21.456,21.88,21.112,21.758,1614532.71,63.27739694022269
2025-05-08 08:00:00+00:00,21.763,22.079,21.501,21.555,1572284.76,60.21338254421298
2025-05-08 12:00:00+00:00,21.555,22.089,21.34,21.896,1926732.81,63.41784037734974
2025-05-08 16:00:00+00:00,21.898,22.103,21.792,21.943,2079746.52,63.85000965563963
2025-05-08 20:00:00+00:00,21.943,23.571,21.911,23.331,4051291.53,73.72280023133635
2025-05-09 00:00:00+00:00,23.332,24.25,22.913,23.562,1894307.78,74.94900746500831
2025-05-09 04:00:00+00:00,23.56,25.224,23.5,24.76,2603982.44,80.12810033098293
2025-05-09 08:00:00+00:00,24.778,25.75,24.303,24.846,2797226.45,80.44071407856372
2025-05-09 12:00:00+00:00,24.846,25.498,24.231,24.831,3365168.74,80.20371826149213
2025-05-09 16:00:00+00:00,24.831,25.2,24.431,25.2,1246919.66,81.63698965528127
2025-05-09 20:00:00+00:00,25.2,25.306,24.639,24.734,1372171.39,74.31904437739777
2025-05-10 00:00:00+00:00,24.734,25.08,24.419,24.507,1584226.14,70.98117025299875
2025-05-10 04:00:00+00:00,24.507,25.519,24.318,25.35,1458013.57,75.39986266058906
2025-05-10 08:00:00+00:00,25.349,25.733,25.056,25.24,2824621.09,73.82029068111424
2025-05-10 12:00:00+00:00,25.239,25.65,24.905,24.949,3162245.42,69.66258774189714
2025-05-10 16:00:00+00:00,24.946,25.552,24.881,25.339,2964535.04,71.9433004788942
2025-05-10 20:00:00+00:00,25.339,26.337,25.229,26.262,3954113.99,76.45475902925493
2025-05-11 00:00:00+00:00,26.262,26.549,25.171,25.269,2314673.9,64.44808689571353
2025-05-11 04:00:00+00:00,25.268,25.601,23.65,23.984,2528550.95,52.8759213430733
2025-05-11 08:00:00+00:00,23.982,25.0,23.922,24.905,1355985.85,58.61205958153628
2025-05-11 12:00:00+00:00,24.898,25.062,23.8,23.98,1676149.05,51.79313728892994
2025-05-11 16:00:00+00:00,23.983,25.227,23.87,24.47,1861063.99,54.793467052498244
2025-05-11 20:00:00+00:00,24.47,25.32,24.467,24.887,1096794.78,57.232930272737285
2025-05-12 00:00:00+00:00,24.887,25.203,24.149,24.692,1778264.97,55.71874967816681
2025-05-12 04:00:00+00:00,24.692,25.726,24.5,24.873,1730603.85,56.859640537093654
2025-05-12 08:00:00+00:00,24.873,25.639,24.606,24.69,1849986.54,55.308075548701886
2025-05-12 12:00:00+00:00,24.689,25.437,24.476,24.507,2037852.24,53.72915401735931
2025-05-12 16:00:00+00:00,24.506,24.739,23.291,24.33,2103648.59,52.17761367402794
2025-05-12 20:00:00+00:00,24.33,25.079,24.168,24.845,877750.18,56.14572335742949
2025-05-13 00:00:00+00:00,24.846,24.853,23.417,23.585,1386139.37,46.07299982035891
2025-05-13 04:00:00+00:00,23.582,24.671,23.51,24.671,1138155.5,53.771163780193426
2025-05-13 08:00:00+00:00,24.67,25.197,24.649,25.037,1423564.75,56.04831747008736
2025-05-13 12:00:00+00:00,25.035,25.629,24.64,25.245,1917073.26,57.33455907637515
2025-05-13 16:00:00+00:00,25.245,26.45,25.16,26.298,2070845.13,63.20517315397071
2025-05-13 20:00:00+00:00,26.299,26.412,25.72,25.814,1187069.11,59.174795579962
2025-05-14 00:00:00+00:00,25.814,26.0,25.335,25.603,1030620.06,57.45474665853744
2025-05-14 04:00:00+00:00,25.603,26.2,25.439,25.833,780922.03,58.85857319051174
2025-05-14 08:00:00+00:00,25.829,25.939,25.109,25.486,1160355.62,55.86370056980833
2025-05-14 12:00:00+00:00,25.49,25.76,25.12,25.661,1295044.97,57.05061346365595
2025-05-14 16:00:00+00:00,25.661,25.723,24.629,25.097,1591085.68,52.180317164437966
2025-05-14 20:00:00+00:00,25.099,25.249,24.874,25.189,641672.24,52.8868472171323
2025-05-15 00:00:00+00:00,25.189,25.56,24.784,24.816,878154.45,49.68185181234305
2025-05-15 04:00:00+00:00,24.816,25.029,24.253,24.291,796672.87,45.50213672059866
2025-05-15 08:00:00+00:00,24.29,25.039,24.251,24.87,1214028.9,50.452888880301366
2025-05-15 12:00:00+00:00,24.871,25.323,24.409,25.314,1260104.02,53.910549255236155
2025-05-15 16:00:00+00:00,25.317,26.05,25.127,25.563,1651290.85,55.77451390070459
2025-05-15 20:00:00+00:00,25.563,26.21,25.394,26.134,1116703.04,59.79045001324274
2025-05-16 00:00:00+00:00,26.135,27.211,25.737,26.932,2337604.94,64.62505915471502
2025-05-16 04:00:00+00:00,26.928,26.96,26.423,26.716,1279502.59,62.436753354146404
2025-05-16 08:00:00+00:00,26.715,27.044,26.24,26.812,1393240.65,63.03584057785288
2025-05-16 12:00:00+00:00,26.812,27.759,26.507,27.754,2367240.74,68.36710505704497
2025-05-16 16:00:00+00:00,27.753,28.25,27.401,27.845,2539642.33,68.83472765748238
2025-05-16 20:00:00+00:00,27.836,27.9,26.767,26.818,1746724.14,58.35094145313424
2025-05-17 00:00:00+00:00,26.814,27.436,26.283,27.43,1568017.63,62.0592987614876
2025-05-17 04:00:00+00:00,27.43,27.719,26.601,26.641,974256.38,55.23160110592919
2025-05-17 08:00:00+00:00,26.64,27.55,26.472,27.265,906191.64,59.06718349488715
2025-05-17 12:00:00+00:00,27.265,27.313,26.181,26.361,1532424.34,52.102705750867294
2025-05-17 16:00:00+00:00,26.359,26.513,25.753,25.8,1356519.42,48.29694838066138
2025-05-17 20:00:00+00:00,25.8,26.089,25.649,25.85,1200990.95,48.65690872574038
2025-05-18 00:00:00+00:00,25.85,26.512,25.824,26.359,698582.14,52.29781279682274
2025-05-18 04:00:00+00:00,26.359,27.202,26.264,26.988,1042422.43,56.4113738777753
2025-05-18 08:00:00+00:00,26.99,27.129,26.548,26.88,689979.83,55.5259856808215
2025-05-18 12:00:00+00:00,26.88,27.32,26.723,27.042,927727.41,56.62568911571646
2025-05-18 16:00:00+00:00,27.037,27.128,25.912,26.098,1869218.45,49.01930788824672
2025-05-18 20:00:00+00:00,26.1,27.275,25.824,27.096,1489223.62,55.78182844929659
2025-05-19 00:00:00+00:00,27.095,27.309,25.858,25.883,1484001.2,47.529426249993044
2025-05-19 04:00:00+00:00,25.882,26.244,25.262,26.059,2031291.45,48.71496258071232
2025-05-19 08:00:00+00:00,26.058,26.258,25.245,25.455,1163955.04,44.96056893050535
2025-05-19 12:00:00+00:00,25.455,26.3,25.0,25.768,2449612.11,47.2301984762434
2025-05-19 16:00:00+00:00,25.768,26.556,25.6,26.556,1688518.1,52.53666967555605
2025-05-19 20:00:00+00:00,26.537,26.81,26.115,26.522,1194313.52,52.292329028967764
2025-05-20 00:00:00+00:00,26.523,27.011,26.24,26.608,1406179.25,52.889169354875214
2025-05-20 04:00:00+00:00,26.608,26.727,26.335,26.433,703079.56,51.47788375837197
2025-05-20 08:00:00+00:00,26.434,26.732,26.007,26.059,895043.1,48.499351349396605
2025-05-20 12:00:00+00:00,26.059,26.137,25.536,26.045,1375078.68,48.38648957413186
2025-05-20 16:00:00+00:00,26.045,26.241,25.441,25.963,1706566.3,47.68652331248155
2025-05-20 20:00:00+00:00,25.96,26.526,25.765,26.524,1207841.93,52.72519887216092
2025-05-21 00:00:00+00:00,26.524,26.533,26.039,26.461,1075718.78,52.11810783237468
2025-05-21 04:00:00+00:00,26.461,26.84,26.176,26.287,1798985.25,50.39229721852256
2025-05-21 08:00:00+00:00,26.286,26.733,26.261,26.623,892668.65,53.588296803464814
2025-05-21 12:00:00+00:00,26.624,27.77,26.31,27.739,2769530.53,62.28055295436682
2025-05-21 16:00:00+00:00,27.74,28.164,26.845,28.073,4892360.17,64.42780315604232
2025-05-21 20:00:00+00:00,28.073,28.317,27.431,28.304,1926106.78,65.87472058239103
2025-05-22 00:00:00+00:00,28.304,30.778,28.165,30.582,4211695.39,76.16909597623453
2025-05-22 04:00:00+00:00,30.594,31.362,30.096,31.267,2229176.34,78.28992938586181
2025-05-22 08:00:00+00:00,31.268,31.903,30.723,30.993,2585494.87,75.39939221570327
2025-05-22 12:00:00+00:00,30.994,32.604,30.55,32.232,3456563.7,79.14840824640842
2025-05-22 16:00:00+00:00,32.232,34.132,32.13,32.685,6018231.69,80.32876853048
2025-05-22 20:00:00+00:00,32.7,33.477,32.245,33.461,1694266.91,82.18878629442203
2025-05-23 00:00:00+00:00,33.46,36.162,32.905,35.637,4362893.77,86.14495878246908
2025-05-23 04:00:00+00:00,35.621,35.687,34.338,34.88,2931929.9,79.52708556419572
2025-05-23 08:00:00+00:00,34.881,37.551,34.73,35.477,4554520.68,80.78103955870006
2025-05-23 12:00:00+00:00,35.474,36.77,34.299,35.1,5741166.58,77.55076297461804
2025-05-23 16:00:00+00:00,35.101,35.321,33.8,34.425,3478671.06,71.99932131446093
2025-05-23 20:00:00+00:00,34.425,34.536,32.313,33.057,3993099.22,62.2703287450509
2025-05-24 00:00:00+00:00,33.057,33.478,32.131,33.47,2599456.96,63.85813905404754
2025-05-24 04:00:00+00:00,33.47,34.202,32.678,33.671,2048187.37,64.63811584922138
2025-05-24 08:00:00+00:00,33.672,35.467,33.666,34.818,1791466.83,68.77880591669877
2025-05-24 12:00:00+00:00,34.819,35.08,34.0,34.927,1466558.46,69.14851587763684
2025-05-24 16:00:00+00:00,34.93,35.712,34.242,35.342,1894518.54,70.57709241327626
2025-05-24 20:00:00+00:00,35.343,36.601,34.618,34.81,2652159.01,66.3364844662395
2025-05-25 00:00:00+00:00,34.807,35.162,33.7,34.375,2320282.8,63.00307681847035
2025-05-25 04:00:00+00:00,34.375,35.468,34.261,34.937,1510494.5,65.42067556417575
2025-05-25 08:00:00+00:00,34.938,36.431,34.254,36.197,1927193.26,70.13294325783662
2025-05-25 12:00:00+00:00,36.185,38.878,36.129,37.767,4499479.73,74.75021041229881
2025-05-25 16:00:00+00:00,37.82,39.441,37.032,39.105,2813126.63,77.8876072872212
2025-05-25 20:00:00+00:00,39.105,39.289,37.666,39.141,2528085.65,77.96693368047882
2025-05-26 00:00:00+00:00,39.141,39.99,37.927,38.127,3173152.91,70.31533541235491
2025-05-26 04:00:00+00:00,38.127,39.659,38.087,39.115,2011288.71,73.08680800593537
2025-05-26 08:00:00+00:00,39.115,39.355,37.5,38.708,2250089.09,70.18001538337147
2025-05-26 12:00:00+00:00,38.707,38.708,37.151,37.959,1911729.57,65.05245441190753
2025-05-26 16:00:00+00:00,37.971,38.4,36.5,36.964,2439446.69,58.89627653556836
2025-05-26 20:00:00+00:00,36.959,38.147,36.7,37.132,1313670.27,59.59160492079054
2025-05-27 00:00:00+00:00,37.133,37.4,35.889,36.894,2297425.6,58.09233446976377
2025-05-27 04:00:00+00:00,36.894,38.22,36.743,37.617,1760511.45,61.27934581381851
2025-05-27 08:00:00+00:00,37.617,38.12,36.551,37.88,1543762.51,62.39952025926876
2025-05-27 12:00:00+00:00,37.891,38.901,37.047,37.646,2771515.15,60.71648057293947
2025-05-27 16:00:00+00:00,37.655,38.8,37.026,37.178,2409093.87,57.38290492357214
2025-05-27 20:00:00+00:00,37.179,37.369,35.6,35.775,2612939.09,48.74294054007302
2025-05-28 00:00:00+00:00,35.772,36.377,35.25,35.609,1761809.38,47.82540441186381
2025-05-28 04:00:00+00:00,35.608,36.142,35.21,35.687,1084270.48,48.3176983551838
2025-05-28 08:00:00+00:00,35.687,35.881,35.074,35.657,1168224.74,48.129598278157296
2025-05-28 12:00:00+00:00,35.655,36.221,33.284,33.875,4839313.0,38.53354185173035
2025-05-28 16:00:00+00:00,33.859,34.88,32.6,33.147,3126322.64,35.42603913306513
2025-05-28 20:00:00+00:00,33.151,34.712,32.5,34.301,3562207.79,43.24004516065672
2025-05-29 00:00:00+00:00,34.3,35.24,33.716,34.059,2346912.38,42.08980772498079
2025-05-29 04:00:00+00:00,34.058,34.823,33.272,34.575,1489872.43,45.423503981568004
2025-05-29 08:00:00+00:00,34.567,35.08,33.795,34.156,1437846.08,43.246443841284396
2025-05-29 12:00:00+00:00,34.157,34.182,31.576,31.88,5390523.09,33.7765007978998
2025-05-29 16:00:00+00:00,31.88,33.244,31.68,31.839,3310874.25,33.63362229502765
2025-05-29 20:00:00+00:00,31.843,32.685,31.311,31.394,1765650.37,32.0489937610797
2025-05-30 00:00:00+00:00,31.394,32.841,30.617,32.586,3203788.9,40.179289178870725
2025-05-30 04:00:00+00:00,32.59,32.732,31.858,32.719,1520452.22,41.02714625090196
2025-05-30 08:00:00+00:00,32.715,33.902,32.35,33.002,3670431.91,42.88222287616036
2025-05-30 12:00:00+00:00,33.001,33.643,31.366,32.532,3596276.62,40.59813953325952
2025-05-30 16:00:00+00:00,32.532,34.3,31.704,33.395,3783039.39,46.258476099074585
2025-05-30 20:00:00+00:00,33.395,33.812,31.983,32.82,2494845.96,43.298062418451295
2025-05-31 00:00:00+00:00,32.819,33.65,30.91,31.664,3242677.91,38.028815479974426
2025-05-31 04:00:00+00:00,31.676,32.201,31.013,31.512,1507110.03,37.38458234231404
2025-05-31 08:00:00+00:00,31.506,31.703,30.77,31.386,1195547.21,36.82763298293724
2025-05-31 12:00:00+00:00,31.386,33.2,31.381,32.647,2097634.69,45.56760156328458
2025-05-31 16:00:00+00:00,32.646,33.176,32.418,32.916,904792.12,47.244371203892804
2025-05-31 20:00:00+00:00,32.916,33.399,32.651,32.696,756659.25,45.99642715639566
2025-06-01 00:00:00+00:00,32.692,32.904,32.168,32.587,752712.0,45.35716435061147
2025-06-01 04:00:00+00:00,32.587,33.397,32.261,32.496,1099138.83,44.797396832511744
2025-06-01 08:00:00+00:00,32.501,32.52,31.578,31.861,1024313.08,40.995382436321
2025-06-01 12:00:00+00:00,31.861,32.488,31.481,32.462,960145.5,45.69324455077319
2025-06-01 16:00:00+00:00,32.466,33.369,32.372,33.35,1263148.68,51.79967493377124
2025-06-01 20:00:00+00:00,33.35,34.3,33.209,34.192,1378720.62,56.76402726670959
2025-06-02 00:00:00+00:00,34.191,34.364,33.22,33.512,949418.83,52.097330277742564
2025-06-02 04:00:00+00:00,33.512,33.8,32.599,33.642,1027901.61,52.89463782133138
2025-06-02 08:00:00+00:00,33.641,34.16,32.518,32.682,1872500.55,46.71158039670785
2025-06-02 12:00:00+00:00,32.682,33.659,32.369,33.656,2272460.36,52.74682694275065
2025-06-02 16:00:00+00:00,33.659,35.69,33.219,35.489,3017780.68,61.5682810154754
2025-06-02 20:00:00+00:00,35.49,36.7,35.35,36.519,3644105.89,65.46926741307499
2025-06-03 00:00:00+00:00,36.519,37.0,35.701,35.855,2288595.39,61.159404912559275
2025-06-03 04:00:00+00:00,35.855,36.395,35.659,36.153,1117284.86,62.357088259832004
2025-06-03 08:00:00+00:00,36.154,37.838,35.8,37.528,2340385.2,67.35854745540053
2025-06-03 12:00:00+00:00,37.558,38.279,37.14,37.85,2511826.29,68.4168428794332
2025-06-03 16:00:00+00:00,37.849,37.949,36.574,37.032,2274593.62,62.84274366242285
2025-06-03 20:00:00+00:00,37.034,37.07,35.686,36.086,2680161.39,57.05356481810361
2025-06-04 00:00:00+00:00,36.086,37.053,35.74,36.592,2044878.56,59.217667927603735
2025-06-04 04:00:00+00:00,36.592,36.824,35.986,36.195,917000.11,56.799320773243984
2025-06-04 08:00:00+00:00,36.196,37.238,36.111,36.614,1339823.28,58.7156115069612
2025-06-04 12:00:00+00:00,36.614,37.122,35.988,36.852,2255766.04,59.80624058019214
2025-06-04 16:00:00+00:00,36.853,37.192,35.93,36.054,1641990.5,54.598136528838765
2025-06-04 20:00:00+00:00,36.054,36.227,34.404,35.65,3755893.66,52.12339959762013
2025-06-05 00:00:00+00:00,35.647,36.412,35.276,35.462,1705365.38,50.96571434093548
2025-06-05 04:00:00+00:00,35.462,35.745,34.484,34.753,1712543.62,46.74874187236522
2025-06-05 08:00:00+00:00,34.753,35.285,34.55,35.251,718659.48,49.88531519326665
2025-06-05 12:00:00+00:00,35.251,35.721,34.213,34.98,2749080.72,48.220811669448
2025-06-05 16:00:00+00:00,34.98,34.981,32.97,33.526,4493705.97,40.42679832120848
2025-06-05 20:00:00+00:00,33.522,34.748,32.599,34.021,5013730.7,43.75953504592123
2025-06-06 00:00:00+00:00,34.021,34.506,33.524,34.506,1534311.21,46.894350735936676
2025-06-06 04:00:00+00:00,34.505,34.993,34.255,34.641,1421839.89,47.76708906993477
2025-06-06 08:00:00+00:00,34.642,34.948,34.287,34.458,1021018.55,46.64796550328868
2025-06-06 12:00:00+00:00,34.458,35.586,34.13,35.04,2860864.5,50.61106946848451
2025-06-06 16:00:00+00:00,35.04,35.05,33.411,33.816,2939984.32,43.32251709961822
2025-06-06 20:00:00+00:00,33.821,34.122,33.088,33.34,1292817.63,40.85826089051854
2025-06-07 00:00:00+00:00,33.345,34.232,33.028,33.994,1456606.01,45.44946568701379
2025-06-07 04:00:00+00:00,33.994,34.323,33.833,34.041,785406.42,45.77525354726951
2025-06-07 08:00:00+00:00,34.042,34.062,33.549,33.876,747840.34,44.76451110219154
2025-06-07 12:00:00+00:00,33.876,34.95,33.839,34.701,1671960.17,50.633904413611624
2025-06-07 16:00:00+00:00,34.701,34.983,34.334,34.39,1239227.5,48.539958152092616
2025-06-07 20:00:00+00:00,34.391,35.161,34.381,34.942,757109.64,52.30974770465024
2025-06-08 00:00:00+00:00,34.936,35.354,34.498,35.212,799450.54,54.0816611744748
2025-06-08 04:00:00+00:00,35.212,35.428,34.838,35.398,770113.53,55.313414999801545
2025-06-08 08:00:00+00:00,35.397,35.515,35.038,35.5,524266.22,56.01029928228384
2025-06-08 12:00:00+00:00,35.5,35.599,34.89,35.217,968037.99,53.51660612310718
2025-06-08 16:00:00+00:00,35.215,36.346,35.199,36.001,1599726.18,58.966942540347496
2025-06-08 20:00:00+00:00,36.001,36.09,34.755,34.987,1235164.14,50.688617050667794
2025-06-09 00:00:00+00:00,34.987,35.6,34.679,35.526,1118607.28,54.35675683405349
2025-06-09 04:00:00+00:00,35.527,35.65,34.767,35.063,1110936.69,50.85708691951094
2025-06-09 08:00:00+00:00,35.063,37.657,35.037,37.428,3261795.4,63.70986411293566
2025-06-09 12:00:00+00:00,37.439,37.8,36.5,37.677,3166705.91,64.75503207146636
2025-06-09 16:00:00+00:00,37.678,38.28,37.562,37.698,2509094.76,64.84698481796408
2025-06-09 20:00:00+00:00,37.7,39.0,37.394,38.859,3362639.3,69.57327519612234
2025-06-10 00:00:00+00:00,38.859,39.415,38.314,39.166,2316777.59,70.69525889460074
2025-06-10 04:00:00+00:00,39.166,39.63,38.571,39.065,2152236.53,69.783558518161
2025-06-10 08:00:00+00:00,39.064,41.875,38.858,41.59,4450272.97,77.57102198325254
2025-06-10 12:00:00+00:00,41.603,41.739,39.57,40.179,3554319.99,67.15542594587133
2025-06-10 16:00:00+00:00,40.178,41.687,39.745,41.134,2565347.14,70.08334268422783
2025-06-10 20:00:00+00:00,41.134,42.418,40.866,42.284,3540089.22,73.18345266721494
2025-06-11 00:00:00+00:00,42.276,42.41,40.825,41.83,3064024.56,70.09532133525165
2025-06-11 04:00:00+00:00,41.831,42.854,41.5,42.621,1792598.4,72.28931534264301
2025-06-11 08:00:00+00:00,42.631,43.153,41.16,41.37,1886046.33,64.25960534646563
2025-06-11 12:00:00+00:00,41.374,44.078,41.16,43.541,5077359.55,70.40361177573466
2025-06-11 16:00:00+00:00,43.542,43.787,42.038,42.267,3491186.11,63.504529727222796
2025-06-11 20:00:00+00:00,42.268,42.647,40.727,41.837,3310828.39,61.32036780015332
2025-06-12 00:00:00+00:00,41.836,42.09,40.554,41.885,2453934.8,61.47963559984172
2025-06-12 04:00:00+00:00,41.884,42.24,41.323,41.481,1444433.06,59.26762118896524
2025-06-12 08:00:00+00:00,41.481,41.753,40.347,40.411,1819558.86,53.75149363606232
2025-06-12 12:00:00+00:00,40.41,43.522,40.35,42.453,4729159.46,61.17752337705805
2025-06-12 16:00:00+00:00,42.453,43.891,41.72,41.889,3814109.45,58.388854329434
2025-06-12 20:00:00+00:00,41.893,42.055,40.314,40.528,3998241.18,52.2047245140554
2025-06-13 00:00:00+00:00,40.518,40.526,37.1,39.106,11690359.02,46.64583925784999
2025-06-13 04:00:00+00:00,39.106,39.841,38.333,39.376,3732125.73,47.782786839417476
2025-06-13 08:00:00+00:00,39.376,40.395,38.824,40.114,3196561.76,50.86485121622974
2025-06-13 12:00:00+00:00,40.115,41.589,39.01,41.199,4043751.86,55.064169991978375
2025-06-13 16:00:00+00:00,41.199,42.109,40.029,40.753,3302755.93,53.0568445469747
2025-06-13 20:00:00+00:00,40.759,42.7,40.74,42.3,2702914.9,58.68306708196087
2025-06-14 00:00:00+00:00,42.296,42.635,41.481,41.751,1562773.83,56.11282814070017
2025-06-14 04:00:00+00:00,41.75,42.671,41.65,42.439,1883241.39,58.562218308539435
2025-06-14 08:00:00+00:00,42.441,42.543,40.99,41.177,1662606.31,52.74690694344109
2025-06-14 12:00:00+00:00,41.177,41.632,40.298,40.491,2022958.49,49.84914558608255
2025-06-14 16:00:00+00:00,40.489,40.654,39.255,39.275,2841027.6,45.11757315595926
2025-06-14 20:00:00+00:00,39.27,40.265,38.81,40.12,2494007.66,48.757447144992405
2025-06-15 00:00:00+00:00,40.119,40.804,39.91,39.944,1569134.82,48.04275081821821
2025-06-15 04:00:00+00:00,39.944,41.167,39.8,40.61,1517462.7,50.97145712443365
2025-06-15 08:00:00+00:00,40.611,40.645,39.861,40.2,882956.3,49.13526839983435
2025-06-15 12:00:00+00:00,40.201,41.164,39.629,40.775,2689065.53,51.7598930339877
2025-06-15 16:00:00+00:00,40.775,41.462,40.602,40.916,2295181.06,52.40840302758204
2025-06-15 20:00:00+00:00,40.916,41.428,40.11,41.172,2673207.68,53.62732551949668
2025-06-16 00:00:00+00:00,41.171,42.5,40.682,42.15,3773429.93,58.047940319985294
2025-06-16 04:00:00+00:00,42.15,44.851,42.102,44.686,4280674.48,66.86786745584587
2025-06-16 08:00:00+00:00,44.685,44.88,43.425,44.546,2926973.88,66.04240362164967
2025-06-16 12:00:00+00:00,44.538,45.844,44.06,44.591,4221242.04,66.18689263398767
2025-06-16 16:00:00+00:00,44.603,45.298,44.192,44.387,2637676.58,64.83996887048183
2025-06-16 20:00:00+00:00,44.369,44.677,41.697,41.9,4990052.16,51.168777432405555
2025-06-17 00:00:00+00:00,41.899,43.3,41.23,43.165,5167988.98,56.224613460169856
2025-06-17 04:00:00+00:00,43.164,43.563,42.058,42.264,2297304.9,52.08793758585325
2025-06-17 08:00:00+00:00,42.264,42.482,40.051,40.512,4828040.28,45.13411036345971
2025-06-17 12:00:00+00:00,40.518,40.702,39.21,39.617,5297005.55,42.046051509662405
2025-06-17 16:00:00+00:00,39.617,41.472,38.22,40.608,7653785.29,46.41762649431092
2025-06-17 20:00:00+00:00,40.607,40.906,38.947,39.973,3441340.32,44.12102698029539
2025-06-18 00:00:00+00:00,39.973,40.708,39.622,40.351,1588659.96,45.83890580549067
2025-06-18 04:00:00+00:00,40.352,41.115,40.021,40.298,1927777.09,45.62710103369196
2025-06-18 08:00:00+00:00,40.286,40.845,38.703,39.23,2722355.73,41.468912201949145
2025-06-18 12:00:00+00:00,39.232,40.358,37.57,39.026,9875970.85,40.70581237352074
2025-06-18 16:00:00+00:00,39.03,39.324,37.746,37.749,4514673.11,36.21345693737559
2025-06-18 20:00:00+00:00,37.766,39.66,37.732,39.46,3900715.69,44.975712351643125
2025-06-19 00:00:00+00:00,39.461,39.992,38.107,38.521,2567361.65,41.59845389479677
2025-06-19 04:00:00+00:00,38.522,38.538,37.561,37.846,2512421.01,39.313135107001216
2025-06-19 08:00:00+00:00,37.847,38.494,37.166,37.486,2118947.44,38.110597224230375
2025-06-19 12:00:00+00:00,37.486,38.012,36.061,36.251,5357245.78,34.241072811126756
2025-06-19 16:00:00+00:00,36.255,37.99,36.041,36.32,4606648.99,34.640362675916805
2025-06-19 20:00:00+00:00,36.32,37.107,35.786,36.879,3963975.33,37.92866726077859
2025-06-20 00:00:00+00:00,36.879,37.133,36.02,36.067,1620163.93,35.16136241471709
2025-06-20 04:00:00+00:00,36.063,37.712,35.55,37.709,3082378.53,44.05099117762292
2025-06-20 08:00:00+00:00,37.708,37.89,36.641,37.093,2393488.76,41.73901082328918
2025-06-20 12:00:00+00:00,37.094,37.797,35.55,35.71,5108160.53,37.038855937654255
2025-06-20 16:00:00+00:00,35.711,35.798,33.273,34.59,9941506.44,33.72660543303965
2025-06-20 20:00:00+00:00,34.59,34.926,33.033,33.365,4300129.53,30.512593506509006
2025-06-21 00:00:00+00:00,33.365,34.761,32.816,34.472,3433699.05,36.40998544877054
2025-06-21 04:00:00+00:00,34.472,35.001,34.343,34.962,1093720.28,38.88257527662848
2025-06-21 08:00:00+00:00,34.962,35.298,34.742,35.213,1421345.2,40.166009011278916
2025-06-21 12:00:00+00:00,35.213,35.3,32.881,33.273,3525084.59,34.1898951324325
2025-06-21 16:00:00+00:00,33.272,33.381,31.753,31.83,5085277.92,30.54901276373525
2025-06-21 20:00:00+00:00,31.827,34.567,30.25,34.427,9192781.86,42.430972447036325
2025-06-22 00:00:00+00:00,34.427,34.558,32.714,33.192,4896407.44,39.01278194890963
2025-06-22 04:00:00+00:00,33.185,34.572,33.103,33.829,2547063.09,41.62493035503456
2025-06-22 08:00:00+00:00,33.829,34.4,33.201,33.846,1367569.58,41.69670091360912
2025-06-22 12:00:00+00:00,33.843,33.974,31.507,32.87,6952274.22,38.751007822299094
2025-06-22 16:00:00+00:00,32.868,34.331,32.358,33.584,4043447.23,41.980208556257026
2025-06-22 20:00:00+00:00,33.584,36.05,33.3,35.741,5635155.01,50.4750747239315
2025-06-23 00:00:00+00:00,35.744,36.115,34.975,35.276,2367002.04,48.81576311438311
2025-06-23 04:00:00+00:00,35.276,35.92,35.054,35.892,1230155.24,51.1087146671847
2025-06-23 08:00:00+00:00,35.892,36.299,34.637,35.084,2180487.11,48.06698337798745
2025-06-23 12:00:00+00:00,35.084,36.664,34.284,34.482,5211695.8,45.87627847441216
2025-06-23 16:00:00+00:00,34.483,37.449,33.222,37.246,9340633.84,55.83009645548012
2025-06-23 20:00:00+00:00,37.242,38.483,36.666,38.195,7164597.46,58.64244872080417
2025-06-24 00:00:00+00:00,38.195,38.26,36.4,37.076,4307238.85,54.255751982768565
2025-06-24 04:00:00+00:00,37.076,37.95,36.653,36.979,1954078.53,53.87950292030086
2025-06-24 08:00:00+00:00,36.978,37.406,36.271,37.135,2323252.82,54.42686672454622
2025-06-24 12:00:00+00:00,37.134,38.3,36.785,37.75,3126453.28,56.61300135956279
2025-06-24 16:00:00+00:00,37.749,38.968,36.727,37.187,3463545.16,54.056568157778415
2025-06-24 20:00:00+00:00,37.172,37.721,36.879,37.514,1329664.97,55.31859652507363
2025-06-25 00:00:00+00:00,37.512,38.765,37.2,38.102,1889183.03,57.57532083737671
2025-06-25 04:00:00+00:00,38.101,38.442,37.195,37.968,1877368.19,56.87038430121186
2025-06-25 08:00:00+00:00,37.967,38.616,37.501,38.436,1523830.15,58.76910946719609
2025-06-25 12:00:00+00:00,38.436,39.1,37.11,37.47,4970357.8,53.53063457561202
2025-06-25 16:00:00+00:00,37.47,37.546,36.67,37.267,2160883.95,52.472141214819345
2025-06-25 20:00:00+00:00,37.267,37.82,36.737,37.02,1417104.63,51.14691270730846
2025-06-26 00:00:00+00:00,37.02,38.108,36.661,37.58,1729198.23,53.98445479598597
2025-06-26 04:00:00+00:00,37.584,38.016,36.87,37.673,1139479.52,54.45754757136658
2025-06-26 08:00:00+00:00,37.674,37.92,36.938,37.356,1040837.72,52.477059492048504
2025-06-26 12:00:00+00:00,37.355,37.979,36.8,37.388,2282541.88,52.66420492311775
2025-06-26 16:00:00+00:00,37.381,37.582,36.013,36.719,2889076.3,48.375173008362815
2025-06-26 20:00:00+00:00,36.72,37.66,35.743,35.83,3363748.22,43.32566245408752
2025-06-27 00:00:00+00:00,35.831,36.787,35.34,36.721,2066059.73,49.06431024884797
2025-06-27 04:00:00+00:00,36.733,36.95,36.143,36.29,986166.59,46.60593274978396
2025-06-27 08:00:00+00:00,36.289,37.299,36.198,36.91,1282385.69,50.451927947205526
2025-06-27 12:00:00+00:00,36.909,37.211,36.24,36.81,1683531.7,49.828499611607846
2025-06-27 16:00:00+00:00,36.815,37.155,35.779,35.976,1792257.31,44.85078953938252
2025-06-27 20:00:00+00:00,35.965,36.62,35.868,36.62,919223.86,49.080767784150844
2025-06-28 00:00:00+00:00,36.62,36.9,36.224,36.839,558248.48,50.47197797244482
2025-06-28 04:00:00+00:00,36.838,37.133,36.539,37.114,598621.72,52.23670855646585
2025-06-28 08:00:00+00:00,37.114,37.427,36.872,36.882,937579.15,50.59873435776935
2025-06-28 12:00:00+00:00,36.882,36.952,36.584,36.887,551059.14,50.63466128516934
2025-06-28 16:00:00+00:00,36.888,37.851,36.849,37.524,1364533.38,55.113372766507986
2025-06-28 20:00:00+00:00,37.523,37.907,37.414,37.812,698833.7,57.012319220844624
2025-06-29 00:00:00+00:00,37.811,38.0,37.62,37.704,1216994.76,56.054633063443745
2025-06-29 04:00:00+00:00,37.715,38.465,37.5,38.448,1054581.93,60.92425885881139
2025-06-29 08:00:00+00:00,38.448,38.891,38.248,38.836,1367234.54,63.21361361500402
2025-06-29 12:00:00+00:00,38.835,39.35,38.44,38.455,1792148.71,59.525639412723486
2025-06-29 16:00:00+00:00,38.454,38.566,37.972,38.271,1770242.03,57.77265868390942
2025-06-29 20:00:00+00:00,38.271,39.909,37.999,39.791,2245382.64,66.53906495457286
2025-06-30 00:00:00+00:00,39.791,41.186,39.444,40.899,3043760.12,71.22804220386118
2025-06-30 04:00:00+00:00,40.897,41.25,39.718,40.067,2610104.02,63.978023588804625
2025-06-30 08:00:00+00:00,40.066,40.211,39.57,39.965,1256954.04,63.129657932016634
2025-06-30 12:00:00+00:00,39.964,40.365,39.147,39.884,2402978.86,62.4217807006506
2025-06-30 16:00:00+00:00,39.885,40.89,39.686,40.866,2033433.28,67.22062181136721
2025-06-30 20:00:00+00:00,40.868,41.2,39.364,39.569,2277388.79,56.88752727810345
2025-07-01 00:00:00+00:00,39.57,39.811,39.053,39.48,1272714.94,56.248566718778854
2025-07-01 04:00:00+00:00,39.48,39.488,38.452,39.001,1854555.76,52.81055080875633
2025-07-01 08:00:00+00:00,39.001,39.45,38.601,39.328,1184088.66,54.8398617948143
2025-07-01 12:00:00+00:00,39.328,39.496,38.523,39.036,2134180.26,52.662045685273526
2025-07-01 16:00:00+00:00,39.037,39.509,37.0,37.028,4001091.25,40.69405244493815
2025-07-01 20:00:00+00:00,37.027,37.715,36.855,36.918,2298543.03,40.15567824975637
2025-07-02 00:00:00+00:00,36.918,37.658,36.851,37.433,1991093.83,43.89791713899692
2025-07-02 04:00:00+00:00,37.433,38.263,37.245,38.12,1684351.3,48.522379154529176
2025-07-02 08:00:00+00:00,38.12,38.887,38.11,38.266,1693192.24,49.4755368121268
2025-07-02 12:00:00+00:00,38.266,38.978,37.81,38.894,2883425.37,53.466717884824824
2025-07-02 16:00:00+00:00,38.894,39.743,38.526,39.377,3789602.81,56.32438058865458
2025-07-02 20:00:00+00:00,39.377,40.4,39.258,39.884,3866562.01,59.15957623237574
2025-07-03 00:00:00+00:00,39.888,40.376,39.674,39.857,1492129.41,58.940146406488196
2025-07-03 04:00:00+00:00,39.858,40.813,39.732,40.797,1602556.62,63.953035291798514
2025-07-03 08:00:00+00:00,40.797,41.0,40.309,40.385,1210021.9,60.46843130114247
2025-07-03 12:00:00+00:00,40.378,41.248,39.859,40.0,3650766.63,57.325133423864024
2025-07-03 16:00:00+00:00,39.993,40.75,39.545,40.42,2203082.27,59.78130156148583
2025-07-03 20:00:00+00:00,40.423,40.834,40.156,40.264,904099.86,58.43597957101653
2025-07-04 00:00:00+00:00,40.275,40.47,39.142,39.251,1770644.47,50.49018445378736
2025-07-04 04:00:00+00:00,39.251,39.474,38.34,38.546,2006301.36,45.820561687893566
2025-07-04 08:00:00+00:00,38.545,39.036,38.242,38.771,1146676.43,47.489718992069314
2025-07-04 12:00:00+00:00,38.767,38.861,37.782,37.891,1923579.64,42.03515257292177
2025-07-04 16:00:00+00:00,37.891,38.6,37.55,38.32,2313762.83,45.331672644614756
2025-07-04 20:00:00+00:00,38.321,39.164,38.267,38.993,1491103.17,50.12378479047911
2025-07-05 00:00:00+00:00,38.994,39.272,38.695,39.112,760376.02,50.94264894621408
2025-07-05 04:00:00+00:00,39.112,39.66,38.92,39.514,932770.95,53.707626406294054
2025-07-05 08:00:00+00:00,39.514,39.644,39.045,39.224,767508.62,51.45458979061241
2025-07-05 12:00:00+00:00,39.223,39.655,39.025,39.321,1017529.49,52.17723543388423
2025-07-05 16:00:00+00:00,39.32,39.464,38.281,38.72,3042007.96,47.46291555532756
2025-07-05 20:00:00+00:00,38.72,39.277,38.55,39.168,1009629.63,51.01580873322995
2025-07-06 00:00:00+00:00,39.168,39.467,38.846,39.278,1250200.55,51.87635466184318
2025-07-06 04:00:00+00:00,39.278,39.466,38.788,38.937,1192443.37,49.00238795026877
2025-07-06 08:00:00+00:00,38.937,39.045,38.637,39.006,689691.24,49.61070496006131
2025-07-06 12:00:00+00:00,39.005,39.692,38.834,39.374,1920556.73,52.8415982114008
2025-07-06 16:00:00+00:00,39.373,39.528,39.051,39.371,1246183.85,52.811869643495626
2025-07-06 20:00:00+00:00,39.371,40.055,39.371,39.851,2065212.14,56.9820288378237
2025-07-07 00:00:00+00:00,39.852,40.186,39.491,39.856,1349203.94,57.024633086157834
2025-07-07 04:00:00+00:00,39.855,39.954,39.62,39.919,638989.61,57.59450900822861
2025-07-07 08:00:00+00:00,39.918,40.0,39.5,39.584,873583.08,53.52966241439102
2025-07-07 12:00:00+00:00,39.583,39.869,39.422,39.481,1415551.12,52.307293134015765
2025-07-07 16:00:00+00:00,39.48,39.599,38.659,38.89,2535820.66,45.83915266186908
2025-07-07 20:00:00+00:00,38.889,38.889,38.218,38.557,2276713.46,42.63971997881463
2025-07-08 00:00:00+00:00,38.557,38.899,37.045,37.381,3223022.43,33.69527864994339
2025-07-08 04:00:00+00:00,37.381,37.922,37.0,37.921,1896239.49,39.92675679504628
2025-07-08 08:00:00+00:00,37.918,38.418,37.592,38.179,1573476.34,42.69771023196059
2025-07-08 12:00:00+00:00,38.18,38.44,37.581,37.646,2207774.39,38.72379791452892
2025-07-08 16:00:00+00:00,37.646,39.103,37.501,38.954,3431467.76,50.82041140920649
2025-07-08 20:00:00+00:00,38.947,38.961,38.525,38.83,1026343.16,49.816390298212674
2025-07-09 00:00:00+00:00,38.83,39.22,38.738,38.794,1164927.8,49.51056875016257
2025-07-09 04:00:00+00:00,38.794,39.415,38.793,39.377,974906.17,54.393425852317705
2025-07-09 08:00:00+00:00,39.377,39.472,38.918,39.316,991417.95,53.807073232848225
2025-07-09 12:00:00+00:00,39.316,39.68,38.823,39.089,2521794.81,51.578819904371755
2025-07-09 16:00:00+00:00,39.09,41.024,39.089,40.71,4492745.87,63.274689377913774
2025-07-09 20:00:00+00:00,40.71,41.068,40.0,40.68,3253377.78,62.97153465127216
2025-07-10 00:00:00+00:00,40.68,41.71,40.522,41.403,2038140.36,67.06669879708694
2025-07-10 04:00:00+00:00,41.403,41.949,41.141,41.775,1547071.74,68.9683455975766
2025-07-10 08:00:00+00:00,41.775,41.941,40.899,41.362,1493243.78,64.5144178381525
2025-07-10 12:00:00+00:00,41.363,41.873,40.726,41.872,1791702.78,67.32093552433172
2025-07-10 16:00:00+00:00,41.871,43.178,41.767,42.836,4106612.67,71.85249150101338
2025-07-10 20:00:00+00:00,42.826,44.08,42.754,43.821,3639225.36,75.57887300713017
2025-07-11 00:00:00+00:00,43.823,44.624,43.408,44.612,2840159.37,78.08764580756802
2025-07-11 04:00:00+00:00,44.612,46.297,44.303,45.284,5284290.06,79.97020883330308
2025-07-11 08:00:00+00:00,45.283,46.378,45.283,45.618,3541973.82,80.85079742757705
2025-07-11 12:00:00+00:00,45.618,46.464,45.12,45.246,2724047.53,76.8008993211957
2025-07-11 16:00:00+00:00,45.247,46.898,45.1,46.878,2892095.17,81.24049203682497
2025-07-11 20:00:00+00:00,46.876,46.989,45.3,46.392,2213037.89,76.54287560800715
2025-07-12 00:00:00+00:00,46.39,46.552,45.741,46.391,1253278.52,76.53306936722039
2025-07-12 04:00:00+00:00,46.391,47.176,45.898,46.837,1597257.68,77.89338464518762
2025-07-12 08:00:00+00:00,46.837,47.4,46.589,46.709,1502285.3,76.52240287740295
2025-07-12 12:00:00+00:00,46.707,46.893,45.254,45.478,3034666.06,64.72386217652374
2025-07-12 16:00:00+00:00,45.48,46.87,45.088,46.691,2696829.59,69.68405184272427
2025-07-12 20:00:00+00:00,46.692,47.36,46.185,47.1,2022599.59,71.1567335262238
2025-07-13 00:00:00+00:00,47.101,47.817,46.951,47.486,1524594.41,72.5137999716385
2025-07-13 04:00:00+00:00,47.485,48.0,47.17,47.987,1082124.03,74.20987559255991
2025-07-13 08:00:00+00:00,47.987,48.179,47.592,48.042,1095397.05,74.39665836065426
2025-07-13 12:00:00+00:00,48.042,48.825,47.716,48.427,2743505.02,75.72214804553785
2025-07-13 16:00:00+00:00,48.451,49.242,48.078,49.031,2589910.86,77.67484594042313
2025-07-13 20:00:00+00:00,49.079,49.3,47.809,48.937,2683710.07,76.64169095497417
2025-07-14 00:00:00+00:00,48.937,49.87,48.845,49.641,2438407.42,78.90476579091158
2025-07-14 04:00:00+00:00,49.641,49.888,48.5,49.319,2086829.3,75.31073101904806
2025-07-14 08:00:00+00:00,49.32,49.419,48.0,48.42,2395378.68,66.239162675731
2025-07-14 12:00:00+00:00,48.421,49.053,47.352,47.743,3269903.56,60.34427854182548
2025-07-14 16:00:00+00:00,47.743,48.26,46.52,46.95,2805384.79,54.253694264288484
2025-07-14 20:00:00+00:00,46.95,47.711,46.503,47.647,1516622.32,58.242992453778115
2025-07-15 00:00:00+00:00,47.646,48.014,46.837,47.338,2468275.84,55.915012260929366
2025-07-15 04:00:00+00:00,47.338,48.399,46.752,47.501,2052264.43,56.893801383845314
2025-07-15 08:00:00+00:00,47.502,47.566,46.675,47.125,1436655.66,53.91986204052265
2025-07-15 12:00:00+00:00,47.124,48.3,46.85,47.43,2705353.4,55.93213035136268
2025-07-15 16:00:00+00:00,47.429,48.032,47.079,47.236,2409256.7,54.30763097280356
2025-07-15 20:00:00+00:00,47.241,48.18,47.071,47.88,1714180.28,58.605647694753635
2025-07-16 00:00:00+00:00,47.88,48.583,47.23,47.256,1520748.65,53.367423665751254
2025-07-16 04:00:00+00:00,47.255,48.0,47.135,47.789,1290545.08,56.91021993407819
2025-07-16 08:00:00+00:00,47.79,48.3,47.574,47.9,1208285.7,57.632114890535945
2025-07-16 12:00:00+00:00,47.901,48.3,47.25,48.037,3167608.79,58.555013526630866
2025-07-16 16:00:00+00:00,48.038,48.579,47.484,48.364,3071710.71,60.752571276291135
2025-07-16 20:00:00+00:00,48.364,48.482,46.556,47.07,3988008.81,49.55493382625783
2025-07-17 00:00:00+00:00,47.071,47.45,45.571,46.081,3108858.68,43.02734244811277
2025-07-17 04:00:00+00:00,46.081,47.105,45.835,46.745,1894689.03,47.98160979647221
2025-07-17 08:00:00+00:00,46.741,46.945,45.885,46.087,2176807.93,43.90697254579177
2025-07-17 12:00:00+00:00,46.087,46.98,45.723,46.874,2463313.9,49.43761071726305
2025-07-17 16:00:00+00:00,46.873,46.933,45.802,45.904,1967049.64,43.71634758878358
2025-07-17 20:00:00+00:00,45.902,47.09,44.504,45.641,6571228.23,42.28740690655085
2025-07-18 00:00:00+00:00,45.642,46.903,44.861,46.47,4237532.93,48.051450081188676
2025-07-18 04:00:00+00:00,46.477,47.52,46.021,46.245,2827184.22,46.68850219740843
2025-07-18 08:00:00+00:00,46.245,46.551,45.501,45.61,1884053.76,42.983013426826794
2025-07-18 12:00:00+00:00,45.61,46.019,44.18,44.529,3072535.05,37.52326279952561
2025-07-18 16:00:00+00:00,44.535,44.885,42.899,43.528,3354957.57,33.304613596794
2025-07-18 20:00:00+00:00,43.526,44.605,43.25,44.379,2649909.58,39.52904664735456
2025-07-19 00:00:00+00:00,44.382,45.3,44.289,45.181,1051941.3,44.76116995140498
2025-07-19 04:00:00+00:00,45.181,45.355,44.404,44.593,786866.05,41.89883321182862
2025-07-19 08:00:00+00:00,44.602,45.286,44.399,44.904,596690.2,43.940733148196216
2025-07-19 12:00:00+00:00,44.903,45.067,44.097,44.824,1322502.61,43.51706725570552
2025-07-19 16:00:00+00:00,44.825,45.301,44.388,44.928,1180867.22,44.2693452952845
2025-07-19 20:00:00+00:00,44.928,45.113,43.962,44.495,1184059.05,41.7746733184252
2025-07-20 00:00:00+00:00,44.493,45.179,44.198,44.991,1012362.57,45.55921417644033
2025-07-20 04:00:00+00:00,44.988,45.223,44.76,45.095,519595.47,46.34668446214178
2025-07-20 08:00:00+00:00,45.108,45.8,45.107,45.682,1581931.61,50.68277064023405
2025-07-20 12:00:00+00:00,45.681,46.757,45.418,46.747,2380848.43,57.40824693437599
2025-07-20 16:00:00+00:00,46.751,47.44,46.336,46.673,2850427.37,56.82834285534731
2025-07-20 20:00:00+00:00,46.671,46.88,45.302,46.032,2356460.65,51.93451228875897
2025-07-21 00:00:00+00:00,46.032,46.786,45.337,46.673,1127949.96,56.013806258497375
2025-07-21 04:00:00+00:00,46.673,47.461,46.535,47.016,1519401.1,58.06474060264711
2025-07-21 08:00:00+00:00,47.016,47.845,46.863,47.445,1495066.39,60.54278809040709
2025-07-21 12:00:00+00:00,47.445,47.608,46.25,46.5,3358199.81,53.09927311283895
2025-07-21 16:00:00+00:00,46.494,46.572,44.301,44.454,5933272.25,41.268929532339136
2025-07-21 20:00:00+00:00,44.454,45.28,44.1,44.356,2988940.96,40.80003577011254
2025-07-22 00:00:00+00:00,44.357,45.754,43.663,44.329,4526584.96,40.662956250934364
2025-07-22 04:00:00+00:00,44.34,44.366,43.121,43.755,2818025.39,37.75853270134743
2025-07-22 08:00:00+00:00,43.756,45.21,43.305,45.17,1847882.01,47.679655515376375
2025-07-22 12:00:00+00:00,45.171,45.499,43.391,44.315,4491771.77,43.198929894149096
2025-07-22 16:00:00+00:00,44.314,44.874,43.52,44.298,2621224.58,43.11217725655153
2025-07-22 20:00:00+00:00,44.297,46.408,44.14,46.34,2168724.25,54.84295300434236
2025-07-23 00:00:00+00:00,46.341,46.412,44.745,45.211,3077158.6,48.84564742249991
2025-07-23 04:00:00+00:00,45.196,45.284,44.059,44.111,1570957.2,43.817932387893165
2025-07-23 08:00:00+00:00,44.111,44.462,43.66,44.027,1709410.79,43.450136211007965
2025-07-23 12:00:00+00:00,44.035,44.104,42.785,43.499,3552488.99,41.11407013897999
2025-07-23 16:00:00+00:00,43.499,43.918,42.444,43.625,3648441.69,41.916611146531
2025-07-23 20:00:00+00:00,43.638,44.249,42.804,43.783,2531057.75,42.96629497357371
2025-07-24 00:00:00+00:00,43.767,44.484,43.564,43.949,1367448.0,44.10912889266966
2025-07-24 04:00:00+00:00,43.945,44.118,41.519,42.502,4021996.58,37.12566483087146
2025-07-24 08:00:00+00:00,42.509,43.112,41.66,43.037,2300635.14,40.854184027645
2025-07-24 12:00:00+00:00,43.037,43.62,42.451,43.06,2520067.49,41.01612435774384
2025-07-24 16:00:00+00:00,43.06,43.109,41.996,42.847,1783164.37,39.92588466082486
2025-07-24 20:00:00+00:00,42.845,43.21,42.051,42.135,1294586.14,36.43913693983388
2025-07-25 00:00:00+00:00,42.138,42.539,41.22,41.491,3461374.52,33.582412035917756
2025-07-25 04:00:00+00:00,41.481,42.792,41.259,42.188,2408482.52,39.14325525426982
2025-07-25 08:00:00+00:00,42.182,43.392,42.085,43.086,2084980.01,45.47706506926647
2025-07-25 12:00:00+00:00,43.093,43.285,42.147,42.474,1782229.67,42.24975795894801
2025-07-25 16:00:00+00:00,42.477,43.252,42.319,42.865,1246932.72,44.93824492079968
2025-07-25 20:00:00+00:00,42.859,44.282,42.659,44.223,1861533.89,53.10402038883286
2025-07-26 00:00:00+00:00,44.228,44.646,43.855,44.305,1334709.07,53.551953945627425
2025-07-26 04:00:00+00:00,44.303,44.975,44.267,44.364,803855.36,53.8931985741411
2025-07-26 08:00:00+00:00,44.374,45.0,44.328,44.389,1113163.33,54.04725595333449
2025-07-26 12:00:00+00:00,44.388,44.639,43.966,44.24,1351931.34,52.91248908940472
2025-07-26 16:00:00+00:00,44.241,44.28,43.612,43.984,1010469.61,50.93380045500379
2025-07-26 20:00:00+00:00,43.984,44.324,43.379,43.4,935153.65,46.64819960801759
2025-07-27 00:00:00+00:00,43.399,43.602,43.036,43.512,1342474.54,47.559501572447516
2025-07-27 04:00:00+00:00,43.511,43.843,43.13,43.189,876839.51,45.16358957623319
2025-07-27 08:00:00+00:00,43.189,43.268,42.828,42.958,824722.59,43.476708875367066
2025-07-27 12:00:00+00:00,42.96,43.256,42.435,43.142,2027768.26,45.231468136985185
2025-07-27 16:00:00+00:00,43.137,44.4,43.0,43.771,2629138.7,50.848935246669456
2025-07-27 20:00:00+00:00,43.766,44.12,43.536,43.736,1032229.77,50.53831320931497
2025-07-28 00:00:00+00:00,43.731,44.432,43.461,44.416,1285808.72,56.14372695613259
2025-07-28 04:00:00+00:00,44.414,45.0,44.086,44.28,1673505.11,54.805957728735635
2025-07-28 08:00:00+00:00,44.267,44.771,43.969,44.353,1088930.98,55.41998660117284
2025-07-28 12:00:00+00:00,44.353,45.9,43.98,45.229,5207444.94,62.07826217726262
2025-07-28 16:00:00+00:00,45.23,46.155,44.3,45.014,5160870.7,59.720687766446694
2025-07-28 20:00:00+00:00,45.015,45.06,42.667,43.781,5146487.71,48.37446442391312
2025-07-29 00:00:00+00:00,43.783,44.248,43.111,44.205,1611052.81,51.767977042683995
2025-07-29 04:00:00+00:00,44.205,44.62,43.676,44.619,1259542.39,54.88624238656975
2025-07-29 08:00:00+00:00,44.62,45.202,44.059,44.804,2054980.71,56.247488487700636
2025-07-29 12:00:00+00:00,44.805,45.333,42.409,43.274,6019913.19,44.33335133255985
2025-07-29 16:00:00+00:00,43.278,44.34,42.94,43.955,2711977.75,49.46430472266461
2025-07-29 20:00:00+00:00,43.956,44.305,42.697,43.534,3072610.79,46.60441230338318
2025-07-30 00:00:00+00:00,43.534,43.614,42.39,43.346,1299467.5,45.34364580353443
2025-07-30 04:00:00+00:00,43.345,43.752,42.918,43.003,1297184.61,43.05513216159305
2025-07-30 08:00:00+00:00,43.004,43.353,42.393,42.698,1942606.67,41.07016241281625
2025-07-30 12:00:00+00:00,42.702,43.399,42.3,43.037,2555881.75,44.152076568155415
2025-07-30 16:00:00+00:00,43.04,43.395,41.3,42.344,4320390.52,39.593517378583904
2025-07-30 20:00:00+00:00,42.345,42.596,41.744,42.28,1647581.04,39.19108292877138
2025-07-31 00:00:00+00:00,42.275,43.09,42.112,43.09,1317230.0,46.590227636229145
2025-07-31 04:00:00+00:00,43.09,43.573,42.849,43.43,1252300.73,49.374806543703876
2025-07-31 08:00:00+00:00,43.429,44.1,43.429,43.559,1309261.43,50.43076419734206
2025-07-31 12:00:00+00:00,43.557,44.469,43.3,43.739,3012421.26,51.93721925106288
2025-07-31 16:00:00+00:00,43.731,44.729,41.622,41.625,4886086.1,37.51658371448441
2025-07-31 20:00:00+00:00,41.63,41.917,40.636,40.826,4547015.58,33.707198864986125
2025-08-01 00:00:00+00:00,40.826,41.642,40.327,41.193,2693501.88,36.87763352022406
2025-08-01 04:00:00+00:00,41.193,41.193,39.538,40.031,3547846.82,31.707116910722334
2025-08-01 08:00:00+00:00,40.03,40.162,39.238,40.09,3459552.5,32.22670603779527
2025-08-01 12:00:00+00:00,40.089,40.504,38.0,39.177,6954837.15,28.600431788218103
2025-08-01 16:00:00+00:00,39.177,39.578,37.044,37.369,7084540.33,23.065421260367913
2025-08-01 20:00:00+00:00,37.37,37.954,36.274,37.598,5726379.11,25.044091729059858
2025-08-02 00:00:00+00:00,37.599,38.161,37.564,38.064,1428283.83,29.043355765903797
2025-08-02 04:00:00+00:00,38.065,38.49,37.52,38.468,1419484.89,32.41029212790568
2025-08-02 08:00:00+00:00,38.474,38.705,37.95,38.381,1502994.81,32.057519945515395
2025-08-02 12:00:00+00:00,38.381,38.405,37.135,37.182,1599665.72,27.599012083951365
2025-08-02 16:00:00+00:00,37.182,37.635,35.478,36.066,5334456.33,24.222227276085178
2025-08-02 20:00:00+00:00,36.066,37.474,36.046,36.878,2152138.13,30.85154519045159
2025-08-03 00:00:00+00:00,36.879,37.833,36.401,37.714,2359396.9,36.965731381985506
2025-08-03 04:00:00+00:00,37.714,38.431,37.455,38.346,987911.48,41.19864129411451
2025-08-03 08:00:00+00:00,38.352,39.28,38.19,38.51,2446719.23,42.28178639988918
2025-08-03 12:00:00+00:00,38.515,38.525,37.51,37.947,3209104.23,39.585972959552144
2025-08-03 16:00:00+00:00,37.947,38.668,37.747,38.401,984581.22,42.755554995982294
2025-08-03 20:00:00+00:00,38.403,38.663,38.014,38.168,1034479.55,41.550720154181846
2025-08-04 00:00:00+00:00,38.168,39.022,38.012,38.258,1335427.38,42.22793139767855
2025-08-04 04:00:00+00:00,38.258,38.464,37.549,38.337,783165.63,42.85382630441141
2025-08-04 08:00:00+00:00,38.334,38.487,37.22,37.568,1567698.26,38.48324578578324
2025-08-04 12:00:00+00:00,37.567,38.961,37.491,38.353,2818816.86,44.68507559478602
2025-08-04 16:00:00+00:00,38.359,39.459,37.608,37.65,3770023.34,40.72537893817681
2025-08-04 20:00:00+00:00,37.651,39.045,37.521,38.793,1907869.55,48.68701446902055
2025-08-05 00:00:00+00:00,38.794,39.04,38.3,38.426,2072646.86,46.526113808898884
2025-08-05 04:00:00+00:00,38.425,39.25,38.0,38.249,1986771.61,45.477748835522334
2025-08-05 08:00:00+00:00,38.254,39.666,38.031,39.665,2219591.81,54.34140562693656
2025-08-05 12:00:00+00:00,39.666,39.883,38.08,38.114,4405689.45,45.59736568239469
2025-08-05 16:00:00+00:00,38.113,38.931,37.708,38.067,2639331.49,45.35917915367507
2025-08-05 20:00:00+00:00,38.068,38.621,37.37,38.492,2710409.93,48.00415574145112
2025-08-06 00:00:00+00:00,38.492,38.568,37.037,37.241,2478543.39,41.61800789765344
2025-08-06 04:00:00+00:00,37.242,37.835,36.931,37.829,1866163.54,45.30134509539533
2025-08-06 08:00:00+00:00,37.831,37.847,37.141,37.475,907644.46,43.52112656555259
2025-08-06 12:00:00+00:00,37.476,38.868,37.3,38.799,2813334.53,51.23910091865242
2025-08-06 16:00:00+00:00,38.796,39.25,38.242,38.357,2612304.33,48.83966608547534
2025-08-06 20:00:00+00:00,38.358,38.367,37.882,38.068,1023148.63,47.28064806169178
2025-08-07 00:00:00+00:00,38.069,38.225,37.569,37.683,906506.65,45.21020862497638
2025-08-07 04:00:00+00:00,37.685,38.204,37.67,37.927,544705.63,46.80022887259777
2025-08-07 08:00:00+00:00,37.93,39.41,37.81,39.17,2384488.46,54.10685396263983
2025-08-07 12:00:00+00:00,39.17,39.6,38.761,39.547,2463157.72,56.07724115445516
2025-08-07 16:00:00+00:00,39.546,39.9,38.636,39.874,3011890.9,57.77082772186312
2025-08-07 20:00:00+00:00,39.877,41.0,39.61,40.92,3195780.62,62.72231169296847
2025-08-08 00:00:00+00:00,40.92,41.23,40.366,40.86,1946977.46,62.27127196717506
2025-08-08 04:00:00+00:00,40.86,41.25,40.1,40.782,1281064.3,61.65060572937742
2025-08-08 08:00:00+00:00,40.783,41.53,40.456,41.467,1217620.46,64.95420216289509
2025-08-08 12:00:00+00:00,41.46,41.75,40.494,40.608,2603311.34,58.18514925881674
2025-08-08 16:00:00+00:00,40.608,41.67,40.246,40.681,3359261.81,58.58019112656682
2025-08-08 20:00:00+00:00,40.682,41.274,40.601,40.996,1002448.2,60.32213150301001
2025-08-09 00:00:00+00:00,40.996,41.239,40.55,40.972,1035380.84,60.1146921287225
2025-08-09 04:00:00+00:00,40.974,42.672,40.9,42.672,3080264.58,68.4032548018191
2025-08-09 08:00:00+00:00,42.671,43.763,42.639,43.329,2502522.3,70.91852070021378
2025-08-09 12:00:00+00:00,43.33,44.065,43.101,43.635,2007505.9,72.03511481793612
2025-08-09 16:00:00+00:00,43.636,44.142,43.35,43.89,2200963.03,72.96661451104063
2025-08-09 20:00:00+00:00,43.89,44.738,43.614,43.684,2608521.62,70.9116745388394
2025-08-10 00:00:00+00:00,43.684,44.541,43.635,44.267,1261735.89,73.21108296549602
2025-08-10 04:00:00+00:00,44.267,44.494,43.178,43.189,1577026.29,63.25423461933039
2025-08-10 08:00:00+00:00,43.189,43.935,42.815,43.746,1515457.66,65.83941846958444
2025-08-10 12:00:00+00:00,43.742,45.159,43.423,45.07,2109720.8,71.05268467275215
2025-08-10 16:00:00+00:00,45.071,45.469,44.71,45.376,1448878.55,72.11198797990862
2025-08-10 20:00:00+00:00,45.371,45.382,44.51,45.305,1312343.75,71.45857464842905
2025-08-11 00:00:00+00:00,45.305,46.424,45.143,45.969,2695673.52,73.84541197207176
2025-08-11 04:00:00+00:00,45.969,46.812,45.969,46.11,1704945.96,74.336210957057
2025-08-11 08:00:00+00:00,46.103,46.285,44.61,44.838,2678388.78,62.8737511439966
2025-08-11 12:00:00+00:00,44.839,45.167,43.83,44.78,3318598.34,62.401257130767426
2025-08-11 16:00:00+00:00,44.788,44.973,43.49,43.761,2264334.45,54.633168051627024
2025-08-11 20:00:00+00:00,43.76,44.098,42.601,43.186,2408879.56,50.790920965737904
2025-08-12 00:00:00+00:00,43.185,44.009,43.043,43.317,1280391.69,51.62562479909456
2025-08-12 04:00:00+00:00,43.316,43.754,42.848,43.378,1114303.69,52.03363144166326
2025-08-12 08:00:00+00:00,43.38,43.457,42.2,42.806,1905540.1,47.94961166606967
2025-08-12 12:00:00+00:00,42.806,44.601,42.4,44.531,5825186.48,58.52250738053354
2025-08-12 16:00:00+00:00,44.532,44.919,43.678,44.403,2652676.15,57.58773573337188
2025-08-12 20:00:00+00:00,44.403,45.91,44.177,44.806,2929105.12,59.766690068654185
2025-08-13 00:00:00+00:00,44.761,45.086,43.823,44.552,2387840.52,57.75276725173265
2025-08-13 04:00:00+00:00,44.56,44.674,42.924,44.227,3253417.58,55.19017382926128
2025-08-13 08:00:00+00:00,44.227,46.623,44.034,46.566,3378948.79,66.65699796201935
2025-08-13 12:00:00+00:00,46.566,47.053,45.0,45.416,4891624.79,58.70304813872359
2025-08-13 16:00:00+00:00,45.412,48.043,45.332,47.887,4773914.11,67.63864202860553
2025-08-13 20:00:00+00:00,47.887,48.111,46.32,47.654,3820524.2,66.1844254642267
2025-08-14 00:00:00+00:00,47.67,48.777,47.137,48.587,2154844.48,69.05358658114157
2025-08-14 04:00:00+00:00,48.58,48.926,46.521,46.9,3786985.73,59.2623961856481
2025-08-14 08:00:00+00:00,46.9,47.407,46.046,47.192,2462613.78,60.31137745606215
2025-08-14 12:00:00+00:00,47.195,47.424,41.462,44.749,11596956.32,48.953837050982834
2025-08-14 16:00:00+00:00,44.745,46.552,44.099,45.684,4971507.46,52.630522408477056
2025-08-14 20:00:00+00:00,45.672,46.426,44.215,45.49,4816870.82,51.79689517620862
2025-08-15 00:00:00+00:00,45.49,49.574,45.356,49.54,5211987.78,64.45461356669817
2025-08-15 04:00:00+00:00,49.541,49.59,48.002,48.345,3561201.48,59.490669929769595
2025-08-15 08:00:00+00:00,48.345,49.155,48.085,48.33,1623546.13,59.4288002550561
2025-08-15 12:00:00+00:00,48.33,48.668,45.555,46.317,6766222.55,51.66362833046919
2025-08-15 16:00:00+00:00,46.317,47.207,45.894,46.192,3711771.1,51.21610918784759
2025-08-15 20:00:00+00:00,46.193,48.587,46.005,47.805,2946747.55,56.45752767158932
2025-08-16 00:00:00+00:00,47.806,48.287,47.574,47.833,1183834.65,56.54480921337203
2025-08-16 04:00:00+00:00,47.831,48.004,46.835,47.275,1166013.37,54.212585041969064
2025-08-16 08:00:00+00:00,47.276,47.545,46.4,46.401,1234428.81,50.6862040360789
2025-08-16 12:00:00+00:00,46.401,47.152,46.134,46.565,1280308.18,51.326002555790275
2025-08-16 16:00:00+00:00,46.565,47.177,46.424,46.791,1026577.25,52.2454747564458
2025-08-16 20:00:00+00:00,46.791,47.0,46.15,46.296,1060142.62,50.0168381215903
2025-08-17 00:00:00+00:00,46.296,46.74,45.788,46.637,1532947.68,51.550103407859275
2025-08-17 04:00:00+00:00,46.637,47.3,46.59,47.3,1050637.27,54.47422076308246
2025-08-17 08:00:00+00:00,47.3,47.786,47.132,47.639,1323002.22,55.938526662980976
2025-08-17 12:00:00+00:00,47.639,47.717,46.762,47.105,1677966.89,53.04425671933405
2025-08-17 16:00:00+00:00,47.106,47.2,46.107,46.155,1213683.2,48.26032186738845
2025-08-17 20:00:00+00:00,46.153,46.825,46.015,46.045,923165.37,47.723618870384726
2025-08-18 00:00:00+00:00,46.045,46.202,43.888,44.149,3447628.05,39.55769829696795
2025-08-18 04:00:00+00:00,44.154,44.416,42.953,43.55,3802810.98,37.38148478280004
2025-08-18 08:00:00+00:00,43.55,44.037,42.99,43.106,2131334.75,35.80894082026083
2025-08-18 12:00:00+00:00,43.1,44.232,42.939,44.231,2176148.2,42.418649660704595
2025-08-18 16:00:00+00:00,44.231,44.768,43.533,43.584,2798871.87,39.87561861295234
2025-08-18 20:00:00+00:00,43.584,44.326,43.045,43.333,2028775.9,38.90127359809858
2025-08-19 00:00:00+00:00,43.332,43.532,41.757,42.098,3594409.19,34.4419318496318
2025-08-19 04:00:00+00:00,42.099,42.39,41.575,42.04,1767374.74,34.24340029727762
2025-08-19 08:00:00+00:00,42.04,43.411,41.859,43.321,2310201.23,42.17183199239127
2025-08-19 12:00:00+00:00,43.32,44.175,42.25,42.454,4237802.46,38.765060109264326
2025-08-19 16:00:00+00:00,42.454,43.843,41.695,42.961,4115846.76,41.72950147950405
2025-08-19 20:00:00+00:00,42.964,43.183,40.923,41.298,3596462.12,35.63558574550824
2025-08-20 00:00:00+00:00,41.303,42.2,41.25,41.514,2078552.53,36.924023423928475
2025-08-20 04:00:00+00:00,41.515,42.139,41.474,41.488,1549722.64,36.82845698595679
2025-08-20 08:00:00+00:00,41.489,42.372,41.219,41.694,2230914.87,38.193385456579755
2025-08-20 12:00:00+00:00,41.695,42.88,40.6,41.986,4853621.9,40.16685554988963
2025-08-20 16:00:00+00:00,41.985,43.25,41.758,43.23,3385704.93,47.812042439463895
2025-08-20 20:00:00+00:00,43.231,43.284,42.584,43.011,2285443.8,46.681213703155684
2025-08-21 00:00:00+00:00,43.011,43.42,42.299,42.301,2046386.32,43.12046069982503
2025-08-21 04:00:00+00:00,42.3,42.644,41.657,41.906,1185749.85,41.2359477708896
2025-08-21 08:00:00+00:00,41.909,41.983,40.993,41.067,1565677.42,37.488282284546635
2025-08-21 12:00:00+00:00,41.065,42.3,40.824,41.074,2921931.83,37.53928725925027
2025-08-21 16:00:00+00:00,41.068,41.522,40.606,40.916,2054831.24,36.809238829904785
2025-08-21 20:00:00+00:00,40.915,41.333,40.4,40.444,1285315.07,34.6418523980401
2025-08-22 00:00:00+00:00,40.442,41.708,40.442,41.179,2124698.12,40.51556728053152
2025-08-22 04:00:00+00:00,41.179,42.164,41.178,42.135,1092651.56,47.16643458184826
2025-08-22 08:00:00+00:00,42.136,42.271,41.7,41.726,1572557.48,44.85573728045613
2025-08-22 12:00:00+00:00,41.727,44.146,40.94,43.661,7613238.05,55.87062613221932
2025-08-22 16:00:00+00:00,43.662,44.938,43.656,44.301,4122176.52,58.801800844537816
2025-08-22 20:00:00+00:00,44.292,45.55,44.219,45.33,2227587.03,63.05125997932038
2025-08-23 00:00:00+00:00,45.332,45.351,43.412,43.514,2174980.69,52.716763601253575
2025-08-23 04:00:00+00:00,43.514,44.711,43.407,43.712,1941059.33,53.6095713736191
2025-08-23 08:00:00+00:00,43.713,44.113,43.23,43.646,1706809.45,53.24864158347916
2025-08-23 12:00:00+00:00,43.649,44.191,43.527,43.876,1484153.5,54.400784486702634
2025-08-23 16:00:00+00:00,43.878,44.851,43.863,44.639,1484580.26,58.09060227117626
2025-08-23 20:00:00+00:00,44.639,44.95,44.413,44.9,1018539.02,59.303719903428025
2025-08-24 00:00:00+00:00,44.9,45.053,43.951,44.202,1165198.59,54.74022400721557
2025-08-24 04:00:00+00:00,44.203,44.432,43.712,44.039,930111.94,53.70098639454573
2025-08-24 08:00:00+00:00,44.044,44.25,43.417,43.669,1025296.07,51.31928303282578
2025-08-24 12:00:00+00:00,43.669,44.638,43.497,44.127,1497089.5,54.0367517713172
2025-08-24 16:00:00+00:00,44.127,46.956,44.126,45.5,5713527.81,61.05527819513086
2025-08-24 20:00:00+00:00,45.5,46.546,44.599,46.058,4041662.51,63.494976918876056
2025-08-25 00:00:00+00:00,46.06,47.421,45.12,46.468,2863543.84,65.21907913674866
2025-08-25 04:00:00+00:00,46.467,46.496,44.051,44.296,2409578.81,51.37603471822349
2025-08-25 08:00:00+00:00,44.296,46.094,43.955,45.675,4328397.56,57.53833798708273
2025-08-25 12:00:00+00:00,45.683,46.716,45.089,45.814,3446251.69,58.114561504127764
2025-08-25 16:00:00+00:00,45.815,46.8,43.832,44.0,3988613.8,48.80614762857957
2025-08-25 20:00:00+00:00,44.001,44.343,42.467,42.985,5139483.81,44.51015733029837
2025-08-26 00:00:00+00:00,42.979,44.368,42.338,44.085,3559996.31,49.67960486150519
2025-08-26 04:00:00+00:00,44.099,45.625,44.092,45.519,2669309.26,55.499755021437096
2025-08-26 08:00:00+00:00,45.52,45.841,44.884,45.259,1221536.18,54.27403539426679
2025-08-26 12:00:00+00:00,45.26,47.049,44.696,46.552,4746468.35,59.11043746813934
2025-08-26 16:00:00+00:00,46.552,48.69,46.54,48.513,4542425.37,65.13366859938318
2025-08-26 20:00:00+00:00,48.515,49.77,48.253,48.781,5382780.18,65.87352990961993
2025-08-27 00:00:00+00:00,48.781,51.19,48.135,50.983,4750519.1,71.26829633497209
2025-08-27 04:00:00+00:00,50.971,51.2,49.62,49.92,3448391.74,65.85604961032352
2025-08-27 08:00:00+00:00,49.921,50.216,48.313,49.75,3952678.62,65.00582470630164
2025-08-27 12:00:00+00:00,49.751,50.714,49.121,50.561,3276525.72,67.18253106003712
2025-08-27 16:00:00+00:00,50.574,50.642,48.615,48.741,4535481.77,58.40294489352489
2025-08-27 20:00:00+00:00,48.742,49.482,46.801,46.97,4911512.06,51.36826360621621
2025-08-28 00:00:00+00:00,46.97,48.5,46.643,48.5,3537749.49,56.268952291790654
2025-08-28 04:00:00+00:00,48.5,48.949,47.857,48.792,1888505.74,57.15631317221648
2025-08-28 08:00:00+00:00,48.792,49.0,47.755,47.966,1651291.47,53.8288924288198
2025-08-28 12:00:00+00:00,47.966,48.833,47.799,47.942,2191985.55,53.731014576448615
2025-08-28 16:00:00+00:00,47.942,48.109,45.788,46.037,6305791.74,46.503009211424285
2025-08-28 20:00:00+00:00,46.064,46.575,45.561,45.589,2843534.73,44.97088977244114
2025-08-29 00:00:00+00:00,45.581,46.158,45.298,45.685,2213040.99,45.386123357705394
2025-08-29 04:00:00+00:00,45.684,46.031,44.256,44.41,2679103.09,40.96496376002303
2025-08-29 08:00:00+00:00,44.411,44.899,43.7,44.411,2567523.42,40.96982068845932
2025-08-29 12:00:00+00:00,44.411,45.429,43.924,44.847,5387545.38,43.16533536503956
2025-08-29 16:00:00+00:00,44.847,44.998,43.507,43.674,3314249.65,38.96631670681817
2025-08-29 20:00:00+00:00,43.661,44.804,43.258,44.435,3136060.15,42.850472634021806
2025-08-30 00:00:00+00:00,44.435,44.645,43.7,44.592,1083211.28,43.6472588302432
2025-08-30 04:00:00+00:00,44.578,44.933,43.95,44.333,1211997.99,42.59227739843252
2025-08-30 08:00:00+00:00,44.325,44.334,43.228,43.498,1377895.4,39.294712494658846
2025-08-30 12:00:00+00:00,43.499,44.198,43.25,44.178,1006851.94,43.1545191864165
2025-08-30 16:00:00+00:00,44.178,44.29,43.829,43.932,805148.64,42.11136329890834
2025-08-30 20:00:00+00:00,43.932,44.212,43.746,44.058,452323.35,42.87306335736524
2025-08-31 00:00:00+00:00,44.058,44.944,44.03,44.937,858805.58,48.01225335670288
2025-08-31 04:00:00+00:00,44.937,45.025,44.501,44.511,593060.42,45.85905402075864
2025-08-31 08:00:00+00:00,44.508,44.865,44.192,44.442,896228.07,45.50309723085233
2025-08-31 12:00:00+00:00,44.442,44.603,44.114,44.488,936966.3,45.805109064842576
2025-08-31 16:00:00+00:00,44.491,45.374,44.413,44.8,1631045.99,47.91353555870433
2025-08-31 20:00:00+00:00,44.803,45.189,44.224,44.276,582437.51,44.76370278131449
2025-09-01 00:00:00+00:00,44.275,45.021,43.77,44.426,2184102.13,45.86090066473203
2025-09-01 04:00:00+00:00,44.421,44.999,43.929,44.997,845603.61,49.93753853883432
2025-09-01 08:00:00+00:00,44.997,45.478,44.4,44.705,1488119.09,47.94914034322975
2025-09-01 12:00:00+00:00,44.708,44.922,44.083,44.283,870055.02,45.15107042597152
2025-09-01 16:00:00+00:00,44.293,44.31,43.4,44.041,1236627.71,43.580499551110805
2025-09-01 20:00:00+00:00,44.04,44.1,42.5,43.104,2223521.98,38.06012431073681
2025-09-02 00:00:00+00:00,43.104,44.289,42.925,44.145,1359310.67,46.21200106044113
2025-09-02 04:00:00+00:00,44.145,44.897,44.0,44.489,986152.89,48.61850410685255
2025-09-02 08:00:00+00:00,44.489,45.066,44.24,44.304,1258955.76,47.39052626893599
2025-09-02 12:00:00+00:00,44.304,44.94,43.368,44.084,2185455.88,45.905648519532555
2025-09-02 16:00:00+00:00,44.089,44.647,43.73,44.035,1283335.88,45.563218645451734
2025-09-02 20:00:00+00:00,44.035,44.882,43.944,44.874,876551.17,52.14553229866989
2025-09-03 00:00:00+00:00,44.874,45.23,44.511,44.69,1306175.63,50.69771077414676
2025-09-03 04:00:00+00:00,44.687,44.786,44.263,44.518,466610.43,49.319202810958146
2025-09-03 08:00:00+00:00,44.517,45.96,44.437,45.569,1868448.92,57.01114122408731
2025-09-03 12:00:00+00:00,45.571,46.177,45.357,46.061,2319754.1,60.066595364024984
2025-09-03 16:00:00+00:00,46.061,46.471,45.557,45.793,1674722.24,57.662414947375694
2025-09-03 20:00:00+00:00,45.809,46.091,45.764,45.849,569398.83,58.04033847645969
2025-09-04 00:00:00+00:00,45.849,46.35,45.353,45.401,1191164.13,53.89552291641856
2025-09-04 04:00:00+00:00,45.4,45.689,45.2,45.625,1039608.82,55.60273008664446
2025-09-04 08:00:00+00:00,45.625,45.998,45.493,45.86,581711.84,57.38553843182917
2025-09-04 12:00:00+00:00,45.861,46.02,44.86,45.192,1631322.16,51.103606489654574
2025-09-04 16:00:00+00:00,45.19,45.377,44.379,44.429,1300306.22,45.038881383496886
2025-09-04 20:00:00+00:00,44.44,45.814,44.39,45.308,1416427.23,52.09250176929025
2025-09-05 00:00:00+00:00,45.323,45.64,45.044,45.17,1066980.36,50.98617393861856
2025-09-05 04:00:00+00:00,45.17,46.28,45.169,46.229,796134.11,58.304322397872454
2025-09-05 08:00:00+00:00,46.229,47.13,45.802,47.024,1373646.75,62.7952573717445
2025-09-05 12:00:00+00:00,47.025,47.704,45.981,46.606,5917812.78,59.185681147206324
2025-09-05 16:00:00+00:00,46.606,47.365,46.032,47.169,1645550.24,62.326762018886384
2025-09-05 20:00:00+00:00,47.17,47.5,46.87,47.222,1340232.06,62.618421673689234
2025-09-06 00:00:00+00:00,47.222,47.872,47.219,47.681,1059179.1,65.13577904170177
2025-09-06 04:00:00+00:00,47.68,47.68,46.756,46.802,847922.33,57.192702777390295
2025-09-06 08:00:00+00:00,46.802,46.882,46.52,46.86,453703.58,57.560461997682445
2025-09-06 12:00:00+00:00,46.861,46.99,46.4,46.424,619608.24,53.81752383016397
2025-09-06 16:00:00+00:00,46.435,46.45,45.4,45.541,1791681.5,47.13297456582456
2025-09-06 20:00:00+00:00,45.541,46.256,45.506,45.955,780300.36,50.25287493143248
2025-09-07 00:00:00+00:00,45.965,47.155,45.936,46.859,1691481.93,56.31519698411638
2025-09-07 04:00:00+00:00,46.86,47.0,46.471,46.999,405589.35,57.185373708652904
2025-09-07 08:00:00+00:00,47.0,47.439,46.938,47.166,628062.34,58.25361431107071
2025-09-07 12:00:00+00:00,47.166,47.663,46.876,47.545,701217.39,60.652978684711776
2025-09-07 16:00:00+00:00,47.545,47.622,46.828,47.034,1162325.1,55.9811638474836
2025-09-07 20:00:00+00:00,47.04,47.489,46.699,47.062,688322.96,56.18033404984863
2025-09-08 00:00:00+00:00,47.077,48.952,46.9,48.715,2078750.91,65.96963922951971
2025-09-08 04:00:00+00:00,48.716,50.101,48.405,50.039,2546113.2,71.46780472328355
2025-09-08 08:00:00+00:00,50.039,51.183,50.03,50.418,2880842.38,72.8214754555073
2025-09-08 12:00:00+00:00,50.434,51.938,50.382,51.522,4067355.43,76.34244491591836
2025-09-08 16:00:00+00:00,51.517,51.575,50.235,50.378,2219386.19,66.69967636052087
2025-09-08 20:00:00+00:00,50.378,51.09,49.877,50.87,1833454.87,68.5400958969738
2025-09-09 00:00:00+00:00,50.87,51.69,50.477,51.475,1972826.2,70.68557696442065
2025-09-09 04:00:00+00:00,51.475,55.078,51.367,54.49,5640780.16,78.53999134658943
2025-09-09 08:00:00+00:00,54.488,55.22,53.715,53.897,3039025.41,74.32203471356254
2025-09-09 12:00:00+00:00,53.89,54.368,52.021,52.662,4503959.94,66.33228513243077
2025-09-09 16:00:00+00:00,52.662,53.947,52.36,53.814,2271966.43,69.61371678551589
2025-09-09 20:00:00+00:00,53.807,53.964,52.743,53.296,1139555.9,66.4762564701214
2025-09-10 00:00:00+00:00,53.298,54.414,52.54,53.748,2260397.22,67.83837458027497
2025-09-10 04:00:00+00:00,53.759,55.434,53.385,55.13,2120801.44,71.63347048166088
2025-09-10 08:00:00+00:00,55.133,55.66,53.987,54.476,2167825.79,67.57003562259685
2025-09-10 12:00:00+00:00,54.489,55.487,54.134,55.105,3683957.08,69.36967894436697
2025-09-10 16:00:00+00:00,55.104,55.393,53.635,54.378,2216258.62,64.88769049302289
2025-09-10 20:00:00+00:00,54.38,56.06,54.279,55.431,2632262.16,68.10237286971889
2025-09-11 00:00:00+00:00,55.436,56.202,55.26,55.997,1923771.03,69.7077706318932
2025-09-11 04:00:00+00:00,55.997,56.055,55.148,55.272,1317307.84,65.18233444535788
2025-09-11 08:00:00+00:00,55.273,55.38,52.923,53.54,3345894.01,55.8535584722521
2025-09-11 12:00:00+00:00,53.541,54.75,52.9,54.649,4229246.84,59.81893589230062
2025-09-11 16:00:00+00:00,54.659,55.926,54.454,55.71,2038194.21,63.22254029076717
2025-09-11 20:00:00+00:00,55.704,57.131,55.361,56.977,2701551.56,66.8353041478251
2025-09-12 00:00:00+00:00,56.994,57.374,56.315,56.527,2950065.2,64.41502419462327
2025-09-12 04:00:00+00:00,56.529,57.298,56.311,56.363,1379753.5,63.512344164234996
2025-09-12 08:00:00+00:00,56.357,56.525,55.54,55.631,1431269.0,59.5041752363991
2025-09-12 12:00:00+00:00,55.631,56.804,54.8,55.352,2665543.48,58.001703101819615
2025-09-12 16:00:00+00:00,55.374,56.544,54.951,56.411,2260686.06,61.930934800799555
2025-09-12 20:00:00+00:00,56.411,56.419,54.755,55.222,2969930.3,55.6371562034099
2025-09-13 00:00:00+00:00,55.224,55.92,54.845,55.887,1399482.62,58.19601312272283
2025-09-13 04:00:00+00:00,55.881,55.882,54.796,55.148,1128349.4,54.438178314592164
2025-09-13 08:00:00+00:00,55.15,56.359,55.127,56.22,1080065.75,58.61304801312243
2025-09-13 12:00:00+00:00,56.22,56.95,55.51,55.712,2092880.93,55.99461355657481
2025-09-13 16:00:00+00:00,55.712,55.881,54.12,54.96,3812416.84,52.2719409842995
2025-09-13 20:00:00+00:00,54.968,55.118,54.2,54.396,1109041.41,49.608106799648375
2025-09-14 00:00:00+00:00,54.428,55.255,53.85,54.011,2150125.31,47.816738755870176
2025-09-14 04:00:00+00:00,54.0,54.957,53.632,54.363,1317285.95,49.60840412376105
2025-09-14 08:00:00+00:00,54.363,54.75,53.832,53.913,813120.92,47.369285759434625
2025-09-14 12:00:00+00:00,53.896,54.413,53.535,54.022,1431061.58,47.981743677204925
2025-09-14 16:00:00+00:00,54.012,54.907,53.988,54.162,1219481.57,48.80577586538425
2025-09-14 20:00:00+00:00,54.16,54.361,53.51,53.65,950145.92,45.93960391726824
2025-09-15 00:00:00+00:00,53.651,54.341,53.179,54.266,1071464.51,49.76218901326058
2025-09-15 04:00:00+00:00,54.275,54.627,53.0,53.209,1518505.74,44.011462694388314
2025-09-15 08:00:00+00:00,53.209,54.03,52.678,53.275,1902457.35,44.44319457552015
2025-09-15 12:00:00+00:00,53.278,53.732,52.195,52.643,3086061.77,41.16942836815205
2025-09-15 16:00:00+00:00,52.64,53.647,52.034,53.63,2868045.12,47.65439006634561
2025-09-15 20:00:00+00:00,53.63,54.033,53.34,53.989,1459465.41,49.821036338933595
2025-09-16 00:00:00+00:00,53.99,54.035,53.146,53.235,1624867.41,45.55607023482588
2025-09-16 04:00:00+00:00,53.236,53.918,52.971,53.338,932222.2,46.23319333871488
2025-09-16 08:00:00+00:00,53.333,53.596,52.374,52.722,962580.08,42.804447935227415
2025-09-16 12:00:00+00:00,52.722,54.108,52.266,54.043,4127343.83,51.168030960565545
2025-09-16 16:00:00+00:00,54.043,54.095,53.527,53.853,1177840.02,50.034750702844505
2025-09-16 20:00:00+00:00,53.857,54.582,53.779,54.42,1086117.54,53.35490838656045
2025-09-17 00:00:00+00:00,54.42,54.808,53.826,54.119,1768462.92,51.402186627471906
2025-09-17 04:00:00+00:00,54.112,55.334,53.962,54.974,1318113.03,56.29523064071851
2025-09-17 08:00:00+00:00,54.974,55.502,54.726,55.267,999547.76,57.86101744164304
2025-09-17 12:00:00+00:00,55.272,55.52,54.623,54.633,1609948.62,53.40267779861038
2025-09-17 16:00:00+00:00,54.629,55.875,54.326,55.507,3664993.95,58.18586185052817
2025-09-17 20:00:00+00:00,55.522,58.042,55.505,57.754,3538540.14,67.43968264388971
2025-09-18 00:00:00+00:00,57.755,59.472,57.716,59.013,4182043.67,71.27549870657677
2025-09-18 04:00:00+00:00,59.012,59.045,58.023,58.343,1199254.06,66.76765331289153
2025-09-18 08:00:00+00:00,58.343,58.719,57.572,57.771,1206186.3,63.09859713785801
2025-09-18 12:00:00+00:00,57.771,58.3,57.258,57.808,1586808.3,63.23931919437276
2025-09-18 16:00:00+00:00,57.818,59.149,57.661,58.659,1492348.86,66.41193044315747
2025-09-18 20:00:00+00:00,58.657,58.971,57.821,58.637,973355.1,66.25274074223553
2025-09-19 00:00:00+00:00,58.637,59.189,57.11,57.242,1269325.45,56.93363968828144
2025-09-19 04:00:00+00:00,57.243,57.489,56.212,56.375,1836643.28,52.0347957987886
2025-09-19 08:00:00+00:00,56.376,56.866,55.665,55.877,1544551.59,49.40518134640619
2025-09-19 12:00:00+00:00,55.877,57.118,55.227,56.12,3110605.09,50.714011549846646
2025-09-19 16:00:00+00:00,56.119,56.464,55.584,55.915,1239844.04,49.54948686983926
2025-09-19 20:00:00+00:00,55.928,56.396,55.828,56.163,591992.34,51.01492344304608
2025-09-20 00:00:00+00:00,56.167,56.405,55.628,56.021,815126.05,50.11726697401785
2025-09-20 04:00:00+00:00,56.021,56.654,55.901,56.584,633880.11,53.603100325318294
2025-09-20 08:00:00+00:00,56.585,56.588,55.435,55.44,821240.03,46.49341838975548
2025-09-20 12:00:00+00:00,55.443,55.981,54.81,55.655,1499481.71,47.892232010205554
2025-09-20 16:00:00+00:00,55.655,56.0,53.812,54.291,2183647.67,40.6343974494795
2025-09-20 20:00:00+00:00,54.287,54.879,54.0,54.219,919529.23,40.287330477121664
2025-09-21 00:00:00+00:00,54.218,54.283,53.599,54.169,998295.67,40.03162216629643
2025-09-21 04:00:00+00:00,54.169,54.361,53.522,53.605,759168.58,37.16601819448867
2025-09-21 08:00:00+00:00,53.612,53.748,52.126,52.476,2829471.63,32.197422989697216
2025-09-21 12:00:00+00:00,52.475,52.93,51.651,52.032,1894885.07,30.472125311383067
2025-09-21 16:00:00+00:00,52.029,52.36,50.622,52.183,4449458.93,31.81038326985538
2025-09-21 20:00:00+00:00,52.18,52.257,50.819,50.876,1493830.99,26.971271766292148
2025-09-22 00:00:00+00:00,50.883,51.324,49.088,49.769,5113980.32,23.684844786708183
2025-09-22 04:00:00+00:00,49.761,50.308,45.842,48.577,7385301.13,20.752551652250162
2025-09-22 08:00:00+00:00,48.578,49.48,48.499,48.85,2902342.27,23.100725033790965
2025-09-22 12:00:00+00:00,48.849,50.232,48.177,48.343,2877976.49,21.808324385308936
2025-09-22 16:00:00+00:00,48.343,48.608,47.01,47.147,2722872.94,19.09446711642343
2025-09-22 20:00:00+00:00,47.157,48.024,46.85,47.269,2278141.76,20.18555451407215
2025-09-23 00:00:00+00:00,47.263,47.355,45.3,46.103,4449487.57,17.725209079738704
2025-09-23 04:00:00+00:00,46.102,48.874,45.961,48.665,3136125.39,36.14272462335534
2025-09-23 08:00:00+00:00,48.664,48.93,47.697,48.061,1501026.86,34.19906172221445
2025-09-23 12:00:00+00:00,48.051,48.6,46.844,47.326,3005117.9,31.94755732998722
2025-09-23 16:00:00+00:00,47.327,47.72,44.459,44.579,4407247.45,25.25536686576018
2025-09-23 20:00:00+00:00,44.579,45.621,44.343,44.684,2808468.25,25.89436149980726
2025-09-24 00:00:00+00:00,44.653,45.7,44.045,44.151,2875198.55,24.73822700196341
2025-09-24 04:00:00+00:00,44.145,45.195,43.51,44.497,4099412.78,27.01627439886073
2025-09-24 08:00:00+00:00,44.5,46.127,43.265,45.932,5018226.99,35.70799515495945
2025-09-24 12:00:00+00:00,45.932,46.89,44.627,45.307,4687902.72,33.81890750177651
2025-09-24 16:00:00+00:00,45.308,46.2,44.901,46.018,2953697.01,37.847205314125866
2025-09-24 20:00:00+00:00,45.999,46.383,45.345,45.661,1226945.26,36.6412231094823
2025-09-25 00:00:00+00:00,45.676,46.02,42.913,43.442,3230405.77,30.1997621948413
2025-09-25 04:00:00+00:00,43.423,43.825,42.153,42.199,4335846.99,27.30414284109274
2025-09-25 08:00:00+00:00,42.199,43.6,41.655,41.82,2822552.5,26.470736617879126
2025-09-25 12:00:00+00:00,41.821,42.428,40.71,41.725,7572160.92,26.25441515120967
2025-09-25 16:00:00+00:00,41.739,43.126,41.145,42.326,5085985.55,30.143742156110648
2025-09-25 20:00:00+00:00,42.327,43.528,39.58,40.38,7581488.32,25.461303322808632
2025-09-26 00:00:00+00:00,40.373,43.382,40.353,42.926,3737127.16,38.845785800312335
2025-09-26 04:00:00+00:00,42.927,43.329,41.733,42.459,1757753.33,37.51511911772916
2025-09-26 08:00:00+00:00,42.459,42.754,40.742,41.102,1796675.6,33.8830393146027
2025-09-26 12:00:00+00:00,41.106,44.379,40.902,44.274,4035324.05,46.839253947279516
2025-09-26 16:00:00+00:00,44.265,45.689,44.106,44.883,3788164.16,48.9092811981767
2025-09-26 20:00:00+00:00,44.877,45.361,44.144,44.822,1788603.19,48.704705921699336
2025-09-27 00:00:00+00:00,44.828,45.468,43.871,43.872,1897970.25,45.511949692216994
2025-09-27 04:00:00+00:00,43.872,44.913,43.667,44.515,1376845.8,47.99678211111728
2025-09-27 08:00:00+00:00,44.513,44.576,43.223,43.702,1242976.53,45.19064655139667
2025-09-27 12:00:00+00:00,43.72,45.793,43.352,45.793,2420266.41,52.82930317900486
2025-09-27 16:00:00+00:00,45.793,45.979,45.116,45.674,1508008.26,52.38187742259401
2025-09-27 20:00:00+00:00,45.682,46.569,45.324,45.773,1672505.24,52.74047583277406
2025-09-28 00:00:00+00:00,45.777,45.902,44.442,44.771,1709296.58,48.73976865878422
2025-09-28 04:00:00+00:00,44.772,44.925,44.133,44.852,643199.7,49.07606078035471
2025-09-28 08:00:00+00:00,44.847,44.994,43.393,43.605,1152214.72,44.26178291303096
2025-09-28 12:00:00+00:00,43.604,44.561,42.916,44.547,1510006.05,48.381223964176165
2025-09-28 16:00:00+00:00,44.554,46.004,44.547,45.696,2377534.68,52.94902958083454
2025-09-28 20:00:00+00:00,45.697,47.318,45.573,47.172,4523384.51,58.08076516078489
2025-09-29 00:00:00+00:00,47.172,47.5,46.352,47.358,1890177.15,58.69218451783367
2025-09-29 04:00:00+00:00,47.359,47.927,46.703,47.775,1431634.79,60.09737468313851
2025-09-29 08:00:00+00:00,47.776,48.148,45.909,46.293,2249099.63,53.17426516092886
2025-09-29 12:00:00+00:00,46.293,47.919,45.75,46.696,3408970.32,54.70240252841476
2025-09-29 16:00:00+00:00,46.697,47.177,45.0,46.091,2430017.15,51.96089508305552
2025-09-29 20:00:00+00:00,46.078,47.139,45.98,46.234,1424626.36,52.56601023876755
2025-09-30 00:00:00+00:00,46.224,46.349,44.542,44.715,1974965.52,45.94548582497232
2025-09-30 04:00:00+00:00,44.715,45.353,44.34,45.015,1722219.15,47.35570575533254
2025-09-30 08:00:00+00:00,45.014,45.743,43.589,45.687,3047309.58,50.47267457135481
2025-09-30 12:00:00+00:00,45.687,45.687,43.526,43.885,2580209.09,43.10284734322378
2025-09-30 16:00:00+00:00,43.885,45.786,43.554,45.52,2335578.68,50.20706656095335
2025-09-30 20:00:00+00:00,45.52,46.554,44.898,45.247,1630828.16,49.10456984291272
2025-10-01 00:00:00+00:00,45.247,45.919,44.59,45.007,1286554.34,48.10449749761245
2025-10-01 04:00:00+00:00,45.0,45.738,44.647,45.727,836287.85,51.308332161121825
2025-10-01 08:00:00+00:00,45.721,47.7,45.618,47.614,2595835.99,58.53369695603655
2025-10-01 12:00:00+00:00,47.614,48.1,46.863,47.247,2526506.04,56.769295213771365
2025-10-01 16:00:00+00:00,47.25,47.996,46.693,47.113,1440426.3,56.104311244607736
2025-10-01 20:00:00+00:00,47.125,47.3,46.342,47.274,1174406.18,56.75968981258774
2025-10-02 00:00:00+00:00,47.267,49.429,47.014,49.424,3434989.33,64.40299345501026
2025-10-02 04:00:00+00:00,49.425,49.764,48.618,48.851,2244647.94,61.29337780648011
2025-10-02 08:00:00+00:00,48.85,49.876,48.714,49.652,1261600.09,63.916237461918485
2025-10-02 12:00:00+00:00,49.652,49.917,48.585,49.213,2135132.5,61.45821194080471
2025-10-02 16:00:00+00:00,49.209,51.131,49.006,50.901,3486098.57,66.75270210979785
2025-10-02 20:00:00+00:00,50.907,50.96,50.006,50.858,1941594.81,66.5020864208995
2025-10-03 00:00:00+00:00,50.858,50.891,49.67,50.165,1438353.52,62.43382537452069
2025-10-03 04:00:00+00:00,50.164,50.451,49.35,49.569,1545163.21,59.08605075109659
2025-10-03 08:00:00+00:00,49.579,49.973,48.536,49.554,1794955.59,59.000303502007895
2025-10-03 12:00:00+00:00,49.554,50.862,48.615,50.518,2390653.28,62.74244372617125
2025-10-03 16:00:00+00:00,50.493,50.955,49.642,50.035,3497247.11,59.79749856124277
2025-10-03 20:00:00+00:00,50.039,50.228,49.361,49.475,887841.05,56.487025424886546
2025-10-04 00:00:00+00:00,49.475,49.632,48.652,48.993,1156777.94,53.729838074446704
2025-10-04 04:00:00+00:00,49.019,49.324,48.652,48.74,801894.46,52.28715560326564
2025-10-04 08:00:00+00:00,48.742,48.98,47.8,48.249,1816802.1,49.508827578963206
2025-10-04 12:00:00+00:00,48.249,48.884,47.745,47.914,1267287.18,47.648515213489915
2025-10-04 16:00:00+00:00,47.915,48.807,47.915,48.613,825449.44,51.724625572937654
2025-10-04 20:00:00+00:00,48.619,49.372,48.477,49.202,601824.28,54.910407492298994
2025-10-05 00:00:00+00:00,49.198,50.34,48.9,50.032,1750709.81,59.01493784213805
2025-10-05 04:00:00+00:00,50.032,51.386,49.867,51.329,2392256.83,64.4594380454709
2025-10-05 08:00:00+00:00,51.338,51.5,49.0,49.366,2733638.22,52.98676031978998
2025-10-05 12:00:00+00:00,49.36,49.59,48.56,49.026,1298305.38,51.2841899157127
2025-10-05 16:00:00+00:00,49.025,49.26,47.4,47.516,2010630.47,44.452657195289675
2025-10-05 20:00:00+00:00,47.517,48.582,47.404,48.288,1086569.87,48.248291648138064
2025-10-06 00:00:00+00:00,48.288,48.883,47.929,48.502,892448.39,49.282854896893355
2025-10-06 04:00:00+00:00,48.502,49.249,48.317,48.564,1161270.72,49.59723087440914
2025-10-06 08:00:00+00:00,48.573,49.173,48.119,48.341,1030793.73,48.43432212859924
2025-10-06 12:00:00+00:00,48.35,49.223,48.31,48.839,2139350.63,51.18686487548547
2025-10-06 16:00:00+00:00,48.838,49.64,48.3,49.38,1767586.96,54.056023304215536
2025-10-06 20:00:00+00:00,49.379,49.76,47.252,47.262,2257563.77,43.32047140849193
2025-10-07 00:00:00+00:00,47.262,47.839,46.399,46.645,2800718.21,40.779685642414265
2025-10-07 04:00:00+00:00,46.645,46.693,45.75,45.888,2305339.34,37.84677299727685
2025-10-07 08:00:00+00:00,45.874,46.594,45.592,46.001,1530714.16,38.55715802097857
2025-10-07 12:00:00+00:00,46.011,46.588,44.566,45.258,3783340.76,35.670259995822775
2025-10-07 16:00:00+00:00,45.258,45.761,44.62,45.005,1827902.69,34.717056310588006
2025-10-07 20:00:00+00:00,45.007,45.731,45.0,45.156,875480.5,35.819418216293954
2025-10-08 00:00:00+00:00,45.15,46.324,44.892,45.582,1054177.4,38.95138823220171
2025-10-08 04:00:00+00:00,45.588,46.432,45.442,46.423,931068.77,44.6897826010127
2025-10-08 08:00:00+00:00,46.422,46.726,45.886,46.028,964077.96,42.66146416187478
2025-10-08 12:00:00+00:00,46.026,46.606,45.702,45.816,1463382.07,41.5709255684829
2025-10-08 16:00:00+00:00,45.816,47.395,45.8,46.821,2096111.21,48.315856280048045
2025-10-08 20:00:00+00:00,46.819,46.871,45.916,46.683,776341.6,47.504923571815354
2025-10-09 00:00:00+00:00,46.684,46.828,44.954,45.391,1932752.25,40.62942869059035
2025-10-09 04:00:00+00:00,45.4,45.945,45.063,45.323,1230772.86,40.29883926412847
2025-10-09 08:00:00+00:00,45.323,45.435,44.206,44.278,2716973.78,35.51620803069221
2025-10-09 12:00:00+00:00,44.283,45.007,42.83,43.223,3993355.73,31.457238376953015
2025-10-09 16:00:00+00:00,43.222,43.661,42.368,43.558,3148791.12,34.03521168905982
2025-10-09 20:00:00+00:00,43.562,44.55,43.546,43.976,2035302.42,37.20866903617243
2025-10-10 00:00:00+00:00,43.976,44.586,43.958,44.211,702173.88,38.98583277908448
2025-10-10 04:00:00+00:00,44.21,44.345,43.443,43.69,1490756.58,36.51814075055472
2025-10-10 08:00:00+00:00,43.689,44.879,43.689,44.745,968169.72,44.21791987801653
2025-10-10 12:00:00+00:00,44.741,45.449,42.014,42.606,4324747.03,34.95950037252943
2025-10-10 16:00:00+00:00,42.605,43.569,42.097,42.876,3058773.04,36.75949633011108
2025-10-10 20:00:00+00:00,42.874,43.366,31.8,37.366,19333173.7,22.857266360043
2025-10-11 00:00:00+00:00,37.458,39.313,36.062,37.948,8570750.9,26.039069820360865
2025-10-11 04:00:00+00:00,37.96,39.996,37.88,39.123,3981959.68,32.12578153323123
2025-10-11 08:00:00+00:00,39.142,40.929,38.7,39.93,3700036.42,36.02020829913448
2025-10-11 12:00:00+00:00,39.942,40.0,37.428,38.1,3081653.17,31.59334109657577
2025-10-11 16:00:00+00:00,38.1,38.574,36.172,36.419,2901900.9,28.168676644960513
2025-10-11 20:00:00+00:00,36.433,37.531,35.177,36.825,4757851.06,30.13839455828824
2025-10-12 00:00:00+00:00,36.828,37.682,35.778,37.088,2713695.77,31.449729809946092
2025-10-12 04:00:00+00:00,37.086,38.887,36.952,37.766,1910791.65,34.8450535903001
2025-10-12 08:00:00+00:00,37.769,37.862,36.362,37.361,2000862.36,33.769080830185885
2025-10-12 12:00:00+00:00,37.361,40.052,36.95,39.406,4508695.83,43.291199199552246
2025-10-12 16:00:00+00:00,39.396,40.505,39.16,40.281,3696311.83,46.81461977385188
2025-10-12 20:00:00+00:00,40.28,40.887,39.41,39.616,2398448.74,44.54918252362969
2025-10-13 00:00:00+00:00,39.616,40.181,38.927,39.095,1554920.64,42.80162470711084
2025-10-13 04:00:00+00:00,39.096,42.487,38.151,42.461,4594681.64,55.06561254724946
2025-10-13 08:00:00+00:00,42.46,42.545,39.5,40.299,2775902.72,47.95355747608714
2025-10-13 12:00:00+00:00,40.291,41.436,39.642,39.744,3445926.41,46.30037379252423
2025-10-13 16:00:00+00:00,39.751,42.25,39.724,42.043,2508740.56,53.458099675003915
2025-10-13 20:00:00+00:00,42.043,43.69,41.87,42.423,2934419.79,54.53678131757863
2025-10-14 00:00:00+00:00,42.437,43.201,41.199,41.227,2472425.93,50.56460886976698
2025-10-14 04:00:00+00:00,41.224,41.37,38.523,38.775,3603925.21,43.559770145825475
2025-10-14 08:00:00+00:00,38.775,39.527,37.736,38.239,3489074.13,42.184054074544186
2025-10-14 12:00:00+00:00,38.231,40.198,37.379,40.134,3760771.99,48.389977183749586
2025-10-14 16:00:00+00:00,40.135,40.771,38.836,39.319,3534241.3,46.098182862154275
2025-10-14 20:00:00+00:00,39.325,39.826,38.851,39.41,1056631.48,46.403411889398555
2025-10-15 00:00:00+00:00,39.408,39.794,38.577,38.883,1157541.82,44.82051306645155
2025-10-15 04:00:00+00:00,38.883,40.167,38.739,40.16,1302086.77,49.330877088333814
2025-10-15 08:00:00+00:00,40.161,41.211,40.118,40.369,1925691.15,50.05050028023862
2025-10-15 12:00:00+00:00,40.376,40.488,38.629,38.862,2851546.36,45.07899773839527
2025-10-15 16:00:00+00:00,38.855,39.174,38.27,38.743,1477198.61,44.70140915960455
2025-10-15 20:00:00+00:00,38.762,38.939,36.839,37.408,2585322.76,40.593506422317496
2025-10-16 00:00:00+00:00,37.403,38.107,37.136,37.42,1304272.53,40.64630611011252
2025-10-16 04:00:00+00:00,37.411,38.121,37.16,37.678,698922.92,41.8431066535383
2025-10-16 08:00:00+00:00,37.678,38.854,36.911,38.853,1580580.09,47.076961125877766
2025-10-16 12:00:00+00:00,38.854,39.49,36.911,37.03,3377329.36,40.92341085346172
2025-10-16 16:00:00+00:00,37.019,38.343,36.58,37.206,3840010.74,41.715512645124676
2025-10-16 20:00:00+00:00,37.204,37.459,36.32,36.813,2022611.33,40.41250803394278
2025-10-17 00:00:00+00:00,36.816,37.571,36.581,37.458,1394116.9,43.53008612390567
2025-10-17 04:00:00+00:00,37.463,37.506,33.597,33.688,4286550.62,32.74593531061154
2025-10-17 08:00:00+00:00,33.691,35.684,33.33,35.43,5230290.29,40.12699875965547
2025-10-17 12:00:00+00:00,35.426,36.0,33.521,35.536,4379532.73,40.55452385186952
2025-10-17 16:00:00+00:00,35.536,35.977,34.556,34.852,2314970.88,38.63730232430107
2025-10-17 20:00:00+00:00,34.849,36.192,34.701,35.496,1322575.86,41.44414311769136
2025-10-18 00:00:00+00:00,35.497,35.738,35.001,35.212,827619.02,40.56297198886239
2025-10-18 04:00:00+00:00,35.213,35.765,34.618,35.325,785619.33,41.09958382126771
2025-10-18 08:00:00+00:00,35.323,36.297,35.298,35.996,978753.54,44.31453071366711
2025-10-18 12:00:00+00:00,36.017,36.135,35.068,35.495,786747.85,42.451383475063196
2025-10-18 16:00:00+00:00,35.496,36.549,34.978,36.162,1676569.6,45.72319365859068
2025-10-18 20:00:00+00:00,36.158,36.922,35.869,36.883,1317156.05,49.09241702654411
2025-10-19 00:00:00+00:00,36.873,36.962,36.184,36.932,830254.47,49.322653900773474
2025-10-19 04:00:00+00:00,36.933,36.97,35.967,36.441,504421.42,47.027487009917785
2025-10-19 08:00:00+00:00,36.446,37.6,35.751,37.319,1625705.91,51.384052944402676
2025-10-19 12:00:00+00:00,37.319,38.412,36.943,38.276,1798287.2,55.66412521451249
2025-10-19 16:00:00+00:00,38.276,38.535,37.555,37.821,1746949.05,53.263172934739295
2025-10-19 20:00:00+00:00,37.836,38.153,37.349,37.39,1096732.3,51.0183350729322
2025-10-20 00:00:00+00:00,37.389,38.348,36.69,38.276,2059749.84,55.198484305962474
2025-10-20 04:00:00+00:00,38.284,38.828,37.872,38.428,2047541.64,55.89391097678219
2025-10-20 08:00:00+00:00,38.424,39.219,37.899,38.413,1461161.08,55.80185761644289
2025-10-20 12:00:00+00:00,38.406,39.58,38.348,38.841,1857256.35,57.930859195275055
2025-10-20 16:00:00+00:00,38.836,38.882,37.48,37.972,3040431.58,52.410688323611645
2025-10-20 20:00:00+00:00,37.971,38.464,37.535,37.942,754696.94,52.22567085259742
2025-10-21 00:00:00+00:00,37.932,38.074,37.064,37.085,775680.96,47.10949380312856
2025-10-21 04:00:00+00:00,37.089,37.132,35.378,36.024,3344453.59,41.66727628953367
2025-10-21 08:00:00+00:00,36.009,36.253,35.401,36.112,1106875.58,42.263039045818786
2025-10-21 12:00:00+00:00,36.113,38.301,35.802,37.881,3923186.28,52.717297450213294
2025-10-21 16:00:00+00:00,37.877,38.38,36.796,36.933,2792734.59,47.72968119819071
2025-10-21 20:00:00+00:00,36.933,37.047,35.171,35.385,2538453.66,40.921397389572654
2025-10-22 00:00:00+00:00,35.376,35.598,34.69,35.264,2016686.85,40.4358685943843
2025-10-22 04:00:00+00:00,35.263,35.38,34.5,34.835,1640987.17,38.68341723251972
2025-10-22 08:00:00+00:00,34.826,36.171,34.733,35.883,1695809.48,44.95900161425064
2025-10-22 12:00:00+00:00,35.883,36.681,35.648,36.383,2803728.03,47.708784305945244
2025-10-22 16:00:00+00:00,36.382,36.787,35.608,36.078,2443943.84,46.192779139518755
2025-10-22 20:00:00+00:00,36.077,36.866,34.768,36.226,2791695.86,47.071674247218844
2025-10-23 00:00:00+00:00,36.246,38.482,36.166,37.735,3338777.88,55.120879954331286
2025-10-23 04:00:00+00:00,37.741,39.188,37.001,38.893,3607766.39,60.13157479620864
2025-10-23 08:00:00+00:00,38.909,39.49,38.582,38.639,2000720.09,58.58646011164432
2025-10-23 12:00:00+00:00,38.639,40.819,38.51,40.011,5982159.25,63.971720892898986
2025-10-23 16:00:00+00:00,40.004,40.342,39.08,39.453,2077492.31,60.52456568905538
2025-10-23 20:00:00+00:00,39.453,40.283,38.89,40.249,1032446.96,63.54258636982703
2025-10-24 00:00:00+00:00,40.25,40.5,39.131,39.513,1087779.45,59.04742114435987
2025-10-24 04:00:00+00:00,39.523,40.92,39.331,40.671,1815503.94,63.430823894932146
2025-10-24 08:00:00+00:00,40.659,40.686,39.532,39.678,913379.84,57.72498719222018
2025-10-24 12:00:00+00:00,39.678,40.576,39.05,39.221,2138828.34,55.261266588200414
2025-10-24 16:00:00+00:00,39.221,39.393,38.716,39.207,1510070.64,55.18356428765043
2025-10-24 20:00:00+00:00,39.198,39.812,39.067,39.325,701284.57,55.74834674443005
2025-10-25 00:00:00+00:00,39.324,40.188,38.891,40.13,803939.99,59.49821970149455
2025-10-25 04:00:00+00:00,40.122,40.292,39.551,40.195,688717.93,59.79448097560879
2025-10-25 08:00:00+00:00,40.195,41.21,40.119,41.16,918967.44,64.00418379680157
2025-10-25 12:00:00+00:00,41.16,41.789,40.72,40.939,1265737.1,62.39297760799926
2025-10-25 16:00:00+00:00,40.936,43.24,40.903,42.987,2332430.54,69.9438685967022
2025-10-25 20:00:00+00:00,42.999,44.687,42.78,44.274,2528014.44,73.53939366768162
2025-10-26 00:00:00+00:00,44.274,44.886,43.54,43.73,2246397.9,69.74164297981865
2025-10-26 04:00:00+00:00,43.737,44.712,43.55,44.684,1209176.97,72.43050984507288
2025-10-26 08:00:00+00:00,44.685,48.019,44.684,47.953,3684024.45,79.23867701057044
2025-10-26 12:00:00+00:00,47.925,48.7,46.825,47.332,2656660.42,75.42805603254541
2025-10-26 16:00:00+00:00,47.341,47.878,46.793,47.377,1043508.95,75.51992669523455
2025-10-26 20:00:00+00:00,47.389,48.314,46.6,47.333,1831504.39,75.22377290795339
2025-10-27 00:00:00+00:00,47.331,48.791,47.107,48.145,1853271.29,77.01514397291565
2025-10-27 04:00:00+00:00,48.145,49.421,46.654,47.359,2677312.61,71.6173092557578
2025-10-27 08:00:00+00:00,47.359,47.56,45.808,47.493,2236494.43,71.9778971226736
2025-10-27 12:00:00+00:00,47.504,47.582,46.027,46.422,1892250.45,64.88282740889021
2025-10-27 16:00:00+00:00,46.422,47.74,46.42,46.846,1356793.78,66.29914140644173
2025-10-27 20:00:00+00:00,46.848,48.888,45.449,46.604,4499794.33,64.69535222442508
2025-10-28 00:00:00+00:00,46.605,47.796,46.135,47.563,1521031.78,67.99898008610279
2025-10-28 04:00:00+00:00,47.557,48.024,46.71,47.403,1052618.98,66.87461693663866
2025-10-28 08:00:00+00:00,47.399,48.529,46.642,48.06,1576951.79,69.13169731350301
2025-10-28 12:00:00+00:00,48.061,49.42,47.517,47.734,3017150.41,66.70302695598791
2025-10-28 16:00:00+00:00,47.734,48.977,46.327,46.436,2021178.12,57.97049581496544
2025-10-28 20:00:00+00:00,46.436,48.317,46.0,47.669,2590328.74,62.934554352797655
2025-10-29 00:00:00+00:00,47.719,48.631,47.364,47.824,1344356.29,63.51788651543528
2025-10-29 04:00:00+00:00,47.825,48.88,47.42,47.678,872314.54,62.51979563610213
2025-10-29 08:00:00+00:00,47.678,49.5,47.0,49.233,1442776.25,68.24340738740928
2025-10-29 12:00:00+00:00,49.233,49.47,46.416,46.779,3317921.77,54.18140088178554
2025-10-29 16:00:00+00:00,46.779,48.977,46.0,47.958,4422377.34,58.59564682009577
2025-10-29 20:00:00+00:00,47.966,49.988,47.426,48.056,3176884.24,58.94966727426743
2025-10-30 00:00:00+00:00,48.046,48.9,47.384,48.539,1485575.12,60.73175696986374
2025-10-30 04:00:00+00:00,48.517,49.796,46.769,49.641,2752684.19,64.51667385990723
2025-10-30 08:00:00+00:00,49.621,50.158,47.5,47.547,2035209.04,53.88784406713326
2025-10-30 12:00:00+00:00,47.548,47.667,44.56,45.431,6188273.42,45.69546157120619
2025-10-30 16:00:00+00:00,45.426,46.04,42.706,43.127,5575422.49,38.78192493814753
2025-10-30 20:00:00+00:00,43.112,45.67,42.868,45.436,2702048.96,47.37494633422915
2025-10-31 00:00:00+00:00,45.437,46.332,44.304,44.937,3018143.84,45.87624403372179
2025-10-31 04:00:00+00:00,44.936,45.98,43.809,44.007,1818389.49,43.13727906763824
2025-10-31 08:00:00+00:00,44.007,44.971,43.433,44.334,1886049.4,44.39437051603036
2025-10-31 12:00:00+00:00,44.314,45.111,43.014,44.036,2882652.05,43.45161655037495
2025-10-31 16:00:00+00:00,44.035,44.1,42.393,43.435,3121776.76,41.53587583510423
2025-10-31 20:00:00+00:00,43.436,44.094,43.172,43.702,1062281.68,42.74362327481592
2025-11-01 00:00:00+00:00,43.698,44.44,42.752,44.204,1805227.4,45.042373500370516
2025-11-01 04:00:00+00:00,44.204,44.498,43.332,43.831,1009118.49,43.64037923526259
2025-11-01 08:00:00+00:00,43.831,44.048,43.099,43.706,857878.46,43.15559560225886
2025-11-01 12:00:00+00:00,43.71,43.839,42.727,43.38,1020482.19,41.8498877935658
2025-11-01 16:00:00+00:00,43.379,44.305,43.138,43.5,1340869.98,42.53906343053913
2025-11-01 20:00:00+00:00,43.5,43.7,42.855,43.27,630413.61,41.5232773512789
2025-11-02 00:00:00+00:00,43.271,43.282,42.214,43.035,1563078.24,40.46019474782401
2025-11-02 04:00:00+00:00,43.034,43.429,42.575,43.246,681668.95,41.89853536237337
2025-11-02 08:00:00+00:00,43.258,43.444,41.374,42.876,2717447.95,40.07050621902353
2025-11-02 12:00:00+00:00,42.876,43.0,41.449,41.476,1798287.32,34.021917494635034
2025-11-02 16:00:00+00:00,41.475,42.008,41.067,41.64,1979392.14,35.254843483975506
2025-11-02 20:00:00+00:00,41.639,42.612,41.273,42.434,935531.37,41.002999984961505
2025-11-03 00:00:00+00:00,42.434,42.707,40.51,40.537,2283278.82,33.3783819702402
2025-11-03 04:00:00+00:00,40.537,41.8,40.19,41.342,2035353.75,38.59644373329541
2025-11-03 08:00:00+00:00,41.342,41.519,40.251,41.387,1660911.62,38.88461185135314
2025-11-03 12:00:00+00:00,41.388,41.909,38.333,39.085,4149977.21,30.89657246061381
2025-11-03 16:00:00+00:00,39.095,41.266,38.556,39.84,3288122.07,35.57141852653436
2025-11-03 20:00:00+00:00,39.837,40.365,39.021,40.179,1836950.23,37.61223787696344
2025-11-04 00:00:00+00:00,40.193,40.828,39.23,40.566,1347062.67,39.95069768528368
2025-11-04 04:00:00+00:00,40.566,40.764,36.687,37.948,5126274.16,31.381385311140775
2025-11-04 08:00:00+00:00,37.948,38.352,36.878,38.179,3071507.75,32.75203902728127
2025-11-04 12:00:00+00:00,38.179,40.229,37.012,39.09,4146422.6,38.01090584557641
2025-11-04 16:00:00+00:00,39.089,39.489,36.455,37.243,6363293.53,32.46729908978223
2025-11-04 20:00:00+00:00,37.245,39.3,35.254,39.006,7536153.11,41.271733772529096
2025-11-05 00:00:00+00:00,39.006,40.423,37.4,40.121,3464714.13,46.06128873037157
2025-11-05 04:00:00+00:00,40.121,40.985,39.723,40.651,1716797.15,48.222870344546216
2025-11-05 08:00:00+00:00,40.651,41.549,39.347,41.549,2289993.53,51.75100001722643
2025-11-05 12:00:00+00:00,41.543,42.241,40.702,42.069,2872466.57,53.71767861615795
2025-11-05 16:00:00+00:00,42.069,42.1,41.302,41.493,1708879.16,51.22683521378678
2025-11-05 20:00:00+00:00,41.493,41.65,40.782,41.359,814848.25,50.63856403944272
2025-11-06 00:00:00+00:00,41.358,41.358,40.309,40.97,1275622.9,48.88358249125687
2025-11-06 04:00:00+00:00,40.969,41.171,39.502,39.632,1288970.9,43.32208530923673
2025-11-06 08:00:00+00:00,39.631,40.404,39.327,40.379,1124925.54,46.950830367792804
2025-11-06 12:00:00+00:00,40.371,40.5,38.376,38.908,2733126.9,41.33814914975038
2025-11-06 16:00:00+00:00,38.908,39.17,37.57,38.723,4098794.87,40.67951147871274
2025-11-06 20:00:00+00:00,38.724,38.952,38.126,38.473,1468398.69,39.757642654160215
2025-11-07 00:00:00+00:00,38.473,39.456,38.245,38.56,1468846.24,40.26496784649196
2025-11-07 04:00:00+00:00,38.561,40.376,38.119,40.325,1676477.1,49.5476956914639
2025-11-07 08:00:00+00:00,40.325,40.754,38.262,38.831,2466688.62,43.39982077080479
2025-11-07 12:00:00+00:00,38.83,40.8,37.879,40.456,2644108.57,50.582259028950816
2025-11-07 16:00:00+00:00,40.456,42.934,40.166,42.811,2530068.4,58.751543613406035
2025-11-07 20:00:00+00:00,42.814,43.308,42.2,42.201,2125959.3,56.16174874568723
2025-11-08 00:00:00+00:00,42.204,43.217,41.701,42.201,1173947.61,56.16174874568723
2025-11-08 04:00:00+00:00,42.201,42.534,40.399,40.869,1473877.59,50.5218759473387
2025-11-08 08:00:00+00:00,40.869,41.759,40.608,40.805,973802.88,50.260709288877706
2025-11-08 12:00:00+00:00,40.805,41.47,39.809,40.242,1220860.54,47.914234344519905
2025-11-08 16:00:00+00:00,40.242,40.939,39.693,39.987,1383749.84,46.84741853831927
2025-11-08 20:00:00+00:00,39.987,40.53,39.64,40.127,1069671.73,47.53804293399264
2025-11-09 00:00:00+00:00,40.127,40.491,39.453,40.096,1038677.52,47.391206556798664
2025-11-09 04:00:00+00:00,40.096,40.309,39.781,40.164,386025.08,47.77229450199168
2025-11-09 08:00:00+00:00,40.168,40.454,39.126,39.716,909888.16,45.43705806521457
2025-11-09 12:00:00+00:00,39.715,41.329,39.612,40.949,1382761.22,52.34200396424679
2025-11-09 16:00:00+00:00,40.957,42.586,40.593,42.584,1212158.39,59.63643442757861
2025-11-09 20:00:00+00:00,42.583,42.797,41.58,41.793,1346251.48,55.23200335622036
2025-11-10 00:00:00+00:00,41.796,42.921,41.454,42.712,1930285.98,59.01891611276068
2025-11-10 04:00:00+00:00,42.712,43.176,42.511,42.999,1216332.65,60.15254092157514
2025-11-10 08:00:00+00:00,43.01,43.091,41.9,42.075,1127279.18,54.88824821359631
2025-11-10 12:00:00+00:00,42.075,42.367,41.022,41.174,1589400.46,50.26848855278702
2025-11-10 16:00:00+00:00,41.179,41.931,40.775,41.693,1233222.23,52.73620822171083
2025-11-10 20:00:00+00:00,41.701,42.375,41.293,41.414,1177734.87,51.2635750370366
2025-11-11 00:00:00+00:00,41.413,41.961,40.543,41.521,1833381.32,51.81925337346975
2025-11-11 04:00:00+00:00,41.519,41.521,39.735,39.811,1916845.8,43.31878132625342
2025-11-11 08:00:00+00:00,39.805,40.45,39.676,40.294,1034647.23,46.01266882566874
2025-11-11 12:00:00+00:00,40.294,40.445,39.571,39.88,1624540.01,44.07888138980384
2025-11-11 16:00:00+00:00,39.879,39.911,39.021,39.314,1145159.95,41.510329941655336
2025-11-11 20:00:00+00:00,39.325,39.399,38.444,38.68,1503517.98,38.78406217501718
2025-11-12 00:00:00+00:00,38.675,39.34,38.406,39.123,842060.34,41.666939978412756
2025-11-12 04:00:00+00:00,39.112,39.776,38.91,39.263,649834.8,42.58713512517316
2025-11-12 08:00:00+00:00,39.264,40.8,39.264,40.463,1177769.53,49.884633159960416
2025-11-12 12:00:00+00:00,40.45,40.678,38.71,38.759,1629055.03,41.766348053669
2025-11-12 16:00:00+00:00,38.758,39.08,37.513,38.38,3864537.11,40.19934168926457
2025-11-12 20:00:00+00:00,38.382,39.0,38.134,38.371,1045752.94,40.16080852379552
2025-11-13 00:00:00+00:00,38.371,39.1,37.93,38.554,1019559.64,41.39100168653028
2025-11-13 04:00:00+00:00,38.557,40.007,38.29,39.202,1530598.0,45.65171247547216
2025-11-13 08:00:00+00:00,39.201,39.439,38.699,39.072,699509.57,44.94578552595505
2025-11-13 12:00:00+00:00,39.06,39.246,38.102,38.369,1158003.96,41.232651636573806
2025-11-13 16:00:00+00:00,38.36,38.526,36.583,37.511,3675831.56,37.19395995646712
2025-11-13 20:00:00+00:00,37.524,39.141,37.163,38.568,2265656.93,44.41690842838211
2025-11-14 00:00:00+00:00,38.567,38.626,37.55,37.838,1270198.98,40.91705372172828
2025-11-14 04:00:00+00:00,37.834,37.934,36.412,37.492,2705040.03,39.33500862062352
2025-11-14 08:00:00+00:00,37.501,37.744,36.68,36.886,1190532.99,36.66136025243994
2025-11-14 12:00:00+00:00,36.881,38.061,36.04,38.019,3555770.46,44.286185623151894
2025-11-14 16:00:00+00:00,38.02,38.289,36.743,38.002,2491430.8,44.20020726054972
2025-11-14 20:00:00+00:00,38.007,38.602,37.034,37.522,1647885.9,41.73636706212431
2025-11-15 00:00:00+00:00,37.52,38.88,37.325,38.841,941294.78,49.986545231314736
2025-11-15 04:00:00+00:00,38.842,39.32,38.328,39.152,760972.74,51.72239355211112
2025-11-15 08:00:00+00:00,39.151,39.583,38.514,38.671,669624.84,48.89578473277882
2025-11-15 12:00:00+00:00,38.668,39.328,38.535,39.213,696391.22,52.07409514022425
2025-11-15 16:00:00+00:00,39.212,39.212,38.553,38.69,465410.14,48.9129083498112
2025-11-15 20:00:00+00:00,38.7,38.821,38.31,38.602,362352.57,48.38071871880364
2025-11-16 00:00:00+00:00,38.599,38.889,38.069,38.676,888312.52,48.884370491238975
2025-11-16 04:00:00+00:00,38.675,39.299,38.555,39.225,717300.44,52.58092251060583
2025-11-16 08:00:00+00:00,39.223,40.519,38.904,39.307,1582307.8,53.12617752803588
2025-11-16 12:00:00+00:00,39.291,39.553,38.07,38.223,1328913.93,45.65284169581652
2025-11-16 16:00:00+00:00,38.206,38.514,37.504,38.05,1387556.36,44.57513616332755
2025-11-16 20:00:00+00:00,38.071,38.758,37.493,38.706,1550222.21,49.44829456162821
2025-11-17 00:00:00+00:00,38.706,39.041,38.206,38.749,845206.37,49.7601144659782
2025-11-17 04:00:00+00:00,38.738,38.774,38.254,38.573,615770.04,48.44298692436519
2025-11-17 08:00:00+00:00,38.574,39.238,38.3,39.228,529524.43,53.3878977734285
2025-11-17 12:00:00+00:00,39.228,39.285,37.343,37.543,2120531.24,42.180072989025966
2025-11-17 16:00:00+00:00,37.542,38.217,37.11,37.685,2275390.97,43.26109023324094
2025-11-17 20:00:00+00:00,37.68,39.322,37.587,39.322,2204075.71,53.949926585421224
2025-11-18 00:00:00+00:00,39.323,40.89,38.527,40.407,2703340.8,59.40818013801498
2025-11-18 04:00:00+00:00,40.407,41.708,39.561,40.262,3070333.76,58.411750700041736
2025-11-18 08:00:00+00:00,40.269,41.48,40.247,41.115,1519693.17,62.406410574320255
2025-11-18 12:00:00+00:00,41.112,41.641,38.308,38.909,4390583.44,49.235191813366725
2025-11-18 16:00:00+00:00,38.898,39.588,38.269,38.633,1407556.93,47.873800662064
2025-11-18 20:00:00+00:00,38.639,39.408,38.555,38.675,871751.63,48.10893969397086
2025-11-19 00:00:00+00:00,38.675,39.132,38.313,38.367,641329.2,46.45401575687936
2025-11-19 04:00:00+00:00,38.362,38.73,37.63,38.628,1616013.44,48.083798212613026
2025-11-19 08:00:00+00:00,38.631,38.73,37.959,38.241,848932.67,45.855128121642615
2025-11-19 12:00:00+00:00,38.242,38.57,37.311,37.353,1329563.22,41.14287764360438
2025-11-19 16:00:00+00:00,37.362,37.888,37.177,37.63,1625182.77,43.10692235503415
2025-11-19 20:00:00+00:00,37.635,39.006,37.581,38.872,2217764.97,51.00201258064648
2025-11-20 00:00:00+00:00,38.872,39.813,38.36,39.293,1951096.65,53.36444815320234
2025-11-20 04:00:00+00:00,39.286,39.735,38.95,39.458,659980.24,54.29456206015348
2025-11-20 08:00:00+00:00,39.458,39.497,38.988,39.303,544102.51,53.220739897686855
2025-11-20 12:00:00+00:00,39.303,39.424,38.419,38.476,1199354.37,47.789859067834485
2025-11-20 16:00:00+00:00,38.478,38.551,37.371,37.884,2932151.51,44.30457024199741
2025-11-20 20:00:00+00:00,37.884,38.4,37.455,37.55,1138493.15,42.424686013432584
2025-11-21 00:00:00+00:00,37.549,38.545,36.833,36.878,2347287.22,38.85268854506545
2025-11-21 04:00:00+00:00,36.879,37.274,32.182,34.272,6467743.54,28.745124164808203
2025-11-21 08:00:00+00:00,34.272,34.841,32.237,32.478,4957389.39,24.097507732111396
2025-11-21 12:00:00+00:00,32.479,34.195,31.616,32.834,6178742.18,26.63253054653653
2025-11-21 16:00:00+00:00,32.832,34.597,32.09,33.529,4472874.28,31.44620615587273
2025-11-21 20:00:00+00:00,33.528,34.337,33.029,33.863,2123474.13,33.69758696758038
2025-11-22 00:00:00+00:00,33.864,34.367,33.493,33.907,1060688.3,34.00506843292462
2025-11-22 04:00:00+00:00,33.91,34.53,33.213,33.937,1068276.41,34.22903185968363
2025-11-22 08:00:00+00:00,33.942,33.954,32.733,32.882,1288606.06,30.330811071752166
2025-11-22 12:00:00+00:00,32.891,32.956,31.883,31.901,2364803.07,27.22586067605667
2025-11-22 16:00:00+00:00,31.902,32.004,30.489,30.5,4961703.75,23.52241217823635
2025-11-22 20:00:00+00:00,30.5,30.649,29.355,29.978,6050262.14,22.304983177874988
2025-11-23 00:00:00+00:00,29.978,31.55,29.627,31.221,3093672.94,31.408651699018762
2025-11-23 04:00:00+00:00,31.225,31.857,30.359,30.899,1602136.7,30.414454070680094
2025-11-23 08:00:00+00:00,30.887,31.66,30.72,31.542,1019121.9,34.84933598214373
2025-11-23 12:00:00+00:00,31.543,32.05,30.62,31.185,1804076.75,33.57008037542637
2025-11-23 16:00:00+00:00,31.185,31.237,30.25,31.003,1314894.84,32.90689104569229
2025-11-23 20:00:00+00:00,31.016,32.643,30.898,31.878,2981774.77,39.13263165906998
2025-11-24 00:00:00+00:00,31.877,33.758,31.5,33.071,2264336.8,46.43126535484862
2025-11-24 04:00:00+00:00,33.071,33.075,31.168,31.57,2158838.5,39.94179114077544
2025-11-24 08:00:00+00:00,31.571,31.8,31.047,31.216,1590575.02,38.57253582385441
2025-11-24 12:00:00+00:00,31.218,31.94,30.39,31.039,2686880.64,37.873424774557364
2025-11-24 16:00:00+00:00,31.039,32.477,31.039,32.442,1921300.83,46.19755847678252
2025-11-24 20:00:00+00:00,32.452,34.678,32.364,33.719,4093833.61,52.443392124689495
2025-11-25 00:00:00+00:00,33.719,33.812,32.206,32.607,2530745.45,47.29467269378064
2025-11-25 04:00:00+00:00,32.607,32.901,31.8,31.889,1347794.25,44.272320456580225
2025-11-25 08:00:00+00:00,31.89,34.453,31.89,32.552,6327123.71,47.602136200133366
2025-11-25 12:00:00+00:00,32.551,33.236,31.807,32.285,2382017.95,46.399741050277555
2025-11-25 16:00:00+00:00,32.285,32.729,31.816,32.377,1323895.57,46.89747492074309
2025-11-25 20:00:00+00:00,32.377,33.953,32.2,33.754,1850509.62,53.811001673214435
2025-11-26 00:00:00+00:00,33.753,34.616,33.65,33.9,2020330.52,54.487579878399075
2025-11-26 04:00:00+00:00,33.901,35.036,33.61,34.753,1877501.41,58.32820992269948
2025-11-26 08:00:00+00:00,34.752,34.786,33.618,33.709,802231.39,52.489932711682236
2025-11-26 12:00:00+00:00,33.707,34.296,33.022,33.84,1396051.73,53.123966496717486
2025-11-26 16:00:00+00:00,33.835,35.642,33.794,35.219,2124420.5,59.28383294319092
2025-11-26 20:00:00+00:00,35.23,36.354,34.862,36.238,2536301.63,63.138509426644916
2025-11-27 00:00:00+00:00,36.238,36.482,35.544,35.678,1470231.27,59.78856426528555
2025-11-27 04:00:00+00:00,35.673,35.936,35.325,35.574,657172.06,59.16078452934937
2025-11-27 08:00:00+00:00,35.574,35.645,34.5,34.824,1371524.5,54.700210290880726
2025-11-27 12:00:00+00:00,34.824,34.999,34.5,34.714,1029883.56,54.05645543585546
2025-11-27 16:00:00+00:00,34.713,35.818,34.533,35.743,1530544.52,58.92617591130009
2025-11-27 20:00:00+00:00,35.742,36.0,34.678,34.728,1156383.08,52.96287853851357
2025-11-28 00:00:00+00:00,34.728,34.901,33.764,34.895,1622368.02,53.79146066692937
2025-11-28 04:00:00+00:00,34.893,35.56,34.481,34.674,1190483.58,52.47411296745069
2025-11-28 08:00:00+00:00,34.674,36.327,34.635,35.982,1661198.02,58.89099683511469
2025-11-28 12:00:00+00:00,35.982,36.816,35.33,35.51,1954646.23,55.955024388322734
2025-11-28 16:00:00+00:00,35.51,35.63,34.201,34.58,1663148.32,50.60203161728297
2025-11-28 20:00:00+00:00,34.58,35.351,34.307,34.97,787632.17,52.64783435550201
2025-11-29 00:00:00+00:00,34.97,35.194,34.58,34.857,747049.24,51.976162120870036
2025-11-29 04:00:00+00:00,34.858,36.48,34.1,35.99,3277594.14,57.790770370595865
2025-11-29 08:00:00+00:00,35.991,36.041,35.271,35.759,1514925.17,56.29421054585635
2025-11-29 12:00:00+00:00,35.759,36.262,34.558,34.799,2090066.73,50.44740842595811
2025-11-29 16:00:00+00:00,34.786,35.117,34.042,34.49,1286184.63,48.69431581003432
2025-11-29 20:00:00+00:00,34.49,34.794,34.216,34.36,557792.45,47.939520416293135
2025-11-30 00:00:00+00:00,34.36,34.566,34.021,34.314,717522.98,47.65801543163185
2025-11-30 04:00:00+00:00,34.319,34.354,33.364,33.996,1243597.25,45.66183525343172
2025-11-30 08:00:00+00:00,33.996,34.086,32.947,33.015,1555869.75,40.08404818012382
2025-11-30 12:00:00+00:00,33.016,33.792,32.9,33.068,1641543.93,40.50687922386623
2025-11-30 16:00:00+00:00,33.074,34.01,33.074,33.753,767680.73,45.82795025267789
2025-11-30 20:00:00+00:00,33.753,33.852,31.87,31.949,1882683.81,36.555139508349804
2025-12-01 00:00:00+00:00,31.94,32.068,30.526,30.766,5237252.88,31.98471681194428
2025-12-01 04:00:00+00:00,30.761,31.26,30.275,31.216,1721543.86,35.298577184167
2025-12-01 08:00:00+00:00,31.216,31.446,30.588,30.644,966756.83,33.09152465041299
2025-12-01 12:00:00+00:00,30.636,30.811,29.163,29.78,4668892.52,30.036548054339008
2025-12-01 16:00:00+00:00,29.78,30.0,29.25,29.552,1742890.19,29.26865685332517
2025-12-01 20:00:00+00:00,29.543,31.503,29.543,31.01,2423293.66,39.8572925468591
2025-12-02 00:00:00+00:00,31.018,31.54,30.35,31.087,1911793.52,40.365039031445654
2025-12-02 04:00:00+00:00,31.087,32.001,30.938,31.716,1154612.65,44.48787809379531
2025-12-02 08:00:00+00:00,31.715,32.05,31.107,31.839,1169620.13,45.28448683735718
2025-12-02 12:00:00+00:00,31.845,33.402,31.458,33.001,6477955.53,52.25508524808219
2025-12-02 16:00:00+00:00,33.002,33.792,32.639,33.102,2477977.9,52.8177352164989
2025-12-02 20:00:00+00:00,33.102,34.428,32.622,33.875,1939239.67,56.994832794817185
2025-12-03 00:00:00+00:00,33.873,34.852,33.381,34.253,1322610.41,58.910515250145714
2025-12-03 04:00:00+00:00,34.253,35.4,34.058,34.26,1287315.3,58.946985509966055
2025-12-03 08:00:00+00:00,34.259,34.633,33.5,33.782,1177567.07,55.335182555070645
2025-12-03 12:00:00+00:00,33.788,34.7,33.451,34.052,1633627.17,56.94011182263977
2025-12-03 16:00:00+00:00,34.056,34.79,33.877,34.772,1484423.01,60.96789196544031
2025-12-03 20:00:00+00:00,34.772,35.127,34.296,34.671,1132814.07,60.11837192125074
2025-12-04 00:00:00+00:00,34.668,36.219,34.251,35.607,2317023.39,64.98733792153769
2025-12-04 04:00:00+00:00,35.607,35.607,34.7,35.252,933512.82,61.90062605242757
2025-12-04 08:00:00+00:00,35.25,35.412,34.586,34.768,642534.9,57.86522517563346
2025-12-04 12:00:00+00:00,34.768,34.995,34.06,34.587,969012.29,56.38484941938836
2025-12-04 16:00:00+00:00,34.587,34.954,33.213,33.492,2009135.17,48.32946084612005
2025-12-04 20:00:00+00:00,33.492,33.717,33.069,33.537,899130.74,48.65410892911705
2025-12-05 00:00:00+00:00,33.537,33.932,33.275,33.68,790021.82,49.73490696640196
2025-12-05 04:00:00+00:00,33.694,33.837,33.175,33.211,442401.89,46.29317305969673
2025-12-05 08:00:00+00:00,33.21,33.292,31.82,31.922,2773746.61,38.423184595825425
2025-12-05 12:00:00+00:00,31.924,32.067,31.156,31.506,3554760.13,36.279580866471356
2025-12-05 16:00:00+00:00,31.509,31.553,30.48,31.118,2703108.88,34.35446272793115
2025-12-05 20:00:00+00:00,31.119,31.36,30.795,30.988,1265498.31,33.7090493838499
2025-12-06 00:00:00+00:00,30.989,31.236,30.623,31.113,731892.58,34.974055977624815
2025-12-06 04:00:00+00:00,31.114,31.415,31.028,31.075,384528.8,34.75691686709014
2025-12-06 08:00:00+00:00,31.075,31.098,30.661,30.867,434544.44,33.5297958767446
2025-12-06 12:00:00+00:00,30.866,31.2,30.622,30.87,561510.91,33.56622742753373
2025-12-06 16:00:00+00:00,30.871,31.492,30.853,31.028,534224.21,35.56915385248564
2025-12-06 20:00:00+00:00,31.026,31.282,30.735,30.961,564722.65,35.08608022120599
2025-12-07 00:00:00+00:00,30.962,31.175,30.805,30.978,337223.66,35.326089329040016
2025-12-07 04:00:00+00:00,30.974,31.231,30.495,30.523,515364.85,31.923938862670283
2025-12-07 08:00:00+00:00,30.523,30.544,29.15,29.685,3369458.65,26.803900086095695
2025-12-07 12:00:00+00:00,29.68,30.077,28.143,29.085,4235405.31,23.853984264123483
2025-12-07 16:00:00+00:00,29.076,29.879,28.797,29.685,2634043.71,31.922604056642015
2025-12-07 20:00:00+00:00,29.686,29.949,28.452,29.741,1878810.28,32.64002727785781
2025-12-08 00:00:00+00:00,29.735,31.007,29.459,30.011,2095154.79,36.134634095480706
2025-12-08 04:00:00+00:00,30.009,30.555,29.882,30.017,904891.8,36.213828613906834
2025-12-08 08:00:00+00:00,30.017,30.85,29.98,30.663,961669.57,44.2320872189459
2025-12-08 12:00:00+00:00,30.662,30.716,29.083,29.581,2190400.94,36.05653742450141
2025-12-08 16:00:00+00:00,29.582,30.013,28.568,29.074,2657547.16,32.98043173351576
2025-12-08 20:00:00+00:00,29.079,29.913,29.045,29.491,1618315.58,37.68905910681564
2025-12-09 00:00:00+00:00,29.496,29.546,28.447,28.63,1325211.84,32.59670922236117
2025-12-09 04:00:00+00:00,28.632,28.721,27.448,28.31,3673987.12,30.92433005138342
2025-12-09 08:00:00+00:00,28.311,28.437,27.5,27.992,1926518.16,29.31476254081079
2025-12-09 12:00:00+00:00,27.99,28.82,27.798,28.544,2379993.98,35.58248169206742
2025-12-09 16:00:00+00:00,28.545,29.328,28.26,29.088,2594676.26,41.12324009827527
2025-12-09 20:00:00+00:00,29.088,29.149,27.499,27.914,2677680.67,34.2721397971593
2025-12-10 00:00:00+00:00,27.913,28.95,27.601,28.843,1781816.65,42.44358769228197
2025-12-10 04:00:00+00:00,28.85,29.55,28.653,29.324,1548004.38,46.17479404311562
2025-12-10 08:00:00+00:00,29.333,29.5,28.996,29.123,1047037.8,44.865890892103025
2025-12-10 12:00:00+00:00,29.129,29.325,28.731,29.047,941782.98,44.35392990209036
2025-12-10 16:00:00+00:00,29.048,29.965,28.821,29.5,2143380.1,48.15166511154864
2025-12-10 20:00:00+00:00,29.5,30.003,28.831,28.843,1929283.75,43.51330846422843
2025-12-11 00:00:00+00:00,28.842,29.193,28.149,28.636,1951214.84,42.13610877890352
2025-12-11 04:00:00+00:00,28.632,28.863,27.946,28.097,1072542.64,38.70129344965621
2025-12-11 08:00:00+00:00,28.096,28.122,27.091,27.228,1822931.29,33.902845279069695
2025-12-11 12:00:00+00:00,27.232,28.136,26.874,27.55,2938766.76,37.01890870136692
2025-12-11 16:00:00+00:00,27.55,28.558,27.446,28.189,1611843.1,42.78357186390529
2025-12-11 20:00:00+00:00,28.19,29.239,28.184,29.159,2002287.54,50.230580971604105
2025-12-12 00:00:00+00:00,29.16,29.631,28.854,29.467,1202349.33,52.3512660181889
2025-12-12 04:00:00+00:00,29.466,29.828,29.285,29.501,932719.68,52.59141650219271
2025-12-12 08:00:00+00:00,29.501,29.993,29.145,29.866,1196342.54,55.2017260520144
2025-12-12 12:00:00+00:00,29.867,29.903,28.593,28.892,1619169.69,47.660463364815925
2025-12-12 16:00:00+00:00,28.893,30.309,28.679,28.841,3630184.96,47.29611836535175
2025-12-12 20:00:00+00:00,28.839,29.076,28.361,28.616,1641691.86,45.63850592741626
2025-12-13 00:00:00+00:00,28.616,28.866,28.361,28.534,445669.0,45.01924775163744
2025-12-13 04:00:00+00:00,28.534,28.552,27.957,28.045,1491653.7,41.41069896121145
2025-12-13 08:00:00+00:00,28.045,29.045,27.939,28.944,1608916.87,49.43520191305816
2025-12-13 12:00:00+00:00,28.939,29.5,28.848,29.2,949435.73,51.473392141436854
2025-12-13 16:00:00+00:00,29.2,29.391,28.791,28.936,705123.16,49.26788240745589
2025-12-13 20:00:00+00:00,28.935,29.775,28.627,29.622,1040810.98,54.69955439525506
2025-12-14 00:00:00+00:00,29.623,29.88,29.2,29.276,836587.04,51.6933278646299
2025-12-14 04:00:00+00:00,29.276,29.618,28.94,29.57,725233.44,54.006410430277285
2025-12-14 08:00:00+00:00,29.576,29.608,28.622,28.844,982745.21,47.90613899935763
2025-12-14 12:00:00+00:00,28.845,29.944,28.664,28.861,2135737.92,48.0541016463813
2025-12-14 16:00:00+00:00,28.861,29.574,28.754,29.153,1057240.16,50.64706933877577
2025-12-14 20:00:00+00:00,29.153,29.312,28.353,28.846,1343434.02,47.93772932813364
2025-12-15 00:00:00+00:00,28.852,29.6,28.634,29.004,1214568.86,49.43688390805341
2025-12-15 04:00:00+00:00,29.004,29.325,28.973,29.148,535585.35,50.82665461662259
2025-12-15 08:00:00+00:00,29.148,29.538,29.02,29.408,519018.23,53.321380680600534
2025-12-15 12:00:00+00:00,29.408,29.514,27.4,27.762,3114485.93,39.61802109230955
2025-12-15 16:00:00+00:00,27.765,28.132,27.188,27.557,3710955.06,38.29791301082104
2025-12-15 20:00:00+00:00,27.558,27.738,27.181,27.616,1154217.29,38.92863384936032
2025-12-16 00:00:00+00:00,27.616,27.68,26.313,26.708,2538277.97,33.28893684655887
2025-12-16 04:00:00+00:00,26.71,26.787,26.0,26.322,2120981.09,31.218398096270462
2025-12-16 08:00:00+00:00,26.323,27.423,26.264,27.415,1151269.7,42.18435114676405
2025-12-16 12:00:00+00:00,27.416,27.611,26.8,27.284,2107744.35,41.33377157499019
2025-12-16 16:00:00+00:00,27.284,27.327,26.276,26.923,1726028.1,39.00004854545288
2025-12-16 20:00:00+00:00,26.916,27.182,26.511,26.809,995357.28,38.2653116242017
2025-12-17 00:00:00+00:00,26.809,28.351,26.217,27.04,5304413.47,40.70307043245333
2025-12-17 04:00:00+00:00,27.042,27.292,26.55,27.198,1734151.14,42.37906109654688
2025-12-17 08:00:00+00:00,27.187,27.684,26.666,27.633,1165102.63,46.83445884802222
2025-12-17 12:00:00+00:00,27.627,27.9,26.599,26.742,3023617.15,40.01027366991246
2025-12-17 16:00:00+00:00,26.746,27.055,24.692,24.753,8795928.54,29.63088664489291
2025-12-17 20:00:00+00:00,24.752,25.03,24.15,24.483,3748561.25,28.548224500144812
2025-12-18 00:00:00+00:00,24.48,24.768,24.103,24.186,2103182.89,27.363813858147623
2025-12-18 04:00:00+00:00,24.192,24.582,23.903,23.984,1214790.19,26.556804415808585
2025-12-18 08:00:00+00:00,23.984,24.486,23.681,24.363,2359355.5,30.68716686233539
2025-12-18 12:00:00+00:00,24.37,25.293,24.1,24.676,4579063.6,33.98891021265645
2025-12-18 16:00:00+00:00,24.68,24.801,22.6,22.791,7002792.58,25.966642368448888
2025-12-18 20:00:00+00:00,22.785,23.23,22.432,22.454,2545219.84,24.83794177770031
2025-12-19 00:00:00+00:00,22.452,23.305,22.205,23.069,2599785.46,30.753436605030075
2025-12-19 04:00:00+00:00,23.075,24.199,23.01,23.921,2245448.11,38.0299513566867
2025-12-19 08:00:00+00:00,23.921,24.794,23.753,24.577,1790754.34,42.996720342302716
2025-12-19 12:00:00+00:00,24.586,24.706,23.71,23.867,2472719.56,39.32321764368726
2025-12-19 16:00:00+00:00,23.868,25.162,23.809,24.753,2062285.86,45.572413888855735
2025-12-19 20:00:00+00:00,24.753,24.93,24.431,24.861,749033.68,46.29845814310714
2025-12-20 00:00:00+00:00,24.863,24.893,24.331,24.58,524344.55,44.63028573208364
2025-12-20 04:00:00+00:00,24.579,24.963,24.533,24.916,567301.3,47.08537760344739
2025-12-20 08:00:00+00:00,24.916,25.52,24.505,24.687,893290.39,45.60131003792517
2025-12-20 12:00:00+00:00,24.687,24.847,24.455,24.682,533060.09,45.56753915643103
2025-12-20 16:00:00+00:00,24.688,25.355,24.627,25.143,845126.82,49.29594655874876
2025-12-20 20:00:00+00:00,25.143,25.267,23.8,23.996,1369625.33,41.65154214828012
2025-12-21 00:00:00+00:00,23.995,24.13,23.6,23.897,1113397.86,41.05970163113715
2025-12-21 04:00:00+00:00,23.898,24.277,23.838,24.192,559657.5,43.630054376294616
2025-12-21 08:00:00+00:00,24.189,24.639,24.001,24.294,2321923.78,44.53078567097255
2025-12-21 12:00:00+00:00,24.293,24.415,23.718,24.174,1812109.59,43.64715788625435
2025-12-21 16:00:00+00:00,24.173,24.531,24.023,24.355,1525550.58,45.40682049697989
2025-12-21 20:00:00+00:00,24.354,24.855,24.021,24.837,798796.67,49.893838979602975
2025-12-22 00:00:00+00:00,24.836,25.0,24.451,24.762,1336061.55,49.216002843881874
2025-12-22 04:00:00+00:00,24.757,25.424,24.641,25.388,754538.88,54.74268325043357
2025-12-22 08:00:00+00:00,25.389,25.695,24.975,25.073,898973.07,51.69409142369803
2025-12-22 12:00:00+00:00,25.074,25.437,24.39,24.712,1789990.48,48.369587031225045
2025-12-22 16:00:00+00:00,24.715,25.221,24.531,24.648,1722959.56,47.78288735425263
2025-12-22 20:00:00+00:00,24.643,25.113,24.54,24.867,1083116.47,50.017047006939585
2025-12-23 00:00:00+00:00,24.869,25.005,24.335,24.336,775311.67,44.99063001250831
2025-12-23 04:00:00+00:00,24.337,24.486,24.013,24.264,1155259.34,44.33996349730203
2025-12-23 08:00:00+00:00,24.259,24.419,23.815,24.303,704807.73,44.80560124896611
2025-12-23 12:00:00+00:00,24.306,24.607,23.646,24.081,1308824.24,42.61990299920304
2025-12-23 16:00:00+00:00,24.08,24.586,24.039,24.566,817646.55,48.5274480606097
2025-12-23 20:00:00+00:00,24.566,24.755,23.8,23.947,1205424.53,42.511721947701226
2025-12-24 00:00:00+00:00,23.948,24.396,23.636,24.065,1105794.25,43.93845174309797
2025-12-24 04:00:00+00:00,24.061,24.231,23.709,23.718,582108.83,40.736749406622295
2025-12-24 08:00:00+00:00,23.718,23.999,23.609,23.925,447547.97,43.386947454648244
2025-12-24 12:00:00+00:00,23.92,24.293,23.791,24.277,602864.04,47.67225396460487
2025-12-24 16:00:00+00:00,24.271,24.703,24.154,24.666,729152.09,51.99667763483431
2025-12-24 20:00:00+00:00,24.663,25.238,24.423,25.155,1237455.25,56.82676254247354
2025-12-25 00:00:00+00:00,25.163,25.201,24.781,24.852,842678.04,53.251300745096515
2025-12-25 04:00:00+00:00,24.863,25.159,24.587,24.706,1029530.75,51.567651983284314
2025-12-25 08:00:00+00:00,24.704,24.73,24.484,24.641,180730.78,50.797618148729164
2025-12-25 12:00:00+00:00,24.641,24.897,24.533,24.807,256006.31,52.738587006716095
2025-12-25 16:00:00+00:00,24.81,25.218,24.763,24.924,476437.55,54.11259234739381
2025-12-25 20:00:00+00:00,24.924,25.014,24.186,24.4,1100478.22,47.458002642016126
2025-12-26 00:00:00+00:00,24.399,25.12,24.364,24.949,736551.43,53.860139603959155
2025-12-26 04:00:00+00:00,24.947,25.517,24.791,25.108,914855.98,55.54943324973071
2025-12-26 08:00:00+00:00,25.108,25.495,24.834,24.912,929607.27,52.97465043191738
2025-12-26 12:00:00+00:00,24.912,25.169,24.705,24.985,679602.5,53.83296100670749
2025-12-26 16:00:00+00:00,24.979,25.05,24.752,24.995,522469.22,53.956937246150076
2025-12-26 20:00:00+00:00,24.996,25.836,24.969,25.79,751699.9,62.563882674258636
2025-12-27 00:00:00+00:00,25.789,26.429,25.555,25.919,1077887.61,63.7480774820932
2025-12-27 04:00:00+00:00,25.925,26.075,25.754,25.942,378096.38,63.96693244421919
2025-12-27 08:00:00+00:00,25.943,26.341,25.941,26.109,606012.55,65.59123796727731
2025-12-27 12:00:00+00:00,26.106,26.17,25.71,25.963,474035.1,62.92080415919338
2025-12-27 16:00:00+00:00,25.962,25.98,25.381,25.698,879872.78,58.282572817193355
2025-12-27 20:00:00+00:00,25.698,26.153,25.584,25.967,638561.47,61.39363136596673
2025-12-28 00:00:00+00:00,25.968,26.204,25.868,26.096,420552.51,62.82535632482248
2025-12-28 04:00:00+00:00,26.098,26.312,25.71,25.815,510049.46,57.79720038626582
2025-12-28 08:00:00+00:00,25.817,26.038,25.755,25.86,188497.97,58.37178297918835
2025-12-28 12:00:00+00:00,25.861,25.908,25.067,25.163,999677.15,47.568908355211974
2025-12-28 16:00:00+00:00,25.161,25.473,24.909,24.975,1543800.14,45.142140258015516
2025-12-28 20:00:00+00:00,24.974,25.453,24.816,25.358,1044048.34,50.66410593565395
2025-12-29 00:00:00+00:00,25.355,26.288,25.252,26.093,2641939.03,59.160076702078406
2025-12-29 04:00:00+00:00,26.098,26.291,25.789,25.935,900936.4,56.89201053852008
2025-12-29 08:00:00+00:00,25.935,26.116,25.52,25.655,1252541.54,53.01321604494838
2025-12-29 12:00:00+00:00,25.654,26.13,25.31,26.027,1351313.69,57.18928412940458
2025-12-29 16:00:00+00:00,26.027,26.45,25.607,25.645,1271896.36,52.07133817701086
2025-12-29 20:00:00+00:00,25.643,26.0,25.629,25.789,758051.04,53.75154250854514
2025-12-30 00:00:00+00:00,25.794,25.885,25.37,25.76,607292.24,53.34595137700349
2025-12-30 04:00:00+00:00,25.758,26.44,25.73,26.14,1413901.98,57.83561282439858
2025-12-30 08:00:00+00:00,26.135,26.698,25.727,25.883,1392591.35,54.04740894660121
2025-12-30 12:00:00+00:00,25.882,25.883,25.355,25.773,881050.92,52.463467089137666
2025-12-30 16:00:00+00:00,25.776,26.0,25.532,25.989,796732.46,55.23757717761461
2025-12-30 20:00:00+00:00,25.995,26.093,25.763,25.971,622605.82,54.94979380823916
2025-12-31 00:00:00+00:00,25.971,26.118,25.689,25.83,668824.44,52.63640524381591
2025-12-31 04:00:00+00:00,25.831,26.087,25.727,25.77,597994.6,51.64011351086947
2025-12-31 08:00:00+00:00,25.76,25.93,25.712,25.792,460885.79,51.998876653528576
2025-12-31 12:00:00+00:00,25.788,26.238,25.76,25.927,819193.86,54.242158527747144
2025-12-31 16:00:00+00:00,25.928,26.1,25.567,25.755,698710.5,50.973593998069056
2025-12-31 20:00:00+00:00,25.754,25.91,25.3,25.45,851527.77,45.71320515174483
2026-01-01 00:00:00+00:00,25.45,26.076,25.417,25.576,864056.0,48.09622115893882
2026-01-01 04:00:00+00:00,25.581,25.713,25.394,25.668,468221.11,49.828014294519804
2026-01-01 08:00:00+00:00,25.669,25.857,25.558,25.779,266817.08,51.912730712489136
2026-01-01 12:00:00+00:00,25.78,25.783,24.021,24.278,2708144.58,32.342338996233536
2026-01-01 16:00:00+00:00,24.28,24.619,23.939,24.39,3417435.44,34.331654789822394
2026-01-01 20:00:00+00:00,24.389,24.491,23.787,24.231,1304466.17,32.854762354219744
2026-01-02 00:00:00+00:00,24.232,24.605,24.057,24.498,975231.43,37.70130355453476
2026-01-02 04:00:00+00:00,24.498,24.811,24.161,24.295,1158015.95,35.597497860223655
2026-01-02 08:00:00+00:00,24.295,24.998,24.266,24.462,1131474.52,38.63139350234548
2026-01-02 12:00:00+00:00,24.46,24.71,24.259,24.494,1154817.78,39.22222128835434
2026-01-02 16:00:00+00:00,24.495,24.878,24.4,24.611,1351010.98,41.44205796157913
2026-01-02 20:00:00+00:00,24.62,24.651,24.057,24.582,1257774.94,41.04192827403319
2026-01-03 00:00:00+00:00,24.581,24.75,24.401,24.55,850176.74,40.576375015555236
2026-01-03 04:00:00+00:00,24.551,25.229,24.308,24.511,1673617.93,39.981129699016854
2026-01-03 08:00:00+00:00,24.511,24.681,24.275,24.385,1135646.49,38.03957760098019
2026-01-03 12:00:00+00:00,24.39,24.972,24.3,24.782,694878.85,46.80494102025349
2026-01-03 16:00:00+00:00,24.783,25.19,24.696,24.8,773984.36,47.16986629924958
2026-01-03 20:00:00+00:00,24.804,25.438,24.474,25.379,1664665.29,57.3138847145162
2026-01-04 00:00:00+00:00,25.376,25.578,25.038,25.295,1132441.53,55.644576366448625
2026-01-04 04:00:00+00:00,25.296,25.353,24.951,25.143,661828.93,52.65594001258678
2026-01-04 08:00:00+00:00,25.143,25.342,24.854,25.243,663080.84,54.39149033705532
2026-01-04 12:00:00+00:00,25.237,26.15,25.066,26.148,1158293.1,66.39704940867281
2026-01-04 16:00:00+00:00,26.148,26.406,25.751,25.859,1176879.59,60.885376333298346
2026-01-04 20:00:00+00:00,25.86,26.889,25.815,26.871,2414776.33,70.21067393304833
2026-01-05 00:00:00+00:00,26.871,27.386,26.33,26.428,2611859.4,63.11690356031981
2026-01-05 04:00:00+00:00,26.43,26.643,26.148,26.409,789785.4,62.823724987880176
2026-01-05 08:00:00+00:00,26.401,26.766,25.933,26.348,1741406.37,61.83071925225583
2026-01-05 12:00:00+00:00,26.342,26.581,25.8,26.422,1764727.38,62.60295853125065
2026-01-05 16:00:00+00:00,26.421,27.2,26.169,27.073,1694762.08,68.61816104122792
2026-01-05 20:00:00+00:00,27.073,27.484,26.391,26.507,2313048.76,59.63670455746098
2026-01-06 00:00:00+00:00,26.507,26.828,26.1,26.399,1830927.22,58.07468465503039
2026-01-06 04:00:00+00:00,26.401,27.131,26.329,26.388,1804391.9,57.90831753967648
2026-01-06 08:00:00+00:00,26.385,27.04,26.19,26.923,1402242.62,63.400022806943724
2026-01-06 12:00:00+00:00,26.922,27.439,26.88,27.169,1676685.02,65.62112530833775
2026-01-06 16:00:00+00:00,27.168,27.567,26.477,27.089,2960895.14,64.25548121664917
2026-01-06 20:00:00+00:00,27.08,28.38,27.064,28.241,2226300.99,72.97673390184387
2026-01-07 00:00:00+00:00,28.241,28.38,27.456,27.807,1478471.16,66.40345547273887
2026-01-07 04:00:00+00:00,27.807,27.993,27.291,27.615,656361.54,63.67110638199277
2026-01-07 08:00:00+00:00,27.615,27.743,26.986,27.038,1658633.93,56.18851046747256
2026-01-07 12:00:00+00:00,27.034,27.093,26.487,26.487,1861350.6,50.129972529734914
2026-01-07 16:00:00+00:00,26.487,27.199,26.481,26.888,1289594.51,54.015988859416524
2026-01-07 20:00:00+00:00,26.889,27.116,26.514,26.875,1383035.82,53.86943707387109
2026-01-08 00:00:00+00:00,26.876,27.089,26.363,26.514,737616.51,49.8266660425772
2026-01-08 04:00:00+00:00,26.515,26.732,26.133,26.707,1100525.63,51.90479859824874
2026-01-08 08:00:00+00:00,26.7,26.747,25.83,26.149,1399080.59,45.97568141680363
2026-01-08 12:00:00+00:00,26.15,26.293,25.7,26.191,1603601.9,46.47132421263271
2026-01-08 16:00:00+00:00,26.191,26.305,25.761,25.95,1201457.88,43.97806163017351
2026-01-08 20:00:00+00:00,25.95,25.962,25.573,25.663,843545.81,41.14686970904961
2026-01-09 00:00:00+00:00,25.663,25.787,25.42,25.728,875217.08,42.056683920327465
2026-01-09 04:00:00+00:00,25.735,26.208,25.687,26.086,646569.21,46.92344708252034
2026-01-09 08:00:00+00:00,26.089,26.124,25.237,25.506,2434504.49,40.926007329744664
2026-01-09 12:00:00+00:00,25.506,25.99,25.319,25.621,1278504.01,42.4954052144506
2026-01-09 16:00:00+00:00,25.618,25.925,25.02,25.105,1630846.01,37.6607821646612
2026-01-09 20:00:00+00:00,25.112,25.199,24.91,25.054,895399.87,37.210185844796314
2026-01-10 00:00:00+00:00,25.055,25.074,24.208,24.403,2592202.78,31.95453710569454
2026-01-10 04:00:00+00:00,24.399,24.434,24.176,24.331,567745.24,31.425863170960938
2026-01-10 08:00:00+00:00,24.332,24.681,24.239,24.552,577202.44,34.9816504334853
2026-01-10 12:00:00+00:00,24.561,24.628,24.187,24.317,538004.03,33.02089028977332
2026-01-10 16:00:00+00:00,24.317,24.33,23.855,24.117,968556.36,31.40741193966703
2026-01-10 20:00:00+00:00,24.112,24.242,23.784,24.02,593602.38,30.625805188996125
2026-01-11 00:00:00+00:00,24.02,24.2,23.969,24.191,436477.63,33.755589781820504
2026-01-11 04:00:00+00:00,24.192,24.485,24.134,24.447,292361.4,38.247196375688304
2026-01-11 08:00:00+00:00,24.447,24.51,24.308,24.426,387801.49,38.01946519948986
2026-01-11 12:00:00+00:00,24.428,24.626,24.361,24.421,513255.34,37.961508754090694
2026-01-11 16:00:00+00:00,24.421,24.653,24.374,24.546,427835.63,40.40726811748575
2026-01-11 20:00:00+00:00,24.542,24.545,24.236,24.42,542621.62,38.74898732655969
2026-01-12 00:00:00+00:00,24.421,25.392,24.281,24.879,1779613.38,47.24287519680472
2026-01-12 04:00:00+00:00,24.88,25.101,24.689,24.71,670297.96,44.78057167583177
2026-01-12 08:00:00+00:00,24.72,24.85,23.61,23.992,2088512.4,36.158075739255146
2026-01-12 12:00:00+00:00,23.987,24.107,23.101,23.589,2132987.27,32.388445485952175
2026-01-12 16:00:00+00:00,23.581,23.93,23.256,23.9,1901178.26,37.779422819340354
2026-01-12 20:00:00+00:00,23.906,24.142,23.69,23.76,1554564.69,36.373429785935386
2026-01-13 00:00:00+00:00,23.758,24.255,23.738,24.235,904213.93,43.98975654162549
2026-01-13 04:00:00+00:00,24.236,24.493,24.19,24.275,544008.69,44.59125762335526
2026-01-13 08:00:00+00:00,24.276,24.679,24.045,24.306,1243850.66,45.08347662310963
2026-01-13 12:00:00+00:00,24.307,24.692,24.249,24.395,1778237.09,46.55148561293416
2026-01-13 16:00:00+00:00,24.395,25.043,24.389,24.974,1596759.44,54.98250757127883
2026-01-13 20:00:00+00:00,24.978,25.852,24.709,25.767,2865274.06,63.47942655172309
2026-01-14 00:00:00+00:00,25.766,26.136,25.62,26.075,992514.5,66.15169061609997
2026-01-14 04:00:00+00:00,26.07,26.211,25.715,26.192,804572.91,67.1354509102552
2026-01-14 08:00:00+00:00,26.193,26.547,25.803,25.823,1178881.92,61.1036796974799
2026-01-14 12:00:00+00:00,25.825,26.615,25.751,26.339,1819894.89,65.73919982163298
2026-01-14 16:00:00+00:00,26.339,26.878,25.81,26.34,2732390.49,65.74771932794101
2026-01-14 20:00:00+00:00,26.342,26.468,25.641,25.961,1710282.89,59.68957891028283
2026-01-15 00:00:00+00:00,25.967,26.104,24.712,24.725,3231373.15,45.09603051493434
2026-01-15 04:00:00+00:00,24.724,25.392,24.707,25.025,1697815.74,48.394024411011166
2026-01-15 08:00:00+00:00,25.026,25.347,24.938,25.209,1056247.25,50.36340361960205
2026-01-15 12:00:00+00:00,25.209,25.6,24.492,24.9,1857815.06,47.11189248204943
2026-01-15 16:00:00+00:00,24.897,25.275,24.5,25.0,1792351.48,48.27572579143145
2026-01-15 20:00:00+00:00,25.0,25.2,24.337,24.724,1273143.21,45.31198889817661
2026-01-16 00:00:00+00:00,24.725,24.866,24.499,24.585,523742.94,43.85186631660462
2026-01-16 04:00:00+00:00,24.584,25.04,24.482,24.822,548879.76,46.988504859484244
2026-01-16 08:00:00+00:00,24.821,25.131,24.686,25.13,916152.62,50.8325944067694
2026-01-16 12:00:00+00:00,25.13,25.243,24.58,24.819,1109880.07,47.11726066498041
2026-01-16 16:00:00+00:00,24.815,25.11,24.729,24.822,604507.74,47.157382928237276
2026-01-16 20:00:00+00:00,24.821,25.139,24.664,24.999,665696.32,49.58760256644339
2026-01-17 00:00:00+00:00,25.009,25.029,24.786,24.817,291037.04,47.18465235523802
2026-01-17 04:00:00+00:00,24.813,25.036,24.749,24.95,297430.17,49.12483419215956
2026-01-17 08:00:00+00:00,24.949,25.349,24.949,25.275,426911.77,53.60947799616456
2026-01-17 12:00:00+00:00,25.269,25.67,25.068,25.663,591428.02,58.33184207226178
2026-01-17 16:00:00+00:00,25.664,25.835,25.352,25.653,661620.24,58.16749441350071
2026-01-17 20:00:00+00:00,25.653,25.725,25.35,25.421,803659.7,54.342176556992584
2026-01-18 00:00:00+00:00,25.421,25.567,25.238,25.482,307824.31,55.17684902376738
2026-01-18 04:00:00+00:00,25.483,26.04,25.424,25.841,487901.69,59.831007041546016
2026-01-18 08:00:00+00:00,25.842,26.136,25.729,26.016,469078.44,61.90739135584975
2026-01-18 12:00:00+00:00,26.017,26.031,25.69,25.832,342943.4,58.48428466496781
2026-01-18 16:00:00+00:00,25.829,25.893,25.059,25.173,1602429.34,48.203841119710866
2026-01-18 20:00:00+00:00,25.173,25.278,24.337,24.461,1416858.21,40.01887621661559
2026-01-19 00:00:00+00:00,24.461,24.466,23.011,23.937,3529102.2,35.272064247567144
2026-01-19 04:00:00+00:00,23.938,24.029,23.663,23.819,822121.91,34.28581425807042
2026-01-19 08:00:00+00:00,23.819,24.246,23.786,24.109,796116.07,38.81385086835757
2026-01-19 12:00:00+00:00,24.109,24.109,23.493,23.751,1440492.17,35.556671947214085
2026-01-19 16:00:00+00:00,23.752,24.151,23.733,24.039,754152.07,39.92432081630568
2026-01-19 20:00:00+00:00,24.04,24.111,23.539,23.726,802880.18,36.99010625508634
2026-01-20 00:00:00+00:00,23.727,23.778,23.438,23.764,807559.46,37.5898059208512
2026-01-20 04:00:00+00:00,23.765,23.876,23.087,23.096,1815619.25,31.850953610380444
2026-01-20 08:00:00+00:00,23.095,23.257,22.711,22.76,2046436.31,29.418094278979098
2026-01-20 12:00:00+00:00,22.756,22.889,21.576,22.081,6487757.88,25.22494795166746
2026-01-20 16:00:00+00:00,22.081,22.176,20.965,21.54,4649987.36,22.476055477555676
2026-01-20 20:00:00+00:00,21.536,21.849,20.794,20.978,2775761.69,20.03368246143235
2026-01-21 00:00:00+00:00,20.981,21.565,20.871,21.437,1565225.9,27.009854475428185
2026-01-21 04:00:00+00:00,21.425,21.782,21.221,21.262,1110561.94,26.075829970406318
2026-01-21 08:00:00+00:00,21.258,21.266,20.548,20.697,2485318.12,23.277105852843988
2026-01-21 12:00:00+00:00,20.698,21.61,20.493,21.581,2379647.98,35.02721574052805
2026-01-21 16:00:00+00:00,21.58,22.023,20.463,21.874,4906566.37,38.39491683542793
2026-01-21 20:00:00+00:00,21.881,22.095,21.417,21.526,1549219.34,36.00769030738163
2026-01-22 00:00:00+00:00,21.529,22.2,21.473,21.566,1571050.01,36.49643654535408
2026-01-22 04:00:00+00:00,21.57,21.96,21.566,21.931,588077.54,40.92987884010587
2026-01-22 08:00:00+00:00,21.931,22.212,21.806,21.807,986566.53,39.910481638699515
2026-01-22 12:00:00+00:00,21.807,21.979,21.092,21.27,1880962.9,35.757093897281635
2026-01-22 16:00:00+00:00,21.267,21.75,21.112,21.418,1693334.22,37.681963792206105
2026-01-22 20:00:00+00:00,21.416,21.498,21.26,21.439,392018.55,37.96598342793145
2026-01-23 00:00:00+00:00,21.443,21.806,21.369,21.806,444253.14,42.866656173338306
2026-01-23 04:00:00+00:00,21.805,21.846,21.393,21.445,509120.31,39.556352330401374
2026-01-23 08:00:00+00:00,21.445,21.485,20.837,21.237,1398962.93,37.747602751400784
2026-01-23 12:00:00+00:00,21.231,22.351,21.153,22.338,2133943.24,50.619118964986995
2026-01-23 16:00:00+00:00,22.334,23.082,22.224,22.395,3193439.15,51.18188368800935
2026-01-23 20:00:00+00:00,22.395,22.744,22.304,22.641,836026.26,53.637603657059564
2026-01-24 00:00:00+00:00,22.641,23.3,22.602,23.108,1533568.9,57.96092423697198
2026-01-24 04:00:00+00:00,23.106,23.168,22.811,22.814,509210.41,54.514425394976264
2026-01-24 08:00:00+00:00,22.816,23.462,22.812,23.212,643700.4,58.14296387309716
2026-01-24 12:00:00+00:00,23.212,23.462,23.002,23.039,744326.31,56.04990872391705
2026-01-24 16:00:00+00:00,23.042,23.665,22.907,23.434,1204570.93,59.6238248543279
2026-01-24 20:00:00+00:00,23.433,23.744,23.154,23.196,1337883.03,56.635434298460886
2026-01-25 00:00:00+00:00,23.198,23.414,22.915,22.926,1008425.81,53.36755278485486
2026-01-25 04:00:00+00:00,22.929,22.985,22.712,22.897,550546.11,53.01373036501139
2026-01-25 08:00:00+00:00,22.894,22.99,22.33,22.495,1405422.64,48.23929767709887
2026-01-25 12:00:00+00:00,22.494,22.719,22.417,22.447,617080.49,47.68705020498618
2026-01-25 16:00:00+00:00,22.449,22.602,21.659,21.8,2507452.64,40.89164888634522
2026-01-25 20:00:00+00:00,21.801,22.286,21.621,22.204,1661326.32,46.06038392655991
2026-01-26 00:00:00+00:00,22.205,22.52,21.823,21.962,1754594.02,43.6008701133274
2026-01-26 04:00:00+00:00,21.962,22.335,21.936,22.313,708032.0,47.94276442676974
2026-01-26 08:00:00+00:00,22.314,22.6,22.021,22.276,1765041.51,47.52739915371604
2026-01-26 12:00:00+00:00,22.275,22.882,22.111,22.449,1471301.21,49.72083158485675
2026-01-26 16:00:00+00:00,22.449,24.41,22.401,24.1,3827524.33,64.8302221670892
2026-01-26 20:00:00+00:00,24.1,25.324,23.947,24.927,2559819.19,69.73619862152694
2026-01-27 00:00:00+00:00,24.929,26.455,24.895,26.1,2692354.09,75.0520001061689
2026-01-27 04:00:00+00:00,26.1,27.793,26.034,27.412,3037188.77,79.40863296101324
2026-01-27 08:00:00+00:00,27.418,28.081,27.2,27.724,2938206.61,80.2900980859411
2026-01-27 12:00:00+00:00,27.721,28.18,27.131,28.163,2336321.34,81.49071434866951
2026-01-27 16:00:00+00:00,28.153,29.114,27.408,28.789,4275255.27,83.07403105668456
2026-01-27 20:00:00+00:00,28.783,30.96,28.731,30.814,5979465.19,86.95994333947378
2026-01-28 00:00:00+00:00,30.8,33.9,30.709,33.534,9396463.35,90.21089774316788
2026-01-28 04:00:00+00:00,33.534,34.228,32.374,33.482,4636134.35,89.75023180472246
2026-01-28 08:00:00+00:00,33.482,34.791,33.377,33.892,4170872.97,90.17619495353671
2026-01-28 12:00:00+00:00,33.888,34.647,33.0,33.447,3919684.37,85.99874793012364
2026-01-28 16:00:00+00:00,33.459,33.605,32.331,33.351,3765327.68,85.08303796815571
2026-01-28 20:00:00+00:00,33.339,34.503,32.76,34.419,3501705.94,86.77070654340041
2026-01-29 00:00:00+00:00,34.42,34.434,31.635,31.715,3844208.95,66.31412933334916
2026-01-29 04:00:00+00:00,31.729,33.231,31.068,32.419,3483379.24,68.40275093038825
2026-01-29 08:00:00+00:00,32.425,33.795,31.804,33.291,1965000.18,70.81642686847778
2026-01-29 12:00:00+00:00,33.301,34.536,31.728,33.1,6001206.45,69.5629700719393
2026-01-29 16:00:00+00:00,33.1,33.95,31.903,32.09,4344452.54,63.193271399565916
2026-01-29 20:00:00+00:00,32.086,32.849,30.37,30.755,4705653.98,55.90631436246742
2026-01-30 00:00:00+00:00,30.756,30.808,28.135,29.209,5683622.65,48.87728508213439
2026-01-30 04:00:00+00:00,29.209,29.755,28.489,29.113,2965534.44,48.46976237965001
2026-01-30 08:00:00+00:00,29.108,30.888,28.997,30.59,2171994.33,54.72440936622649
2026-01-30 12:00:00+00:00,30.6,30.682,28.705,28.948,2552522.92,47.78099354207381
2026-01-30 16:00:00+00:00,28.947,32.896,28.53,32.069,5392301.46,58.54697484180169
2026-01-30 20:00:00+00:00,32.076,32.102,30.248,30.6,2930935.34,53.0074254572717
2026-01-31 00:00:00+00:00,30.596,32.13,30.5,31.656,1591614.47,56.21462415175571
2026-01-31 04:00:00+00:00,31.65,31.848,30.42,30.613,1451132.37,52.40996651058841
2026-01-31 08:00:00+00:00,30.613,30.894,29.773,30.24,1543192.64,51.07854969942993
2026-01-31 12:00:00+00:00,30.234,30.451,28.415,28.631,3308685.8,45.68687698486454
2026-01-31 16:00:00+00:00,28.635,29.91,27.298,29.068,7058587.29,47.313527164720085
2026-01-31 20:00:00+00:00,29.056,31.146,28.578,30.981,3086142.2,53.83203692835466
2026-02-01 00:00:00+00:00,30.988,32.54,30.911,31.443,2666976.16,55.2713224032857
2026-02-01 04:00:00+00:00,31.439,31.982,30.17,30.669,1733808.72,52.32808856248053
2026-02-01 08:00:00+00:00,30.67,31.539,30.2,30.945,1280385.25,53.28340855302038
2026-02-01 12:00:00+00:00,30.945,31.047,28.449,28.965,2828320.36,46.14001150321563
2026-02-01 16:00:00+00:00,28.995,30.245,28.758,29.409,2285082.97,47.82906676851075
2026-02-01 20:00:00+00:00,29.408,31.2,28.91,30.557,3731813.8,52.018852691074706
2026-02-02 00:00:00+00:00,30.558,32.02,30.066,31.954,3499693.85,56.58778167423144
2026-02-02 04:00:00+00:00,31.966,32.0,29.435,31.188,3605370.74,53.5752932748229
2026-02-02 08:00:00+00:00,31.175,31.514,30.515,30.899,1267014.73,52.440994687779664
2026-02-02 12:00:00+00:00,30.898,33.333,30.371,32.723,5694300.17,58.423973793797856
2026-02-02 16:00:00+00:00,32.724,33.737,31.601,32.486,4001866.94,57.4133127520764
2026-02-02 20:00:00+00:00,32.484,33.99,32.211,33.3,3064804.73,59.974337103131745
2026-02-03 00:00:00+00:00,33.3,38.2,33.139,37.899,6818315.62,70.69651142564834
2026-02-03 04:00:00+00:00,37.908,38.441,36.698,37.275,3976021.08,68.03350012962164
2026-02-03 08:00:00+00:00,37.278,37.961,35.672,36.058,2768687.97,63.04557094610265
2026-02-03 12:00:00+00:00,36.061,36.405,33.541,34.192,4428834.37,56.23742809632384
2026-02-03 16:00:00+00:00,34.195,34.737,32.258,33.875,8612694.34,55.147907555070994
2026-02-03 20:00:00+00:00,33.876,35.646,32.456,32.684,4422019.06,51.13922816374271
2026-02-04 00:00:00+00:00,32.685,33.849,32.343,33.674,3087222.15,54.12435368054396
2026-02-04 04:00:00+00:00,33.673,34.0,32.856,33.366,1641293.54,53.038690101445845
2026-02-04 08:00:00+00:00,33.366,33.597,32.55,33.325,1468725.26,52.886612197907944
2026-02-04 12:00:00+00:00,33.311,34.321,32.476,34.021,3729853.05,55.23321353409857
2026-02-04 16:00:00+00:00,34.017,35.341,33.053,35.333,6051375.36,59.34403427999043
2026-02-04 20:00:00+00:00,35.324,36.22,34.455,35.45,4503176.03,59.699436753019086
2026-02-05 00:00:00+00:00,35.452,35.483,33.179,33.464,2998102.44,51.47394805984974
2026-02-05 04:00:00+00:00,33.46,34.673,33.271,34.182,1663062.27,53.94454790194812
2026-02-05 08:00:00+00:00,34.181,35.256,32.604,32.878,2692091.99,49.05929978069509
2026-02-05 12:00:00+00:00,32.873,33.009,31.081,31.831,6798183.59,45.4966566163449
2026-02-05 16:00:00+00:00,31.821,33.363,31.011,32.481,5331406.41,48.020345013730115
2026-02-05 20:00:00+00:00,32.492,34.486,31.813,33.076,5690533.15,50.28942430537841
2026-02-06 00:00:00+00:00,33.066,36.797,31.268,34.75,7594875.77,56.09627689938215
2026-02-06 04:00:00+00:00,34.75,35.6,32.85,32.889,2981131.99,49.21366445101802
2026-02-06 08:00:00+00:00,32.872,34.354,32.162,33.893,2489930.08,52.59301784541836
2026-02-06 12:00:00+00:00,33.889,34.92,32.31,32.45,3763706.87,47.682133426081066
2026-02-06 16:00:00+00:00,32.431,34.525,32.239,33.256,3909572.16,50.46442247172378
2026-02-06 20:00:00+00:00,33.261,33.261,32.224,32.372,2272552.92,47.481909750663625
2026-02-07 00:00:00+00:00,32.363,33.094,31.516,33.093,1860816.19,50.07366715577033
2026-02-07 04:00:00+00:00,33.094,33.291,32.317,32.974,1083696.09,49.63825722696081
2026-02-07 08:00:00+00:00,32.962,33.829,32.468,32.736,1005140.79,48.72569672630987
2026-02-07 12:00:00+00:00,32.735,33.243,31.867,32.06,872993.09,46.1315326134738
2026-02-07 16:00:00+00:00,32.051,32.556,31.2,31.543,2201631.68,44.193648608904034
2026-02-07 20:00:00+00:00,31.542,32.043,31.02,31.398,1007587.69,43.63994641295075
2026-02-08 00:00:00+00:00,31.409,31.976,30.999,31.312,934592.96,43.29348563746486
2026-02-08 04:00:00+00:00,31.323,31.881,30.509,31.019,1227551.77,42.068089502398045
2026-02-08 08:00:00+00:00,31.029,32.157,30.725,32.052,1310751.78,47.68967424985706
2026-02-08 12:00:00+00:00,32.055,32.262,31.061,31.61,973858.83,45.64852711541544
2026-02-08 16:00:00+00:00,31.609,32.978,31.407,32.731,1522011.56,51.337248260964564
2026-02-08 20:00:00+00:00,32.742,33.032,32.018,32.441,1249249.78,49.88269279561947
2026-02-09 00:00:00+00:00,32.436,33.5,32.213,33.106,1331716.97,53.160040657824865
2026-02-09 04:00:00+00:00,33.104,33.223,32.273,32.412,655082.15,49.52053305052514
2026-02-09 08:00:00+00:00,32.418,32.509,31.195,31.352,1231270.56,44.50831912767365
2026-02-09 12:00:00+00:00,31.352,32.12,31.203,31.271,1066983.59,44.14065866109621
2026-02-09 16:00:00+00:00,31.265,32.24,30.893,32.04,1739123.22,48.490921758303244
2026-02-09 20:00:00+00:00,32.043,32.14,31.219,31.317,727989.44,44.94675085191536
2026-02-10 00:00:00+00:00,31.322,31.534,30.565,30.768,974420.55,42.41185448065221
2026-02-10 04:00:00+00:00,30.764,30.996,29.737,29.989,1411319.86,39.0467639625637
2026-02-10 08:00:00+00:00,29.987,30.269,29.489,29.489,893093.46,37.01663487652249
2026-02-10 12:00:00+00:00,29.523,30.054,29.202,29.804,1466084.72,39.16265644069601
2026-02-10 16:00:00+00:00,29.803,30.53,29.565,29.832,1261009.51,39.36044283031457
2026-02-10 20:00:00+00:00,29.829,29.899,28.754,28.824,1505299.92,34.9547019766792
2026-02-11 00:00:00+00:00,28.834,29.248,28.663,28.777,1013818.88,34.75933442520355
2026-02-11 04:00:00+00:00,28.776,29.409,28.556,28.73,1138694.18,34.55136631794706
2026-02-11 08:00:00+00:00,28.734,29.27,28.367,29.087,1060500.79,37.60508835345376
2026-02-11 12:00:00+00:00,29.074,29.363,28.283,28.905,1572092.89,36.66584428022932
2026-02-11 16:00:00+00:00,28.895,29.79,28.895,29.514,1669668.29,41.89549013524127
2026-02-11 20:00:00+00:00,29.515,30.179,29.157,29.378,1320968.66,41.079719509558906
2026-02-12 00:00:00+00:00,29.366,30.92,29.361,30.53,1229872.99,49.96676886490828
2026-02-12 04:00:00+00:00,30.534,30.698,30.0,30.234,512254.87,47.9648795568006
2026-02-12 08:00:00+00:00,30.212,31.766,30.109,31.631,1330237.81,56.768283863680004
2026-02-12 12:00:00+00:00,31.619,31.797,30.626,30.765,1656879.72,51.00734851566874
2026-02-12 16:00:00+00:00,30.778,30.898,29.291,29.721,2539267.24,45.06940151485364
2026-02-12 20:00:00+00:00,29.73,31.099,29.371,31.068,1374541.51,52.717534992490464
2026-02-13 00:00:00+00:00,31.077,31.4,30.396,30.73,1155871.71,50.8059674765914
2026-02-13 04:00:00+00:00,30.73,30.958,30.459,30.7,523358.95,50.6304841474698
2026-02-13 08:00:00+00:00,30.711,30.75,30.158,30.526,911604.63,49.56124217426555
2026-02-13 12:00:00+00:00,30.52,32.311,29.98,31.524,2318393.1,55.38153126531027
2026-02-13 16:00:00+00:00,31.528,32.118,31.321,31.38,1519682.76,54.40599467666558
2026-02-13 20:00:00+00:00,31.378,31.738,31.0,31.558,627505.55,55.450624492407755
2026-02-14 00:00:00+00:00,31.56,32.241,31.455,31.893,653245.35,57.427560870196736
2026-02-14 04:00:00+00:00,31.895,31.912,31.256,31.765,643472.93,56.3977378328788
2026-02-14 08:00:00+00:00,31.765,32.273,31.5,32.094,569250.63,58.45970805041922
2026-02-14 12:00:00+00:00,32.091,32.196,31.0,31.454,897024.3,53.19015940995105
2026-02-14 16:00:00+00:00,31.455,31.533,30.674,31.445,889889.73,53.1176485867323
2026-02-14 20:00:00+00:00,31.461,31.946,31.352,31.837,665461.3,55.935320362933005
2026-02-15 00:00:00+00:00,31.836,32.0,31.145,31.424,873343.11,52.364510450667815
2026-02-15 04:00:00+00:00,31.424,31.803,31.229,31.336,631677.26,51.6085148517848
2026-02-15 08:00:00+00:00,31.34,31.64,30.684,31.464,836338.67,52.67868059651731
2026-02-15 12:00:00+00:00,31.473,31.663,30.512,30.941,859958.34,48.00709879279633
2026-02-15 16:00:00+00:00,30.937,31.125,30.455,30.555,663689.44,44.84610190808029
2026-02-15 20:00:00+00:00,30.555,30.702,30.251,30.684,649361.68,46.12286462468347
2026-02-16 00:00:00+00:00,30.69,30.941,30.0,30.285,702688.12,42.82100430314176
2026-02-16 04:00:00+00:00,30.294,30.351,29.501,29.644,766824.33,38.1019067852996
2026-02-16 08:00:00+00:00,29.647,30.119,29.598,29.926,450734.88,41.1734138007012
2026-02-16 12:00:00+00:00,29.924,30.6,29.547,29.805,1203365.93,40.25048893604364
2026-02-16 16:00:00+00:00,29.804,30.012,29.675,29.866,521896.1,40.96887790689084
2026-02-16 20:00:00+00:00,29.862,31.229,29.832,31.223,784424.31,54.1699765407557
2026-02-17 00:00:00+00:00,31.221,31.377,30.756,30.858,893439.8,50.87443823353155
2026-02-17 04:00:00+00:00,30.86,31.046,30.021,30.127,1031788.18,44.973349482968466
2026-02-17 08:00:00+00:00,30.116,30.227,29.227,29.35,942321.49,39.70187763680957
2026-02-17 12:00:00+00:00,29.328,29.816,29.0,29.563,1381940.27,41.71861699777335
2026-02-17 16:00:00+00:00,29.57,30.12,29.25,29.522,1000870.62,41.43136427318366
2026-02-17 20:00:00+00:00,29.522,29.9,29.33,29.491,453451.41,41.200371757285254
2026-02-18 00:00:00+00:00,29.491,29.599,28.834,29.255,773742.59,39.39945403776186
2026-02-18 04:00:00+00:00,29.256,29.716,29.19,29.642,382349.59,43.74215081418752
2026-02-18 08:00:00+00:00,29.643,29.754,28.8,28.887,619067.04,38.01820804972358
2026-02-18 12:00:00+00:00,28.888,29.575,28.55,29.191,1612745.41,41.346347579228734
2026-02-18 16:00:00+00:00,29.192,29.269,28.416,28.735,1232566.98,38.04626107784823
2026-02-18 20:00:00+00:00,28.728,28.963,28.213,28.665,1157379.17,37.55078231729203
2026-02-19 00:00:00+00:00,28.662,28.771,28.211,28.739,663684.26,38.46314335440316
2026-02-19 04:00:00+00:00,28.738,29.202,28.5,29.187,625926.58,43.81484944610278
2026-02-19 08:00:00+00:00,29.181,29.2,28.27,28.375,677899.73,37.456469384827244
2026-02-19 12:00:00+00:00,28.373,28.418,27.726,28.337,1425698.59,37.18451284510073
2026-02-19 16:00:00+00:00,28.327,28.88,28.138,28.674,727530.54,41.25787749645981
2026-02-19 20:00:00+00:00,28.667,29.394,28.623,28.999,852154.92,44.96441411984482
2026-02-20 00:00:00+00:00,28.996,29.555,28.957,29.474,582744.59,49.936460217656276
2026-02-20 04:00:00+00:00,29.475,29.503,28.997,29.056,514136.5,45.998238952474004
2026-02-20 08:00:00+00:00,29.055,29.734,28.923,29.377,669480.96,49.30470056990224
2026-02-20 12:00:00+00:00,29.387,29.907,28.611,29.85,1655867.23,53.79415220924968
2026-02-20 16:00:00+00:00,29.824,30.359,29.492,30.092,1798533.58,55.943820010851965
2026-02-20 20:00:00+00:00,30.084,30.432,29.902,30.366,645681.14,58.30885778820403
2026-02-21 00:00:00+00:00,30.37,30.566,30.109,30.273,406732.5,57.18672680685414
2026-02-21 04:00:00+00:00,30.271,30.414,30.057,30.088,269730.35,54.922435647498766
2026-02-21 08:00:00+00:00,30.094,30.511,30.089,30.127,376678.38,55.324030904685884
2026-02-21 12:00:00+00:00,30.126,30.2,29.734,29.918,701241.24,52.618615773967775
2026-02-21 16:00:00+00:00,29.919,30.081,29.664,29.844,447443.2,51.65543840852117
2026-02-21 20:00:00+00:00,29.846,29.875,29.56,29.73,454508.38,50.132970651676395
2026-02-22 00:00:00+00:00,29.733,29.94,29.583,29.714,184320.28,49.91062691929609
2026-02-22 04:00:00+00:00,29.714,29.756,29.424,29.434,253718.64,46.060681738374626
2026-02-22 08:00:00+00:00,29.434,29.842,29.339,29.684,259255.87,49.785118650648606
2026-02-22 12:00:00+00:00,29.687,29.713,28.975,29.195,596933.59,43.46343512319025
2026-02-22 16:00:00+00:00,29.194,29.203,28.694,28.746,504540.16,38.61490260004007
2026-02-22 20:00:00+00:00,28.745,29.029,28.744,29.007,289709.19,42.62183288330171
2026-02-23 00:00:00+00:00,29.008,29.031,26.829,27.225,3639363.19,28.799407254422164
2026-02-23 04:00:00+00:00,27.234,27.88,26.905,27.695,1469916.24,34.80481504889421
2026-02-23 08:00:00+00:00,27.694,28.211,27.4,27.628,1201768.37,34.359904735327035
2026-02-23 12:00:00+00:00,27.628,27.683,26.343,26.566,3121149.23,28.205322135348993
2026-02-23 16:00:00+00:00,26.56,26.73,25.611,26.284,2694848.83,26.830987217071396
2026-02-23 20:00:00+00:00,26.285,26.666,26.122,26.366,842787.38,27.930655043629457
2026-02-24 00:00:00+00:00,26.366,26.525,25.606,26.231,1459531.25,27.205719914266695
2026-02-24 04:00:00+00:00,26.24,26.363,25.858,26.264,664028.34,27.69971529359951
2026-02-24 08:00:00+00:00,26.266,26.643,26.176,26.461,809253.14,30.722150497174724
2026-02-24 12:00:00+00:00,26.46,26.991,26.071,26.769,1688666.79,35.277693504256845
2026-02-24 16:00:00+00:00,26.769,27.275,26.733,27.205,1310303.74,41.174684618509
2026-02-24 20:00:00+00:00,27.206,27.416,26.942,27.071,1416094.97,39.969352867722684
2026-02-25 00:00:00+00:00,27.073,27.973,26.93,27.027,1831323.53,39.55984387239732
2026-02-25 04:00:00+00:00,27.036,27.274,26.715,26.897,914448.9,38.310924726910045
2026-02-25 08:00:00+00:00,26.898,27.178,26.732,27.174,790954.52,42.47803119495335
2026-02-25 12:00:00+00:00,27.171,28.486,27.012,27.971,2030898.68,52.434050738946475
2026-02-25 16:00:00+00:00,27.972,29.056,27.903,28.772,1737279.63,59.93878025975998
2026-02-25 20:00:00+00:00,28.772,28.968,27.556,27.87,2311397.33,50.31222134034199
2026-02-26 00:00:00+00:00,27.874,28.638,27.724,28.031,1101137.37,51.80025227350785
2026-02-26 04:00:00+00:00,28.036,28.552,28.0,28.232,512582.82,53.665851812897735
2026-02-26 08:00:00+00:00,28.241,29.367,28.085,28.429,1319632.21,55.48446409110688
2026-02-26 12:00:00+00:00,28.429,29.338,28.147,28.442,1623656.18,55.608287468190476
2026-02-26 16:00:00+00:00,28.45,28.73,27.826,28.512,1362587.55,56.31295311260326
2026-02-26 20:00:00+00:00,28.508,28.716,28.09,28.105,612604.31,51.221790092877484
2026-02-27 00:00:00+00:00,28.102,28.849,27.91,28.837,602225.4,58.49050315295761
2026-02-27 04:00:00+00:00,28.83,29.625,28.778,29.284,1052454.25,62.195254859689946
2026-02-27 08:00:00+00:00,29.275,29.936,28.293,28.305,1720646.93,51.379406845548466
2026-02-27 12:00:00+00:00,28.305,28.431,27.806,28.175,1522384.25,50.13268482166879
2026-02-27 16:00:00+00:00,28.168,28.187,26.872,27.1,1734292.4,41.224558720237994
2026-02-27 20:00:00+00:00,27.091,27.421,26.724,27.28,603526.62,43.049348392472325
2026-02-28 00:00:00+00:00,27.28,27.532,26.809,26.88,927361.4,40.07199714222229
2026-02-28 04:00:00+00:00,26.88,27.04,26.062,26.634,2026091.8,38.316851709419296
2026-02-28 08:00:00+00:00,26.638,27.695,26.544,27.265,1442024.12,44.974420753525486
2026-02-28 12:00:00+00:00,27.263,28.214,27.119,28.172,1395297.19,52.85172417239108
2026-02-28 16:00:00+00:00,28.172,29.7,28.011,29.483,2524139.23,61.443624660987275
2026-02-28 20:00:00+00:00,29.486,31.431,29.37,31.203,2926819.27,69.33823952657642
2026-03-01 00:00:00+00:00,31.204,31.306,30.2,30.902,1750746.11,66.76199668768012
2026-03-01 04:00:00+00:00,30.907,31.53,30.659,30.915,985500.74,66.81933707016114
2026-03-01 08:00:00+00:00,30.915,31.2,30.425,31.039,907004.72,67.39709376932697
2026-03-01 12:00:00+00:00,31.036,31.553,30.565,31.397,1241041.57,69.07151456515763
2026-03-01 16:00:00+00:00,31.397,31.885,30.675,31.582,2232934.69,69.93092716475371
2026-03-01 20:00:00+00:00,31.579,32.25,31.2,31.532,1737749.41,69.36988308348951
2026-03-02 00:00:00+00:00,31.529,32.718,31.5,32.034,1969613.83,71.81481611309466
2026-03-02 04:00:00+00:00,32.033,32.07,29.903,30.314,2006118.56,55.47564309275671
2026-03-02 08:00:00+00:00,30.314,30.723,30.212,30.696,581623.21,57.7734885762648
2026-03-02 12:00:00+00:00,30.695,32.535,30.373,32.169,2287633.7,65.22598915935652
2026-03-02 16:00:00+00:00,32.171,33.686,31.952,32.44,2567494.37,66.40087588975395
2026-03-02 20:00:00+00:00,32.436,33.256,31.934,32.806,1460147.51,67.97461262688219
2026-03-03 00:00:00+00:00,32.807,33.293,32.262,32.97,1024147.69,68.68245934522764
2026-03-03 04:00:00+00:00,32.98,33.54,32.304,33.025,1297227.02,68.93047719567714
2026-03-03 08:00:00+00:00,33.026,33.04,31.567,31.929,1109441.54,58.91732420097575
2026-03-03 12:00:00+00:00,31.937,32.369,31.01,31.892,1751480.33,58.60780267396399
2026-03-03 16:00:00+00:00,31.893,32.853,31.663,31.772,1808522.86,57.551785808793895
2026-03-03 20:00:00+00:00,31.773,31.9,30.79,31.293,1508564.19,53.4145175973577
2026-03-04 00:00:00+00:00,31.289,31.656,30.737,30.97,861904.52,50.764396079520736
2026-03-04 04:00:00+00:00,30.97,32.188,30.771,32.188,717690.36,59.02093404831327
2026-03-04 08:00:00+00:00,32.172,33.0,31.749,32.555,1561925.57,61.13574947349632
2026-03-04 12:00:00+00:00,32.567,33.2,32.15,33.137,1924215.0,64.28363726352313
2026-03-04 16:00:00+00:00,33.136,33.2,31.993,32.423,2057874.18,58.069550395612055
2026-03-04 20:00:00+00:00,32.429,32.541,31.352,32.166,1552182.96,55.972209970098874
2026-03-05 00:00:00+00:00,32.166,32.249,31.299,31.498,924877.56,50.833022932548886
2026-03-05 04:00:00+00:00,31.491,31.88,31.322,31.545,516780.33,51.17271905408211
2026-03-05 08:00:00+00:00,31.55,32.252,31.512,31.826,1002247.35,53.25227545057269
2026-03-05 12:00:00+00:00,31.823,32.065,30.929,31.308,1418824.69,49.10077902600813
2026-03-05 16:00:00+00:00,31.309,31.31,30.244,30.38,1436839.18,42.681206807970895
2026-03-05 20:00:00+00:00,30.395,30.956,30.376,30.533,945146.12,43.98160543536391
2026-03-06 00:00:00+00:00,30.537,30.746,30.338,30.664,566768.3,45.12945063148604
2026-03-06 04:00:00+00:00,30.656,31.147,30.525,30.797,650400.88,46.33181094355812
2026-03-06 08:00:00+00:00,30.803,30.892,30.196,30.359,568946.55,42.99079924615716
2026-03-06 12:00:00+00:00,30.349,30.846,29.516,29.849,1828390.74,39.42579592188381
2026-03-06 16:00:00+00:00,29.846,30.51,29.45,30.359,1109149.05,44.391809121502384
2026-03-06 20:00:00+00:00,30.36,31.314,30.312,31.021,1695943.96,50.1093799272388
2026-03-07 00:00:00+00:00,31.021,31.121,30.614,30.772,604593.25,48.105846079928085
2026-03-07 04:00:00+00:00,30.775,30.783,30.26,30.453,505072.83,45.59088264801181
2026-03-07 08:00:00+00:00,30.451,31.1,30.271,30.916,821066.77,49.70112194089875
2026-03-07 12:00:00+00:00,30.914,31.119,30.616,30.73,372564.06,48.12818417764626
2026-03-07 16:00:00+00:00,30.731,30.969,29.8,30.17,919327.33,43.64918248164293
2026-03-07 20:00:00+00:00,30.164,30.32,29.859,30.306,594951.65,44.98816060520534
2026-03-08 00:00:00+00:00,30.305,30.367,30.014,30.07,519984.48,43.07540110109027
2026-03-08 04:00:00+00:00,30.07,30.25,29.669,30.175,520234.23,44.21189144070319
2026-03-08 08:00:00+00:00,30.175,30.656,30.057,30.331,491711.53,45.93880805889516
2026-03-08 12:00:00+00:00,30.331,30.805,30.07,30.521,614153.79,48.048138082711
2026-03-08 16:00:00+00:00,30.521,30.781,30.088,30.776,480709.67,50.82149341615547
2026-03-08 20:00:00+00:00,30.775,31.22,30.109,30.686,1864198.78,49.810810281539176
2026-03-09 00:00:00+00:00,30.687,31.413,30.234,30.527,1400070.38,47.99486939022584
2026-03-09 04:00:00+00:00,30.528,31.077,30.37,30.686,868972.24,49.95951531866677
2026-03-09 08:00:00+00:00,30.694,31.462,30.67,31.404,823213.88,57.725984250190436
2026-03-09 12:00:00+00:00,31.403,33.451,31.39,32.399,6790783.48,65.67622779178504
2026-03-09 16:00:00+00:00,32.386,34.801,32.349,34.105,5842955.02,74.52316631296054
2026-03-09 20:00:00+00:00,34.097,35.367,33.907,34.653,1986538.38,76.60879419126618
2026-03-10 00:00:00+00:00,34.652,34.729,33.362,34.725,2936188.78,76.87663638976102
2026-03-10 04:00:00+00:00,34.723,34.86,33.846,34.545,896559.52,74.57752994843042
2026-03-10 08:00:00+00:00,34.545,35.144,34.526,34.928,1288108.9,76.20797815402184
2026-03-10 12:00:00+00:00,34.929,35.183,33.923,34.795,2053893.95,74.4229956635928
2026-03-10 16:00:00+00:00,34.808,34.886,33.7,33.944,1049606.73,64.08056833470516
2026-03-10 20:00:00+00:00,33.942,34.279,33.564,34.172,765947.15,65.46528579203508
2026-03-11 00:00:00+00:00,34.167,34.852,34.07,34.357,661102.9,66.59072070331578
2026-03-11 04:00:00+00:00,34.351,35.0,34.311,34.39,690700.94,66.7985698295007
2026-03-11 08:00:00+00:00,34.391,34.989,34.083,34.878,717693.57,69.79152657409148
2026-03-11 12:00:00+00:00,34.877,36.974,34.755,36.325,3656786.46,76.5436150152334
2026-03-11 16:00:00+00:00,36.325,36.77,35.901,36.331,1349627.41,76.56700363379147
2026-03-11 20:00:00+00:00,36.326,36.579,35.749,36.206,933141.82,74.89159776589457
2026-03-12 00:00:00+00:00,36.214,37.086,35.757,35.846,1705731.7,70.1319843629351
2026-03-12 04:00:00+00:00,35.839,37.45,35.829,36.823,1600964.8,74.81074340562816
2026-03-12 08:00:00+00:00,36.815,38.0,36.723,37.314,1412033.6,76.77939746207097
2026-03-12 12:00:00+00:00,37.315,38.0,36.875,37.402,1978212.6,77.12447053693884
2026-03-12 16:00:00+00:00,37.405,37.849,36.991,37.096,920325.04,73.05878777320365
2026-03-12 20:00:00+00:00,37.096,37.492,36.827,37.26,681627.56,73.85430322219031
2026-03-13 00:00:00+00:00,37.254,38.497,37.162,38.085,1538914.42,77.45993543221283
2026-03-13 04:00:00+00:00,38.093,38.218,37.272,37.736,860796.93,72.88112727625918
2026-03-13 08:00:00+00:00,37.739,37.755,36.937,37.352,906690.54,68.110455042215
2026-03-13 12:00:00+00:00,37.353,37.685,36.11,36.256,1434890.34,56.70199882395285
2026-03-13 16:00:00+00:00,36.263,36.808,36.01,36.756,933328.58,59.99415675351962
2026-03-13 20:00:00+00:00,36.759,36.943,35.94,36.442,745172.43,57.05996404428048
2026-03-14 00:00:00+00:00,36.442,37.076,36.35,36.989,499287.94,60.668739853669976
2026-03-14 04:00:00+00:00,36.989,37.491,36.924,37.193,662128.28,61.952978364186855
2026-03-14 08:00:00+00:00,37.193,37.218,36.574,36.909,471039.51,59.0617208119997
2026-03-14 12:00:00+00:00,36.909,38.362,36.902,37.986,1409717.53,65.61521540056881
2026-03-14 16:00:00+00:00,37.985,38.856,37.784,38.056,1194842.66,65.99622638630177
2026-03-14 20:00:00+00:00,38.057,38.277,37.7,37.807,662907.53,63.30889090894833
2026-03-15 00:00:00+00:00,37.804,38.22,37.614,38.119,533888.9,65.21994498778274
2026-03-15 04:00:00+00:00,38.12,38.27,37.4,37.504,607255.08,58.72681913397848
2026-03-15 08:00:00+00:00,37.508,37.787,37.1,37.66,657554.13,59.819572398865404
2026-03-15 12:00:00+00:00,37.664,37.674,37.2,37.289,501581.27,56.02084751614229
2026-03-15 16:00:00+00:00,37.29,37.498,36.785,37.111,573524.89,54.24111822743572
2026-03-15 20:00:00+00:00,37.112,37.716,36.861,37.256,1023262.08,55.481839329322845
2026-03-16 00:00:00+00:00,37.255,38.158,37.213,37.823,1165525.12,60.04409366126419
2026-03-16 04:00:00+00:00,37.828,39.36,37.736,38.758,1837301.67,66.19616650248942
2026-03-16 08:00:00+00:00,38.759,39.653,38.746,39.528,1668120.27,70.25760776589436
2026-03-16 12:00:00+00:00,39.533,39.715,38.418,39.044,1636670.06,64.97329590028487
2026-03-16 16:00:00+00:00,39.044,39.628,38.658,39.578,1153737.76,67.84672737139746
2026-03-16 20:00:00+00:00,39.578,41.476,39.406,40.821,3324401.02,73.33104002177495
2026-03-17 00:00:00+00:00,40.82,41.28,40.0,40.511,1650301.87,70.11880879042418
2026-03-17 04:00:00+00:00,40.511,41.568,40.258,41.498,974204.39,74.02078894442056
2026-03-17 08:00:00+00:00,41.488,41.8,40.436,41.449,1178634.69,73.50759329722275
2026-03-17 12:00:00+00:00,41.45,41.697,39.66,39.908,1531974.98,59.529374976950436
2026-03-17 16:00:00+00:00,39.908,41.382,39.898,41.028,1013258.82,64.77261867253448
2026-03-17 20:00:00+00:00,41.033,42.192,40.926,41.183,1305571.11,65.43993694487082
2026-03-18 00:00:00+00:00,41.183,42.399,40.55,42.231,1467049.86,69.62907729201994
2026-03-18 04:00:00+00:00,42.232,42.327,41.374,41.734,879362.92,65.56992926677543
2026-03-18 08:00:00+00:00,41.736,42.096,40.9,41.192,1428718.8,61.36831635767584
2026-03-18 12:00:00+00:00,41.192,43.082,40.226,41.572,5166129.66,63.151124293862274
2026-03-18 16:00:00+00:00,41.61,43.752,41.533,42.558,4270407.99,67.3601972201312
2026-03-18 20:00:00+00:00,42.553,43.035,41.562,42.107,1630324.49,63.771998036265096
2026-03-19 00:00:00+00:00,42.117,42.27,41.076,41.559,1121753.76,59.61645270595773
2026-03-19 04:00:00+00:00,41.558,41.651,40.056,40.157,1678343.06,50.54231671774263
2026-03-19 08:00:00+00:00,40.16,40.284,39.093,39.496,1971893.33,46.9165229352039
2026-03-19 12:00:00+00:00,39.492,39.817,38.634,39.608,2886759.18,47.60242231756946
2026-03-19 16:00:00+00:00,39.606,40.578,39.101,39.787,1596623.29,48.742355474794316
2026-03-19 20:00:00+00:00,39.787,40.083,39.031,39.348,1621565.23,46.09381275751366
2026-03-20 00:00:00+00:00,39.343,40.37,39.25,39.901,1350980.19,49.79461648339368
2026-03-20 04:00:00+00:00,39.901,40.435,39.142,40.377,1019605.84,52.798478243798144
2026-03-20 08:00:00+00:00,40.374,40.771,39.221,39.522,1185480.39,47.321601891533064
2026-03-20 12:00:00+00:00,39.521,39.681,38.684,39.491,1373496.25,47.13070636903534
2026-03-20 16:00:00+00:00,39.491,40.01,38.36,39.118,1860100.44,44.78947621264394
2026-03-20 20:00:00+00:00,39.117,40.14,38.753,39.538,1430926.38,47.92625651455511
2026-03-21 00:00:00+00:00,39.545,39.857,39.26,39.644,407735.31,48.71815073036676
2026-03-21 04:00:00+00:00,39.641,39.82,39.209,39.698,287736.75,49.14245397235208
2026-03-21 08:00:00+00:00,39.699,40.092,39.449,40.076,268340.15,52.12834424847939
2026-03-21 12:00:00+00:00,40.081,40.158,39.689,39.932,395253.01,50.90228599290047
2026-03-21 16:00:00+00:00,39.932,40.437,39.818,40.166,488659.44,52.84325690369195
2026-03-21 20:00:00+00:00,40.166,40.273,38.881,39.144,665607.39,44.55804525853633
2026-03-22 00:00:00+00:00,39.151,39.513,38.5,39.057,1441093.28,43.92665883181613
2026-03-22 04:00:00+00:00,39.057,39.242,38.03,38.281,786435.08,38.66402315790739
2026-03-22 08:00:00+00:00,38.29,38.331,37.816,37.939,796937.3,36.583785996323826
2026-03-22 12:00:00+00:00,37.939,38.396,37.938,38.059,678306.24,37.84737291655002
2026-03-22 16:00:00+00:00,38.063,38.206,37.897,38.006,491931.14,37.4920499292968
2026-03-22 20:00:00+00:00,38.001,38.746,37.467,38.358,1387474.3,41.42527926108305
2026-03-23 00:00:00+00:00,38.356,38.46,37.53,38.036,965823.25,39.007272617332966
2026-03-23 04:00:00+00:00,38.036,38.492,37.384,37.48,593485.96,35.18792406022472
2026-03-23 08:00:00+00:00,37.485,39.554,36.795,37.586,3270261.58,36.46516079516129
2026-03-23 12:00:00+00:00,37.591,39.0,37.153,37.689,2454833.09,37.74890503051028
2026-03-23 16:00:00+00:00,37.689,38.236,37.34,37.93,1125118.99,40.76476510228023
2026-03-23 20:00:00+00:00,37.931,38.245,37.085,37.37,953032.32,36.357095419223384
2026-03-24 00:00:00+00:00,37.37,37.87,37.234,37.868,603125.8,42.32893417757516
2026-03-24 04:00:00+00:00,37.869,38.553,37.795,38.54,988484.99,49.24923940721177
2026-03-24 08:00:00+00:00,38.54,38.834,38.07,38.606,772574.6,49.885290257481664
2026-03-24 12:00:00+00:00,38.601,39.75,37.918,39.391,2211179.46,56.817441877094424
2026-03-24 16:00:00+00:00,39.386,39.941,38.737,39.684,1593448.39,59.091983571996636
2026-03-24 20:00:00+00:00,39.692,40.46,39.637,40.317,1217258.86,63.55789187394333
2026-03-25 00:00:00+00:00,40.314,40.924,39.843,40.289,1148230.29,63.2290726524278
2026-03-25 04:00:00+00:00,40.293,40.446,40.007,40.302,355780.12,63.32394514936464
2026-03-25 08:00:00+00:00,40.297,41.55,40.292,41.348,980703.73,70.02531253003235
2026-03-25 12:00:00+00:00,41.349,41.388,40.041,40.272,1119746.28,58.23714814241631
2026-03-25 16:00:00+00:00,40.277,40.846,40.255,40.478,626603.84,59.638035001936984
2026-03-25 20:00:00+00:00,40.478,40.488,39.652,40.324,870374.85,58.06983415710449
2026-03-26 00:00:00+00:00,40.324,40.383,39.277,39.428,733952.59,49.85564549097007
2026-03-26 04:00:00+00:00,39.443,39.448,38.701,39.023,918109.12,46.64390333932393
2026-03-26 08:00:00+00:00,39.024,39.39,38.855,39.065,631538.88,47.025035810171616
2026-03-26 12:00:00+00:00,39.065,39.791,39.044,39.205,839497.33,48.349469189060336
2026-03-26 16:00:00+00:00,39.206,39.248,38.37,38.448,982658.56,42.20510489354472
2026-03-26 20:00:00+00:00,38.443,39.214,38.273,39.151,822574.73,48.72226258294483
2026-03-27 00:00:00+00:00,39.156,39.386,38.435,38.627,634314.96,44.67813856299236
2026-03-27 04:00:00+00:00,38.627,39.386,38.51,39.302,735092.39,50.39053960747309
2026-03-27 08:00:00+00:00,39.302,39.406,37.874,38.317,1350929.95,43.355267263864626
2026-03-27 12:00:00+00:00,38.317,38.961,37.957,38.638,1271510.78,46.001145984707314
2026-03-27 16:00:00+00:00,38.638,38.846,38.104,38.737,632334.41,46.82608881603783
2026-03-27 20:00:00+00:00,38.731,38.879,38.216,38.658,441413.15,46.21929767485616
2026-03-28 00:00:00+00:00,38.658,38.658,37.982,38.515,474539.15,45.08053291740629
2026-03-28 04:00:00+00:00,38.515,39.377,38.306,39.376,601140.82,52.64575062594436
2026-03-28 08:00:00+00:00,39.368,39.7,39.112,39.524,645974.18,53.823252754261524
2026-03-28 12:00:00+00:00,39.521,40.25,39.407,40.21,1034673.21,58.921954406396736
2026-03-28 16:00:00+00:00,40.21,40.254,39.533,39.884,539439.97,55.770445462501876
2026-03-28 20:00:00+00:00,39.884,39.945,39.35,39.45,396945.77,51.79839704803003
2026-03-29 00:00:00+00:00,39.445,39.973,39.21,39.925,370297.96,55.53135326896047
2026-03-29 04:00:00+00:00,39.921,40.047,39.597,39.667,304843.47,53.12477866688938
2026-03-29 08:00:00+00:00,39.666,39.881,39.21,39.307,340951.46,49.87670194884674
2026-03-29 12:00:00+00:00,39.307,39.446,38.708,38.977,664014.47,47.03766513946008
2026-03-29 16:00:00+00:00,38.978,39.124,38.556,38.565,519107.83,43.69371190391104
2026-03-29 20:00:00+00:00,38.565,38.908,37.719,37.803,1012223.45,38.27416911631907
2026-03-30 00:00:00+00:00,37.813,38.712,37.481,38.249,1474690.32,42.75009656006607
2026-03-30 04:00:00+00:00,38.244,38.772,37.948,38.423,780804.37,44.44270407915532
2026-03-30 08:00:00+00:00,38.425,38.63,37.848,38.039,715256.3,41.52489601440426
2026-03-30 12:00:00+00:00,38.039,38.528,37.732,38.254,1081429.92,43.75157953634798
2026-03-30 16:00:00+00:00,38.249,38.264,36.445,37.085,2109170.51,35.77483225268716
2026-03-30 20:00:00+00:00,37.081,37.274,36.636,36.824,1007657.48,34.27242520137639
2026-03-31 00:00:00+00:00,36.823,37.624,36.636,37.311,1121348.22,39.38742780198997
2026-03-31 04:00:00+00:00,37.311,37.342,36.391,36.722,708143.84,35.762516843815874
2026-03-31 08:00:00+00:00,36.723,36.749,35.65,35.796,1270535.76,30.941280889458866
2026-03-31 12:00:00+00:00,35.795,36.937,35.725,35.981,1750052.19,32.887880756680445
2026-03-31 16:00:00+00:00,35.981,37.34,35.969,36.625,1747664.66,39.301924458869905
2026-03-31 20:00:00+00:00,36.621,37.04,36.108,36.595,929135.64,39.114387200386616
2026-04-01 00:00:00+00:00,36.596,36.644,35.97,36.421,706228.92,37.9823308740383
2026-04-01 04:00:00+00:00,36.433,37.848,36.33,37.371,1336216.09,47.00127981384429
2026-04-01 08:00:00+00:00,37.37,37.489,36.655,37.234,930150.86,45.963196155219094
2026-04-01 12:00:00+00:00,37.234,37.409,36.61,37.382,810763.12,47.31688833670951
2026-04-01 16:00:00+00:00,37.382,37.443,36.061,36.152,1709161.69,38.65090232604279
2026-04-01 20:00:00+00:00,36.159,36.285,35.846,36.007,954516.15,37.77263512449345
2026-04-02 00:00:00+00:00,36.01,36.269,35.04,35.19,1929422.72,33.19558108198008
2026-04-02 04:00:00+00:00,35.183,35.516,34.929,35.07,1151551.91,32.57128935407236
2026-04-02 08:00:00+00:00,35.071,35.312,34.668,34.785,859459.63,31.076474691721856
2026-04-02 12:00:00+00:00,34.786,34.937,34.422,34.86,1242140.92,31.96140450181629
2026-04-02 16:00:00+00:00,34.863,35.236,34.56,34.92,879648.51,32.7057828937501
2026-04-02 20:00:00+00:00,34.92,35.345,34.833,35.174,656895.87,35.90279765599465
2026-04-03 00:00:00+00:00,35.178,35.618,35.067,35.419,632662.69,38.917211017263256
2026-04-03 04:00:00+00:00,35.419,35.898,35.36,35.817,674294.04,43.56072570747426
2026-04-03 08:00:00+00:00,35.818,36.058,35.636,35.946,587745.29,45.01963046850245
2026-04-03 12:00:00+00:00,35.946,36.1,35.4,35.777,961221.4,43.43556659514317
2026-04-03 16:00:00+00:00,35.776,36.086,35.5,35.764,475884.24,43.309327598022335
2026-04-03 20:00:00+00:00,35.765,35.928,35.499,35.593,340880.78,41.596770348196756
2026-04-04 00:00:00+00:00,35.594,35.96,35.502,35.856,239278.13,45.18676198730178
2026-04-04 04:00:00+00:00,35.855,35.862,35.6,35.739,319500.66,43.894121567118844
2026-04-04 08:00:00+00:00,35.739,35.828,35.64,35.8,139880.08,44.781039414872275
2026-04-04 12:00:00+00:00,35.8,35.917,35.525,35.892,295133.08,46.16331927256711
2026-04-04 16:00:00+00:00,35.892,36.228,35.88,35.974,564163.2,47.42655641064151
2026-04-04 20:00:00+00:00,35.975,36.549,35.934,36.359,436647.45,53.002437504053965
2026-04-05 00:00:00+00:00,36.36,36.412,35.888,35.92,485248.3,46.89496190147891
2026-04-05 04:00:00+00:00,35.92,35.97,35.431,35.641,557422.26,43.466897972882194
2026-04-05 08:00:00+00:00,35.64,35.913,35.627,35.64,299055.71,43.454636593581476
2026-04-05 12:00:00+00:00,35.639,35.847,35.118,35.533,795712.8,42.086614434949816
2026-04-05 16:00:00+00:00,35.532,35.85,35.434,35.848,329395.44,47.342310788905685
2026-04-05 20:00:00+00:00,35.848,36.999,35.713,36.85,1118791.31,59.830283251851085
2026-04-06 00:00:00+00:00,36.857,37.243,36.567,37.143,715042.33,62.621757315611276
2026-04-06 04:00:00+00:00,37.136,37.331,36.759,37.147,779935.71,62.65990667776515
2026-04-06 08:00:00+00:00,37.146,37.599,37.048,37.235,875868.1,63.54151242852829
2026-04-06 12:00:00+00:00,37.237,37.727,36.982,37.674,840996.45,67.6454513838087
2026-04-06 16:00:00+00:00,37.674,37.749,36.8,37.302,1158154.27,61.34404147675537
2026-04-06 20:00:00+00:00,37.304,37.337,35.951,36.287,996370.25,48.1613146824356
2026-04-07 00:00:00+00:00,36.286,36.544,36.034,36.4,504996.22,49.46338985692419
2026-04-07 04:00:00+00:00,36.4,36.507,36.066,36.195,334949.31,47.149618889025916
2026-04-07 08:00:00+00:00,36.195,37.149,36.188,36.383,736800.86,49.48339565986743
2026-04-07 12:00:00+00:00,36.383,36.48,35.715,36.034,807532.8,45.469350951013496
2026-04-07 16:00:00+00:00,36.038,37.171,36.023,37.164,702894.05,57.49266710924947
2026-04-07 20:00:00+00:00,37.163,39.16,36.922,38.606,3360353.3,67.37755255556803
2026-04-08 00:00:00+00:00,38.609,38.863,38.104,38.296,830078.57,63.93539869327363
2026-04-08 04:00:00+00:00,38.298,39.419,38.258,39.396,1230049.45,69.82604515422526
2026-04-08 08:00:00+00:00,39.408,39.701,39.1,39.273,738977.9,68.47913934480238
2026-04-08 12:00:00+00:00,39.273,39.792,38.503,38.861,1584317.77,64.0242102205623
2026-04-08 16:00:00+00:00,38.86,38.971,37.751,38.081,1685796.45,56.526682601829194
2026-04-08 20:00:00+00:00,38.087,39.673,37.911,38.759,2314130.95,60.82147076461303
2026-04-09 00:00:00+00:00,38.758,38.8,38.15,38.682,713157.09,60.095355463542184
2026-04-09 04:00:00+00:00,38.687,38.882,38.227,38.739,414154.13,60.47156268703857
2026-04-09 08:00:00+00:00,38.739,39.298,38.697,38.819,681122.6,61.02691461920406
2026-04-09 12:00:00+00:00,38.819,39.815,38.75,39.563,1010679.45,65.83437431551901
2026-04-09 16:00:00+00:00,39.562,40.282,39.361,40.028,1210420.27,68.45355794979636
2026-04-09 20:00:00+00:00,40.039,40.399,39.32,39.458,905036.72,62.16265860570074
2026-04-10 00:00:00+00:00,39.474,40.95,39.425,40.133,1784940.12,66.13201152560114
2026-04-10 04:00:00+00:00,40.133,40.805,40.004,40.034,771865.34,65.05408348737635
2026-04-10 08:00:00+00:00,40.04,41.181,40.029,41.126,877899.29,70.72274492561677
2026-04-10 12:00:00+00:00,41.129,42.232,41.012,41.71,1532255.99,73.22424595848402
2026-04-10 16:00:00+00:00,41.71,42.236,41.559,41.689,1094809.84,72.98276561906567
2026-04-10 20:00:00+00:00,41.669,41.844,41.272,41.598,690617.62,71.87659744179959
2026-04-11 00:00:00+00:00,41.596,42.15,41.48,41.848,398296.29,73.0835811852384
2026-04-11 04:00:00+00:00,41.848,42.698,41.57,42.529,631942.48,76.09341727421473
2026-04-11 08:00:00+00:00,42.53,42.572,42.102,42.413,474533.3,74.56391602040759
2026-04-11 12:00:00+00:00,42.414,42.555,41.77,41.887,683487.98,67.89922521459414
2026-04-11 16:00:00+00:00,41.886,43.173,41.881,43.028,1240936.55,73.4441545250368
2026-04-11 20:00:00+00:00,43.028,43.093,42.07,42.279,833952.58,65.45166534421867
2026-04-12 00:00:00+00:00,42.279,42.823,40.986,41.055,1477522.67,54.93133740766809
2026-04-12 04:00:00+00:00,41.056,41.123,40.507,40.762,787980.84,52.74575601770074
2026-04-12 08:00:00+00:00,40.765,40.943,40.345,40.403,497577.03,50.11473820294517
2026-04-12 12:00:00+00:00,40.403,40.883,40.19,40.813,815396.07,52.998266604762456
2026-04-12 16:00:00+00:00,40.813,41.355,40.789,41.09,763720.37,54.895213633414166
2026-04-12 20:00:00+00:00,41.089,41.248,40.411,40.849,719797.99,52.89499323626909
2026-04-13 00:00:00+00:00,40.848,41.999,40.784,41.553,622286.48,57.73918713438586
2026-04-13 04:00:00+00:00,41.55,41.691,41.041,41.251,423130.82,55.12048302542052
2026-04-13 08:00:00+00:00,41.25,41.87,41.104,41.835,418798.13,58.99357866581121
2026-04-13 12:00:00+00:00,41.835,42.883,41.528,42.456,1266888.14,62.681623760312654
2026-04-13 16:00:00+00:00,42.447,43.999,42.194,43.641,2117046.31,68.5029921708376
2026-04-13 20:00:00+00:00,43.624,44.617,43.153,44.339,1854120.16,71.33904762874157
2026-04-14 00:00:00+00:00,44.326,45.0,44.134,44.683,1269093.16,72.64627059812368
2026-04-14 04:00:00+00:00,44.682,45.0,44.418,44.52,857487.26,70.99395029166072
2026-04-14 08:00:00+00:00,44.519,45.34,44.409,44.8,880183.23,72.16513435930125
2026-04-14 12:00:00+00:00,44.801,45.198,43.298,43.515,2311254.5,60.15983520511139
2026-04-14 16:00:00+00:00,43.525,43.901,43.086,43.395,1805212.03,59.16989455295446
2026-04-14 20:00:00+00:00,43.395,43.541,42.922,43.532,851818.31,59.979565077882874
2026-04-15 00:00:00+00:00,43.532,44.533,43.438,43.991,970110.74,62.65179810705551
2026-04-15 04:00:00+00:00,43.977,44.104,43.133,43.342,731963.38,56.86964320883163
2026-04-15 08:00:00+00:00,43.343,44.236,43.229,44.214,612571.13,61.950754453974895
2026-04-15 12:00:00+00:00,44.215,44.749,43.997,44.575,993685.31,63.84949415649092
2026-04-15 16:00:00+00:00,44.569,45.462,44.203,44.848,1380316.9,65.26129405607091
2026-04-15 20:00:00+00:00,44.859,45.015,44.233,44.639,790690.42,63.22556575343057
2026-04-16 00:00:00+00:00,44.639,45.215,44.088,44.842,696604.23,64.38755046903478
2026-04-16 04:00:00+00:00,44.842,45.763,44.819,45.277,738838.6,66.80784265369607
2026-04-16 08:00:00+00:00,45.277,45.391,44.453,44.617,882561.57,60.13054890857969
2026-04-16 12:00:00+00:00,44.618,45.1,44.26,44.737,1432508.26,60.895825018004395
2026-04-16 16:00:00+00:00,44.738,44.863,43.46,44.127,1517256.18,55.10546167067703
2026-04-16 20:00:00+00:00,44.129,44.168,43.305,43.813,875657.47,52.346229775106316
2026-04-17 00:00:00+00:00,43.814,44.367,43.17,43.289,745771.2,48.024635824240576
2026-04-17 04:00:00+00:00,43.292,43.952,43.259,43.915,540299.41,53.01513787231604
2026-04-17 08:00:00+00:00,43.916,44.466,43.251,43.65,1418477.05,50.79184385066998
2026-04-17 12:00:00+00:00,43.65,45.309,43.554,45.276,1908097.76,61.46921256670966
2026-04-17 16:00:00+00:00,45.276,45.5,43.953,44.418,1668631.07,54.72177666840629
2026-04-17 20:00:00+00:00,44.407,44.861,44.109,44.622,599338.55,55.95960352357131
2026-04-18 00:00:00+00:00,44.622,45.456,44.468,45.14,625665.52,59.02294585722735
2026-04-18 04:00:00+00:00,45.139,45.18,44.604,44.609,493398.23,54.813892772024474
2026-04-18 08:00:00+00:00,44.616,45.108,44.05,44.306,731766.09,52.51266111662387
2026-04-18 12:00:00+00:00,44.306,44.627,43.97,44.587,689871.19,54.42364767425783
2026-04-18 16:00:00+00:00,44.579,44.701,43.733,43.995,602471.79,49.87038610403429
2026-04-18 20:00:00+00:00,44.0,44.286,43.717,43.781,427023.59,48.29736292562506
2026-04-19 00:00:00+00:00,43.78,43.933,43.1,43.34,1102594.46,45.137696176909564
2026-04-19 04:00:00+00:00,43.34,43.643,42.888,43.141,578551.31,43.746897433930144
2026-04-19 08:00:00+00:00,43.14,43.412,42.681,43.397,704368.45,46.0498710364899
2026-04-19 12:00:00+00:00,43.396,43.925,43.14,43.371,719538.32,45.84459009089439
2026-04-19 16:00:00+00:00,43.371,43.39,41.377,41.555,2344570.86,34.33252680012879
2026-04-19 20:00:00+00:00,41.552,41.63,40.5,40.69,1451120.14,30.414793296694256
2026-04-20 00:00:00+00:00,40.69,41.61,40.676,41.232,1138674.31,35.38984680486605
2026-04-20 04:00:00+00:00,41.235,41.568,40.717,40.91,959786.11,33.84182907456605
2026-04-20 08:00:00+00:00,40.91,41.24,40.712,41.19,637289.96,36.445179251838425
2026-04-20 12:00:00+00:00,41.198,41.79,40.585,41.192,1552588.88,36.46441117902917
2026-04-20 16:00:00+00:00,41.199,41.633,40.67,41.321,1401525.16,37.772393289875225
2026-04-20 20:00:00+00:00,41.318,41.575,40.561,40.705,818203.95,34.15636306753994
2026-04-21 00:00:00+00:00,40.7,41.428,40.359,41.262,1114834.52,39.771008153313105
2026-04-21 04:00:00+00:00,41.261,41.38,40.613,40.906,755351.97,37.5661307378732
2026-04-21 08:00:00+00:00,40.911,41.256,40.573,40.869,710671.06,37.334463737181935
2026-04-21 12:00:00+00:00,40.868,40.897,39.8,40.006,1799495.27,32.3269095898131
2026-04-21 16:00:00+00:00,40.007,40.1,38.886,38.951,2255818.95,27.47531252276076
2026-04-21 20:00:00+00:00,38.95,39.906,38.89,39.764,1222241.49,35.50780724539263
2026-04-22 00:00:00+00:00,39.762,40.691,39.624,40.101,1256427.68,38.546156350601116
2026-04-22 04:00:00+00:00,40.104,40.681,39.952,40.394,731582.92,41.14245745117175
2026-04-22 08:00:00+00:00,40.405,41.094,40.307,41.058,844309.55,46.64388443408278
2026-04-22 12:00:00+00:00,41.058,41.528,40.972,41.199,785002.12,47.76051077005507
