timestamp,open,high,low,close,volume,rsi_14
2025-09-26 04:00:00+00:00,42.927,43.329,42.223,42.262,641590.71,
2025-09-26 05:00:00+00:00,42.264,42.75,41.867,42.063,453814.18,
2025-09-26 06:00:00+00:00,42.054,42.45,41.733,41.939,379154.27,
2025-09-26 07:00:00+00:00,41.94,42.476,41.896,42.459,283194.17,
2025-09-26 08:00:00+00:00,42.459,42.754,42.267,42.455,305303.46,
2025-09-26 09:00:00+00:00,42.461,42.604,41.885,42.198,349564.33,
2025-09-26 10:00:00+00:00,42.195,42.219,41.205,41.216,517219.38,
2025-09-26 11:00:00+00:00,41.209,41.25,40.742,41.102,624588.43,
2025-09-26 12:00:00+00:00,41.106,42.598,40.902,42.472,998679.13,
2025-09-26 13:00:00+00:00,42.471,43.672,42.197,43.469,1139976.62,
2025-09-26 14:00:00+00:00,43.473,43.608,42.727,43.197,810106.33,
2025-09-26 15:00:00+00:00,43.212,44.379,43.121,44.274,1086561.97,
2025-09-26 16:00:00+00:00,44.265,44.998,44.106,44.646,1359026.93,
2025-09-26 17:00:00+00:00,44.647,45.628,44.462,45.096,906693.92,
2025-09-26 18:00:00+00:00,45.091,45.689,44.844,45.585,665674.22,65.34985014567178
2025-09-26 19:00:00+00:00,45.577,45.622,44.72,44.883,856769.09,57.97971878233887
2025-09-26 20:00:00+00:00,44.877,45.361,44.444,44.538,515276.46,54.71387949967846
2025-09-26 21:00:00+00:00,44.537,44.776,44.294,44.299,478828.78,52.507386297266414
2025-09-26 22:00:00+00:00,44.299,44.806,44.144,44.665,473187.59,55.46904468957502
2025-09-26 23:00:00+00:00,44.664,45.042,44.43,44.822,321310.36,56.71596830388312
2025-09-27 00:00:00+00:00,44.828,45.445,44.753,45.444,597365.46,61.33519310994408
2025-09-27 01:00:00+00:00,45.445,45.468,44.576,44.813,432227.77,54.93076047533865
2025-09-27 02:00:00+00:00,44.813,44.891,44.24,44.269,269636.8,50.076132761053856
2025-09-27 03:00:00+00:00,44.257,44.558,43.871,43.872,598740.22,46.823881982974136
2025-09-27 04:00:00+00:00,43.872,44.229,43.667,44.201,496309.64,49.737213329596685
2025-09-27 05:00:00+00:00,44.198,44.763,43.99,44.693,350857.9,53.81244336589568
2025-09-27 06:00:00+00:00,44.692,44.832,44.452,44.797,331697.67,54.64947298031973
2025-09-27 07:00:00+00:00,44.802,44.913,44.362,44.515,197980.59,51.90279927927508
2025-09-27 08:00:00+00:00,44.513,44.576,43.535,43.549,396601.15,43.78467141405949
2025-09-27 09:00:00+00:00,43.549,43.759,43.223,43.66,393972.33,44.85206574288535
2025-09-27 10:00:00+00:00,43.66,43.956,43.35,43.85,220687.03,46.71704391893647
2025-09-27 11:00:00+00:00,43.851,44.106,43.699,43.702,231716.02,45.42830819855326
2025-09-27 12:00:00+00:00,43.72,44.154,43.352,44.032,329068.81,48.818603671493534
2025-09-27 13:00:00+00:00,44.032,45.78,43.997,45.047,1011213.65,57.553350686121135
2025-09-27 14:00:00+00:00,45.048,45.5,44.87,45.032,425214.06,57.397452623089336
2025-09-27 15:00:00+00:00,45.033,45.793,44.7,45.793,654769.89,62.889618070818514
2025-09-27 16:00:00+00:00,45.793,45.793,45.239,45.407,515890.42,58.75228809682526
2025-09-27 17:00:00+00:00,45.401,45.958,45.116,45.955,335748.67,62.52190051276421
2025-09-27 18:00:00+00:00,45.958,45.979,45.367,45.509,434140.14,57.88525621179092
2025-09-27 19:00:00+00:00,45.509,45.751,45.198,45.674,222229.03,59.09388683465111
2025-09-27 20:00:00+00:00,45.682,46.2,45.604,45.701,557251.37,59.29972281916257
2025-09-27 21:00:00+00:00,45.702,46.149,45.529,45.819,250531.05,60.241325972065226
2025-09-27 22:00:00+00:00,45.829,46.569,45.795,46.025,448877.67,61.89855261733617
2025-09-27 23:00:00+00:00,46.026,46.234,45.324,45.773,415845.15,58.67650287315899
2025-09-28 00:00:00+00:00,45.777,45.902,45.421,45.486,250046.4,55.15519337625454
2025-09-28 01:00:00+00:00,45.485,45.69,45.105,45.105,327760.78,50.79700641140596
2025-09-28 02:00:00+00:00,45.106,45.299,44.937,45.163,286570.38,51.42623566962587
2025-09-28 03:00:00+00:00,45.157,45.368,44.442,44.771,844919.02,47.04705759539372
2025-09-28 04:00:00+00:00,44.772,44.925,44.593,44.7,105587.53,46.278382159008586
2025-09-28 05:00:00+00:00,44.699,44.876,44.379,44.474,211335.49,43.8239189776146
2025-09-28 06:00:00+00:00,44.467,44.519,44.133,44.518,201463.19,44.441730472871264
2025-09-28 07:00:00+00:00,44.52,44.878,44.358,44.852,124813.49,49.02465972905666
2025-09-28 08:00:00+00:00,44.847,44.994,44.264,44.265,244755.66,42.404312249335106
2025-09-28 09:00:00+00:00,44.267,44.402,43.801,43.998,247544.34,39.77334093390836
2025-09-28 10:00:00+00:00,43.991,43.991,43.707,43.967,345441.51,39.46716074289919
2025-09-28 11:00:00+00:00,43.968,44.021,43.393,43.605,314473.21,35.98361609307666
2025-09-28 12:00:00+00:00,43.604,43.629,42.916,43.199,465773.23,32.517055068434175
2025-09-28 13:00:00+00:00,43.199,43.825,43.15,43.754,339649.41,40.898927387796164
2025-09-28 14:00:00+00:00,43.754,44.265,43.506,44.255,380499.86,47.26635781396889
2025-09-28 15:00:00+00:00,44.254,44.561,44.08,44.547,324083.55,50.60652522029907
2025-09-28 16:00:00+00:00,44.554,45.384,44.547,45.293,749342.77,57.93684570040602
2025-09-28 17:00:00+00:00,45.292,46.0,45.219,45.7,1031268.13,61.31040130711574
2025-09-28 18:00:00+00:00,45.702,45.948,45.48,45.935,200446.52,63.14821990989755
2025-09-28 19:00:00+00:00,45.934,46.004,45.292,45.696,396477.26,60.02532301369536
2025-09-28 20:00:00+00:00,45.697,46.973,45.573,46.581,826514.55,66.61010802945057
2025-09-28 21:00:00+00:00,46.58,47.215,46.224,46.47,633358.72,65.16032088950692
2025-09-28 22:00:00+00:00,46.473,47.2,46.386,47.149,2575065.11,69.52928281756999
2025-09-28 23:00:00+00:00,47.132,47.318,46.728,47.172,488446.13,69.668037411461
2025-09-29 00:00:00+00:00,47.172,47.172,46.352,46.864,556103.47,65.37482109097252
2025-09-29 01:00:00+00:00,46.864,47.5,46.758,47.01,589040.8,66.43085130913792
2025-09-29 02:00:00+00:00,47.011,47.48,46.978,47.443,306809.84,69.41057101792431
2025-09-29 03:00:00+00:00,47.444,47.474,46.684,47.358,438223.04,68.13206623098
2025-09-29 04:00:00+00:00,47.359,47.758,47.029,47.051,509516.94,63.57713496967978
2025-09-29 05:00:00+00:00,47.051,47.234,46.709,47.003,244534.8,62.86942179741298
2025-09-29 06:00:00+00:00,46.999,47.141,46.703,47.002,210329.09,62.85372428670244
2025-09-29 07:00:00+00:00,47.002,47.927,46.804,47.775,467253.96,69.24601962353904
2025-09-29 08:00:00+00:00,47.776,48.085,47.429,47.993,487526.55,70.77351473183131
2025-09-29 09:00:00+00:00,47.989,48.148,47.21,47.223,526930.09,59.52714267526369
2025-09-29 10:00:00+00:00,47.223,47.37,46.542,46.62,267311.79,52.492383331984946
2025-09-29 11:00:00+00:00,46.62,46.792,45.909,46.293,967331.2,49.10346231149039
2025-09-29 12:00:00+00:00,46.293,46.667,45.936,46.095,368033.24,47.119786967770956
2025-09-29 13:00:00+00:00,46.082,47.313,45.75,46.965,1400456.22,55.606124236953484
2025-09-29 14:00:00+00:00,46.991,47.919,46.754,47.6,1087567.98,60.57886045073725
2025-09-29 15:00:00+00:00,47.612,47.818,46.559,46.696,552912.88,51.70026064807776
2025-09-29 16:00:00+00:00,46.697,47.177,46.1,46.149,431119.01,47.19307699164475
2025-09-29 17:00:00+00:00,46.163,46.206,45.0,45.614,1274089.65,43.2240075966451
2025-09-29 18:00:00+00:00,45.614,45.902,45.274,45.878,338500.36,45.65297133219855
2025-09-29 19:00:00+00:00,45.879,46.141,45.664,46.091,386308.13,47.600759177901566
2025-09-29 20:00:00+00:00,46.078,47.139,45.98,46.883,571505.64,54.17702540207917
2025-09-29 21:00:00+00:00,46.882,47.023,46.514,46.652,322081.85,52.12231977895027
2025-09-29 22:00:00+00:00,46.651,46.713,46.32,46.594,227140.02,51.593231813551654
2025-09-29 23:00:00+00:00,46.594,46.6,46.114,46.234,303898.85,48.31495998544996
2025-09-30 00:00:00+00:00,46.224,46.349,45.55,45.652,404036.76,43.5024553009104
2025-09-30 01:00:00+00:00,45.666,45.956,44.847,45.078,595561.58,39.34045150350944
2025-09-30 02:00:00+00:00,45.073,45.641,44.998,45.07,512720.17,39.284040006447256
2025-09-30 03:00:00+00:00,45.07,45.315,44.542,44.715,462647.01,36.7647240064206
2025-09-30 04:00:00+00:00,44.715,44.908,44.34,44.527,655698.91,35.46751071923431
2025-09-30 05:00:00+00:00,44.527,45.011,44.406,44.842,358543.94,39.33020213364893
2025-09-30 06:00:00+00:00,44.842,45.307,44.62,45.187,311453.82,43.331032354477905
2025-09-30 07:00:00+00:00,45.189,45.353,44.698,45.015,396522.48,41.84933280847948
2025-09-30 08:00:00+00:00,45.014,45.284,44.605,44.629,414472.15,38.65479503624045
2025-09-30 09:00:00+00:00,44.628,44.711,43.589,44.097,1231568.39,34.72092680009898
2025-09-30 10:00:00+00:00,44.097,45.669,44.02,45.499,939573.03,49.3500035503841
2025-09-30 11:00:00+00:00,45.499,45.743,45.146,45.687,461696.01,50.937763345013956
2025-09-30 12:00:00+00:00,45.687,45.687,44.851,44.961,377219.68,45.06301722733302
2025-09-30 13:00:00+00:00,44.954,45.57,44.65,44.929,628562.67,44.81766135136684
2025-09-30 14:00:00+00:00,44.952,45.154,44.6,44.808,497946.21,43.84553734369739
2025-09-30 15:00:00+00:00,44.815,44.846,43.526,43.885,1076480.53,37.21444548407915
2025-09-30 16:00:00+00:00,43.885,44.131,43.554,43.922,397038.78,37.62171116106845
2025-09-30 17:00:00+00:00,43.923,45.323,43.759,44.962,846657.28,47.859566973093294
2025-09-30 18:00:00+00:00,44.963,45.621,44.711,44.91,562556.86,47.44031242753611
2025-09-30 19:00:00+00:00,44.91,45.786,44.45,45.52,529325.76,52.677388614941414
2025-09-30 20:00:00+00:00,45.52,46.554,45.252,46.322,649545.77,58.52822504379795
2025-09-30 21:00:00+00:00,46.323,46.397,45.527,45.527,537944.77,51.70403468784237
2025-09-30 22:00:00+00:00,45.53,45.832,45.111,45.112,196987.14,48.52347654311657
2025-09-30 23:00:00+00:00,45.112,45.359,44.898,45.247,246350.48,49.60939896092185
2025-10-01 00:00:00+00:00,45.247,45.635,44.59,45.122,457266.18,48.58734532102915
2025-10-01 01:00:00+00:00,45.122,45.782,44.939,45.781,230835.79,53.97126806380315
2025-10-01 02:00:00+00:00,45.782,45.919,45.3,45.426,272800.44,50.88022245327247
2025-10-01 03:00:00+00:00,45.427,45.567,44.754,45.007,325651.93,47.427635551052184
2025-10-01 04:00:00+00:00,45.0,45.46,44.871,44.927,222401.12,46.77500098800588
2025-10-01 05:00:00+00:00,44.948,45.349,44.827,44.919,284737.11,46.705786984014885
2025-10-01 06:00:00+00:00,44.919,45.023,44.647,44.775,136835.88,45.403441729668
2025-10-01 07:00:00+00:00,44.778,45.738,44.742,45.727,192313.74,54.44686482466577
2025-10-01 08:00:00+00:00,45.721,47.092,45.618,46.783,635492.91,61.971543159870166
2025-10-01 09:00:00+00:00,46.792,47.32,46.169,46.948,1202615.34,62.99997702750803
2025-10-01 10:00:00+00:00,46.965,47.151,46.57,46.811,380364.72,61.512493028393905
2025-10-01 11:00:00+00:00,46.811,47.7,46.697,47.614,377363.02,66.50452856022474
2025-10-01 12:00:00+00:00,47.614,47.684,47.266,47.307,404638.1,63.13303695972321
2025-10-01 13:00:00+00:00,47.308,47.912,47.308,47.714,506048.69,65.62132533239722
2025-10-01 14:00:00+00:00,47.73,48.1,47.166,47.28,1018797.48,60.901041940104996
2025-10-01 15:00:00+00:00,47.28,47.591,46.863,47.247,597021.77,60.54442160469115
2025-10-01 16:00:00+00:00,47.25,47.996,47.144,47.341,439440.13,61.24065745182138
2025-10-01 17:00:00+00:00,47.343,47.523,46.7,46.996,468254.92,57.247809570094546
2025-10-01 18:00:00+00:00,46.997,47.149,46.693,46.955,366638.18,56.77406704369013
2025-10-01 19:00:00+00:00,46.945,47.376,46.88,47.113,166093.07,58.20929571413457
2025-10-01 20:00:00+00:00,47.125,47.198,46.646,46.733,289740.92,53.59982274698242
2025-10-01 21:00:00+00:00,46.741,46.832,46.342,46.824,217629.83,54.528449455275975
2025-10-01 22:00:00+00:00,46.824,47.283,46.65,47.089,474292.47,57.213878115841176
2025-10-01 23:00:00+00:00,47.094,47.3,46.861,47.274,192742.96,59.03282657910524
2025-10-02 00:00:00+00:00,47.267,48.0,47.014,47.193,616799.3,57.872742392922284
2025-10-02 01:00:00+00:00,47.187,48.852,47.099,48.725,1287417.52,69.91492991208943
2025-10-02 02:00:00+00:00,48.722,48.87,48.165,48.395,601973.82,65.5671423932045
2025-10-02 03:00:00+00:00,48.381,49.429,48.353,49.424,928798.69,71.51545506159057
2025-10-02 04:00:00+00:00,49.425,49.672,48.866,49.421,819921.98,71.47668685607407
2025-10-02 05:00:00+00:00,49.421,49.764,49.107,49.122,577465.87,67.54649947683228
2025-10-02 06:00:00+00:00,49.122,49.632,48.952,49.255,501280.35,68.37938309058936
2025-10-02 07:00:00+00:00,49.245,49.286,48.618,48.851,345979.74,63.08333609850926
2025-10-02 08:00:00+00:00,48.85,49.288,48.714,49.287,446855.07,66.1319772140252
2025-10-02 09:00:00+00:00,49.288,49.57,49.055,49.493,240166.4,67.49770244006099
2025-10-02 10:00:00+00:00,49.493,49.595,49.194,49.453,202888.69,66.93329446221566
2025-10-02 11:00:00+00:00,49.451,49.876,49.382,49.652,371689.93,68.35117459951665
2025-10-02 12:00:00+00:00,49.652,49.917,49.41,49.733,354439.19,68.93507071480087
2025-10-02 13:00:00+00:00,49.734,49.737,48.953,49.126,550490.42,60.00143960581744
2025-10-02 14:00:00+00:00,49.126,49.133,48.585,48.787,822220.28,55.662846774999586
2025-10-02 15:00:00+00:00,48.819,49.372,48.607,49.213,407982.61,59.61473576694874
2025-10-02 16:00:00+00:00,49.209,49.86,49.094,49.211,655274.32,59.58788232475221
2025-10-02 17:00:00+00:00,49.213,49.9,49.006,49.846,550455.02,64.98141534952501
2025-10-02 18:00:00+00:00,49.845,50.4,49.803,50.068,1166810.55,66.65686762802696
2025-10-02 19:00:00+00:00,50.073,51.131,50.042,50.901,1113558.68,72.0588635269936
2025-10-02 20:00:00+00:00,50.907,50.919,50.136,50.8,717005.3,70.56605284213592
2025-10-02 21:00:00+00:00,50.799,50.96,50.021,50.191,596725.48,62.198850233007576
2025-10-02 22:00:00+00:00,50.191,50.5,50.006,50.162,317818.24,61.82292678982965
2025-10-02 23:00:00+00:00,50.156,50.911,50.128,50.858,310045.79,66.98089103918619
2025-10-03 00:00:00+00:00,50.858,50.873,50.314,50.535,208533.39,62.74419584131368
2025-10-03 01:00:00+00:00,50.535,50.753,49.67,49.74,569307.77,53.735056581745695
2025-10-03 02:00:00+00:00,49.752,50.66,49.731,50.649,298585.17,60.68592738085856
2025-10-03 03:00:00+00:00,50.648,50.891,50.122,50.165,361927.19,55.872530382408954
2025-10-03 04:00:00+00:00,50.164,50.426,49.558,50.363,637092.8,57.36244206082055
2025-10-03 05:00:00+00:00,50.37,50.434,49.974,50.181,206506.28,55.50723670930944
2025-10-03 06:00:00+00:00,50.178,50.451,49.684,49.817,237876.06,51.89244584391827
2025-10-03 07:00:00+00:00,49.826,50.008,49.35,49.569,463688.07,49.52597278937586
2025-10-03 08:00:00+00:00,49.579,49.703,48.536,49.132,957650.02,45.581403777271696
2025-10-03 09:00:00+00:00,49.131,49.54,48.9,49.402,322378.05,48.320168010636884
2025-10-03 10:00:00+00:00,49.402,49.973,49.286,49.967,286444.64,53.584461280519704
2025-10-03 11:00:00+00:00,49.967,49.968,49.249,49.554,228482.88,49.60664157023561
2025-10-03 12:00:00+00:00,49.554,49.683,48.948,49.101,221583.92,45.60742762695139
2025-10-03 13:00:00+00:00,49.102,49.34,48.812,48.963,335800.19,44.432262729871894
2025-10-03 14:00:00+00:00,48.971,49.742,48.615,49.4,773713.48,48.92070041513447
2025-10-03 15:00:00+00:00,49.401,50.862,49.057,50.518,1059555.69,58.2188744874563
2025-10-03 16:00:00+00:00,50.493,50.955,50.08,50.172,1558187.61,54.88878911440553
2025-10-03 17:00:00+00:00,50.172,50.923,49.65,50.097,1056877.3,54.16554562533022
2025-10-03 18:00:00+00:00,50.097,50.615,49.642,50.26,512570.02,55.53678344900477
2025-10-03 19:00:00+00:00,50.273,50.409,49.78,50.035,369612.18,53.172042047580796
2025-10-03 20:00:00+00:00,50.039,50.228,49.71,50.102,297544.6,53.80284702548611
2025-10-03 21:00:00+00:00,50.102,50.139,49.76,49.83,160410.84,50.81043370841213
2025-10-03 22:00:00+00:00,49.828,50.153,49.701,50.066,234524.65,53.240477879172076
2025-10-03 23:00:00+00:00,50.065,50.07,49.361,49.475,195360.96,46.98118462715175
2025-10-04 00:00:00+00:00,49.475,49.632,48.862,49.003,501093.98,42.66685622968471
2025-10-04 01:00:00+00:00,49.005,49.098,48.652,48.779,258240.39,40.754135248601585
2025-10-04 02:00:00+00:00,48.767,49.148,48.658,49.074,261907.18,44.29580115516322
2025-10-04 03:00:00+00:00,49.074,49.236,48.908,48.993,135536.39,43.5264049629897
2025-10-04 04:00:00+00:00,49.019,49.195,48.833,49.02,146344.67,43.876347573042715
2025-10-04 05:00:00+00:00,49.019,49.324,48.715,48.775,243290.04,41.371182601973615
2025-10-04 06:00:00+00:00,48.771,49.24,48.652,49.089,299349.68,45.65392811086134
2025-10-04 07:00:00+00:00,49.09,49.226,48.703,48.74,112910.07,41.98308405767271
2025-10-04 08:00:00+00:00,48.742,48.98,48.194,48.282,567617.55,37.6991384858193
2025-10-04 09:00:00+00:00,48.281,48.587,48.28,48.344,209768.89,38.61232955136474
2025-10-04 10:00:00+00:00,48.341,48.703,48.038,48.094,282780.15,36.301713784848154
2025-10-04 11:00:00+00:00,48.09,48.349,47.8,48.249,756635.51,38.749035333018206
2025-10-04 12:00:00+00:00,48.249,48.53,48.071,48.157,308781.75,37.820222560542895
2025-10-04 13:00:00+00:00,48.158,48.838,48.145,48.662,398236.22,45.53732844165619
2025-10-04 14:00:00+00:00,48.663,48.884,47.97,47.971,206426.26,38.49685451967056
2025-10-04 15:00:00+00:00,47.975,48.149,47.745,47.914,353842.95,37.97527946013511
2025-10-04 16:00:00+00:00,47.915,48.374,47.915,48.353,274568.28,44.24112806535244
2025-10-04 17:00:00+00:00,48.358,48.533,48.184,48.395,164623.81,44.815511041673744
2025-10-04 18:00:00+00:00,48.403,48.804,48.312,48.419,270136.02,45.16313271994213
2025-10-04 19:00:00+00:00,48.419,48.807,48.368,48.613,116121.33,48.013840701587775
2025-10-04 20:00:00+00:00,48.619,48.824,48.477,48.625,96523.59,48.1932441111652
2025-10-04 21:00:00+00:00,48.625,49.132,48.612,48.859,249906.73,51.694011297240074
2025-10-04 22:00:00+00:00,48.86,49.159,48.838,49.06,104108.71,54.53592000210637
2025-10-04 23:00:00+00:00,49.061,49.372,48.85,49.202,151285.25,56.48369217682775
2025-10-05 00:00:00+00:00,49.198,50.0,48.9,48.937,480500.79,52.00589386395932
2025-10-05 01:00:00+00:00,48.937,49.564,48.905,49.376,277324.87,57.95268936076821
2025-10-05 02:00:00+00:00,49.363,50.297,49.14,50.25,626998.51,66.7783607006625
2025-10-05 03:00:00+00:00,50.251,50.34,49.829,50.032,365885.64,63.214226098936
2025-10-05 04:00:00+00:00,50.032,50.879,49.867,50.569,391398.76,67.7766120281463
2025-10-05 05:00:00+00:00,50.592,51.142,50.345,50.648,552405.55,68.39758105276042
2025-10-05 06:00:00+00:00,50.649,50.689,50.113,50.686,706779.75,68.7099345672603
2025-10-05 07:00:00+00:00,50.686,51.386,50.593,51.329,741672.77,73.48546992389181
2025-10-05 08:00:00+00:00,51.338,51.5,50.75,50.934,610833.56,66.7461986787417
2025-10-05 09:00:00+00:00,50.922,51.0,50.021,50.105,759565.62,55.286511417581835
2025-10-05 10:00:00+00:00,50.107,50.162,49.058,49.214,894045.95,46.12106869467508
2025-10-05 11:00:00+00:00,49.214,49.552,49.0,49.366,469193.09,47.71354872548997
2025-10-05 12:00:00+00:00,49.36,49.36,48.896,49.024,277111.84,44.524773257414225
2025-10-05 13:00:00+00:00,49.024,49.536,49.007,49.439,214512.78,48.98056175496203
2025-10-05 14:00:00+00:00,49.438,49.59,48.56,49.0,562580.78,44.874493635792966
2025-10-05 15:00:00+00:00,49.0,49.215,48.862,49.026,244099.98,45.16767244787718
2025-10-05 16:00:00+00:00,49.025,49.205,48.597,49.171,357104.26,46.864902861540365
2025-10-05 17:00:00+00:00,49.185,49.26,48.521,48.537,374537.66,40.903235675319124
2025-10-05 18:00:00+00:00,48.536,48.672,47.837,47.99,578903.22,36.57966571644962
2025-10-05 19:00:00+00:00,47.99,48.161,47.4,47.516,700085.33,33.29535543222873
2025-10-05 20:00:00+00:00,47.517,48.1,47.404,47.945,463816.46,38.663077990184696
2025-10-05 21:00:00+00:00,47.944,48.076,47.79,47.961,207612.5,38.860684810376064
2025-10-05 22:00:00+00:00,47.968,48.417,47.967,48.366,242018.25,43.79654332091151
2025-10-05 23:00:00+00:00,48.366,48.582,48.226,48.288,173122.66,43.07527892724433
2025-10-06 00:00:00+00:00,48.288,48.798,47.929,48.102,312290.48,41.32746015686873
2025-10-06 01:00:00+00:00,48.102,48.883,48.006,48.635,325306.66,47.856741950216396
2025-10-06 02:00:00+00:00,48.616,48.835,48.252,48.65,175960.3,48.03201499663962
2025-10-06 03:00:00+00:00,48.635,48.66,48.378,48.502,78890.95,46.375627622108276
2025-10-06 04:00:00+00:00,48.502,48.837,48.349,48.408,178228.85,45.30694990729257
2025-10-06 05:00:00+00:00,48.392,48.85,48.317,48.715,138670.38,49.4074666094241
2025-10-06 06:00:00+00:00,48.713,49.09,48.664,48.944,250024.68,52.28139517658729
2025-10-06 07:00:00+00:00,48.943,49.249,48.408,48.564,594346.81,47.463250693818146
2025-10-06 08:00:00+00:00,48.573,48.987,48.573,48.865,162809.04,51.29235637416413
2025-10-06 09:00:00+00:00,48.888,49.173,48.694,48.773,254203.28,50.09065412647714
2025-10-06 10:00:00+00:00,48.772,48.805,48.402,48.43,212428.99,45.78391899514593
2025-10-06 11:00:00+00:00,48.431,48.636,48.119,48.341,401352.42,44.70974599386977
2025-10-06 12:00:00+00:00,48.35,49.11,48.31,48.702,548955.66,49.84945792202774
2025-10-06 13:00:00+00:00,48.69,49.009,48.345,48.886,577783.18,52.28417197382601
2025-10-06 14:00:00+00:00,48.887,49.223,48.359,48.458,683310.15,46.615127822114204
2025-10-06 15:00:00+00:00,48.449,49.061,48.38,48.839,329301.64,51.64174819679548
2025-10-06 16:00:00+00:00,48.838,49.042,48.3,48.77,427933.7,50.71050183961305
2025-10-06 17:00:00+00:00,48.743,48.99,48.367,48.928,459633.88,52.80903200582062
2025-10-06 18:00:00+00:00,48.915,49.524,48.764,49.411,418772.9,58.610357376602266
2025-10-06 19:00:00+00:00,49.428,49.64,49.125,49.38,461246.48,58.1165389097904
2025-10-06 20:00:00+00:00,49.379,49.76,48.768,49.063,494637.1,53.18206969495607
2025-10-06 21:00:00+00:00,49.069,49.156,48.519,48.888,332578.27,50.62653167172571
2025-10-06 22:00:00+00:00,48.887,48.924,48.287,48.344,345719.5,43.61102640831655
2025-10-06 23:00:00+00:00,48.345,48.402,47.252,47.262,1084628.9,33.62919385491999
2025-10-07 00:00:00+00:00,47.262,47.839,47.08,47.354,792100.25,34.99166792420307
2025-10-07 01:00:00+00:00,47.351,47.351,46.612,47.012,1031174.23,32.33437977985723
2025-10-07 02:00:00+00:00,47.012,47.194,46.742,46.902,498675.32,31.505648573842535
2025-10-07 03:00:00+00:00,46.903,47.044,46.399,46.645,478768.41,29.597016516249298
2025-10-07 04:00:00+00:00,46.645,46.645,46.08,46.505,781526.26,28.581248393198962
2025-10-07 05:00:00+00:00,46.503,46.693,46.115,46.693,493964.84,31.95828962929143
2025-10-07 06:00:00+00:00,46.683,46.685,45.813,45.999,586738.62,26.901382151770292
2025-10-07 07:00:00+00:00,46.0,46.254,45.75,45.888,443109.62,26.187632500892093
2025-10-07 08:00:00+00:00,45.874,46.284,45.592,46.088,667812.75,29.801647374548992
2025-10-07 09:00:00+00:00,46.08,46.411,46.041,46.27,242259.34,33.0157488380073
2025-10-07 10:00:00+00:00,46.278,46.594,46.111,46.162,261117.46,32.07718049704664
2025-10-07 11:00:00+00:00,46.177,46.388,45.914,46.001,359524.61,30.677122047769643
2025-10-07 12:00:00+00:00,46.011,46.533,45.893,46.517,361653.87,39.75309565844241
2025-10-07 13:00:00+00:00,46.52,46.588,45.601,45.688,811316.75,32.41129572108754
2025-10-07 14:00:00+00:00,45.697,45.781,44.826,44.949,1310703.9,27.530216942249993
2025-10-07 15:00:00+00:00,44.933,45.447,44.566,45.258,1299666.24,32.13256623238844
2025-10-07 16:00:00+00:00,45.258,45.761,45.1,45.597,521427.82,36.86940293885518
2025-10-07 17:00:00+00:00,45.576,45.73,45.051,45.052,446866.88,32.894457257262076
2025-10-07 18:00:00+00:00,45.052,45.304,44.62,44.792,526017.57,31.168076359842487
2025-10-07 19:00:00+00:00,44.792,45.215,44.722,45.005,333590.42,34.21412940451408
2025-10-07 20:00:00+00:00,45.007,45.469,45.0,45.218,256536.17,37.20670750729641
2025-10-07 21:00:00+00:00,45.232,45.625,45.109,45.189,224684.35,36.96018866211387
2025-10-07 22:00:00+00:00,45.189,45.731,45.082,45.432,237224.78,40.516643593503474
2025-10-07 23:00:00+00:00,45.432,45.452,45.02,45.156,157035.2,37.9012140896259
2025-10-08 00:00:00+00:00,45.15,45.714,44.892,45.485,300603.38,42.65335259417885
2025-10-08 01:00:00+00:00,45.486,46.041,45.335,45.843,355325.63,47.372769147686185
2025-10-08 02:00:00+00:00,45.845,46.324,45.701,46.055,180374.71,49.99706786206494
2025-10-08 03:00:00+00:00,46.055,46.2,45.379,45.582,217873.68,44.6475972729822
2025-10-08 04:00:00+00:00,45.588,46.203,45.461,46.05,257078.67,50.31238705124731
2025-10-08 05:00:00+00:00,46.051,46.051,45.443,45.687,116718.64,46.35012087835801
2025-10-08 06:00:00+00:00,45.686,45.852,45.442,45.84,80438.65,48.20174711023496
2025-10-08 07:00:00+00:00,45.849,46.432,45.823,46.423,476832.81,54.62769535936928
2025-10-08 08:00:00+00:00,46.422,46.582,46.332,46.488,316687.16,55.29361398318535
2025-10-08 09:00:00+00:00,46.488,46.586,46.155,46.194,155178.63,51.604385209375536
2025-10-08 10:00:00+00:00,46.201,46.726,46.165,46.513,191741.46,55.104568572852145
2025-10-08 11:00:00+00:00,46.513,46.641,45.886,46.028,300470.71,49.270068014954525
2025-10-08 12:00:00+00:00,46.026,46.178,45.905,46.029,168276.87,49.281991994211154
2025-10-08 13:00:00+00:00,46.029,46.26,45.702,46.235,356928.79,51.79558881213488
2025-10-08 14:00:00+00:00,46.235,46.606,45.771,45.899,647876.15,47.647656018467565
2025-10-08 15:00:00+00:00,45.926,46.211,45.8,45.816,290300.26,46.653741770731415
2025-10-08 16:00:00+00:00,45.816,47.05,45.8,46.953,411526.65,59.207079878027756
2025-10-08 17:00:00+00:00,46.955,47.275,46.545,46.626,786556.85,55.1850208025174
2025-10-08 18:00:00+00:00,46.627,47.395,46.467,46.958,485794.58,58.28356041574267
2025-10-08 19:00:00+00:00,46.958,47.055,46.482,46.821,412233.13,56.54614363258937
2025-10-08 20:00:00+00:00,46.819,46.871,46.364,46.383,150732.22,51.28273219150247
2025-10-08 21:00:00+00:00,46.383,46.637,46.211,46.317,242404.89,50.51963640978281
2025-10-08 22:00:00+00:00,46.313,46.52,46.233,46.248,69129.56,49.68721660307366
2025-10-08 23:00:00+00:00,46.249,46.687,45.916,46.683,314074.93,54.74933191804384
2025-10-09 00:00:00+00:00,46.684,46.828,46.122,46.16,241779.59,48.43908007720016
2025-10-09 01:00:00+00:00,46.16,46.264,45.416,45.797,787390.52,44.59702671117064
2025-10-09 02:00:00+00:00,45.799,45.827,44.954,45.053,532249.12,37.95256721762519
2025-10-09 03:00:00+00:00,45.053,45.663,45.052,45.391,371333.02,42.16807458558347
2025-10-09 04:00:00+00:00,45.4,45.945,45.063,45.754,654212.38,46.38132004507515
2025-10-09 05:00:00+00:00,45.754,45.835,45.54,45.742,151275.4,46.26133514974572
2025-10-09 06:00:00+00:00,45.745,45.892,45.336,45.561,154953.19,44.39578378121966
2025-10-09 07:00:00+00:00,45.566,45.635,45.079,45.323,270331.89,41.99752620824704
2025-10-09 08:00:00+00:00,45.323,45.435,44.514,44.719,1266714.35,36.59474384610856
2025-10-09 09:00:00+00:00,44.723,45.044,44.206,44.617,953286.88,35.758146129358565
2025-10-09 10:00:00+00:00,44.618,44.864,44.44,44.44,186492.85,34.29306380467139
2025-10-09 11:00:00+00:00,44.44,44.68,44.27,44.278,310479.7,32.96191707933852
2025-10-09 12:00:00+00:00,44.283,45.007,44.182,44.761,501083.42,40.391198810920656
2025-10-09 13:00:00+00:00,44.762,44.863,44.238,44.251,357908.06,35.870825135608996
2025-10-09 14:00:00+00:00,44.262,44.554,43.287,43.411,1645108.26,29.92952820182512
2025-10-09 15:00:00+00:00,43.412,43.655,42.83,43.223,1489255.99,28.78057432738632
2025-10-09 16:00:00+00:00,43.222,43.46,42.38,42.561,932592.57,25.12325079456548
2025-10-09 17:00:00+00:00,42.564,43.18,42.368,43.149,1033695.63,33.23836953494428
2025-10-09 18:00:00+00:00,43.142,43.184,42.686,43.0,467204.31,32.283546769886215
2025-10-09 19:00:00+00:00,42.999,43.661,42.979,43.558,715298.61,39.31430257906716
2025-10-09 20:00:00+00:00,43.562,44.104,43.546,43.843,816049.69,42.59276196843887
2025-10-09 21:00:00+00:00,43.842,44.13,43.736,44.114,277998.72,45.602124529886126
2025-10-09 22:00:00+00:00,44.115,44.55,44.0,44.257,595086.11,47.1757192281127
2025-10-09 23:00:00+00:00,44.257,44.327,43.936,43.976,346167.9,44.45439306986919
2025-10-10 00:00:00+00:00,43.976,44.204,43.958,44.113,175800.92,46.08726586742271
2025-10-10 01:00:00+00:00,44.112,44.313,44.038,44.276,180773.0,48.04425291901706
2025-10-10 02:00:00+00:00,44.275,44.475,44.121,44.152,152579.4,46.656762605139704
2025-10-10 03:00:00+00:00,44.151,44.586,43.981,44.211,193020.56,47.434625910559504
2025-10-10 04:00:00+00:00,44.21,44.345,43.531,43.725,248767.74,42.0014126303772
2025-10-10 05:00:00+00:00,43.71,43.951,43.443,43.923,365876.84,44.776634739053726
2025-10-10 06:00:00+00:00,43.922,44.243,43.788,43.96,428303.62,45.30333363238038
2025-10-10 07:00:00+00:00,43.959,43.969,43.459,43.69,447808.38,42.14449720476251
2025-10-10 08:00:00+00:00,43.689,44.34,43.689,44.316,321653.43,50.723420476591365
2025-10-10 09:00:00+00:00,44.313,44.733,44.243,44.358,244510.12,51.24576863265845
2025-10-10 10:00:00+00:00,44.358,44.682,44.338,44.592,133165.83,54.16120744734143
2025-10-10 11:00:00+00:00,44.592,44.879,44.456,44.745,268840.34,56.01334325642477
2025-10-10 12:00:00+00:00,44.741,44.833,44.424,44.722,147694.63,55.64932709557657
2025-10-10 13:00:00+00:00,44.722,45.256,44.561,45.109,534520.75,60.32182072207027
2025-10-10 14:00:00+00:00,45.105,45.449,44.24,44.312,596205.88,48.896715009422465
2025-10-10 15:00:00+00:00,44.318,44.381,42.014,42.606,3046325.77,34.036238570724265
2025-10-10 16:00:00+00:00,42.605,43.174,42.212,42.68,1073124.78,34.95960398480388
2025-10-10 17:00:00+00:00,42.68,43.569,42.516,42.85,702548.09,37.13664994406147
2025-10-10 18:00:00+00:00,42.85,43.181,42.296,42.393,537568.24,33.855916419832425
2025-10-10 19:00:00+00:00,42.392,42.992,42.097,42.876,745531.93,39.89908779455665
2025-10-10 20:00:00+00:00,42.874,43.366,40.526,40.722,1709297.32,27.730993097487854
2025-10-10 21:00:00+00:00,40.76,42.401,31.8,40.586,10922615.64,27.167628900219285
2025-10-10 22:00:00+00:00,40.659,40.888,37.37,39.228,4029360.55,22.29671688372929
2025-10-10 23:00:00+00:00,39.228,40.02,36.853,37.366,2671900.19,17.62945623030312
2025-10-11 00:00:00+00:00,37.458,38.8,36.613,38.616,2561787.71,28.456423048135306
2025-10-11 01:00:00+00:00,38.623,38.88,36.062,36.996,2439463.31,24.045252066398945
2025-10-11 02:00:00+00:00,37.016,39.313,36.955,39.173,2176825.84,37.96256818392432
2025-10-11 03:00:00+00:00,39.177,39.181,36.5,37.948,1392674.04,34.16862824156854
2025-10-11 04:00:00+00:00,37.96,39.198,37.88,39.198,857718.27,40.683001536018814
2025-10-11 05:00:00+00:00,39.198,39.727,38.844,38.867,1148984.8,39.56647321979297
2025-10-11 06:00:00+00:00,38.869,39.28,38.371,39.037,851673.32,40.47011726822522
2025-10-11 07:00:00+00:00,39.038,39.996,38.562,39.123,1123583.29,40.95113954232108
2025-10-11 08:00:00+00:00,39.142,39.93,38.7,39.876,820825.85,45.13168537191306
2025-10-11 09:00:00+00:00,39.875,40.929,39.705,40.254,1050972.15,47.154297694623146
2025-10-11 10:00:00+00:00,40.258,40.891,40.0,40.3,1100757.45,47.40837060946457
2025-10-11 11:00:00+00:00,40.3,40.317,39.429,39.93,727480.97,45.512922098159585
2025-10-11 12:00:00+00:00,39.942,40.0,38.853,39.382,576601.15,42.78452726800221
2025-10-11 13:00:00+00:00,39.382,39.462,38.434,38.6,757060.5,39.17544094601316
2025-10-11 14:00:00+00:00,38.6,38.72,37.9,38.31,813503.33,37.89867728657365
2025-10-11 15:00:00+00:00,38.31,38.85,37.428,38.1,934488.19,36.95932893663278
2025-10-11 16:00:00+00:00,38.1,38.574,37.589,37.817,604260.38,35.67602106012977
2025-10-11 17:00:00+00:00,37.817,38.445,37.811,38.295,585779.56,39.497291245646544
2025-10-11 18:00:00+00:00,38.294,38.302,37.697,37.885,355224.95,37.442622801199576
2025-10-11 19:00:00+00:00,37.877,37.912,36.172,36.419,1356636.01,31.19404801621907
2025-10-11 20:00:00+00:00,36.433,36.575,35.177,36.119,2356851.15,30.087493816122205
2025-10-11 21:00:00+00:00,36.122,37.446,35.686,36.973,1443763.78,36.94465218209159
2025-10-11 22:00:00+00:00,36.972,37.531,36.785,37.209,616663.9,38.73301100515031
2025-10-11 23:00:00+00:00,37.208,37.236,36.784,36.825,340572.23,36.89920395592885
2025-10-12 00:00:00+00:00,36.828,37.211,36.234,36.324,692307.86,34.59770463941446
2025-10-12 01:00:00+00:00,36.326,37.389,36.252,37.224,682792.81,41.6397738102975
2025-10-12 02:00:00+00:00,37.224,37.682,35.778,36.533,879999.44,38.23571731345068
2025-10-12 03:00:00+00:00,36.533,37.585,36.452,37.088,458595.66,42.31471149521497
2025-10-12 04:00:00+00:00,37.086,38.351,36.952,38.189,733069.44,49.44718327307879
2025-10-12 05:00:00+00:00,38.189,38.832,37.928,38.486,351800.84,51.20004721935982
2025-10-12 06:00:00+00:00,38.479,38.887,38.17,38.264,468281.53,49.80977875814038
2025-10-12 07:00:00+00:00,38.265,38.269,37.637,37.766,357639.84,46.74350692839903
2025-10-12 08:00:00+00:00,37.769,37.862,36.96,37.025,541042.26,42.546555043258806
2025-10-12 09:00:00+00:00,37.026,37.243,36.362,37.137,738127.8,43.37413890949388
2025-10-12 10:00:00+00:00,37.14,37.273,36.792,36.942,341595.92,42.233484387378155
2025-10-12 11:00:00+00:00,36.942,37.635,36.903,37.361,380096.38,45.54714489189745
2025-10-12 12:00:00+00:00,37.361,38.138,37.316,37.976,451847.92,50.07407448250002
2025-10-12 13:00:00+00:00,37.975,38.011,36.95,37.182,476516.91,44.88580878317603
2025-10-12 14:00:00+00:00,37.179,39.1,37.16,38.623,901904.5,54.167213340016644
2025-10-12 15:00:00+00:00,38.619,40.052,38.589,39.406,2678426.5,58.27862826370282
2025-10-12 16:00:00+00:00,39.396,40.505,39.384,40.168,1719532.42,61.86395385950449
2025-10-12 17:00:00+00:00,40.168,40.485,39.441,39.756,836679.74,58.915938442223734
2025-10-12 18:00:00+00:00,39.755,40.176,39.16,39.525,614942.01,57.26813810273496
2025-10-12 19:00:00+00:00,39.529,40.395,39.527,40.281,525157.66,61.10245882308909
2025-10-12 20:00:00+00:00,40.28,40.887,40.004,40.426,847965.01,61.81026469098283
2025-10-12 21:00:00+00:00,40.433,40.433,39.41,39.908,819215.14,57.76625085954363
2025-10-12 22:00:00+00:00,39.92,40.4,39.755,40.303,385044.43,59.9197018472347
2025-10-12 23:00:00+00:00,40.304,40.338,39.5,39.616,346224.16,54.69603440232531
2025-10-13 00:00:00+00:00,39.616,40.068,39.32,39.525,261046.76,54.024197981235446
2025-10-13 01:00:00+00:00,39.526,40.17,39.252,40.079,363055.78,57.450715970341385
2025-10-13 02:00:00+00:00,40.088,40.181,39.302,39.726,343131.79,54.65555003146017
2025-10-13 03:00:00+00:00,39.735,39.805,38.927,39.095,587686.31,49.97492709413952
2025-10-13 04:00:00+00:00,39.096,39.12,38.582,38.937,407640.04,48.84690184230521
2025-10-13 05:00:00+00:00,38.932,38.944,38.151,38.327,518176.09,44.656031634655626
2025-10-13 06:00:00+00:00,38.323,41.811,38.213,41.659,1897906.44,63.21908909930785
2025-10-13 07:00:00+00:00,41.673,42.487,41.002,42.461,1770959.07,66.16113260206436
2025-10-13 08:00:00+00:00,42.46,42.545,41.764,41.792,651319.08,61.72576591811346
2025-10-13 09:00:00+00:00,41.778,42.06,41.343,41.878,400670.27,62.077713616341725
2025-10-13 10:00:00+00:00,41.885,42.108,40.807,40.923,597564.3,55.92754554332806
2025-10-13 11:00:00+00:00,40.926,40.953,39.5,40.299,1126349.07,52.28273098027177
2025-10-13 12:00:00+00:00,40.291,40.748,39.888,40.404,670128.05,52.83968046852271
2025-10-13 13:00:00+00:00,40.404,41.436,40.081,41.351,1037675.2,57.641701910213854
2025-10-13 14:00:00+00:00,41.342,41.436,39.792,39.867,1132672.99,49.189192641740874
2025-10-13 15:00:00+00:00,39.877,40.364,39.642,39.744,605450.17,48.5536760826988
2025-10-13 16:00:00+00:00,39.751,40.349,39.724,40.175,521192.25,50.945309214795685
2025-10-13 17:00:00+00:00,40.183,40.917,40.066,40.91,687050.84,54.80395896945779
2025-10-13 18:00:00+00:00,40.91,41.358,40.55,41.342,480256.52,56.94751167403843
2025-10-13 19:00:00+00:00,41.343,42.25,41.19,42.043,820240.95,60.24262551248042
2025-10-13 20:00:00+00:00,42.043,43.121,41.87,43.026,663033.7,64.36178231909915
2025-10-13 21:00:00+00:00,43.026,43.303,42.585,42.893,545514.51,63.404601011706696
2025-10-13 22:00:00+00:00,42.885,43.305,42.707,43.14,446986.23,64.46164595248007
2025-10-13 23:00:00+00:00,43.148,43.69,41.968,42.423,1278885.35,59.12300909119106
2025-10-14 00:00:00+00:00,42.437,43.201,42.387,42.789,474426.29,60.90300491371472
2025-10-14 01:00:00+00:00,42.777,42.809,41.872,42.107,985928.81,56.00877765104501
2025-10-14 02:00:00+00:00,42.114,42.234,41.513,41.617,565923.46,52.730088100118905
2025-10-14 03:00:00+00:00,41.623,41.83,41.199,41.227,446147.37,50.210707652534985
2025-10-14 04:00:00+00:00,41.224,41.37,40.229,40.548,747139.33,46.08250344218561
2025-10-14 05:00:00+00:00,40.549,40.977,39.8,39.982,728841.17,42.915080201464406
2025-10-14 06:00:00+00:00,39.979,40.438,38.523,39.188,1632428.01,38.87803934767679
2025-10-14 07:00:00+00:00,39.169,39.45,38.599,38.775,495516.7,36.93192057743683
2025-10-14 08:00:00+00:00,38.775,39.259,38.449,38.764,738551.22,36.878969953024196
2025-10-14 09:00:00+00:00,38.766,39.527,38.642,38.827,885979.01,37.43225918028378
2025-10-14 10:00:00+00:00,38.832,38.883,37.736,37.99,1241886.63,33.26086467886387
2025-10-14 11:00:00+00:00,37.991,38.468,37.85,38.239,622657.27,35.561456201317526
2025-10-14 12:00:00+00:00,38.231,38.341,37.527,37.629,537675.28,32.59695804672822
2025-10-14 13:00:00+00:00,37.629,38.598,37.379,38.273,759430.62,38.43228751111028
2025-10-14 14:00:00+00:00,38.276,39.458,38.225,38.659,1472009.67,41.69072679733085
2025-10-14 15:00:00+00:00,38.659,40.198,38.633,40.134,991656.42,52.11893741802408
2025-10-14 16:00:00+00:00,40.135,40.464,39.531,40.048,890270.54,51.54016334132656
2025-10-14 17:00:00+00:00,40.048,40.771,39.628,40.146,1017880.32,52.191685600016896
2025-10-14 18:00:00+00:00,40.144,40.526,39.601,39.737,804662.32,49.217624568925196
2025-10-14 19:00:00+00:00,39.745,40.0,38.836,39.319,821428.12,46.31300555129321
2025-10-14 20:00:00+00:00,39.325,39.515,38.851,39.488,454314.3,47.657980237841294
2025-10-14 21:00:00+00:00,39.489,39.515,38.974,39.5,158937.17,47.75805937332713
2025-10-14 22:00:00+00:00,39.487,39.826,39.226,39.425,282466.97,47.15125179517888
2025-10-14 23:00:00+00:00,39.423,39.714,39.37,39.41,160913.04,47.02256756083975
2025-10-15 00:00:00+00:00,39.408,39.592,38.907,39.154,245209.37,44.776535293396236
2025-10-15 01:00:00+00:00,39.153,39.19,38.577,39.05,284323.55,43.85998523251245
2025-10-15 02:00:00+00:00,39.049,39.794,39.041,39.439,405151.54,48.13630438216803
2025-10-15 03:00:00+00:00,39.425,39.548,38.791,38.883,222857.36,43.0846874753787
2025-10-15 04:00:00+00:00,38.883,39.08,38.739,39.003,205943.0,44.43991344379044
2025-10-15 05:00:00+00:00,39.014,39.2,38.783,39.175,175382.86,46.40961903879645
2025-10-15 06:00:00+00:00,39.171,40.121,38.802,39.595,657634.19,50.97966152313548
2025-10-15 07:00:00+00:00,39.595,40.167,39.401,40.16,263126.72,56.36984987473779
2025-10-15 08:00:00+00:00,40.161,41.211,40.118,40.729,873529.79,61.01857481872558
2025-10-15 09:00:00+00:00,40.729,41.098,40.569,40.774,282833.59,61.36913813730812
2025-10-15 10:00:00+00:00,40.775,40.922,40.132,40.351,318813.34,56.248411876168
2025-10-15 11:00:00+00:00,40.351,40.963,40.323,40.369,450514.43,56.415073143056354
2025-10-15 12:00:00+00:00,40.376,40.488,39.459,39.753,567299.82,49.47001635441929
2025-10-15 13:00:00+00:00,39.766,39.883,38.813,39.264,817690.95,44.759400032730376
2025-10-15 14:00:00+00:00,39.264,40.376,38.889,38.975,853394.34,42.20175729063621
2025-10-15 15:00:00+00:00,38.975,39.391,38.629,38.862,613161.25,41.210182567920576
2025-10-15 16:00:00+00:00,38.855,39.08,38.63,38.731,256162.93,40.03577015052057
2025-10-15 17:00:00+00:00,38.735,38.866,38.27,38.829,637296.04,41.381598070684454
2025-10-15 18:00:00+00:00,38.818,39.174,38.511,39.137,369166.44,45.520097675538395
2025-10-15 19:00:00+00:00,39.138,39.152,38.53,38.743,214573.2,41.48520173601813
2025-10-15 20:00:00+00:00,38.762,38.939,37.838,38.315,602800.47,37.58753071643672
2025-10-15 21:00:00+00:00,38.329,38.497,37.58,37.648,593032.49,32.46795818849954
2025-10-15 22:00:00+00:00,37.651,37.821,36.839,37.22,956263.98,29.674889402224508
2025-10-15 23:00:00+00:00,37.22,37.55,36.991,37.408,433225.82,32.42476460187065
2025-10-16 00:00:00+00:00,37.403,37.564,37.136,37.302,314014.17,31.672758864280297
2025-10-16 01:00:00+00:00,37.301,37.946,37.258,37.921,379695.07,40.36994909758529
2025-10-16 02:00:00+00:00,37.921,38.107,37.52,37.91,443451.17,40.27184811354191
2025-10-16 03:00:00+00:00,37.915,37.975,37.356,37.42,167112.12,36.06732127866001
2025-10-16 04:00:00+00:00,37.411,37.771,37.247,37.292,110844.93,35.0382244687036
2025-10-16 05:00:00+00:00,37.295,37.739,37.16,37.549,175923.44,38.81314907897833
2025-10-16 06:00:00+00:00,37.549,38.121,37.528,38.042,212930.97,45.37114272481777
2025-10-16 07:00:00+00:00,38.064,38.086,37.439,37.678,199223.58,41.80816472541174
2025-10-16 08:00:00+00:00,37.678,37.791,37.478,37.594,145951.94,41.007846021025124
2025-10-16 09:00:00+00:00,37.593,38.444,36.911,38.222,619439.8,48.885721932943575
2025-10-16 10:00:00+00:00,38.22,38.631,38.07,38.557,491766.12,52.52760401665439
2025-10-16 11:00:00+00:00,38.551,38.854,38.355,38.853,323422.23,55.54177156222754
2025-10-16 12:00:00+00:00,38.854,39.49,38.8,39.234,679931.48,59.13812584087728
2025-10-16 13:00:00+00:00,39.229,39.435,38.251,38.5,840662.29,50.63938636000068
2025-10-16 14:00:00+00:00,38.508,38.89,37.716,38.299,908612.7,48.58049434079584
2025-10-16 15:00:00+00:00,38.3,38.497,36.911,37.03,948122.89,38.05946820219995
2025-10-16 16:00:00+00:00,37.019,38.131,36.58,38.111,1596378.14,48.32586686837705
2025-10-16 17:00:00+00:00,38.115,38.343,37.489,37.645,836603.92,44.87304892337864
2025-10-16 18:00:00+00:00,37.657,38.096,37.131,38.039,670907.46,48.2403383322442
2025-10-16 19:00:00+00:00,38.034,38.105,36.835,37.206,736121.22,42.35043925838257
2025-10-16 20:00:00+00:00,37.204,37.459,36.558,36.679,786043.15,39.09804733993722
2025-10-16 21:00:00+00:00,36.68,37.106,36.5,37.098,531712.93,42.85561336753379
2025-10-16 22:00:00+00:00,37.098,37.139,36.324,36.356,378130.67,38.34385583421599
2025-10-16 23:00:00+00:00,36.353,36.932,36.32,36.813,326724.58,42.368218051748684
2025-10-17 00:00:00+00:00,36.816,37.569,36.588,37.234,492415.33,45.87318368319804
2025-10-17 01:00:00+00:00,37.235,37.571,36.581,36.986,388896.33,44.169086337903224
2025-10-17 02:00:00+00:00,36.988,37.266,36.643,37.164,338261.54,45.72744978153898
2025-10-17 03:00:00+00:00,37.163,37.498,37.013,37.458,174543.7,48.29454733556374
2025-10-17 04:00:00+00:00,37.463,37.506,37.043,37.043,210035.9,45.054956455432134
2025-10-17 05:00:00+00:00,37.043,37.114,36.582,36.833,331316.04,43.46605072336637
2025-10-17 06:00:00+00:00,36.817,36.964,35.225,35.226,1481859.37,33.678228683947935
2025-10-17 07:00:00+00:00,35.226,35.428,33.597,33.688,2263339.31,27.334173277713347
2025-10-17 08:00:00+00:00,33.691,34.538,33.33,33.915,1828673.76,29.446638846561484
2025-10-17 09:00:00+00:00,33.919,35.09,33.701,34.099,1175154.7,31.192743662818216
2025-10-17 10:00:00+00:00,34.081,34.569,33.881,34.445,855938.55,34.47665642812038
2025-10-17 11:00:00+00:00,34.444,35.684,34.337,35.43,1370523.28,42.84024305485098
2025-10-17 12:00:00+00:00,35.426,35.741,35.003,35.151,508500.34,41.234735412934505
2025-10-17 13:00:00+00:00,35.151,36.0,34.977,35.599,1055473.79,44.811323488946606
2025-10-17 14:00:00+00:00,35.605,35.705,33.521,34.202,1761496.2,37.206776476024494
2025-10-17 15:00:00+00:00,34.203,35.555,34.139,35.536,1054062.4,46.53683467903838
2025-10-17 16:00:00+00:00,35.536,35.977,34.802,34.971,922231.81,43.58312858658511
2025-10-17 17:00:00+00:00,34.983,35.433,34.796,35.192,366817.2,45.05222091623982
2025-10-17 18:00:00+00:00,35.186,35.758,35.016,35.094,517690.08,44.49886128221391
2025-10-17 19:00:00+00:00,35.097,35.336,34.556,34.852,508231.79,43.091339142431124
2025-10-17 20:00:00+00:00,34.849,35.532,34.701,35.283,309073.63,46.346348269763986
2025-10-17 21:00:00+00:00,35.299,36.012,35.289,35.858,389514.3,50.420621763527805
2025-10-17 22:00:00+00:00,35.85,36.192,35.301,35.526,385412.26,48.14721580774601
2025-10-17 23:00:00+00:00,35.527,35.545,35.125,35.496,238575.67,47.93688327817938
2025-10-18 00:00:00+00:00,35.497,35.611,35.026,35.219,319026.25,45.94124764649527
2025-10-18 01:00:00+00:00,35.218,35.738,35.17,35.527,221154.69,48.50812879613899
2025-10-18 02:00:00+00:00,35.526,35.611,35.001,35.101,185670.45,45.30393183903448
2025-10-18 03:00:00+00:00,35.096,35.403,35.092,35.212,101767.63,46.299297630040435
2025-10-18 04:00:00+00:00,35.213,35.218,34.618,34.651,166948.79,42.12668163013528
2025-10-18 05:00:00+00:00,34.657,35.247,34.648,35.078,168361.31,46.10783871808687
2025-10-18 06:00:00+00:00,35.088,35.25,34.877,35.093,143186.03,46.24772523120882
2025-10-18 07:00:00+00:00,35.095,35.765,35.081,35.325,307123.2,48.475372939061195
2025-10-18 08:00:00+00:00,35.323,36.293,35.298,35.964,300880.78,54.115781441378
2025-10-18 09:00:00+00:00,35.965,36.29,35.708,36.248,166812.82,56.40023340909261
2025-10-18 10:00:00+00:00,36.248,36.297,35.779,35.95,295130.37,53.39615486969962
2025-10-18 11:00:00+00:00,35.951,36.053,35.753,35.996,215929.57,53.80517992532691
2025-10-18 12:00:00+00:00,36.017,36.135,35.652,35.676,122635.4,50.485676134267216
2025-10-18 13:00:00+00:00,35.667,35.673,35.101,35.23,261222.05,46.20684668238439
2025-10-18 14:00:00+00:00,35.229,35.668,35.068,35.644,202083.08,50.408446436579446
2025-10-18 15:00:00+00:00,35.643,35.883,35.299,35.495,200807.32,48.927261802852286
2025-10-18 16:00:00+00:00,35.496,35.663,34.978,35.198,229542.07,46.02425837671613
2025-10-18 17:00:00+00:00,35.194,35.975,35.06,35.927,250146.27,53.34202107603968
2025-10-18 18:00:00+00:00,35.927,36.545,35.847,36.24,673272.9,56.09435759384681
2025-10-18 19:00:00+00:00,36.245,36.549,35.904,36.162,523608.36,55.220162750092754
2025-10-18 20:00:00+00:00,36.158,36.85,36.11,36.256,655866.86,56.10791785720804
2025-10-18 21:00:00+00:00,36.248,36.412,35.869,36.29,291765.67,56.44426808908933
2025-10-18 22:00:00+00:00,36.29,36.593,36.157,36.506,168414.42,58.61405906764136
2025-10-18 23:00:00+00:00,36.507,36.922,36.429,36.883,201109.1,62.15749617667524
2025-10-19 00:00:00+00:00,36.873,36.962,36.275,36.489,355810.97,56.69425350600274
2025-10-19 01:00:00+00:00,36.489,36.65,36.184,36.51,166236.72,56.91163608665008
2025-10-19 02:00:00+00:00,36.51,36.645,36.384,36.388,124114.24,55.17872573071527
2025-10-19 03:00:00+00:00,36.388,36.962,36.384,36.932,184092.54,60.89635532030582
2025-10-19 04:00:00+00:00,36.933,36.97,36.641,36.746,65124.49,58.16431464892661
2025-10-19 05:00:00+00:00,36.746,36.787,36.131,36.244,228048.44,51.45471656174443
2025-10-19 06:00:00+00:00,36.235,36.307,35.967,36.08,99779.72,49.44787832458054
2025-10-19 07:00:00+00:00,36.08,36.48,36.08,36.441,111468.77,53.72617244745687
2025-10-19 08:00:00+00:00,36.446,36.771,36.032,36.134,370161.26,49.861502017321264
2025-10-19 09:00:00+00:00,36.134,36.793,35.751,36.559,363451.9,54.7176383359314
2025-10-19 10:00:00+00:00,36.556,37.214,36.379,37.192,331826.79,60.8064630378882
2025-10-19 11:00:00+00:00,37.197,37.6,37.084,37.319,560265.96,61.912999843041945
2025-10-19 12:00:00+00:00,37.319,37.667,36.943,37.309,431538.61,61.76513131903935
2025-10-19 13:00:00+00:00,37.32,38.148,37.213,37.999,485519.51,67.52797723206965
2025-10-19 14:00:00+00:00,37.999,38.412,37.723,38.177,586292.39,68.83302858800185
2025-10-19 15:00:00+00:00,38.176,38.374,38.0,38.276,294936.69,69.5656542143588
2025-10-19 16:00:00+00:00,38.276,38.319,37.749,37.931,482536.96,63.926225045996034
2025-10-19 17:00:00+00:00,37.93,38.42,37.799,38.031,458422.8,64.81654147823778
2025-10-19 18:00:00+00:00,38.031,38.535,38.013,38.283,448236.66,67.02516004126723
2025-10-19 19:00:00+00:00,38.278,38.417,37.555,37.821,357752.63,59.63415682861482
2025-10-19 20:00:00+00:00,37.836,37.965,37.65,37.754,180684.32,58.62452649560787
2025-10-19 21:00:00+00:00,37.763,37.958,37.455,37.946,297363.93,60.67901090468228
2025-10-19 22:00:00+00:00,37.952,38.153,37.817,37.862,249048.03,59.29187879242185
2025-10-19 23:00:00+00:00,37.86,37.862,37.349,37.39,369636.02,52.08657159944962
2025-10-20 00:00:00+00:00,37.389,37.39,36.855,37.196,575656.26,49.42784674577445
2025-10-20 01:00:00+00:00,37.196,37.834,36.85,36.87,595696.59,45.24811272617691
2025-10-20 02:00:00+00:00,36.869,37.41,36.69,37.227,305161.77,50.21319563968239
2025-10-20 03:00:00+00:00,37.239,38.348,36.928,38.276,583235.22,61.31437232184178
2025-10-20 04:00:00+00:00,38.284,38.534,38.223,38.511,316640.73,63.289184742724146
2025-10-20 05:00:00+00:00,38.51,38.811,37.872,38.599,1016215.14,64.02967618382743
2025-10-20 06:00:00+00:00,38.599,38.707,38.4,38.591,385266.25,63.903481073212276
2025-10-20 07:00:00+00:00,38.583,38.828,38.305,38.428,329419.52,61.2544844018654
2025-10-20 08:00:00+00:00,38.424,39.219,38.255,38.547,646257.92,62.477392843586806
2025-10-20 09:00:00+00:00,38.546,38.625,38.29,38.459,189879.9,60.94547884026141
2025-10-20 10:00:00+00:00,38.46,38.805,38.043,38.212,290747.54,56.7401412531964
2025-10-20 11:00:00+00:00,38.211,38.437,37.899,38.413,334275.72,59.206917096688976
2025-10-20 12:00:00+00:00,38.406,38.884,38.348,38.839,427521.49,63.904705049385754
2025-10-20 13:00:00+00:00,38.839,39.342,38.633,39.191,446170.94,67.25980800403154
2025-10-20 14:00:00+00:00,39.192,39.38,38.67,39.333,527587.72,68.530598910593
2025-10-20 15:00:00+00:00,39.331,39.58,38.823,38.841,455976.2,59.86101255176388
2025-10-20 16:00:00+00:00,38.836,38.882,37.748,38.29,1284865.27,51.936735080050944
2025-10-20 17:00:00+00:00,38.291,38.846,37.55,37.692,1003861.86,44.977726343637336
2025-10-20 18:00:00+00:00,37.696,38.251,37.48,38.148,598380.58,50.43183652624146
2025-10-20 19:00:00+00:00,38.148,38.17,37.653,37.972,153323.87,48.43617130143363
2025-10-20 20:00:00+00:00,37.971,38.4,37.786,38.259,256194.94,51.78663027558682
2025-10-20 21:00:00+00:00,38.264,38.464,37.535,37.665,306020.12,45.23534796675054
2025-10-20 22:00:00+00:00,37.666,38.099,37.64,38.059,105823.58,49.77404626095432
2025-10-20 23:00:00+00:00,38.04,38.094,37.815,37.942,86658.3,48.48891418284725
2025-10-21 00:00:00+00:00,37.932,38.074,37.61,37.961,162927.09,48.720462346167906
2025-10-21 01:00:00+00:00,37.971,38.061,37.321,37.495,202500.31,43.54982531410951
2025-10-21 02:00:00+00:00,37.497,37.529,37.19,37.19,241047.57,40.51881124207745
2025-10-21 03:00:00+00:00,37.206,37.297,37.064,37.085,169205.99,39.49959045812819
2025-10-21 04:00:00+00:00,37.089,37.132,36.1,36.224,983059.96,32.32024629201371
2025-10-21 05:00:00+00:00,36.232,36.286,35.378,35.599,1197824.87,28.29929067263936
2025-10-21 06:00:00+00:00,35.599,36.135,35.457,35.901,558663.36,32.65888925381445
2025-10-21 07:00:00+00:00,35.884,36.106,35.463,36.024,604905.4,34.40815483320553
2025-10-21 08:00:00+00:00,36.009,36.012,35.401,35.718,409988.64,32.16933783783995
2025-10-21 09:00:00+00:00,35.718,35.9,35.515,35.792,165370.79,33.2996036782597
2025-10-21 10:00:00+00:00,35.792,36.253,35.598,35.889,245133.21,34.832491454748904
2025-10-21 11:00:00+00:00,35.889,36.2,35.638,36.112,286382.94,38.34079895441216
2025-10-21 12:00:00+00:00,36.113,36.87,35.929,36.473,616153.67,43.63124176697092
2025-10-21 13:00:00+00:00,36.473,36.581,35.802,35.997,584327.02,38.892681072553835
2025-10-21 14:00:00+00:00,35.998,37.838,35.963,37.795,1347374.94,57.617058513802675
2025-10-21 15:00:00+00:00,37.795,38.301,37.318,37.881,1375330.65,58.27562174335379
2025-10-21 16:00:00+00:00,37.877,38.38,37.165,37.298,837219.57,52.33842033815422
2025-10-21 17:00:00+00:00,37.293,37.756,36.843,37.418,1131609.93,53.39101671306144
2025-10-21 18:00:00+00:00,37.417,37.531,36.796,37.105,542805.64,50.27234029887498
2025-10-21 19:00:00+00:00,37.105,37.147,36.85,36.933,281099.45,48.592604063863774
2025-10-21 20:00:00+00:00,36.933,37.047,36.12,36.226,597887.02,42.33149530745119
2025-10-21 21:00:00+00:00,36.227,36.756,35.734,36.733,791294.95,47.550587090274746
2025-10-21 22:00:00+00:00,36.736,36.743,35.62,35.701,589760.67,39.678832436640135
2025-10-21 23:00:00+00:00,35.699,35.889,35.171,35.385,559511.02,37.62491374206083
2025-10-22 00:00:00+00:00,35.376,35.598,34.838,34.903,583842.86,34.67640093739767
2025-10-22 01:00:00+00:00,34.903,35.239,34.69,35.039,504043.61,36.19573668888056
2025-10-22 02:00:00+00:00,35.039,35.507,34.956,35.439,494150.96,40.57366237351582
2025-10-22 03:00:00+00:00,35.439,35.501,34.962,35.264,434649.42,39.303065301610395
2025-10-22 04:00:00+00:00,35.263,35.38,34.78,34.925,422004.31,36.89286907223605
2025-10-22 05:00:00+00:00,34.926,34.96,34.5,34.817,525606.1,36.13265724540771
2025-10-22 06:00:00+00:00,34.81,35.12,34.666,34.812,270821.29,36.095574056244885
2025-10-22 07:00:00+00:00,34.812,35.049,34.55,34.835,422555.47,36.41883124898125
2025-10-22 08:00:00+00:00,34.826,35.291,34.733,35.08,396404.81,39.90598739651891
2025-10-22 09:00:00+00:00,35.08,35.245,34.817,35.059,269260.57,39.704973679685956
2025-10-22 10:00:00+00:00,35.058,35.537,35.035,35.181,285031.94,41.54709797238488
2025-10-22 11:00:00+00:00,35.182,36.171,34.918,35.883,745112.16,50.85188201098891
2025-10-22 12:00:00+00:00,35.883,36.49,35.759,36.08,679905.69,53.10775697626214
2025-10-22 13:00:00+00:00,36.08,36.5,35.832,36.433,583437.51,56.92319803331852
2025-10-22 14:00:00+00:00,36.419,36.429,35.648,36.13,901670.96,52.94129305089599
2025-10-22 15:00:00+00:00,36.13,36.681,35.779,36.383,638713.87,55.726201732440416
2025-10-22 16:00:00+00:00,36.382,36.687,35.857,35.999,536863.72,50.81117799652685
2025-10-22 17:00:00+00:00,36.016,36.352,35.608,35.756,445237.52,47.93022997906114
2025-10-22 18:00:00+00:00,35.74,35.992,35.608,35.883,424004.9,49.540509070778334
2025-10-22 19:00:00+00:00,35.885,36.787,35.72,36.078,1037837.7,51.99530171197149
2025-10-22 20:00:00+00:00,36.077,36.133,35.193,35.316,567750.07,43.15937443865244
2025-10-22 21:00:00+00:00,35.317,35.43,34.818,34.844,780081.12,38.76497755960991
2025-10-22 22:00:00+00:00,34.844,35.88,34.768,35.074,602561.14,41.87088404215067
2025-10-22 23:00:00+00:00,35.074,36.866,35.048,36.226,841303.53,54.35800772650591
2025-10-23 00:00:00+00:00,36.246,36.791,36.166,36.791,606851.15,59.00892539020632
2025-10-23 01:00:00+00:00,36.791,38.0,36.746,37.834,1242112.47,65.91402996140874
2025-10-23 02:00:00+00:00,37.834,38.473,37.541,38.445,813909.4,69.18846157462235
2025-10-23 03:00:00+00:00,38.446,38.482,37.67,37.735,675904.86,61.76350340970478
2025-10-23 04:00:00+00:00,37.741,37.909,37.339,37.401,704543.59,58.578767893206035
2025-10-23 05:00:00+00:00,37.406,38.152,37.001,38.141,808942.52,63.11654333817398
2025-10-23 06:00:00+00:00,38.149,39.188,38.049,39.134,1211598.52,68.15766427810856
2025-10-23 07:00:00+00:00,39.129,39.159,38.5,38.893,882681.76,65.80684602139013
2025-10-23 08:00:00+00:00,38.909,39.186,38.728,39.063,394205.97,66.67987280688388
2025-10-23 09:00:00+00:00,39.064,39.18,38.86,39.134,427499.94,67.05816751983131
2025-10-23 10:00:00+00:00,39.135,39.49,39.081,39.237,632488.62,67.63228298904983
2025-10-23 11:00:00+00:00,39.244,39.256,38.582,38.639,546525.56,60.9866698415302
2025-10-23 12:00:00+00:00,38.639,40.444,38.51,40.379,2134079.44,70.17108025480258
2025-10-23 13:00:00+00:00,40.37,40.672,39.69,40.244,1521908.31,68.81743170180252
2025-10-23 14:00:00+00:00,40.261,40.819,39.54,40.435,1130301.8,69.70778639783386
2025-10-23 15:00:00+00:00,40.436,40.791,39.524,40.011,1195869.7,65.25355743736807
2025-10-23 16:00:00+00:00,40.004,40.342,39.551,39.804,641077.1,63.132589889705734
2025-10-23 17:00:00+00:00,39.805,39.98,39.25,39.586,713056.41,60.88802308630993
2025-10-23 18:00:00+00:00,39.587,39.69,39.222,39.429,413222.05,59.254123545975524
2025-10-23 19:00:00+00:00,39.428,39.679,39.08,39.453,310136.75,59.43333224408331
2025-10-23 20:00:00+00:00,39.453,39.5,38.89,39.082,327885.29,55.37857769668644
2025-10-23 21:00:00+00:00,39.073,39.943,38.952,39.894,264259.1,61.55995409592013
2025-10-23 22:00:00+00:00,39.893,40.218,39.861,40.019,296908.41,62.422939113667255
2025-10-23 23:00:00+00:00,40.018,40.283,40.0,40.249,143394.16,64.02338912407473
2025-10-24 00:00:00+00:00,40.25,40.5,40.028,40.287,359323.42,64.29397260717263
2025-10-24 01:00:00+00:00,40.271,40.395,39.789,40.024,250512.62,60.8810978985435
2025-10-24 02:00:00+00:00,40.043,40.056,39.604,39.642,250072.36,56.21360347418821
2025-10-24 03:00:00+00:00,39.638,39.71,39.131,39.513,227871.05,54.688810642978716
2025-10-24 04:00:00+00:00,39.523,40.465,39.331,40.344,684740.36,61.86493426731677
2025-10-24 05:00:00+00:00,40.334,40.636,40.039,40.587,407657.67,63.67653168538069
2025-10-24 06:00:00+00:00,40.608,40.873,40.204,40.823,331545.0,65.39584812542478
2025-10-24 07:00:00+00:00,40.822,40.92,40.312,40.671,391560.91,63.317081837754436
2025-10-24 08:00:00+00:00,40.659,40.686,40.258,40.433,203846.6,60.0958778751991
2025-10-24 09:00:00+00:00,40.435,40.621,40.054,40.119,242259.34,56.04480487116265
2025-10-24 10:00:00+00:00,40.129,40.152,39.628,39.78,243215.25,51.97151344211796
2025-10-24 11:00:00+00:00,39.772,39.883,39.532,39.678,224058.65,50.77573290707709
2025-10-24 12:00:00+00:00,39.678,40.576,39.639,39.865,732885.53,52.91466924845697
2025-10-24 13:00:00+00:00,39.865,40.008,39.314,39.74,400946.37,51.30968405200744
2025-10-24 14:00:00+00:00,39.726,39.726,39.112,39.404,656209.28,47.168180687923105
2025-10-24 15:00:00+00:00,39.392,39.631,39.05,39.221,348787.16,45.03604228747261
2025-10-24 16:00:00+00:00,39.221,39.264,38.716,39.113,673810.96,43.77832577056827
2025-10-24 17:00:00+00:00,39.101,39.261,38.845,38.946,312342.45,41.83288607597082
2025-10-24 18:00:00+00:00,38.951,39.278,38.911,39.022,242177.42,43.07271258799432
2025-10-24 19:00:00+00:00,39.022,39.393,38.99,39.207,281739.81,46.085258994933845
2025-10-24 20:00:00+00:00,39.198,39.618,39.144,39.535,189254.32,51.032964755841604
2025-10-24 21:00:00+00:00,39.537,39.812,39.385,39.729,160315.59,53.73717856509195
2025-10-24 22:00:00+00:00,39.729,39.768,39.213,39.259,197265.58,46.96957843854645
2025-10-24 23:00:00+00:00,39.246,39.384,39.067,39.325,154449.08,47.96068905438807
2025-10-25 00:00:00+00:00,39.324,39.333,38.891,38.972,178481.58,43.29951293542128
2025-10-25 01:00:00+00:00,38.974,39.461,38.918,39.285,116587.88,48.11465518385171
2025-10-25 02:00:00+00:00,39.275,39.811,39.267,39.73,244907.03,54.08473070052519
2025-10-25 03:00:00+00:00,39.731,40.188,39.632,40.13,263963.5,58.68637537117213
2025-10-25 04:00:00+00:00,40.122,40.274,39.829,39.946,220602.16,55.91054949403699
2025-10-25 05:00:00+00:00,39.947,40.079,39.551,39.691,138524.78,52.223904554590824
2025-10-25 06:00:00+00:00,39.695,40.023,39.644,39.99,126618.83,55.896134739781054
2025-10-25 07:00:00+00:00,39.991,40.292,39.933,40.195,202972.16,58.264724684836786
2025-10-25 08:00:00+00:00,40.195,40.5,40.119,40.499,168003.4,61.561463061021385
2025-10-25 09:00:00+00:00,40.499,40.506,40.17,40.491,188054.48,61.423957557004854
2025-10-25 10:00:00+00:00,40.498,40.833,40.252,40.664,305178.79,63.331378441556396
2025-10-25 11:00:00+00:00,40.664,41.21,40.591,41.16,257730.77,68.18805655868712
2025-10-25 12:00:00+00:00,41.16,41.789,40.969,41.425,505601.19,70.4406773847392
2025-10-25 13:00:00+00:00,41.426,41.67,41.154,41.374,308364.45,69.42184433096267
2025-10-25 14:00:00+00:00,41.39,41.438,40.893,41.124,279893.91,64.49719990064827
2025-10-25 15:00:00+00:00,41.124,41.124,40.72,40.939,171877.55,61.04613364046211
2025-10-25 16:00:00+00:00,40.936,41.443,40.903,41.404,133246.37,65.97430053448363
2025-10-25 17:00:00+00:00,41.404,42.037,41.298,41.895,401227.77,70.25368436554976
2025-10-25 18:00:00+00:00,41.895,43.041,41.882,42.715,1250133.3,75.74104303014023
2025-10-25 19:00:00+00:00,42.715,43.24,42.61,42.987,547823.1,77.24081945191286
2025-10-25 20:00:00+00:00,42.999,43.469,42.78,42.897,701840.89,75.57588954723643
2025-10-25 21:00:00+00:00,42.897,44.142,42.896,43.747,556394.38,79.96767850575681
2025-10-25 22:00:00+00:00,43.746,44.687,43.696,44.453,852490.41,82.74324865044436
2025-10-25 23:00:00+00:00,44.451,44.457,44.044,44.274,417288.76,79.72705205540069
2025-10-26 00:00:00+00:00,44.274,44.886,43.7,44.185,1208904.3,78.20068393208156
2025-10-26 01:00:00+00:00,44.202,44.403,43.928,44.184,269136.31,78.1825722738999
2025-10-26 02:00:00+00:00,44.184,44.303,43.742,44.012,314052.89,74.96648418422672
2025-10-26 03:00:00+00:00,44.021,44.102,43.54,43.73,454304.4,69.89026885104573
2025-10-26 04:00:00+00:00,43.737,43.937,43.55,43.64,185870.42,68.30071148741038
2025-10-26 05:00:00+00:00,43.644,44.18,43.595,43.852,274132.29,70.02983743402893
2025-10-26 06:00:00+00:00,43.853,44.551,43.847,44.468,378871.81,74.39956182988482
2025-10-26 07:00:00+00:00,44.469,44.712,44.185,44.684,370302.45,75.73552232768668
2025-10-26 08:00:00+00:00,44.685,45.46,44.684,45.362,658747.56,79.3740152659841
2025-10-26 09:00:00+00:00,45.364,46.728,45.123,46.461,1467897.69,83.65300466108593
2025-10-26 10:00:00+00:00,46.465,46.587,46.012,46.246,386502.59,80.14988577130316
2025-10-26 11:00:00+00:00,46.258,48.019,46.213,47.953,1170876.61,85.38345350367246
2025-10-26 12:00:00+00:00,47.925,48.7,47.453,47.709,1042893.94,82.05324379888356
2025-10-26 13:00:00+00:00,47.71,48.165,47.334,47.562,626879.07,80.02811502284507
2025-10-26 14:00:00+00:00,47.555,47.628,46.898,46.98,517858.99,72.40844055228227
2025-10-26 15:00:00+00:00,46.977,47.792,46.825,47.332,469028.42,74.01961922392036
2025-10-26 16:00:00+00:00,47.341,47.501,46.874,46.92,316569.4,68.94493460387298
2025-10-26 17:00:00+00:00,46.921,47.605,46.793,47.5,305715.2,71.86885216897616
2025-10-26 18:00:00+00:00,47.5,47.878,47.156,47.431,331232.67,71.01226449903321
2025-10-26 19:00:00+00:00,47.433,47.593,47.276,47.377,89991.68,70.30602338471098
2025-10-26 20:00:00+00:00,47.389,47.409,46.6,47.084,391006.33,66.44468026759799
2025-10-26 21:00:00+00:00,47.074,47.41,46.6,47.329,338495.7,68.02602181651163
2025-10-26 22:00:00+00:00,47.329,48.314,47.329,48.06,795515.56,72.23097284021391
2025-10-26 23:00:00+00:00,48.074,48.129,47.25,47.333,306486.8,63.3131308189894
2025-10-27 00:00:00+00:00,47.331,48.248,47.107,48.235,364661.58,68.50819250235195
2025-10-27 01:00:00+00:00,48.232,48.759,47.785,48.733,652971.94,70.95374864434794
2025-10-27 02:00:00+00:00,48.734,48.791,47.662,47.785,533680.66,61.20922511293584
2025-10-27 03:00:00+00:00,47.783,48.298,47.553,48.145,301957.11,63.272042968761895
2025-10-27 04:00:00+00:00,48.145,48.946,48.102,48.655,435778.68,66.0281963982893
2025-10-27 05:00:00+00:00,48.655,49.421,48.57,48.722,525768.78,66.38508115246137
2025-10-27 06:00:00+00:00,48.722,48.971,47.935,48.735,837774.61,66.45870904975595
2025-10-27 07:00:00+00:00,48.735,48.805,46.654,47.359,877990.54,53.180915663532566
2025-10-27 08:00:00+00:00,47.359,47.377,46.302,46.848,730503.08,49.24602779470463
2025-10-27 09:00:00+00:00,46.865,47.226,45.808,47.178,955382.91,51.729917537654885
2025-10-27 10:00:00+00:00,47.159,47.494,46.902,47.283,311803.67,52.5260362159047
2025-10-27 11:00:00+00:00,47.284,47.56,46.986,47.493,238804.77,54.15461971838873
2025-10-27 12:00:00+00:00,47.504,47.582,46.965,46.975,183640.35,49.63179585324275
2025-10-27 13:00:00+00:00,46.972,47.494,46.364,47.19,633563.19,51.444415707673244
2025-10-27 14:00:00+00:00,47.172,47.353,46.553,47.006,466116.04,49.79290358940064
2025-10-27 15:00:00+00:00,47.007,47.147,46.027,46.422,608930.87,44.869407799769085
2025-10-27 16:00:00+00:00,46.422,47.5,46.42,47.288,390406.96,52.38763732223945
2025-10-27 17:00:00+00:00,47.291,47.721,47.156,47.271,278171.04,52.23704001894972
2025-10-27 18:00:00+00:00,47.273,47.74,46.695,46.905,317558.66,48.97295445077138
2025-10-27 19:00:00+00:00,46.905,47.179,46.509,46.846,370657.12,48.44741036528732
2025-10-27 20:00:00+00:00,46.848,47.805,46.376,47.113,629189.08,51.009580357552444
2025-10-27 21:00:00+00:00,47.113,48.888,47.075,48.498,1609957.41,61.65551046134182
2025-10-27 22:00:00+00:00,48.498,48.798,46.844,46.93,1232236.19,48.7417074360271
2025-10-27 23:00:00+00:00,46.937,46.965,45.449,46.604,1028411.65,46.55829608855503
2025-10-28 00:00:00+00:00,46.605,46.909,46.135,46.796,427803.1,48.034737645740094
2025-10-28 01:00:00+00:00,46.811,47.796,46.769,47.295,486966.86,51.76454454612824
2025-10-28 02:00:00+00:00,47.295,47.483,46.73,47.247,393664.83,51.382500152285694
2025-10-28 03:00:00+00:00,47.264,47.669,47.094,47.563,212596.99,53.799933788366786
2025-10-28 04:00:00+00:00,47.557,47.953,47.385,47.8,167373.95,55.583748689690275
2025-10-28 05:00:00+00:00,47.798,48.024,46.859,47.035,291314.76,49.00630791129835
2025-10-28 06:00:00+00:00,47.04,47.309,46.71,47.258,242765.63,50.83277934257731
2025-10-28 07:00:00+00:00,47.258,47.874,47.214,47.403,351164.64,52.03576857100772
2025-10-28 08:00:00+00:00,47.399,47.679,46.928,47.042,257850.26,48.83232301467711
2025-10-28 09:00:00+00:00,47.042,47.325,46.642,47.324,423084.41,51.35179086604755
2025-10-28 10:00:00+00:00,47.324,47.42,47.11,47.379,203012.44,51.84976841749571
2025-10-28 11:00:00+00:00,47.378,48.529,47.288,48.06,693004.68,57.63263846086932
2025-10-28 12:00:00+00:00,48.061,48.662,47.517,48.483,664758.3,60.78324819772329
2025-10-28 13:00:00+00:00,48.497,49.42,48.475,49.321,789171.5,66.15318670427081
2025-10-28 14:00:00+00:00,49.321,49.355,47.633,48.017,1143780.67,53.806493898269075
2025-10-28 15:00:00+00:00,48.016,48.399,47.561,47.734,419439.94,51.557515015861526
2025-10-28 16:00:00+00:00,47.734,48.36,47.642,48.119,307413.04,54.35278612687166
2025-10-28 17:00:00+00:00,48.119,48.977,48.015,48.14,563734.28,54.506986518633454
2025-10-28 18:00:00+00:00,48.141,48.25,47.154,47.822,384078.33,51.66103924877056
2025-10-28 19:00:00+00:00,47.801,47.831,46.327,46.436,765952.47,41.49237768990361
2025-10-28 20:00:00+00:00,46.436,47.445,46.0,47.213,1120328.46,47.70664118384366
2025-10-28 21:00:00+00:00,47.225,47.679,46.74,47.514,584419.85,49.92547224670954
2025-10-28 22:00:00+00:00,47.514,48.317,47.405,48.201,539481.48,54.65464748462867
2025-10-28 23:00:00+00:00,48.215,48.249,47.415,47.669,346098.95,50.664304652907404
2025-10-29 00:00:00+00:00,47.719,48.183,47.364,47.541,454603.44,49.723652283333166
2025-10-29 01:00:00+00:00,47.541,48.18,47.451,48.111,238828.37,53.83417660818704
2025-10-29 02:00:00+00:00,48.117,48.631,48.075,48.269,475356.29,54.934065453544754
2025-10-29 03:00:00+00:00,48.269,48.303,47.74,47.824,175568.19,51.23189636039014
2025-10-29 04:00:00+00:00,47.825,48.278,47.752,48.185,143014.72,53.94356549736532
2025-10-29 05:00:00+00:00,48.177,48.88,47.795,48.025,380162.92,52.54892544404135
2025-10-29 06:00:00+00:00,48.022,48.05,47.42,47.791,181240.23,50.49287783271779
2025-10-29 07:00:00+00:00,47.792,48.0,47.53,47.678,167896.67,49.48594962836156
2025-10-29 08:00:00+00:00,47.678,47.748,47.0,47.457,227717.28,47.49123682379769
2025-10-29 09:00:00+00:00,47.456,47.666,47.248,47.479,97068.62,47.71716618600049
2025-10-29 10:00:00+00:00,47.478,48.387,47.289,48.027,340257.51,53.12724876425666
2025-10-29 11:00:00+00:00,48.038,49.5,47.916,49.233,777732.84,62.35854367419575
2025-10-29 12:00:00+00:00,49.233,49.47,48.62,48.693,675270.14,56.9501512343289
2025-10-29 13:00:00+00:00,48.693,49.338,48.4,48.513,609359.18,55.230598838075196
2025-10-29 14:00:00+00:00,48.513,48.646,47.72,48.094,576439.43,51.344276892050274
2025-10-29 15:00:00+00:00,48.094,48.263,46.416,46.779,1456853.02,41.479469144339824
2025-10-29 16:00:00+00:00,46.779,47.486,46.51,47.37,686010.95,46.45838159722246
2025-10-29 17:00:00+00:00,47.37,48.143,46.777,48.048,643496.0,51.5509661686302
2025-10-29 18:00:00+00:00,48.049,48.243,46.0,47.775,1864466.23,49.50899998183588
2025-10-29 19:00:00+00:00,47.787,48.977,47.722,47.958,1228404.16,50.91263622047818
2025-10-29 20:00:00+00:00,47.966,49.348,47.426,49.217,1105482.83,59.2962993495497
2025-10-29 21:00:00+00:00,49.213,49.988,49.0,49.092,902646.19,58.23288772507859
2025-10-29 22:00:00+00:00,49.092,49.271,48.6,48.732,526627.07,55.16449709603883
2025-10-29 23:00:00+00:00,48.733,48.761,47.443,48.056,642128.15,49.85249654554959
2025-10-30 00:00:00+00:00,48.046,48.215,47.454,48.018,437648.68,49.563573196316185
2025-10-30 01:00:00+00:00,48.018,48.056,47.384,47.879,299909.85,48.457278986987056
2025-10-30 02:00:00+00:00,47.878,48.9,47.681,48.593,478757.86,54.12202411226751
2025-10-30 03:00:00+00:00,48.594,48.67,48.114,48.539,269258.73,53.64185189667537
2025-10-30 04:00:00+00:00,48.517,48.555,46.769,47.004,1155400.67,42.184687684393204
2025-10-30 05:00:00+00:00,47.008,48.492,46.842,48.252,662455.3,51.29331328901135
2025-10-30 06:00:00+00:00,48.253,48.764,47.839,48.36,445643.82,51.998107277257006
2025-10-30 07:00:00+00:00,48.36,49.796,48.358,49.641,489184.4,59.48642450669572
2025-10-30 08:00:00+00:00,49.621,50.158,49.06,49.336,858723.93,57.19847864971687
2025-10-30 09:00:00+00:00,49.332,49.701,48.153,48.49,514972.53,51.30413498357126
2025-10-30 10:00:00+00:00,48.483,48.656,47.993,48.368,276221.2,50.4960033029503
2025-10-30 11:00:00+00:00,48.364,48.381,47.5,47.547,385291.38,45.32221238300886
2025-10-30 12:00:00+00:00,47.548,47.667,46.112,46.375,1219146.48,39.15476284877848
2025-10-30 13:00:00+00:00,46.37,46.828,44.927,46.242,1923731.74,38.51425462117304
2025-10-30 14:00:00+00:00,46.243,47.516,46.243,46.825,1234170.31,42.92194309774719
2025-10-30 15:00:00+00:00,46.825,46.943,44.56,45.431,1811224.89,36.23349216461312
2025-10-30 16:00:00+00:00,45.426,46.04,44.994,45.994,777274.84,40.28101138205942
2025-10-30 17:00:00+00:00,45.985,45.985,43.265,44.203,2178298.46,33.08625935795513
2025-10-30 18:00:00+00:00,44.216,44.663,43.586,43.728,1099690.77,31.480291264267734
2025-10-30 19:00:00+00:00,43.727,44.198,42.706,43.127,1520158.42,29.527391845580894
2025-10-30 20:00:00+00:00,43.112,44.534,42.868,44.49,945716.05,38.79993910923506
2025-10-30 21:00:00+00:00,44.5,44.807,43.908,44.675,623591.5,39.95476840108087
2025-10-30 22:00:00+00:00,44.676,45.185,44.455,45.074,579469.38,42.47593394883185
2025-10-30 23:00:00+00:00,45.085,45.67,44.872,45.436,553272.03,44.74283115570609
2025-10-31 00:00:00+00:00,45.437,46.092,45.305,45.94,656612.75,47.82563621023211
2025-10-31 01:00:00+00:00,45.918,46.332,45.727,45.936,735349.07,47.80284196124214
2025-10-31 02:00:00+00:00,45.936,45.936,44.859,45.095,889165.21,43.14663621205175
2025-10-31 03:00:00+00:00,45.095,45.278,44.304,44.937,737016.81,42.31277131638654
2025-10-31 04:00:00+00:00,44.936,45.98,44.746,45.57,640723.59,46.75271558194099
2025-10-31 05:00:00+00:00,45.581,45.581,44.76,44.824,373323.69,42.59219507987556
2025-10-31 06:00:00+00:00,44.841,44.927,44.507,44.521,239715.93,40.996407393566194
2025-10-31 07:00:00+00:00,44.522,44.638,43.809,44.007,564626.28,38.37011338421329
2025-10-31 08:00:00+00:00,44.007,44.72,43.66,44.719,479722.32,43.746027222870126
2025-10-31 09:00:00+00:00,44.72,44.971,44.072,44.165,364712.41,40.766298895790094
2025-10-31 10:00:00+00:00,44.18,44.62,44.132,44.266,254024.21,41.54798755507076
2025-10-31 11:00:00+00:00,44.264,44.4,43.433,44.334,787590.46,42.101976252260904
2025-10-31 12:00:00+00:00,44.314,44.546,43.014,43.049,870005.67,35.29448379559338
2025-10-31 13:00:00+00:00,43.049,44.314,43.049,44.144,602282.17,43.65504445615299
2025-10-31 14:00:00+00:00,44.144,44.997,43.801,44.871,696328.0,48.42021650775271
2025-10-31 15:00:00+00:00,44.87,45.111,44.0,44.036,714036.21,43.834794909060484
2025-10-31 16:00:00+00:00,44.035,44.1,42.915,43.045,673585.21,39.101944649340886
2025-10-31 17:00:00+00:00,43.045,43.489,42.4,43.192,1054693.93,40.134489299072186
2025-10-31 18:00:00+00:00,43.192,43.599,42.393,42.869,916021.92,38.586353594782274
2025-10-31 19:00:00+00:00,42.87,43.6,42.512,43.435,477475.7,42.75350052336076
2025-10-31 20:00:00+00:00,43.436,43.841,43.172,43.393,483416.98,42.52292426113782
2025-10-31 21:00:00+00:00,43.393,43.976,43.209,43.974,244235.43,46.79744046073583
2025-10-31 22:00:00+00:00,43.97,44.094,43.585,43.956,216984.25,46.68161095747061
2025-10-31 23:00:00+00:00,43.943,44.088,43.558,43.702,117645.02,44.9894049316915
2025-11-01 00:00:00+00:00,43.698,44.233,43.358,44.17,201003.94,48.68074903114818
2025-11-01 01:00:00+00:00,44.17,44.44,43.049,43.145,664740.91,42.02881373549531
2025-11-01 02:00:00+00:00,43.144,43.842,42.752,43.671,508613.47,46.099173101441096
2025-11-01 03:00:00+00:00,43.671,44.261,43.671,44.204,430869.08,49.93517995478974
2025-11-01 04:00:00+00:00,44.204,44.45,43.83,44.29,320023.78,50.54673401056562
2025-11-01 05:00:00+00:00,44.303,44.498,43.815,43.938,240666.36,47.964187346590286
2025-11-01 06:00:00+00:00,43.945,43.98,43.332,43.59,261841.43,45.48967742806531
2025-11-01 07:00:00+00:00,43.597,44.03,43.436,43.831,186586.92,47.50933017710213
2025-11-01 08:00:00+00:00,43.831,44.038,43.572,43.88,200133.69,47.93174070403198
2025-11-01 09:00:00+00:00,43.879,43.924,43.116,43.164,208414.21,42.54415550591849
2025-11-01 10:00:00+00:00,43.177,43.677,43.099,43.627,232033.83,46.7150407398051
2025-11-01 11:00:00+00:00,43.637,44.048,43.515,43.706,217296.73,47.41645512992291
2025-11-01 12:00:00+00:00,43.71,43.839,43.291,43.41,194568.25,45.024943416552716
2025-11-01 13:00:00+00:00,43.41,43.782,43.2,43.643,164844.79,47.27905548905004
2025-11-01 14:00:00+00:00,43.65,43.784,42.727,42.905,410247.33,41.477932832407014
2025-11-01 15:00:00+00:00,42.906,43.416,42.797,43.38,250821.82,46.06500750493488
2025-11-01 16:00:00+00:00,43.379,43.9,43.138,43.844,242406.66,50.17352700395645
2025-11-01 17:00:00+00:00,43.85,44.305,43.612,43.783,547773.02,49.63819007233546
2025-11-01 18:00:00+00:00,43.786,44.219,43.772,44.012,261686.25,51.720777178059
2025-11-01 19:00:00+00:00,44.012,44.04,43.381,43.5,289004.05,47.03734919488753
2025-11-01 20:00:00+00:00,43.5,43.7,43.37,43.531,203240.98,47.348225935266605
2025-11-01 21:00:00+00:00,43.531,43.563,42.861,42.883,237340.36,41.82208235826915
2025-11-01 22:00:00+00:00,42.883,43.272,42.855,43.27,88262.51,45.8842929363696
2025-11-01 23:00:00+00:00,43.271,43.456,43.162,43.27,101569.76,45.8842929363696
2025-11-02 00:00:00+00:00,43.271,43.282,42.35,42.569,625400.92,40.01479120543713
2025-11-02 01:00:00+00:00,42.569,42.802,42.214,42.677,436369.5,41.261459075084794
2025-11-02 02:00:00+00:00,42.679,43.148,42.524,42.621,287280.72,40.788101816265076
2025-11-02 03:00:00+00:00,42.608,43.04,42.386,43.035,214027.1,45.74365343245307
2025-11-02 04:00:00+00:00,43.034,43.412,42.933,43.357,112350.28,49.29791245914149
2025-11-02 05:00:00+00:00,43.37,43.378,43.009,43.132,159123.24,46.981902322204974
2025-11-02 06:00:00+00:00,43.135,43.33,43.005,43.137,76490.6,47.04144388535482
2025-11-02 07:00:00+00:00,43.143,43.429,42.575,43.246,333704.83,48.40185861730614
2025-11-02 08:00:00+00:00,43.258,43.331,42.788,43.037,150313.32,45.96373898375242
2025-11-02 09:00:00+00:00,43.047,43.444,42.707,42.751,294301.11,42.78749221312137
2025-11-02 10:00:00+00:00,42.764,42.857,41.374,42.024,1574509.97,35.98097594568726
2025-11-02 11:00:00+00:00,42.024,42.898,41.743,42.876,698323.55,46.685005298625725
2025-11-02 12:00:00+00:00,42.876,43.0,42.102,42.132,392790.81,40.341765030641305
2025-11-02 13:00:00+00:00,42.133,42.412,41.86,42.336,291657.69,42.643005744761155
2025-11-02 14:00:00+00:00,42.336,42.557,41.691,41.916,407862.66,39.28328448726
2025-11-02 15:00:00+00:00,41.916,42.17,41.449,41.476,705976.16,36.076512672973514
2025-11-02 16:00:00+00:00,41.475,41.899,41.067,41.699,1119659.45,38.80314295519946
2025-11-02 17:00:00+00:00,41.698,41.946,41.333,41.618,400022.61,38.166331234301396
2025-11-02 18:00:00+00:00,41.618,42.008,41.507,41.817,184749.58,40.73946550828876
2025-11-02 19:00:00+00:00,41.822,41.868,41.223,41.64,274960.5,39.17781959217955
2025-11-02 20:00:00+00:00,41.639,41.69,41.273,41.626,211231.86,39.050313416666185
2025-11-02 21:00:00+00:00,41.626,41.994,41.583,41.857,168577.48,42.382388912917676
2025-11-02 22:00:00+00:00,41.862,41.874,41.502,41.802,143779.69,41.796495496186026
2025-11-02 23:00:00+00:00,41.802,42.612,41.802,42.434,411942.34,50.2988414209325
2025-11-03 00:00:00+00:00,42.434,42.707,41.829,41.859,345059.22,44.00105186739907
2025-11-03 01:00:00+00:00,41.864,42.462,41.742,42.347,347258.22,49.75136021313318
2025-11-03 02:00:00+00:00,42.347,42.428,41.067,41.546,620430.23,42.10816491986601
2025-11-03 03:00:00+00:00,41.528,41.735,40.51,40.537,970531.15,34.845997840263806
2025-11-03 04:00:00+00:00,40.537,41.0,40.19,40.969,799301.68,39.64540428472459
2025-11-03 05:00:00+00:00,40.97,41.355,40.86,41.144,326134.34,41.524543846840885
2025-11-03 06:00:00+00:00,41.149,41.497,40.603,41.072,424820.81,40.95949959126066
2025-11-03 07:00:00+00:00,41.072,41.8,40.831,41.342,485096.92,44.0349614951859
2025-11-03 08:00:00+00:00,41.342,41.518,40.633,40.722,290306.47,39.00983453327733
2025-11-03 09:00:00+00:00,40.722,41.172,40.284,40.341,436052.82,36.27064158305933
2025-11-03 10:00:00+00:00,40.341,40.746,40.251,40.334,384020.26,36.22031950792857
2025-11-03 11:00:00+00:00,40.334,41.519,40.334,41.387,550532.07,47.92473669257674
2025-11-03 12:00:00+00:00,41.388,41.909,41.15,41.205,387685.4,46.34178411740902
2025-11-03 13:00:00+00:00,41.206,41.545,41.058,41.248,219402.23,46.78897357402678
2025-11-03 14:00:00+00:00,41.249,41.782,40.971,41.769,301405.6,52.00787678144482
2025-11-03 15:00:00+00:00,41.77,41.807,38.333,39.085,3241483.98,33.680901757202804
2025-11-03 16:00:00+00:00,39.095,40.295,38.556,40.1,1385239.3,42.00404857417697
2025-11-03 17:00:00+00:00,40.099,41.156,39.856,41.061,1112689.71,48.5835509994984
2025-11-03 18:00:00+00:00,41.069,41.266,40.25,40.267,427812.47,44.12902494363824
2025-11-03 19:00:00+00:00,40.267,40.534,39.8,39.84,362380.59,41.903878848058696
2025-11-03 20:00:00+00:00,39.837,39.909,39.021,39.288,639515.11,39.15522642749472
2025-11-03 21:00:00+00:00,39.288,40.365,39.234,40.305,626905.64,46.16204272464483
2025-11-03 22:00:00+00:00,40.3,40.349,39.441,39.716,383681.74,43.068632213258994
2025-11-03 23:00:00+00:00,39.717,40.256,39.392,40.179,186847.74,46.124897357714005
2025-11-04 00:00:00+00:00,40.193,40.27,39.23,39.782,420078.24,43.94640059026648
2025-11-04 01:00:00+00:00,39.784,40.166,39.464,39.915,268845.9,44.88554598706476
2025-11-04 02:00:00+00:00,39.907,40.439,39.78,40.007,289885.84,45.56495110763051
2025-11-04 03:00:00+00:00,40.002,40.828,39.729,40.566,368252.69,49.62807892406558
2025-11-04 04:00:00+00:00,40.566,40.764,40.044,40.063,184735.4,46.28057227620124
2025-11-04 05:00:00+00:00,40.054,40.157,37.357,37.358,1827758.69,33.2800258474298
2025-11-04 06:00:00+00:00,37.357,38.526,36.687,37.765,2500419.66,36.184713461605185
2025-11-04 07:00:00+00:00,37.765,38.136,37.34,37.948,613360.41,37.5022103118262
2025-11-04 08:00:00+00:00,37.948,37.956,36.878,37.16,1517861.86,34.2255246044498
2025-11-04 09:00:00+00:00,37.159,37.83,37.009,37.446,516710.24,36.397604974079236
2025-11-04 10:00:00+00:00,37.446,38.012,37.322,37.789,483888.03,38.99935573291534
2025-11-04 11:00:00+00:00,37.789,38.352,37.598,38.179,553047.62,41.909104301966345
2025-11-04 12:00:00+00:00,38.179,38.195,37.375,37.842,490041.52,40.127885407879766
2025-11-04 13:00:00+00:00,37.842,37.988,37.012,37.57,541316.56,38.698254346518745
2025-11-04 14:00:00+00:00,37.569,39.171,37.3,38.738,1047787.9,47.3693685053062
2025-11-04 15:00:00+00:00,38.738,40.229,38.737,39.09,2067276.62,49.679473619550414
2025-11-04 16:00:00+00:00,39.089,39.489,37.936,38.191,989580.15,44.328004172631154
2025-11-04 17:00:00+00:00,38.204,38.756,37.02,37.829,1549771.28,42.34975701808084
2025-11-04 18:00:00+00:00,37.827,38.35,36.455,38.136,2308757.56,44.60746666029747
2025-11-04 19:00:00+00:00,38.136,38.382,37.067,37.243,1515184.54,39.733110315881916
2025-11-04 20:00:00+00:00,37.245,37.551,35.254,37.118,3327482.64,39.08922282301135
2025-11-04 21:00:00+00:00,37.122,37.62,35.56,37.596,1728634.81,42.89985643092919
2025-11-04 22:00:00+00:00,37.597,39.3,37.189,38.6,1800363.59,49.97850311458028
2025-11-04 23:00:00+00:00,38.599,39.288,38.395,39.006,679672.07,52.54069367063226
2025-11-05 00:00:00+00:00,39.006,39.273,38.38,38.852,721357.8,51.46388952459054
2025-11-05 01:00:00+00:00,38.856,38.93,37.4,38.637,1229498.87,49.92550189607739
2025-11-05 02:00:00+00:00,38.628,39.88,38.626,39.829,902961.49,57.5091929367193
2025-11-05 03:00:00+00:00,39.829,40.423,39.62,40.121,610895.97,59.14162962515265
2025-11-05 04:00:00+00:00,40.121,40.73,39.918,40.151,517663.88,59.3145727629168
2025-11-05 05:00:00+00:00,40.151,40.42,39.723,40.188,489537.15,59.54202571615733
2025-11-05 06:00:00+00:00,40.19,40.985,40.0,40.943,440094.74,63.96856360370974
2025-11-05 07:00:00+00:00,40.931,40.945,40.133,40.651,269501.38,61.180555382617264
2025-11-05 08:00:00+00:00,40.651,40.651,39.347,39.998,712780.18,55.36879698342382
2025-11-05 09:00:00+00:00,39.997,40.62,39.691,40.454,384808.53,58.34458472260765
2025-11-05 10:00:00+00:00,40.455,40.492,39.864,40.03,266076.46,54.69300458335325
2025-11-05 11:00:00+00:00,40.036,41.549,40.011,41.549,926328.36,63.50526133220963
2025-11-05 12:00:00+00:00,41.543,41.549,40.97,41.306,556004.85,61.4462880316336
2025-11-05 13:00:00+00:00,41.306,41.782,40.884,41.25,627434.65,60.9558066493523
2025-11-05 14:00:00+00:00,41.251,41.419,40.702,41.248,555420.35,60.937098307502
2025-11-05 15:00:00+00:00,41.251,42.241,41.018,42.069,1133606.72,65.60397489382396
2025-11-05 16:00:00+00:00,42.069,42.1,41.302,41.927,675582.97,64.17585924388246
2025-11-05 17:00:00+00:00,41.932,41.953,41.401,41.545,406307.86,60.36866942597654
2025-11-05 18:00:00+00:00,41.545,41.96,41.403,41.673,329249.99,61.19929209122852
2025-11-05 19:00:00+00:00,41.666,41.8,41.309,41.493,297738.34,59.316560948320785
2025-11-05 20:00:00+00:00,41.493,41.65,40.9,40.971,296592.11,54.11709143347668
2025-11-05 21:00:00+00:00,40.969,41.271,40.782,41.147,204523.8,55.53240781961965
2025-11-05 22:00:00+00:00,41.146,41.42,41.023,41.376,153121.03,57.374777391588324
2025-11-05 23:00:00+00:00,41.375,41.542,41.13,41.359,160611.31,57.18536162214504
2025-11-06 00:00:00+00:00,41.358,41.358,40.68,41.177,345647.0,55.08853048792155
2025-11-06 01:00:00+00:00,41.17,41.171,40.309,40.828,490222.54,51.21078965680522
2025-11-06 02:00:00+00:00,40.827,41.037,40.456,40.708,220484.89,49.90988734880146
2025-11-06 03:00:00+00:00,40.707,41.248,40.69,40.97,219268.47,52.733109009991274
2025-11-06 04:00:00+00:00,40.969,41.171,40.918,41.12,121491.59,54.32051784134019
2025-11-06 05:00:00+00:00,41.118,41.155,39.814,40.029,554478.8,43.007177111168275
2025-11-06 06:00:00+00:00,40.029,40.27,39.729,39.876,257600.87,41.69567399215091
2025-11-06 07:00:00+00:00,39.875,40.102,39.502,39.632,355399.64,39.62060485780377
2025-11-06 08:00:00+00:00,39.631,39.809,39.327,39.616,214799.16,39.4818481822821
2025-11-06 09:00:00+00:00,39.616,40.129,39.457,39.685,392921.64,40.45040562727782
2025-11-06 10:00:00+00:00,39.697,40.034,39.352,40.003,248328.3,44.832537552159195
2025-11-06 11:00:00+00:00,40.003,40.404,39.665,40.379,268876.44,49.55899527201289
2025-11-06 12:00:00+00:00,40.371,40.427,39.44,39.477,415290.42,40.57762215150215
2025-11-06 13:00:00+00:00,39.476,40.499,39.462,40.341,313974.35,49.9366736342646
2025-11-06 14:00:00+00:00,40.341,40.5,39.365,39.395,637460.03,42.115288568708195
2025-11-06 15:00:00+00:00,39.393,39.77,38.376,38.908,1366402.1,38.75045653765709
2025-11-06 16:00:00+00:00,38.908,39.17,37.57,38.204,1904863.28,34.46383104280795
2025-11-06 17:00:00+00:00,38.204,38.951,37.975,38.847,990731.84,40.89494682777317
2025-11-06 18:00:00+00:00,38.848,39.069,38.019,38.811,767018.59,40.6544058301971
2025-11-06 19:00:00+00:00,38.81,39.021,38.409,38.723,436181.16,40.03450983557089
2025-11-06 20:00:00+00:00,38.724,38.92,38.126,38.636,478612.26,39.39496181407327
2025-11-06 21:00:00+00:00,38.624,38.952,38.201,38.734,439717.7,40.54709641702915
2025-11-06 22:00:00+00:00,38.73,38.925,38.357,38.747,322397.48,40.70812080834274
2025-11-06 23:00:00+00:00,38.741,38.742,38.261,38.473,227671.25,38.350461311144464
2025-11-07 00:00:00+00:00,38.473,39.384,38.272,39.351,427142.22,48.61944483330539
2025-11-07 01:00:00+00:00,39.357,39.456,38.248,38.856,481797.68,44.1540157146111
2025-11-07 02:00:00+00:00,38.846,38.933,38.245,38.906,254659.59,44.706445646100924
2025-11-07 03:00:00+00:00,38.91,39.267,38.56,38.56,305246.75,41.63702953822671
2025-11-07 04:00:00+00:00,38.561,38.683,38.119,38.639,394070.15,42.60595009885153
2025-11-07 05:00:00+00:00,38.639,39.665,38.604,39.649,471086.47,53.28406911503395
2025-11-07 06:00:00+00:00,39.639,39.758,39.293,39.465,351310.85,51.407621147040935
2025-11-07 07:00:00+00:00,39.466,40.376,39.384,40.325,460009.63,58.72408404336447
2025-11-07 08:00:00+00:00,40.325,40.754,39.759,39.993,749614.02,55.26465225793289
2025-11-07 09:00:00+00:00,39.994,40.105,39.333,39.837,786575.01,53.66490962009923
2025-11-07 10:00:00+00:00,39.837,39.963,39.149,39.212,344429.6,47.706622203181624
2025-11-07 11:00:00+00:00,39.204,39.204,38.262,38.831,586069.99,44.46558025255193
2025-11-07 12:00:00+00:00,38.83,39.053,37.879,38.54,559279.92,42.1123308321031
2025-11-07 13:00:00+00:00,38.538,39.541,38.43,39.364,384996.32,50.156344313603995
2025-11-07 14:00:00+00:00,39.363,40.42,38.673,40.328,923525.35,57.58253275485239
2025-11-07 15:00:00+00:00,40.349,40.8,39.86,40.456,776306.98,58.46736947199875
2025-11-07 16:00:00+00:00,40.456,41.502,40.166,41.28,672843.9,63.71483326981945
2025-11-07 17:00:00+00:00,41.281,42.23,41.11,41.895,680239.88,67.05998899338441
2025-11-07 18:00:00+00:00,41.895,42.395,41.816,42.157,545399.0,68.3966792862421
2025-11-07 19:00:00+00:00,42.147,42.934,42.085,42.811,631585.62,71.50507120160978
2025-11-07 20:00:00+00:00,42.814,43.308,42.563,43.0,894971.07,72.35141100103095
2025-11-07 21:00:00+00:00,42.999,43.058,42.389,42.769,583666.89,69.62931058258818
2025-11-07 22:00:00+00:00,42.77,42.895,42.549,42.735,325297.56,69.21653064132987
2025-11-07 23:00:00+00:00,42.73,42.843,42.2,42.201,322023.78,62.90864456603871
2025-11-08 00:00:00+00:00,42.204,42.523,41.722,41.722,265228.83,57.81861141441431
2025-11-08 01:00:00+00:00,41.722,42.697,41.701,42.458,277508.68,62.79928979159671
2025-11-08 02:00:00+00:00,42.458,43.217,42.363,42.6,441587.23,63.69010541976485
2025-11-08 03:00:00+00:00,42.6,42.865,42.2,42.201,189622.87,59.38685927007703
2025-11-08 04:00:00+00:00,42.201,42.534,42.195,42.195,113644.24,59.32195060430515
2025-11-08 05:00:00+00:00,42.195,42.358,41.127,41.306,456042.2,50.51254219713007
2025-11-08 06:00:00+00:00,41.306,41.372,40.851,41.019,386434.14,48.032650617498554
2025-11-08 07:00:00+00:00,41.02,41.024,40.399,40.869,517757.01,46.741056558826536
2025-11-08 08:00:00+00:00,40.869,41.215,40.685,41.041,252572.5,48.452715176490926
2025-11-08 09:00:00+00:00,41.053,41.137,40.608,40.806,247126.8,46.26494954283763
2025-11-08 10:00:00+00:00,40.806,41.497,40.728,41.418,144549.64,52.30479270036642
2025-11-08 11:00:00+00:00,41.419,41.759,40.76,40.805,329553.94,46.64887698639752
2025-11-08 12:00:00+00:00,40.805,41.47,40.792,41.458,154133.14,52.53672433129332
2025-11-08 13:00:00+00:00,41.456,41.465,40.504,40.526,248223.32,44.917421908186384
2025-11-08 14:00:00+00:00,40.538,40.743,40.084,40.594,503926.09,45.538038219308646
2025-11-08 15:00:00+00:00,40.594,40.6,39.809,40.242,314577.99,42.84683724859719
2025-11-08 16:00:00+00:00,40.242,40.302,39.693,40.196,407913.89,42.493415472834386
2025-11-08 17:00:00+00:00,40.212,40.609,40.101,40.364,241965.1,44.30043349258177
2025-11-08 18:00:00+00:00,40.375,40.939,40.323,40.834,145185.63,49.117540198996906
2025-11-08 19:00:00+00:00,40.834,40.892,39.834,39.987,588685.22,42.058321681538125
2025-11-08 20:00:00+00:00,39.987,40.119,39.689,39.882,350102.79,41.26653428360493
2025-11-08 21:00:00+00:00,39.882,40.254,39.64,40.25,250307.21,45.16302243320386
2025-11-08 22:00:00+00:00,40.25,40.53,40.139,40.356,336625.99,46.26877312224469
2025-11-08 23:00:00+00:00,40.362,40.478,40.028,40.127,132635.74,44.19541088148512
2025-11-09 00:00:00+00:00,40.127,40.276,39.746,40.007,256826.85,43.10535472581266
2025-11-09 01:00:00+00:00,40.002,40.401,39.974,40.28,107441.05,46.34746672016737
2025-11-09 02:00:00+00:00,40.281,40.491,39.453,39.575,411915.56,40.00722014465443
2025-11-09 03:00:00+00:00,39.575,40.1,39.524,40.096,262494.06,45.89743690002953
2025-11-09 04:00:00+00:00,40.096,40.166,39.781,39.937,89127.08,44.462700196105565
2025-11-09 05:00:00+00:00,39.95,40.238,39.897,40.179,92579.22,47.16959062378225
2025-11-09 06:00:00+00:00,40.164,40.251,39.908,39.961,102284.8,45.03993453099514
2025-11-09 07:00:00+00:00,39.947,40.309,39.858,40.164,102033.98,47.42054153252827
2025-11-09 08:00:00+00:00,40.168,40.454,39.926,40.091,161823.64,46.63820466876516
2025-11-09 09:00:00+00:00,40.092,40.265,39.712,39.743,148777.58,42.99652524518718
2025-11-09 10:00:00+00:00,39.743,39.886,39.126,39.659,448942.93,42.14116096590455
2025-11-09 11:00:00+00:00,39.66,39.9,39.604,39.716,150344.01,42.97024680108378
2025-11-09 12:00:00+00:00,39.715,40.085,39.612,39.861,151398.0,45.124449187704236
2025-11-09 13:00:00+00:00,39.868,40.4,39.835,40.229,236802.21,50.25965981610551
2025-11-09 14:00:00+00:00,40.224,41.18,40.067,40.349,566382.78,51.84223306512144
2025-11-09 15:00:00+00:00,40.348,41.329,40.348,40.949,428178.23,58.885923995020775
2025-11-09 16:00:00+00:00,40.957,41.493,40.593,41.409,192256.02,63.315915564951275
2025-11-09 17:00:00+00:00,41.401,41.443,40.896,41.17,209630.41,59.715722357481326
2025-11-09 18:00:00+00:00,41.19,42.2,41.072,42.138,328712.62,67.72127663725824
2025-11-09 19:00:00+00:00,42.139,42.586,41.783,42.584,481559.34,70.61845139749173
2025-11-09 20:00:00+00:00,42.583,42.797,41.892,42.032,619066.44,63.072914531820885
2025-11-09 21:00:00+00:00,42.033,42.155,41.78,41.969,135796.35,62.2553263133466
2025-11-09 22:00:00+00:00,41.971,42.334,41.814,42.326,194729.52,65.02224269692846
2025-11-09 23:00:00+00:00,42.324,42.499,41.58,41.793,396659.17,58.16646528130403
2025-11-10 00:00:00+00:00,41.796,42.762,41.454,42.304,628031.81,62.273425640574196
2025-11-10 01:00:00+00:00,42.293,42.508,41.631,42.127,556873.35,60.07346123530787
2025-11-10 02:00:00+00:00,42.128,42.643,42.003,42.643,382501.86,64.05963725457931
2025-11-10 03:00:00+00:00,42.644,42.921,42.458,42.712,362878.96,64.56904060153727
2025-11-10 04:00:00+00:00,42.712,42.993,42.511,42.9,283937.52,65.98372490523552
2025-11-10 05:00:00+00:00,42.9,43.0,42.592,42.929,452548.04,66.20786373617693
2025-11-10 06:00:00+00:00,42.929,42.997,42.521,42.718,261380.72,62.95739325830078
2025-11-10 07:00:00+00:00,42.718,43.176,42.649,42.999,218466.37,65.3940584989503
2025-11-10 08:00:00+00:00,43.01,43.091,42.186,42.42,351590.54,57.064578862798236
2025-11-10 09:00:00+00:00,42.422,42.995,42.364,42.884,228065.32,61.316890249907416
2025-11-10 10:00:00+00:00,42.884,42.913,42.024,42.149,255950.57,52.45458281766122
2025-11-10 11:00:00+00:00,42.156,42.443,41.9,42.075,291672.75,51.64525185747873
2025-11-10 12:00:00+00:00,42.075,42.112,41.487,41.854,255871.1,49.20359414422754
2025-11-10 13:00:00+00:00,41.86,42.367,41.816,42.15,290532.85,52.44640667298947
2025-11-10 14:00:00+00:00,42.151,42.166,41.073,41.472,529151.24,45.31105052113611
2025-11-10 15:00:00+00:00,41.492,41.841,41.022,41.174,513845.27,42.569657358864575
2025-11-10 16:00:00+00:00,41.179,41.485,40.775,40.946,560212.0,40.54829994972459
2025-11-10 17:00:00+00:00,40.946,41.683,40.9,41.669,322428.37,48.8435829850693
2025-11-10 18:00:00+00:00,41.679,41.794,41.45,41.472,221197.59,46.92243812458837
2025-11-10 19:00:00+00:00,41.472,41.931,41.388,41.693,129384.27,49.33019463357914
2025-11-10 20:00:00+00:00,41.701,42.375,41.699,42.196,355271.46,54.40037349768767
2025-11-10 21:00:00+00:00,42.197,42.206,41.3,41.482,362288.39,47.18306738686933
2025-11-10 22:00:00+00:00,41.482,41.976,41.301,41.923,220360.18,51.466028542894215
2025-11-10 23:00:00+00:00,41.931,41.999,41.293,41.414,239814.84,46.753549576488304
2025-11-11 00:00:00+00:00,41.413,41.451,40.543,40.925,422570.95,42.707691660440375
2025-11-11 01:00:00+00:00,40.925,41.659,40.85,41.159,600633.74,45.15357664953716
2025-11-11 02:00:00+00:00,41.163,41.898,40.907,41.56,530979.57,49.1591587510005
2025-11-11 03:00:00+00:00,41.56,41.961,41.468,41.521,279197.06,48.78597968398906
2025-11-11 04:00:00+00:00,41.519,41.521,40.709,40.767,383081.62,42.127568012379776
2025-11-11 05:00:00+00:00,40.767,40.774,40.068,40.147,572528.93,37.58505827201463
2025-11-11 06:00:00+00:00,40.141,40.337,39.79,40.319,657985.69,39.532971237484155
2025-11-11 07:00:00+00:00,40.314,40.328,39.735,39.811,303249.56,35.96305889829378
2025-11-11 08:00:00+00:00,39.805,40.22,39.676,40.156,395590.74,39.93034310145123
2025-11-11 09:00:00+00:00,40.155,40.446,40.0,40.022,255205.43,38.92172852481578
2025-11-11 10:00:00+00:00,40.021,40.307,40.01,40.174,157900.3,40.749972813427014
2025-11-11 11:00:00+00:00,40.174,40.45,40.128,40.294,225950.76,42.22040276063732
2025-11-11 12:00:00+00:00,40.294,40.41,39.814,40.005,344500.44,39.667181740658606
2025-11-11 13:00:00+00:00,40.005,40.31,39.929,40.115,397482.01,41.126550508507805
2025-11-11 14:00:00+00:00,40.122,40.445,39.794,40.413,446134.32,45.007376215644044
2025-11-11 15:00:00+00:00,40.404,40.415,39.571,39.88,436423.24,39.93663182653242
2025-11-11 16:00:00+00:00,39.879,39.89,39.379,39.653,321420.83,37.97434861762692
2025-11-11 17:00:00+00:00,39.656,39.911,39.389,39.721,230139.28,38.942179091807375
2025-11-11 18:00:00+00:00,39.707,39.785,39.021,39.435,385508.84,36.37159337693883
2025-11-11 19:00:00+00:00,39.434,39.573,39.205,39.314,208091.0,35.30963121662744
2025-11-11 20:00:00+00:00,39.325,39.384,38.825,39.013,412574.65,32.748105586193475
2025-11-11 21:00:00+00:00,39.019,39.399,38.444,38.732,502091.66,30.52201308856938
2025-11-11 22:00:00+00:00,38.731,39.121,38.571,38.954,230920.59,34.32056255421482
2025-11-11 23:00:00+00:00,38.953,38.954,38.563,38.68,357931.08,31.995464608329755
2025-11-12 00:00:00+00:00,38.675,38.968,38.406,38.463,368023.6,30.247737568474975
2025-11-12 01:00:00+00:00,38.464,38.981,38.46,38.943,229054.72,38.27900831237938
2025-11-12 02:00:00+00:00,38.943,39.34,38.896,39.137,182117.36,41.22456248686555
2025-11-12 03:00:00+00:00,39.138,39.252,39.055,39.123,62864.66,41.072229699586615
2025-11-12 04:00:00+00:00,39.112,39.255,38.91,39.127,97449.86,41.13915348162224
2025-11-12 05:00:00+00:00,39.129,39.34,39.027,39.037,104588.11,40.03737752182121
2025-11-12 06:00:00+00:00,39.041,39.776,39.039,39.487,336804.52,47.594698264536824
2025-11-12 07:00:00+00:00,39.484,39.644,39.205,39.263,110992.31,44.582576088700435
2025-11-12 08:00:00+00:00,39.264,39.917,39.264,39.797,198346.7,52.32815507920546
2025-11-12 09:00:00+00:00,39.791,40.054,39.65,39.866,274123.46,53.23764203125963
2025-11-12 10:00:00+00:00,39.865,40.576,39.806,40.532,364708.99,60.976405980427536
2025-11-12 11:00:00+00:00,40.534,40.8,40.206,40.463,340590.38,59.87092641054892
2025-11-12 12:00:00+00:00,40.45,40.678,40.072,40.209,207421.83,55.85642734337986
2025-11-12 13:00:00+00:00,40.211,40.355,39.828,40.109,214738.37,54.31236419576577
2025-11-12 14:00:00+00:00,40.112,40.112,39.049,39.309,476910.13,43.86542794513763
2025-11-12 15:00:00+00:00,39.302,39.562,38.71,38.759,729984.7,38.397193734665585
2025-11-12 16:00:00+00:00,38.758,38.8,37.513,38.635,2349782.19,37.26917025399874
2025-11-12 17:00:00+00:00,38.635,39.08,38.218,38.917,807782.93,41.47970511356921
2025-11-12 18:00:00+00:00,38.918,39.011,38.437,38.442,339290.93,36.97752135920982
2025-11-12 19:00:00+00:00,38.442,38.589,38.033,38.38,367681.06,36.42183196762275
2025-11-12 20:00:00+00:00,38.382,39.0,38.177,38.589,369104.93,39.710896648887555
2025-11-12 21:00:00+00:00,38.591,38.741,38.245,38.538,345321.37,39.17827563728087
2025-11-12 22:00:00+00:00,38.538,38.538,38.134,38.46,166214.89,38.331490133759225
2025-11-12 23:00:00+00:00,38.461,38.475,38.151,38.371,165111.75,37.3397907033134
2025-11-13 00:00:00+00:00,38.371,38.633,38.192,38.407,157247.15,38.03809752144274
2025-11-13 01:00:00+00:00,38.408,39.1,38.37,38.752,353927.92,44.42955090218188
2025-11-13 02:00:00+00:00,38.752,38.857,38.453,38.454,136098.24,40.53966478114889
2025-11-13 03:00:00+00:00,38.454,38.912,37.93,38.554,372286.33,42.363277692982095
2025-11-13 04:00:00+00:00,38.557,38.752,38.29,38.557,141397.48,42.42033094547048
2025-11-13 05:00:00+00:00,38.557,39.701,38.387,39.457,544616.04,56.372637963693286
2025-11-13 06:00:00+00:00,39.433,40.007,39.18,39.515,493124.03,57.094182607946614
2025-11-13 07:00:00+00:00,39.536,39.881,39.118,39.202,351460.45,52.08761849066525
2025-11-13 08:00:00+00:00,39.201,39.439,39.11,39.19,188328.49,51.89971515541496
2025-11-13 09:00:00+00:00,39.189,39.236,38.699,38.772,241328.41,45.71351054280819
2025-11-13 10:00:00+00:00,38.783,39.147,38.729,38.816,177114.22,46.437251644607336
2025-11-13 11:00:00+00:00,38.825,39.165,38.825,39.072,92738.45,50.566621161380986
2025-11-13 12:00:00+00:00,39.06,39.246,38.997,39.119,90045.45,51.30880905781413
2025-11-13 13:00:00+00:00,39.119,39.138,38.468,38.656,280152.33,44.2592012022647
2025-11-13 14:00:00+00:00,38.654,39.132,38.245,38.852,311662.05,47.544848449403
2025-11-13 15:00:00+00:00,38.852,39.0,38.102,38.369,476144.13,41.11342445526228
2025-11-13 16:00:00+00:00,38.36,38.526,37.801,37.88,552198.0,35.82913700903096
2025-11-13 17:00:00+00:00,37.881,37.963,37.258,37.333,806005.1,31.02536074213276
2025-11-13 18:00:00+00:00,37.332,37.699,36.583,37.67,1382233.13,36.659828728908344
2025-11-13 19:00:00+00:00,37.677,38.1,37.398,37.511,935395.33,35.19885010808848
2025-11-13 20:00:00+00:00,37.524,37.97,37.163,37.475,635346.51,34.86010565843128
2025-11-13 21:00:00+00:00,37.469,37.929,37.426,37.799,307792.05,40.41771550931921
2025-11-13 22:00:00+00:00,37.8,38.591,37.617,38.514,774403.97,50.46211892453576
2025-11-13 23:00:00+00:00,38.532,39.141,38.351,38.568,548114.4,51.13216169523621
2025-11-14 00:00:00+00:00,38.567,38.626,37.826,38.021,533435.78,44.55762196703968
2025-11-14 01:00:00+00:00,38.023,38.262,37.73,37.775,158364.71,41.945524976490326
2025-11-14 02:00:00+00:00,37.778,38.388,37.765,38.136,185914.54,46.86796592556436
2025-11-14 03:00:00+00:00,38.149,38.191,37.55,37.838,392483.95,43.582825484614794
2025-11-14 04:00:00+00:00,37.834,37.838,36.611,37.141,798894.8,37.042756500649624
2025-11-14 05:00:00+00:00,37.141,37.372,36.999,37.104,329042.09,36.727681396329324
2025-11-14 06:00:00+00:00,37.107,37.444,36.412,37.392,972455.24,40.938718834085975
2025-11-14 07:00:00+00:00,37.423,37.934,37.366,37.492,604647.9,42.372868741338515
2025-11-14 08:00:00+00:00,37.501,37.538,37.04,37.276,279548.32,40.10741700824661
2025-11-14 09:00:00+00:00,37.268,37.541,36.912,36.973,317719.02,37.110100298770476
2025-11-14 10:00:00+00:00,36.989,37.744,36.989,37.352,298046.55,42.86203533374114
2025-11-14 11:00:00+00:00,37.351,37.352,36.68,36.886,295219.1,38.2319317935167
2025-11-14 12:00:00+00:00,36.881,36.881,36.04,36.696,828222.19,36.500638136490174
2025-11-14 13:00:00+00:00,36.687,36.878,36.178,36.874,636964.27,39.27499998394121
2025-11-14 14:00:00+00:00,36.869,38.057,36.677,37.509,1175598.73,48.00292597057289
2025-11-14 15:00:00+00:00,37.509,38.061,37.08,38.019,914985.27,53.75223219775869
2025-11-14 16:00:00+00:00,38.02,38.289,37.615,37.745,819603.22,50.520263033447634
2025-11-14 17:00:00+00:00,37.757,37.883,36.743,36.841,826700.54,41.6272154466172
2025-11-14 18:00:00+00:00,36.842,37.44,36.756,37.375,411217.25,47.50556964063734
2025-11-14 19:00:00+00:00,37.37,38.013,37.265,38.002,433909.79,53.435035622241706
2025-11-14 20:00:00+00:00,38.007,38.013,37.034,37.425,400715.14,48.055571041074536
2025-11-14 21:00:00+00:00,37.428,37.958,37.374,37.89,288798.31,52.229407250965025
2025-11-14 22:00:00+00:00,37.879,38.602,37.866,38.124,426346.18,54.22280160550816
2025-11-14 23:00:00+00:00,38.129,38.138,37.095,37.522,532026.27,48.603695854225045
2025-11-15 00:00:00+00:00,37.52,37.791,37.325,37.639,124749.15,49.69481470593602
2025-11-15 01:00:00+00:00,37.641,38.105,37.549,38.094,220341.77,53.802254177060775
2025-11-15 02:00:00+00:00,38.094,38.688,37.951,38.688,281965.16,58.55937761084445
2025-11-15 03:00:00+00:00,38.688,38.88,38.534,38.841,314238.7,59.71020029236915
2025-11-15 04:00:00+00:00,38.842,38.854,38.336,38.477,226056.17,55.74399772867159
2025-11-15 05:00:00+00:00,38.477,38.687,38.328,38.62,107162.2,56.953708214933
2025-11-15 06:00:00+00:00,38.629,38.928,38.581,38.764,207997.89,58.19298846021893
2025-11-15 07:00:00+00:00,38.764,39.32,38.748,39.152,219756.48,61.416226624710546
2025-11-15 08:00:00+00:00,39.151,39.23,38.801,39.047,198553.8,60.066584979809775
2025-11-15 09:00:00+00:00,39.046,39.583,38.914,38.951,242584.4,58.794435391135195
2025-11-15 10:00:00+00:00,38.956,39.217,38.807,39.016,114820.45,59.42109594903005
2025-11-15 11:00:00+00:00,39.013,39.069,38.514,38.671,113666.19,54.668770038613864
2025-11-15 12:00:00+00:00,38.668,39.039,38.599,38.779,112265.84,55.85890978176118
2025-11-15 13:00:00+00:00,38.779,39.06,38.627,39.052,89151.9,58.80324364092668
2025-11-15 14:00:00+00:00,39.046,39.08,38.535,38.935,269087.52,57.04700022824796
2025-11-15 15:00:00+00:00,38.936,39.328,38.748,39.213,225885.96,60.09656150053639
2025-11-15 16:00:00+00:00,39.212,39.212,38.785,39.099,186577.25,58.26959492574743
2025-11-15 17:00:00+00:00,39.099,39.132,38.553,38.809,130075.97,53.789794251242505
2025-11-15 18:00:00+00:00,38.808,39.012,38.733,38.814,104245.58,53.85566487476135
2025-11-15 19:00:00+00:00,38.818,38.948,38.595,38.69,44511.34,51.88053927421349
2025-11-15 20:00:00+00:00,38.7,38.729,38.355,38.46,59758.29,48.33930573222581
2025-11-15 21:00:00+00:00,38.465,38.821,38.367,38.376,137956.84,47.075497615449706
2025-11-15 22:00:00+00:00,38.377,38.624,38.31,38.62,75852.74,51.076710049363086
2025-11-15 23:00:00+00:00,38.621,38.756,38.48,38.602,88784.7,50.771763001998856
2025-11-16 00:00:00+00:00,38.599,38.66,38.342,38.476,223829.81,48.585073574998745
2025-11-16 01:00:00+00:00,38.476,38.659,38.069,38.422,415351.72,47.638122811145976
2025-11-16 02:00:00+00:00,38.421,38.851,38.28,38.764,135882.34,53.78212719128996
2025-11-16 03:00:00+00:00,38.763,38.889,38.57,38.676,113248.65,52.08849398774495
2025-11-16 04:00:00+00:00,38.675,38.95,38.555,38.778,257501.68,53.90058088438077
2025-11-16 05:00:00+00:00,38.78,39.041,38.758,38.865,145988.28,55.448351992324056
2025-11-16 06:00:00+00:00,38.87,39.282,38.828,39.134,149081.02,59.92824235255621
2025-11-16 07:00:00+00:00,39.134,39.299,39.049,39.225,164729.46,61.344331503544936
2025-11-16 08:00:00+00:00,39.223,39.3,39.026,39.134,186687.89,59.09532848724389
2025-11-16 09:00:00+00:00,39.14,39.811,38.904,39.811,284921.1,68.38236149694532
2025-11-16 10:00:00+00:00,39.802,40.519,39.614,40.072,571516.3,71.1059931528849
2025-11-16 11:00:00+00:00,40.08,40.211,39.103,39.307,539182.51,55.90491075228385
2025-11-16 12:00:00+00:00,39.291,39.553,38.951,39.085,380931.03,52.40378896384404
2025-11-16 13:00:00+00:00,39.088,39.262,38.407,38.694,352154.48,46.83986300300281
2025-11-16 14:00:00+00:00,38.695,38.89,38.591,38.693,189057.46,46.82616947949124
2025-11-16 15:00:00+00:00,38.693,38.719,38.07,38.223,406770.96,40.79030972880251
2025-11-16 16:00:00+00:00,38.206,38.514,37.85,37.945,346271.81,37.695251830144315
2025-11-16 17:00:00+00:00,37.944,38.005,37.504,37.873,348654.69,36.91402780005193
2025-11-16 18:00:00+00:00,37.867,38.489,37.7,37.903,436645.75,37.49529404374633
2025-11-16 19:00:00+00:00,37.906,38.352,37.855,38.05,255984.11,40.393420086419404
2025-11-16 20:00:00+00:00,38.071,38.493,38.01,38.06,186105.21,40.59520718100869
2025-11-16 21:00:00+00:00,38.06,38.144,37.493,37.882,446034.82,38.1213632789426
2025-11-16 22:00:00+00:00,37.871,38.501,37.6,38.27,415770.22,45.865422859518226
2025-11-16 23:00:00+00:00,38.27,38.758,37.716,38.706,502311.96,52.985706721785164
2025-11-17 00:00:00+00:00,38.706,39.041,38.206,38.887,402262.31,55.59675009248644
2025-11-17 01:00:00+00:00,38.888,38.994,38.36,38.374,186324.68,47.538303591679046
2025-11-17 02:00:00+00:00,38.375,38.736,38.293,38.405,107322.74,48.02852914068265
2025-11-17 03:00:00+00:00,38.404,38.749,38.404,38.749,149296.64,53.24917596183898
2025-11-17 04:00:00+00:00,38.738,38.774,38.467,38.562,92086.93,50.29168555393749
2025-11-17 05:00:00+00:00,38.562,38.692,38.278,38.385,179485.27,47.59701008409788
2025-11-17 06:00:00+00:00,38.397,38.59,38.254,38.53,147402.47,49.96231380942658
2025-11-17 07:00:00+00:00,38.53,38.704,38.423,38.573,196795.37,50.673359523995885
2025-11-17 08:00:00+00:00,38.574,38.85,38.573,38.761,96918.5,53.766710348858275
2025-11-17 09:00:00+00:00,38.761,38.88,38.3,38.849,174222.48,55.18346744970972
2025-11-17 10:00:00+00:00,38.85,38.962,38.687,38.771,84906.23,53.61518239535927
2025-11-17 11:00:00+00:00,38.771,39.238,38.74,39.228,173477.22,60.668078168440495
2025-11-17 12:00:00+00:00,39.228,39.285,38.8,38.81,213744.83,52.765220897890174
2025-11-17 13:00:00+00:00,38.82,38.84,37.343,37.708,828212.57,38.51925798493089
2025-11-17 14:00:00+00:00,37.71,38.564,37.517,38.011,588735.29,43.07047288409362
2025-11-17 15:00:00+00:00,38.023,38.128,37.477,37.543,489838.55,38.34848990837891
2025-11-17 16:00:00+00:00,37.542,38.143,37.11,38.122,702972.64,46.20617463585748
2025-11-17 17:00:00+00:00,38.129,38.148,37.421,37.725,542000.43,42.23164695612832
2025-11-17 18:00:00+00:00,37.736,38.217,37.575,38.061,507694.26,46.43144938758192
2025-11-17 19:00:00+00:00,38.058,38.077,37.352,37.685,522723.64,42.691121389097646
2025-11-17 20:00:00+00:00,37.68,38.74,37.587,38.495,741742.29,51.714970170053945
2025-11-17 21:00:00+00:00,38.474,38.911,38.139,38.312,623627.23,49.806833047472935
2025-11-17 22:00:00+00:00,38.309,38.561,38.137,38.272,252229.01,49.377968539951134
2025-11-17 23:00:00+00:00,38.272,39.322,38.205,39.322,586477.18,59.28786371332829
2025-11-18 00:00:00+00:00,39.323,39.53,38.527,39.242,497147.82,58.35060342993232
2025-11-18 01:00:00+00:00,39.246,39.789,39.016,39.156,446437.08,57.30189076653734
2025-11-18 02:00:00+00:00,39.146,40.12,38.699,39.599,755716.8,61.17299617755052
2025-11-18 03:00:00+00:00,39.599,40.89,39.359,40.407,1004039.1,67.04217354272966
2025-11-18 04:00:00+00:00,40.407,40.633,39.76,40.584,576720.72,68.17700406445985
2025-11-18 05:00:00+00:00,40.583,41.708,40.35,40.758,1214497.54,69.29624752790292
2025-11-18 06:00:00+00:00,40.758,40.791,39.643,39.734,724082.06,56.66529627797753
2025-11-18 07:00:00+00:00,39.733,40.53,39.561,40.262,555033.44,60.648281486027294
2025-11-18 08:00:00+00:00,40.269,41.48,40.247,41.16,609825.06,66.31840599970755
2025-11-18 09:00:00+00:00,41.165,41.336,40.697,41.288,286985.27,67.04725704334251
2025-11-18 10:00:00+00:00,41.289,41.37,40.856,41.152,305326.74,65.42724443263447
2025-11-18 11:00:00+00:00,41.161,41.31,40.781,41.115,317556.1,64.96732699326
2025-11-18 12:00:00+00:00,41.112,41.641,40.898,41.136,399097.6,65.11720392410272
2025-11-18 13:00:00+00:00,41.136,41.209,40.165,40.45,594212.87,56.59879976250818
2025-11-18 14:00:00+00:00,40.449,40.571,38.308,38.54,2260007.32,40.65292810128352
2025-11-18 15:00:00+00:00,38.54,39.363,38.417,38.909,1137265.65,43.93901789656561
2025-11-18 16:00:00+00:00,38.898,39.588,38.726,39.081,537386.18,45.45509430490028
2025-11-18 17:00:00+00:00,39.08,39.092,38.269,38.608,376088.14,42.084547033806906
2025-11-18 18:00:00+00:00,38.597,38.916,38.384,38.498,259315.85,41.31724657302511
2025-11-18 19:00:00+00:00,38.505,38.741,38.414,38.633,234766.76,42.698068980845285
2025-11-18 20:00:00+00:00,38.639,39.115,38.555,38.91,177519.8,45.53020289512447
2025-11-18 21:00:00+00:00,38.919,39.408,38.753,38.797,429518.19,44.56259727954031
2025-11-18 22:00:00+00:00,38.8,39.132,38.775,39.069,172571.04,47.45718853500198
2025-11-18 23:00:00+00:00,39.068,39.14,38.663,38.675,92142.6,43.88288414055012
2025-11-19 00:00:00+00:00,38.675,38.831,38.313,38.765,212424.21,44.90368967518625
2025-11-19 01:00:00+00:00,38.77,38.799,38.486,38.799,97356.35,45.30844172991316
2025-11-19 02:00:00+00:00,38.799,39.132,38.665,39.023,129879.86,48.01785069199388
2025-11-19 03:00:00+00:00,39.02,39.05,38.337,38.367,201668.78,41.52927830542289
2025-11-19 04:00:00+00:00,38.362,38.414,37.808,38.15,566463.0,39.62196086632406
2025-11-19 05:00:00+00:00,38.15,38.367,37.63,37.828,359852.55,36.91284874186016
2025-11-19 06:00:00+00:00,37.821,38.586,37.705,38.53,432959.08,45.63937466290983
2025-11-19 07:00:00+00:00,38.526,38.73,38.366,38.628,256738.81,46.74681340711572
2025-11-19 08:00:00+00:00,38.631,38.73,38.3,38.333,203072.06,43.85084475016018
2025-11-19 09:00:00+00:00,38.34,38.37,37.962,38.212,238060.77,42.682843710118185
2025-11-19 10:00:00+00:00,38.211,38.231,38.076,38.085,97145.12,41.43534736081365
2025-11-19 11:00:00+00:00,38.086,38.357,37.959,38.241,310654.72,43.61532761211301
2025-11-19 12:00:00+00:00,38.242,38.405,38.011,38.2,192447.23,43.16060302926619
2025-11-19 13:00:00+00:00,38.198,38.264,37.839,37.848,223824.55,39.36593844989428
2025-11-19 14:00:00+00:00,37.848,38.154,37.716,38.043,239588.63,42.387815984231295
2025-11-19 15:00:00+00:00,38.043,38.57,37.311,37.353,673702.81,35.62255666173563
2025-11-19 16:00:00+00:00,37.362,37.605,37.177,37.432,572712.89,36.864999116307445
2025-11-19 17:00:00+00:00,37.432,37.888,37.235,37.689,443215.05,40.86342837056414
2025-11-19 18:00:00+00:00,37.687,37.836,37.306,37.646,327588.46,40.40238031638562
2025-11-19 19:00:00+00:00,37.639,37.733,37.202,37.63,281666.37,40.22053778155429
2025-11-19 20:00:00+00:00,37.635,38.445,37.581,38.404,579973.35,51.574941663427666
2025-11-19 21:00:00+00:00,38.389,39.006,38.06,38.349,1032825.01,50.83603360193135
2025-11-19 22:00:00+00:00,38.349,38.484,38.084,38.373,286691.15,51.16482289166277
2025-11-19 23:00:00+00:00,38.373,38.948,38.373,38.872,318275.46,57.52511354692276
2025-11-20 00:00:00+00:00,38.872,39.102,38.36,38.867,465628.65,57.44438151271751
2025-11-20 01:00:00+00:00,38.855,39.354,38.784,39.179,607325.58,61.111916183649306
2025-11-20 02:00:00+00:00,39.179,39.431,39.132,39.37,459346.0,63.20264352165628
2025-11-20 03:00:00+00:00,39.369,39.813,39.275,39.293,418796.42,61.76106704840775
2025-11-20 04:00:00+00:00,39.286,39.621,38.95,39.606,208492.96,65.23253939016573
2025-11-20 05:00:00+00:00,39.605,39.735,39.37,39.498,162157.95,63.103775997885045
2025-11-20 06:00:00+00:00,39.498,39.52,38.964,39.128,185687.34,56.32255207896223
2025-11-20 07:00:00+00:00,39.132,39.466,39.042,39.458,103641.99,60.40900119408121
2025-11-20 08:00:00+00:00,39.458,39.497,39.286,39.409,88949.37,59.518554270386744
2025-11-20 09:00:00+00:00,39.404,39.404,38.99,39.215,266809.43,55.999081421858875
2025-11-20 10:00:00+00:00,39.215,39.262,38.988,39.213,98704.78,55.96234185136641
2025-11-20 11:00:00+00:00,39.21,39.308,39.069,39.303,89638.93,57.319346784344354
2025-11-20 12:00:00+00:00,39.303,39.424,39.172,39.257,156841.57,56.36335523264063
2025-11-20 13:00:00+00:00,39.258,39.357,38.906,38.963,302187.5,50.55934172129548
2025-11-20 14:00:00+00:00,38.97,39.121,38.61,38.932,450971.09,49.97497801468025
2025-11-20 15:00:00+00:00,38.928,38.967,38.419,38.476,289354.21,42.24098623718337
2025-11-20 16:00:00+00:00,38.478,38.551,37.644,37.989,1089477.18,35.85847345416356
2025-11-20 17:00:00+00:00,37.99,38.262,37.422,38.223,813717.21,40.50977836672372
2025-11-20 18:00:00+00:00,38.223,38.294,37.39,37.552,662455.09,33.0979136590703
2025-11-20 19:00:00+00:00,37.552,37.923,37.371,37.884,366502.03,39.04092091591006
2025-11-20 20:00:00+00:00,37.884,37.884,37.455,37.63,207451.73,36.3784143887553
2025-11-20 21:00:00+00:00,37.622,38.289,37.611,37.951,408276.83,41.782021313819854
2025-11-20 22:00:00+00:00,37.95,38.4,37.904,38.355,163123.23,47.792054624420444
2025-11-20 23:00:00+00:00,38.355,38.397,37.5,37.55,359641.36,39.12497105360925
2025-11-21 00:00:00+00:00,37.549,38.488,37.54,38.387,450579.83,49.39998045935401
2025-11-21 01:00:00+00:00,38.387,38.545,37.921,37.949,240599.96,45.10915295875817
2025-11-21 02:00:00+00:00,37.95,38.121,37.52,37.617,343430.84,42.12254936858481
2025-11-21 03:00:00+00:00,37.6,38.018,36.833,36.878,1312676.59,36.352973500165206
2025-11-21 04:00:00+00:00,36.879,37.074,36.596,37.044,394296.89,38.39423629236983
2025-11-21 05:00:00+00:00,37.044,37.274,36.572,36.634,364838.75,35.376405049174735
2025-11-21 06:00:00+00:00,36.639,36.848,35.595,35.597,1426788.41,29.138063064491035
2025-11-21 07:00:00+00:00,35.596,35.622,32.182,34.272,4281819.49,23.448358337495904
2025-11-21 08:00:00+00:00,34.272,34.841,34.0,34.287,1072735.79,23.630165489454157
2025-11-21 09:00:00+00:00,34.279,34.548,33.029,33.433,1285678.09,20.626610317900457
2025-11-21 10:00:00+00:00,33.433,33.689,32.265,32.917,1864905.04,19.050951995566862
2025-11-21 11:00:00+00:00,32.916,33.362,32.237,32.478,734070.47,17.804800621839945
2025-11-21 12:00:00+00:00,32.479,33.6,31.616,33.255,2675214.37,26.91678457901388
2025-11-21 13:00:00+00:00,33.255,33.861,32.933,33.249,948541.26,26.891992988072047
2025-11-21 14:00:00+00:00,33.236,34.142,32.73,34.087,1545234.68,35.787635697442894
2025-11-21 15:00:00+00:00,34.071,34.195,32.671,32.834,1009751.87,29.924487817881854
2025-11-21 16:00:00+00:00,32.832,34.352,32.09,34.33,1768162.11,42.11748420544835
2025-11-21 17:00:00+00:00,34.319,34.597,33.182,33.3,1517257.42,37.30468388822181
2025-11-21 18:00:00+00:00,33.301,33.437,32.775,33.082,808961.84,36.357714481708626
2025-11-21 19:00:00+00:00,33.082,33.83,33.023,33.529,378492.91,39.73577829548232
2025-11-21 20:00:00+00:00,33.528,33.867,33.335,33.751,456370.24,41.3993988877898
2025-11-21 21:00:00+00:00,33.765,34.337,33.473,33.995,468027.35,43.25359069080596
2025-11-21 22:00:00+00:00,33.995,34.07,33.087,33.097,701649.6,38.43371196824853
2025-11-21 23:00:00+00:00,33.097,33.972,33.029,33.863,497426.94,44.15071805492339
2025-11-22 00:00:00+00:00,33.864,33.993,33.493,33.815,353885.1,43.875771928059926
2025-11-22 01:00:00+00:00,33.816,34.329,33.764,34.311,337191.18,47.51312667870341
2025-11-22 02:00:00+00:00,34.311,34.367,33.92,34.243,234883.75,47.062802789670954
2025-11-22 03:00:00+00:00,34.243,34.272,33.85,33.907,134728.27,44.80318338124676
2025-11-22 04:00:00+00:00,33.91,33.971,33.213,33.546,268918.55,42.445210488410645
2025-11-22 05:00:00+00:00,33.544,34.181,33.35,33.761,284273.93,44.32456828507635
2025-11-22 06:00:00+00:00,33.767,34.53,33.57,34.521,187950.32,50.480125232469966
2025-11-22 07:00:00+00:00,34.521,34.521,33.909,33.937,327133.61,46.24869503128431
2025-11-22 08:00:00+00:00,33.942,33.954,33.31,33.341,248705.73,42.34737688418567
2025-11-22 09:00:00+00:00,33.35,33.62,33.104,33.123,431965.49,40.985502454656725
2025-11-22 10:00:00+00:00,33.129,33.348,32.733,32.865,369647.65,39.37172768964038
2025-11-22 11:00:00+00:00,32.865,33.311,32.817,32.882,238287.19,39.5406511699426
2025-11-22 12:00:00+00:00,32.891,32.956,32.487,32.658,430225.53,38.03680758376303
2025-11-22 13:00:00+00:00,32.659,32.895,31.985,32.269,821588.85,35.510957883988496
2025-11-22 14:00:00+00:00,32.27,32.757,32.27,32.612,320867.88,39.33622758501911
2025-11-22 15:00:00+00:00,32.607,32.7,31.883,31.901,792120.81,34.73659124417411
2025-11-22 16:00:00+00:00,31.902,32.004,31.28,31.588,1930114.14,32.91208400182339
2025-11-22 17:00:00+00:00,31.585,31.706,31.041,31.081,811344.74,30.149667116271118
2025-11-22 18:00:00+00:00,31.081,31.283,30.551,30.775,1062751.79,28.589951547980817
2025-11-22 19:00:00+00:00,30.785,31.368,30.489,30.5,1157493.08,27.226766233202923
2025-11-22 20:00:00+00:00,30.5,30.649,29.355,29.991,3452264.66,24.86369446431067
2025-11-22 21:00:00+00:00,29.991,30.361,29.757,30.012,961272.59,25.15232704173033
2025-11-22 22:00:00+00:00,30.012,30.537,29.613,30.51,965082.74,31.839225923439955
2025-11-22 23:00:00+00:00,30.521,30.58,29.636,29.978,671642.15,28.87175414622888
2025-11-23 00:00:00+00:00,29.978,30.36,29.627,30.324,588128.88,33.23040412217016
2025-11-23 01:00:00+00:00,30.324,31.53,30.252,31.208,1222400.39,42.86385107374151
2025-11-23 02:00:00+00:00,31.207,31.533,30.72,31.158,922456.92,42.49043197064571
2025-11-23 03:00:00+00:00,31.163,31.55,31.027,31.221,360686.75,43.16232001779293
2025-11-23 04:00:00+00:00,31.225,31.739,31.162,31.508,464573.04,46.24347824132377
2025-11-23 05:00:00+00:00,31.511,31.74,31.4,31.721,345655.69,48.475871503418226
2025-11-23 06:00:00+00:00,31.723,31.857,31.019,31.163,325221.82,43.392063664735744
2025-11-23 07:00:00+00:00,31.171,31.194,30.359,30.899,466686.15,41.19105944876684
2025-11-23 08:00:00+00:00,30.887,31.223,30.72,31.076,440540.55,43.26877806105024
2025-11-23 09:00:00+00:00,31.081,31.599,31.0,31.541,230485.69,48.424086709035834
2025-11-23 10:00:00+00:00,31.533,31.588,31.29,31.392,179762.4,46.95176585594068
2025-11-23 11:00:00+00:00,31.392,31.66,31.315,31.542,168333.26,48.64460907473287
2025-11-23 12:00:00+00:00,31.543,32.05,31.283,31.365,641991.35,46.74884880284904
2025-11-23 13:00:00+00:00,31.354,31.376,30.866,31.253,485511.77,45.53945980183623
2025-11-23 14:00:00+00:00,31.253,31.408,30.62,30.727,409808.64,40.27039662756313
2025-11-23 15:00:00+00:00,30.734,31.275,30.62,31.185,266764.99,46.11649095766663
2025-11-23 16:00:00+00:00,31.185,31.215,30.25,30.271,476128.12,38.10179540912631
2025-11-23 17:00:00+00:00,30.271,30.725,30.263,30.607,317728.66,42.08643323660658
2025-11-23 18:00:00+00:00,30.608,30.883,30.535,30.82,182731.87,44.52445397954603
2025-11-23 19:00:00+00:00,30.818,31.237,30.717,31.003,338306.19,46.60424631789163
2025-11-23 20:00:00+00:00,31.016,31.937,30.898,31.867,722691.12,55.15293911729097
2025-11-23 21:00:00+00:00,31.87,32.55,31.529,32.271,969726.32,58.49878624604667
2025-11-23 22:00:00+00:00,32.277,32.643,32.021,32.332,510850.22,58.99621310206605
2025-11-23 23:00:00+00:00,32.338,32.358,31.5,31.878,778507.11,53.825317906908495
2025-11-24 00:00:00+00:00,31.877,32.211,31.5,31.847,587006.3,53.480627956017926
2025-11-24 01:00:00+00:00,31.841,32.746,31.705,32.713,363422.37,60.99515216781958
2025-11-24 02:00:00+00:00,32.709,33.723,32.661,33.667,967722.28,67.2678860709778
2025-11-24 03:00:00+00:00,33.66,33.758,32.973,33.071,346185.85,60.700219358782874
2025-11-24 04:00:00+00:00,33.071,33.075,31.209,31.508,1087548.64,47.580377252774795
2025-11-24 05:00:00+00:00,31.509,32.162,31.421,31.589,452064.85,48.205169295843824
2025-11-24 06:00:00+00:00,31.588,31.604,31.168,31.511,343570.32,47.61660449027362
2025-11-24 07:00:00+00:00,31.509,31.832,31.348,31.57,275654.69,48.13247216805993
2025-11-24 08:00:00+00:00,31.571,31.709,31.204,31.468,266270.99,47.26585941889524
2025-11-24 09:00:00+00:00,31.461,31.639,31.047,31.543,584751.28,48.00712950696156
2025-11-24 10:00:00+00:00,31.542,31.8,31.53,31.711,269961.44,49.712342794078914
2025-11-24 11:00:00+00:00,31.71,31.776,31.183,31.216,469591.31,45.02653919957107
2025-11-24 12:00:00+00:00,31.218,31.284,30.39,30.536,768411.68,39.51614333214002
2025-11-24 13:00:00+00:00,30.537,31.485,30.463,31.145,506597.96,45.90159676321925
2025-11-24 14:00:00+00:00,31.147,31.94,30.914,31.1,801321.87,45.51918901185051
2025-11-24 15:00:00+00:00,31.1,31.243,30.614,31.039,610549.13,44.97224177236322
2025-11-24 16:00:00+00:00,31.039,31.508,31.039,31.164,489391.82,46.393692064213894
2025-11-24 17:00:00+00:00,31.16,31.921,31.11,31.882,575932.47,53.77928885831244
2025-11-24 18:00:00+00:00,31.882,32.406,31.877,32.246,530102.92,57.01277310868258
2025-11-24 19:00:00+00:00,32.246,32.477,32.097,32.442,325873.62,58.68865286555337
2025-11-24 20:00:00+00:00,32.452,32.966,32.452,32.894,588652.62,62.335386077909135
2025-11-24 21:00:00+00:00,32.893,32.944,32.364,32.418,450276.57,56.66274332897314
2025-11-24 22:00:00+00:00,32.418,33.684,32.415,33.4,918701.33,63.95113347284295
2025-11-24 23:00:00+00:00,33.4,34.678,33.194,33.719,2136203.09,65.95420977723742
2025-11-25 00:00:00+00:00,33.719,33.756,33.102,33.293,517786.62,61.07371536690077
2025-11-25 01:00:00+00:00,33.292,33.812,33.108,33.131,369560.19,59.27732790331992
2025-11-25 02:00:00+00:00,33.146,33.251,32.6,33.051,880687.29,58.3643650736874
2025-11-25 03:00:00+00:00,33.051,33.176,32.206,32.607,762711.35,53.44458329750336
2025-11-25 04:00:00+00:00,32.607,32.901,32.529,32.712,253781.59,54.423024181602585
2025-11-25 05:00:00+00:00,32.698,32.804,32.448,32.675,140803.75,53.99240422967628
2025-11-25 06:00:00+00:00,32.675,32.675,31.949,32.136,539326.43,48.030312984444045
2025-11-25 07:00:00+00:00,32.136,32.237,31.8,31.889,413882.48,45.54815395407974
2025-11-25 08:00:00+00:00,31.89,33.751,31.89,32.945,1743371.06,56.014116073056385
2025-11-25 09:00:00+00:00,32.949,34.421,32.513,34.383,2118655.45,65.6861124553754
2025-11-25 10:00:00+00:00,34.384,34.453,32.572,32.736,2021912.51,51.67169865058166
2025-11-25 11:00:00+00:00,32.737,32.82,32.385,32.552,443184.69,50.37852823552928
2025-11-25 12:00:00+00:00,32.551,33.042,32.5,32.786,475722.76,52.02297219958119
2025-11-25 13:00:00+00:00,32.79,33.236,32.293,32.407,498885.96,49.18016469922591
2025-11-25 14:00:00+00:00,32.411,32.844,31.807,32.188,857276.36,47.562795197338076
2025-11-25 15:00:00+00:00,32.187,32.66,31.966,32.285,550132.87,48.372657793769264
2025-11-25 16:00:00+00:00,32.285,32.506,32.024,32.276,249512.02,48.29812326290117
2025-11-25 17:00:00+00:00,32.263,32.729,32.088,32.479,410716.33,50.163403792396416
2025-11-25 18:00:00+00:00,32.471,32.543,32.256,32.29,245542.8,48.41217498378034
2025-11-25 19:00:00+00:00,32.291,32.398,31.816,32.377,418124.42,49.28976892615984
2025-11-25 20:00:00+00:00,32.377,32.9,32.2,32.728,350058.99,52.77993076391102
2025-11-25 21:00:00+00:00,32.727,32.993,32.55,32.71,304569.37,52.580072904321256
2025-11-25 22:00:00+00:00,32.709,33.324,32.332,33.271,440332.1,57.927291370016036
2025-11-25 23:00:00+00:00,33.278,33.953,33.156,33.754,755549.16,61.90973795367341
2025-11-26 00:00:00+00:00,33.753,34.3,33.65,34.077,460164.56,64.34061718853303
2025-11-26 01:00:00+00:00,34.078,34.433,33.882,34.267,354355.3,65.72624586358896
2025-11-26 02:00:00+00:00,34.266,34.616,34.046,34.209,635259.62,64.89723860345079
2025-11-26 03:00:00+00:00,34.209,34.328,33.811,33.9,570551.04,60.517805965021516
2025-11-26 04:00:00+00:00,33.901,34.026,33.61,34.015,296371.78,61.55755069428435
2025-11-26 05:00:00+00:00,34.015,34.774,33.985,34.665,610615.04,66.8684429952742
2025-11-26 06:00:00+00:00,34.65,35.036,34.418,34.446,705709.82,63.676528392439934
2025-11-26 07:00:00+00:00,34.52,34.805,34.3,34.753,264804.77,66.11813821367977
2025-11-26 08:00:00+00:00,34.752,34.786,34.462,34.57,128619.03,63.383121799925
2025-11-26 09:00:00+00:00,34.571,34.625,33.864,33.924,245187.76,54.77021276082419
2025-11-26 10:00:00+00:00,33.922,34.006,33.618,33.782,265382.23,53.06330123823669
2025-11-26 11:00:00+00:00,33.781,34.039,33.679,33.709,163042.37,52.1632842471537
2025-11-26 12:00:00+00:00,33.707,33.746,33.022,33.331,508153.46,47.65587952508332
2025-11-26 13:00:00+00:00,33.331,33.973,33.207,33.743,335184.92,52.476068741241214
2025-11-26 14:00:00+00:00,33.74,34.296,33.598,33.725,366772.12,52.24968780473499
2025-11-26 15:00:00+00:00,33.733,34.153,33.687,33.84,185941.23,53.62614213101942
2025-11-26 16:00:00+00:00,33.835,34.522,33.794,34.378,222398.22,59.506928803684204
2025-11-26 17:00:00+00:00,34.39,35.48,34.249,35.387,1094601.06,67.76355941867365
2025-11-26 18:00:00+00:00,35.387,35.642,35.053,35.274,529185.81,66.13711456493965
2025-11-26 19:00:00+00:00,35.274,35.432,34.943,35.219,278235.41,65.3153875406043
2025-11-26 20:00:00+00:00,35.23,35.795,34.862,35.761,301617.13,69.35601530410763
2025-11-26 21:00:00+00:00,35.761,36.239,35.596,36.159,826652.45,71.94097100009685
2025-11-26 22:00:00+00:00,36.17,36.354,35.907,36.318,754553.73,72.92361735138267
2025-11-26 23:00:00+00:00,36.323,36.349,35.682,36.238,653478.32,71.56559646553842
2025-11-27 00:00:00+00:00,36.238,36.238,35.723,35.971,321446.45,67.07596073858332
2025-11-27 01:00:00+00:00,35.98,36.468,35.827,36.363,391630.4,70.04698901303871
2025-11-27 02:00:00+00:00,36.359,36.482,36.111,36.179,404186.35,66.99116968080827
2025-11-27 03:00:00+00:00,36.171,36.248,35.544,35.678,352968.07,59.39347985171988
2025-11-27 04:00:00+00:00,35.673,35.936,35.459,35.609,210159.13,58.410930948210215
2025-11-27 05:00:00+00:00,35.609,35.62,35.325,35.359,240606.85,54.86916884285918
2025-11-27 06:00:00+00:00,35.359,35.687,35.359,35.408,78444.0,55.439485699808934
2025-11-27 07:00:00+00:00,35.416,35.64,35.345,35.574,127962.08,57.403365293191015
2025-11-27 08:00:00+00:00,35.574,35.645,35.206,35.446,233497.32,55.376716794935646
2025-11-27 09:00:00+00:00,35.446,35.555,35.241,35.309,203319.75,53.21130610041994
2025-11-27 10:00:00+00:00,35.314,35.338,34.92,35.023,270386.73,48.91145146170684
2025-11-27 11:00:00+00:00,35.022,35.031,34.5,34.824,664320.7,46.11890402144324
2025-11-27 12:00:00+00:00,34.824,34.999,34.554,34.647,349145.17,43.72751787917591
2025-11-27 13:00:00+00:00,34.652,34.939,34.631,34.862,193913.05,47.30201241798133
2025-11-27 14:00:00+00:00,34.862,34.884,34.55,34.725,299101.84,45.32624814187437
2025-11-27 15:00:00+00:00,34.71,34.814,34.5,34.714,187723.5,45.16313221571009
2025-11-27 16:00:00+00:00,34.713,35.506,34.533,35.383,640429.81,55.62293090191064
2025-11-27 17:00:00+00:00,35.382,35.803,35.265,35.498,435631.62,57.13647465041726
2025-11-27 18:00:00+00:00,35.487,35.812,35.325,35.811,260399.09,61.03207849072051
2025-11-27 19:00:00+00:00,35.811,35.818,35.58,35.743,194084.0,59.761339144265634
2025-11-27 20:00:00+00:00,35.742,36.0,35.508,35.516,318379.02,55.59962891613861
2025-11-27 21:00:00+00:00,35.515,35.62,34.993,35.096,358687.07,48.82477569543017
2025-11-27 22:00:00+00:00,35.091,35.192,34.694,34.768,303715.21,44.28633205894954
2025-11-27 23:00:00+00:00,34.764,34.953,34.678,34.728,175601.78,43.75221364401108
2025-11-28 00:00:00+00:00,34.728,34.862,34.466,34.502,322131.52,40.76101047429071
2025-11-28 01:00:00+00:00,34.502,34.588,34.1,34.219,389054.35,37.32025968562513
2025-11-28 02:00:00+00:00,34.219,34.288,33.764,34.123,508008.88,36.203827759516614
2025-11-28 03:00:00+00:00,34.127,34.901,34.088,34.895,403173.27,49.330747702132044
2025-11-28 04:00:00+00:00,34.893,35.56,34.713,35.33,562133.11,54.955076578361115
2025-11-28 05:00:00+00:00,35.322,35.518,34.993,35.183,285171.79,52.82130417961024
2025-11-28 06:00:00+00:00,35.182,35.183,34.798,34.837,136548.4,48.0884363271044
2025-11-28 07:00:00+00:00,34.836,34.907,34.481,34.674,206630.28,45.99747758258492
2025-11-28 08:00:00+00:00,34.674,35.126,34.635,35.089,181538.93,51.749869608406975
2025-11-28 09:00:00+00:00,35.097,35.893,35.054,35.769,444629.91,59.38425904010978
2025-11-28 10:00:00+00:00,35.771,36.327,35.64,36.115,548465.62,62.62475672776733
2025-11-28 11:00:00+00:00,36.119,36.236,35.656,35.982,486563.56,60.622537303492635
2025-11-28 12:00:00+00:00,35.982,36.161,35.715,35.822,258230.09,58.211374700626855
2025-11-28 13:00:00+00:00,35.822,36.296,35.635,36.212,241224.06,62.16186846000818
2025-11-28 14:00:00+00:00,36.215,36.816,36.027,36.46,883271.56,64.46252416015088
2025-11-28 15:00:00+00:00,36.46,36.544,35.33,35.51,571920.52,51.535821518028555
2025-11-28 16:00:00+00:00,35.51,35.63,34.765,34.796,530109.35,44.339215236135324
2025-11-28 17:00:00+00:00,34.805,34.922,34.556,34.689,379174.95,43.3619826927809
2025-11-28 18:00:00+00:00,34.694,35.004,34.201,34.477,517608.09,41.41439077904979
2025-11-28 19:00:00+00:00,34.477,34.817,34.422,34.58,236255.93,42.75956278409781
2025-11-28 20:00:00+00:00,34.58,34.699,34.396,34.681,131829.78,44.114608660451836
2025-11-28 21:00:00+00:00,34.68,34.73,34.352,34.49,168999.29,42.08561178538118
2025-11-28 22:00:00+00:00,34.49,35.034,34.307,35.006,240397.22,48.92071079829905
2025-11-28 23:00:00+00:00,35.006,35.351,34.847,34.97,246405.88,48.49072462189886
2025-11-29 00:00:00+00:00,34.97,35.194,34.875,35.115,205303.97,50.3824044580718
2025-11-29 01:00:00+00:00,35.115,35.153,34.797,35.038,142453.46,49.34601803796862
2025-11-29 02:00:00+00:00,35.0,35.118,34.58,34.758,297132.05,45.66727141136245
2025-11-29 03:00:00+00:00,34.77,34.915,34.659,34.857,102159.76,47.16700742716543
2025-11-29 04:00:00+00:00,34.858,34.951,34.415,34.817,261782.85,46.607229113578825
2025-11-29 05:00:00+00:00,34.816,35.138,34.676,34.888,281577.9,47.79163586137474
2025-11-29 06:00:00+00:00,34.895,34.906,34.1,34.531,714978.9,42.666556891792105
2025-11-29 07:00:00+00:00,34.531,36.48,34.278,35.99,2019254.49,61.05002965084688
2025-11-29 08:00:00+00:00,35.991,36.041,35.35,35.464,356063.98,54.291302301473564
2025-11-29 09:00:00+00:00,35.46,35.758,35.35,35.491,321786.17,54.56933179964238
2025-11-29 10:00:00+00:00,35.487,36.0,35.278,35.522,508046.76,54.90846449814669
2025-11-29 11:00:00+00:00,35.526,35.787,35.271,35.759,329028.26,57.519322833150945
2025-11-29 12:00:00+00:00,35.759,36.262,35.668,36.036,506347.63,60.40498138177885
2025-11-29 13:00:00+00:00,36.036,36.167,35.8,36.001,254697.66,59.85175439924449
2025-11-29 14:00:00+00:00,36.0,36.001,34.974,35.091,578880.16,47.635918861031215
2025-11-29 15:00:00+00:00,35.09,35.26,34.558,34.799,750141.28,44.49751929829474
2025-11-29 16:00:00+00:00,34.786,35.06,34.65,34.965,251593.23,46.64942250413646
2025-11-29 17:00:00+00:00,34.96,35.117,34.329,34.486,390395.25,41.63335001029091
2025-11-29 18:00:00+00:00,34.486,34.828,34.042,34.654,474295.77,43.911336156817924
2025-11-29 19:00:00+00:00,34.653,34.745,34.364,34.49,169900.38,42.180648051528124
2025-11-29 20:00:00+00:00,34.49,34.684,34.216,34.651,184512.65,44.4935249392971
2025-11-29 21:00:00+00:00,34.65,34.794,34.42,34.701,197344.6,45.226315829294094
2025-11-29 22:00:00+00:00,34.7,34.792,34.491,34.545,88770.16,43.30536014760953
2025-11-29 23:00:00+00:00,34.543,34.543,34.324,34.36,87165.04,41.07713976177978
2025-11-30 00:00:00+00:00,34.36,34.566,34.021,34.16,264842.04,38.75551033817005
2025-11-30 01:00:00+00:00,34.16,34.529,34.14,34.334,175678.69,41.83553623547887
2025-11-30 02:00:00+00:00,34.334,34.492,34.3,34.319,58126.89,41.641118255718524
2025-11-30 03:00:00+00:00,34.32,34.484,34.021,34.314,218875.36,41.571767212027986
2025-11-30 04:00:00+00:00,34.319,34.354,34.11,34.139,91691.68,39.11626289744469
2025-11-30 05:00:00+00:00,34.143,34.149,33.453,33.611,512715.18,32.81782846384655
2025-11-30 06:00:00+00:00,33.604,33.939,33.364,33.722,447312.64,35.18076940800728
2025-11-30 07:00:00+00:00,33.724,34.04,33.656,33.996,191877.75,40.723148475098846
2025-11-30 08:00:00+00:00,33.996,34.081,33.871,34.024,128519.1,41.275737275958164
2025-11-30 09:00:00+00:00,34.024,34.086,33.763,33.852,176152.96,38.878133278643574
2025-11-30 10:00:00+00:00,33.852,33.904,33.24,33.248,524962.21,31.875877921348263
2025-11-30 11:00:00+00:00,33.248,33.36,32.947,33.015,726235.48,29.65685732193522
2025-11-30 12:00:00+00:00,33.016,33.296,32.903,33.179,302653.95,33.18268289119557
2025-11-30 13:00:00+00:00,33.177,33.792,33.177,33.623,464420.57,41.70220081870684
2025-11-30 14:00:00+00:00,33.623,33.672,33.211,33.249,439292.86,37.37880751911584
2025-11-30 15:00:00+00:00,33.249,33.249,32.9,33.068,435176.55,35.462660866823356
2025-11-30 16:00:00+00:00,33.074,33.63,33.074,33.587,223951.87,44.28263547283901
2025-11-30 17:00:00+00:00,33.597,33.776,33.392,33.746,273760.98,46.686489062582524
2025-11-30 18:00:00+00:00,33.747,34.01,33.524,33.932,175205.72,49.43482288807016
2025-11-30 19:00:00+00:00,33.932,33.99,33.705,33.753,94762.16,46.92764181705136
2025-11-30 20:00:00+00:00,33.753,33.852,33.334,33.369,207573.94,42.00582837439844
2025-11-30 21:00:00+00:00,33.365,33.407,33.161,33.173,252306.03,39.716156940928514
2025-11-30 22:00:00+00:00,33.178,33.287,32.705,32.792,406483.59,35.648381106384704
2025-11-30 23:00:00+00:00,32.792,32.796,31.87,31.949,1016320.25,28.655125644761185
2025-12-01 00:00:00+00:00,31.94,32.068,30.566,30.609,2052311.4,21.451400433636792
2025-12-01 01:00:00+00:00,30.613,31.401,30.526,31.257,1036662.65,30.544581600756644
2025-12-01 02:00:00+00:00,31.257,31.743,31.183,31.68,678133.14,35.77160575171588
2025-12-01 03:00:00+00:00,31.684,31.724,30.653,30.766,1470145.69,30.44077816170129
2025-12-01 04:00:00+00:00,30.761,30.85,30.51,30.516,667386.43,29.160710859593564
2025-12-01 05:00:00+00:00,30.515,30.775,30.275,30.449,488148.02,28.81104316156295
2025-12-01 06:00:00+00:00,30.453,30.787,30.42,30.759,255350.64,32.82468568640846
2025-12-01 07:00:00+00:00,30.758,31.26,30.711,31.216,310658.77,38.34348058978478
2025-12-01 08:00:00+00:00,31.216,31.375,30.801,31.165,275772.78,37.96859586626101
2025-12-01 09:00:00+00:00,31.152,31.377,30.957,31.072,189705.57,37.25332795500828
2025-12-01 10:00:00+00:00,31.071,31.446,31.032,31.268,180456.11,39.826150353931375
2025-12-01 11:00:00+00:00,31.267,31.27,30.588,30.644,320822.37,34.917367639647196
2025-12-01 12:00:00+00:00,30.636,30.811,29.81,30.243,1050477.63,32.173004569310635
2025-12-01 13:00:00+00:00,30.236,30.577,29.163,29.602,1679479.5,28.338764328610168
2025-12-01 14:00:00+00:00,29.602,30.091,29.182,29.764,1191624.84,30.590152895635967
2025-12-01 15:00:00+00:00,29.765,29.972,29.408,29.78,747310.55,30.821321089275315
2025-12-01 16:00:00+00:00,29.78,29.78,29.25,29.543,548537.78,29.26646463221266
2025-12-01 17:00:00+00:00,29.543,29.81,29.351,29.581,403912.84,29.877290853624913
2025-12-01 18:00:00+00:00,29.585,30.0,29.559,29.7,458021.23,31.86170190419344
2025-12-01 19:00:00+00:00,29.695,29.801,29.388,29.552,332418.34,30.698153019210352
2025-12-01 20:00:00+00:00,29.543,30.282,29.543,30.24,498157.52,41.40971241190518
2025-12-01 21:00:00+00:00,30.243,30.68,30.181,30.622,676689.88,46.36653478443928
2025-12-01 22:00:00+00:00,30.62,31.274,30.616,31.227,586317.09,53.1297293700007
2025-12-01 23:00:00+00:00,31.229,31.503,31.003,31.01,662129.17,50.66205489308706
2025-12-02 00:00:00+00:00,31.018,31.54,30.621,30.759,526744.6,47.891255046707954
2025-12-02 01:00:00+00:00,30.763,31.213,30.37,30.435,367169.98,44.50740869241958
2025-12-02 02:00:00+00:00,30.435,30.936,30.35,30.632,322019.69,46.961288469584105
2025-12-02 03:00:00+00:00,30.631,31.222,30.592,31.087,695859.25,52.2168912253682
2025-12-02 04:00:00+00:00,31.087,31.42,30.938,31.132,242547.88,52.71592536931788
2025-12-02 05:00:00+00:00,31.138,31.417,31.014,31.352,398507.55,55.180369525142915
2025-12-02 06:00:00+00:00,31.351,31.848,31.15,31.824,293194.76,59.99756744575064
2025-12-02 07:00:00+00:00,31.824,32.001,31.629,31.716,220362.46,58.449557014383394
2025-12-02 08:00:00+00:00,31.715,31.801,31.107,31.257,415987.32,52.27624486610097
2025-12-02 09:00:00+00:00,31.266,31.496,31.16,31.329,237780.3,53.112802341194886
2025-12-02 10:00:00+00:00,31.328,32.05,31.308,31.914,262538.33,59.348011452696284
2025-12-02 11:00:00+00:00,31.912,32.011,31.722,31.839,253314.18,58.277992644962154
2025-12-02 12:00:00+00:00,31.845,32.065,31.779,31.905,187354.39,58.97889885708764
2025-12-02 13:00:00+00:00,31.906,32.601,31.85,32.131,796974.75,61.371922528295755
2025-12-02 14:00:00+00:00,32.146,33.402,31.458,32.621,3881440.78,66.00272365351618
2025-12-02 15:00:00+00:00,32.614,33.131,32.298,33.001,1612185.61,69.09678486696576
2025-12-02 16:00:00+00:00,33.002,33.792,32.676,32.782,1224139.85,65.40254874141887
2025-12-02 17:00:00+00:00,32.776,33.237,32.639,32.829,437650.64,65.82484355625145
2025-12-02 18:00:00+00:00,32.829,33.416,32.802,33.406,326983.36,70.5735201577611
2025-12-02 19:00:00+00:00,33.407,33.722,33.075,33.102,489204.05,65.41613663664896
2025-12-02 20:00:00+00:00,33.102,33.151,32.622,32.854,327885.34,61.469645454503926
2025-12-02 21:00:00+00:00,32.858,33.0,32.751,32.915,307803.12,62.075693054057744
2025-12-02 22:00:00+00:00,32.915,33.732,32.8,33.731,362032.64,69.08161820296014
2025-12-02 23:00:00+00:00,33.731,34.428,33.659,33.875,941518.57,70.13028130973092
2025-12-03 00:00:00+00:00,33.873,34.002,33.46,33.504,248733.86,64.09827640584028
2025-12-03 01:00:00+00:00,33.508,33.809,33.381,33.56,188467.99,64.5933162526268
2025-12-03 02:00:00+00:00,33.56,34.003,33.542,33.776,221232.16,66.51141960349648
2025-12-03 03:00:00+00:00,33.774,34.852,33.71,34.253,664176.4,70.33351993809354
2025-12-03 04:00:00+00:00,34.253,34.744,34.234,34.659,249963.14,73.14317117887708
2025-12-03 05:00:00+00:00,34.673,35.4,34.528,34.528,503877.34,70.81278438082121
2025-12-03 06:00:00+00:00,34.527,34.749,34.208,34.277,296993.37,66.44459939065078
2025-12-03 07:00:00+00:00,34.279,34.435,34.058,34.26,236481.45,66.14698134270864
2025-12-03 08:00:00+00:00,34.259,34.485,34.071,34.136,147912.85,63.89870805224449
2025-12-03 09:00:00+00:00,34.142,34.575,34.108,34.505,133540.34,67.44479124621111
2025-12-03 10:00:00+00:00,34.497,34.633,33.771,33.819,506787.76,56.36102214824325
2025-12-03 11:00:00+00:00,33.819,34.064,33.5,33.782,389326.12,55.82811163875914
2025-12-03 12:00:00+00:00,33.788,34.014,33.631,33.998,183950.03,58.306559940118795
2025-12-03 13:00:00+00:00,33.994,34.303,33.92,34.041,265046.7,58.80213336982483
2025-12-03 14:00:00+00:00,34.048,34.7,33.451,33.883,728461.69,56.16066252684482
2025-12-03 15:00:00+00:00,33.885,34.268,33.651,34.052,456168.75,58.317515950495505
2025-12-03 16:00:00+00:00,34.056,34.443,33.877,34.148,458397.94,59.535386853321256
2025-12-03 17:00:00+00:00,34.145,34.489,33.921,34.44,316693.37,63.0698617174772
2025-12-03 18:00:00+00:00,34.435,34.6,34.0,34.151,379726.59,57.69816843990073
2025-12-03 19:00:00+00:00,34.147,34.79,34.066,34.772,329605.11,64.6628235319778
2025-12-03 20:00:00+00:00,34.772,34.9,34.296,34.565,441791.27,61.05437385845479
2025-12-03 21:00:00+00:00,34.56,35.117,34.557,35.105,268959.28,66.33255452380153
2025-12-03 22:00:00+00:00,35.096,35.127,34.649,34.9,220293.98,62.85016940592346
2025-12-03 23:00:00+00:00,34.9,35.021,34.564,34.671,201769.54,59.116587067410265
2025-12-04 00:00:00+00:00,34.668,35.212,34.251,35.121,383315.62,63.682213434758545
2025-12-04 01:00:00+00:00,35.122,35.845,34.976,35.828,980917.16,69.45387583849069
2025-12-04 02:00:00+00:00,35.828,36.219,35.686,35.964,633717.29,70.42746185376342
2025-12-04 03:00:00+00:00,35.962,36.078,35.32,35.607,319073.32,64.60633196432167
2025-12-04 04:00:00+00:00,35.607,35.607,35.004,35.399,457680.69,61.42094952717358
2025-12-04 05:00:00+00:00,35.4,35.424,34.807,34.869,228632.15,54.10128324733235
2025-12-04 06:00:00+00:00,34.876,35.169,34.865,35.013,104181.84,55.64782270721796
2025-12-04 07:00:00+00:00,35.013,35.269,34.7,35.252,143018.14,58.167223405345496
2025-12-04 08:00:00+00:00,35.25,35.412,34.841,34.858,184620.2,52.83858240040496
2025-12-04 09:00:00+00:00,34.858,35.093,34.846,34.904,64229.09,53.37561119688136
2025-12-04 10:00:00+00:00,34.905,35.031,34.766,34.774,110959.39,51.58777500675244
2025-12-04 11:00:00+00:00,34.774,35.0,34.586,34.768,282726.22,51.50203138897173
2025-12-04 12:00:00+00:00,34.768,34.814,34.332,34.468,175600.96,47.27137342888851
2025-12-04 13:00:00+00:00,34.468,34.56,34.277,34.416,154687.92,46.557469624020314
2025-12-04 14:00:00+00:00,34.413,34.716,34.06,34.134,325333.87,42.78390058051459
2025-12-04 15:00:00+00:00,34.124,34.995,34.124,34.587,313389.54,49.819934619456355
2025-12-04 16:00:00+00:00,34.587,34.954,34.316,34.582,300657.98,49.74721778460877
2025-12-04 17:00:00+00:00,34.582,34.632,34.001,34.34,409727.9,46.230101662976544
2025-12-04 18:00:00+00:00,34.339,34.405,33.802,33.833,361523.62,39.87028587264614
2025-12-04 19:00:00+00:00,33.836,33.898,33.213,33.492,937225.67,36.257451395959656
2025-12-04 20:00:00+00:00,33.492,33.702,33.249,33.564,226571.83,37.54431782725486
2025-12-04 21:00:00+00:00,33.552,33.717,33.069,33.197,385865.67,33.79870906436963
2025-12-04 22:00:00+00:00,33.197,33.573,33.188,33.519,186617.09,39.50161810227572
2025-12-04 23:00:00+00:00,33.52,33.617,33.38,33.537,100076.15,39.81374316105412
2025-12-05 00:00:00+00:00,33.537,33.589,33.318,33.383,90595.53,38.007059774261705
2025-12-05 01:00:00+00:00,33.374,33.775,33.275,33.716,205254.63,43.931855983180405
2025-12-05 02:00:00+00:00,33.713,33.932,33.648,33.769,279430.2,44.8355200837407
2025-12-05 03:00:00+00:00,33.77,33.787,33.446,33.68,214741.46,43.5657222320308
2025-12-05 04:00:00+00:00,33.694,33.837,33.329,33.434,122647.56,40.178556192463105
2025-12-05 05:00:00+00:00,33.431,33.532,33.399,33.532,40835.7,42.10952101944687
2025-12-05 06:00:00+00:00,33.532,33.641,33.306,33.381,116072.11,39.96873420152145
2025-12-05 07:00:00+00:00,33.38,33.574,33.175,33.211,162846.52,37.64816969564687
2025-12-05 08:00:00+00:00,33.21,33.292,32.656,32.724,848036.9,31.929108243635966
2025-12-05 09:00:00+00:00,32.724,32.765,32.099,32.145,986702.63,26.73014751299786
2025-12-05 10:00:00+00:00,32.143,32.518,32.122,32.273,479331.6,29.4644944688375
2025-12-05 11:00:00+00:00,32.277,32.312,31.82,31.922,459675.48,26.539634545633447
2025-12-05 12:00:00+00:00,31.924,32.067,31.766,31.906,434447.35,26.410931935940553
2025-12-05 13:00:00+00:00,31.907,31.979,31.23,31.396,866987.59,22.64182305233517
2025-12-05 14:00:00+00:00,31.393,31.505,31.156,31.22,880174.61,21.50144268080838
2025-12-05 15:00:00+00:00,31.206,32.062,31.184,31.506,1373150.58,27.859918429759944
2025-12-05 16:00:00+00:00,31.509,31.553,30.68,31.041,1204095.65,24.399393527329863
2025-12-05 17:00:00+00:00,31.031,31.215,30.826,31.01,311825.84,24.18372894473565
2025-12-05 18:00:00+00:00,31.011,31.296,30.57,30.582,742712.55,21.374640717873476
2025-12-05 19:00:00+00:00,30.6,31.202,30.48,31.118,444474.84,32.02357480372825
2025-12-05 20:00:00+00:00,31.119,31.328,30.888,31.236,331303.82,34.138415087736135
2025-12-05 21:00:00+00:00,31.237,31.36,30.962,31.176,276909.98,33.566567735144886
2025-12-05 22:00:00+00:00,31.176,31.21,31.007,31.129,192012.39,33.09885306071271
2025-12-05 23:00:00+00:00,31.135,31.155,30.795,30.988,465272.12,31.673017509195873
2025-12-06 00:00:00+00:00,30.989,31.023,30.623,30.798,392084.86,29.80951260048866
2025-12-06 01:00:00+00:00,30.8,31.042,30.779,30.949,125859.45,33.17455830991118
2025-12-06 02:00:00+00:00,30.948,30.949,30.661,30.915,85880.0,32.793330226942146
2025-12-06 03:00:00+00:00,30.91,31.236,30.885,31.113,128068.27,37.31126735006095
2025-12-06 04:00:00+00:00,31.114,31.296,31.06,31.142,108247.13,37.9690070125111
2025-12-06 05:00:00+00:00,31.141,31.328,31.105,31.171,105718.8,38.662078890135625
2025-12-06 06:00:00+00:00,31.171,31.415,31.101,31.295,88242.51,41.66344315144515
2025-12-06 07:00:00+00:00,31.295,31.322,31.028,31.075,82320.36,38.10127180598848
2025-12-06 08:00:00+00:00,31.075,31.098,30.661,30.69,233696.02,32.81389602465076
2025-12-06 09:00:00+00:00,30.691,31.027,30.67,30.913,94637.75,38.166366601567496
2025-12-06 10:00:00+00:00,30.913,30.99,30.738,30.793,57936.45,36.48208187296854
2025-12-06 11:00:00+00:00,30.793,30.871,30.756,30.867,48274.22,38.290593155177554
2025-12-06 12:00:00+00:00,30.866,30.9,30.622,30.658,88169.5,35.23886316089195
2025-12-06 13:00:00+00:00,30.657,30.926,30.657,30.72,125859.59,36.84683782012135
2025-12-06 14:00:00+00:00,30.719,31.2,30.683,31.114,257622.03,46.019417963221336
2025-12-06 15:00:00+00:00,31.113,31.143,30.731,30.87,89859.79,41.955340717743894
2025-12-06 16:00:00+00:00,30.871,31.199,30.853,31.12,125147.75,47.109235440228574
2025-12-06 17:00:00+00:00,31.12,31.423,31.106,31.423,134094.46,52.60233564196537
2025-12-06 18:00:00+00:00,31.416,31.492,31.215,31.239,121442.62,49.25681379727951
2025-12-06 19:00:00+00:00,31.238,31.34,30.891,31.028,153539.38,45.66976768258952
2025-12-06 20:00:00+00:00,31.026,31.17,31.017,31.118,80444.07,47.428366799454075
2025-12-06 21:00:00+00:00,31.116,31.247,31.089,31.228,40342.68,49.576651476254284
2025-12-06 22:00:00+00:00,31.228,31.282,30.993,31.06,60664.43,46.45439584290753
2025-12-06 23:00:00+00:00,31.06,31.117,30.735,30.961,383271.47,44.6691044565805
2025-12-07 00:00:00+00:00,30.962,31.175,30.939,31.119,73030.73,48.097397991688915
2025-12-07 01:00:00+00:00,31.119,31.153,30.862,30.869,102708.45,43.504258105574415
2025-12-07 02:00:00+00:00,30.869,31.0,30.805,30.947,79746.08,45.260671862660736
2025-12-07 03:00:00+00:00,30.948,31.004,30.832,30.978,81738.4,45.97949415159116
2025-12-07 04:00:00+00:00,30.974,31.031,30.823,30.866,45163.86,43.744450301472625
2025-12-07 05:00:00+00:00,30.865,30.899,30.8,30.855,51143.66,43.52069310692157
2025-12-07 06:00:00+00:00,30.859,31.196,30.837,31.188,77549.9,51.593012429087025
2025-12-07 07:00:00+00:00,31.188,31.231,30.495,30.523,341507.43,39.46300167565668
2025-12-07 08:00:00+00:00,30.523,30.544,29.8,29.84,913948.83,31.318641720516
2025-12-07 09:00:00+00:00,29.844,29.893,29.15,29.302,1039755.16,26.652562849445317
2025-12-07 10:00:00+00:00,29.303,29.438,29.191,29.403,519760.02,28.797277593327124
2025-12-07 11:00:00+00:00,29.402,30.068,29.374,29.685,895994.64,34.55162258467472
2025-12-07 12:00:00+00:00,29.68,30.077,29.636,29.879,431256.66,38.24889407207578
2025-12-07 13:00:00+00:00,29.888,29.963,29.225,29.434,533137.16,33.564952595787844
2025-12-07 14:00:00+00:00,29.436,29.458,28.201,28.344,2140426.01,25.36974655963965
2025-12-07 15:00:00+00:00,28.345,29.145,28.143,29.085,1130585.48,36.68704604325992
2025-12-07 16:00:00+00:00,29.076,29.364,28.797,29.357,690911.14,40.267779009884656
2025-12-07 17:00:00+00:00,29.363,29.71,29.17,29.662,835224.46,44.08644836754249
2025-12-07 18:00:00+00:00,29.672,29.778,29.256,29.282,673373.89,40.603586650051135
2025-12-07 19:00:00+00:00,29.282,29.879,29.222,29.685,434534.22,45.519231275997775
2025-12-07 20:00:00+00:00,29.686,29.949,29.484,29.87,343473.89,47.66064219395319
2025-12-07 21:00:00+00:00,29.861,29.919,28.917,29.057,432010.74,40.18535190813804
2025-12-07 22:00:00+00:00,29.056,29.693,28.452,29.238,843486.52,42.35313862943051
2025-12-07 23:00:00+00:00,29.238,29.837,29.1,29.741,259839.13,47.993895928042825
2025-12-08 00:00:00+00:00,29.735,30.102,29.459,29.867,356666.25,49.33137834387359
2025-12-08 01:00:00+00:00,29.873,31.007,29.852,30.105,1284411.9,51.85032083920049
2025-12-08 02:00:00+00:00,30.106,30.255,29.885,29.977,296101.47,50.399145037188475
2025-12-08 03:00:00+00:00,29.974,30.08,29.835,30.011,157975.17,50.7931014763485
2025-12-08 04:00:00+00:00,30.009,30.296,29.918,30.021,175752.28,50.91658232404875
2025-12-08 05:00:00+00:00,30.021,30.399,29.882,30.352,241194.79,54.946658829690016
2025-12-08 06:00:00+00:00,30.352,30.555,30.153,30.224,265779.55,53.12995309358545
2025-12-08 07:00:00+00:00,30.225,30.293,29.966,30.017,222165.18,50.23718478064756
2025-12-08 08:00:00+00:00,30.017,30.7,29.98,30.676,180186.27,58.06515270609045
2025-12-08 09:00:00+00:00,30.677,30.85,30.343,30.478,389560.73,55.252842762957144
2025-12-08 10:00:00+00:00,30.477,30.726,30.341,30.56,184342.88,56.199003551778176
2025-12-08 11:00:00+00:00,30.56,30.714,30.352,30.663,207579.69,57.41699395848083
2025-12-08 12:00:00+00:00,30.662,30.716,30.247,30.378,234492.63,53.02340140334019
2025-12-08 13:00:00+00:00,30.377,30.568,30.18,30.225,181133.2,50.77704825054547
2025-12-08 14:00:00+00:00,30.224,30.564,29.564,29.677,724498.66,43.644936681011245
2025-12-08 15:00:00+00:00,29.683,29.929,29.083,29.581,1050276.45,42.518254407617306
2025-12-08 16:00:00+00:00,29.582,30.006,29.449,29.838,297241.3,46.499952567053
2025-12-08 17:00:00+00:00,29.838,30.013,29.545,29.773,421513.36,45.6388828650914
2025-12-08 18:00:00+00:00,29.781,29.862,28.89,29.073,946025.04,37.570260780152026
2025-12-08 19:00:00+00:00,29.073,29.158,28.568,29.074,992767.46,37.58723635251606
2025-12-08 20:00:00+00:00,29.079,29.735,29.045,29.672,651503.98,46.88786915508657
2025-12-08 21:00:00+00:00,29.68,29.913,29.641,29.841,438233.43,49.19217383855875
2025-12-08 22:00:00+00:00,29.845,29.877,29.396,29.52,274036.98,45.18241181969624
2025-12-08 23:00:00+00:00,29.513,29.58,29.168,29.491,254541.19,44.82691226826577
2025-12-09 00:00:00+00:00,29.496,29.546,29.089,29.389,169611.41,43.52960970020823
2025-12-09 01:00:00+00:00,29.392,29.455,29.229,29.27,120941.32,42.00236824556847
2025-12-09 02:00:00+00:00,29.275,29.393,28.84,28.867,267103.66,37.23754553495689
2025-12-09 03:00:00+00:00,28.86,28.888,28.447,28.63,767555.45,34.741516017136405
2025-12-09 04:00:00+00:00,28.632,28.721,27.758,27.897,1348800.45,28.400785051996067
2025-12-09 05:00:00+00:00,27.899,28.304,27.767,28.102,683846.35,32.13151069959832
2025-12-09 06:00:00+00:00,28.1,28.128,27.448,27.803,1064414.76,29.700686503087923
2025-12-09 07:00:00+00:00,27.804,28.326,27.726,28.31,576925.56,38.23357940231264
2025-12-09 08:00:00+00:00,28.311,28.437,27.801,27.916,519367.31,34.707872912433075
2025-12-09 09:00:00+00:00,27.916,28.02,27.676,27.799,417074.65,33.71365550045438
2025-12-09 10:00:00+00:00,27.798,28.08,27.5,28.037,689219.22,37.62765882921787
2025-12-09 11:00:00+00:00,28.037,28.143,27.822,27.992,300856.98,37.18063145089218
2025-12-09 12:00:00+00:00,27.99,28.348,27.932,28.073,451205.96,38.59476208899129
2025-12-09 13:00:00+00:00,28.073,28.147,27.798,27.939,333269.96,37.106595539564644
2025-12-09 14:00:00+00:00,27.928,28.161,27.825,27.955,567281.08,37.416894377140316
2025-12-09 15:00:00+00:00,27.95,28.82,27.909,28.544,1028236.98,47.6552097690372
2025-12-09 16:00:00+00:00,28.545,29.137,28.544,28.734,1113485.96,50.470102269036744
2025-12-09 17:00:00+00:00,28.729,29.108,28.26,28.769,651454.24,50.992915230331484
2025-12-09 18:00:00+00:00,28.769,28.869,28.603,28.693,257913.34,49.76454527383179
2025-12-09 19:00:00+00:00,28.699,29.328,28.519,29.088,571822.72,55.73306925020463
2025-12-09 20:00:00+00:00,29.088,29.149,28.118,28.194,1055746.11,43.21770682479041
2025-12-09 21:00:00+00:00,28.19,28.19,27.499,27.788,969502.42,38.940988567160126
2025-12-09 22:00:00+00:00,27.785,28.203,27.749,28.08,376198.73,43.28776390351122
2025-12-09 23:00:00+00:00,28.076,28.113,27.75,27.914,276233.41,41.47990274163051
2025-12-10 00:00:00+00:00,27.913,28.374,27.601,28.096,335525.12,44.23000300174876
2025-12-10 01:00:00+00:00,28.103,28.202,27.722,28.126,325947.21,44.69139572104093
2025-12-10 02:00:00+00:00,28.13,28.544,27.98,28.544,309500.55,50.799160953883856
2025-12-10 03:00:00+00:00,28.543,28.95,28.344,28.843,810843.77,54.656470962128374
2025-12-10 04:00:00+00:00,28.85,28.915,28.678,28.776,157770.3,53.64162011411456
2025-12-10 05:00:00+00:00,28.772,29.343,28.653,28.986,459417.39,56.37574193667042
2025-12-10 06:00:00+00:00,28.986,29.085,28.71,28.95,316678.07,55.76852115178756
2025-12-10 07:00:00+00:00,28.947,29.55,28.893,29.324,614138.62,60.52543705280509
2025-12-10 08:00:00+00:00,29.333,29.464,29.141,29.2,237615.06,58.287220388186654
2025-12-10 09:00:00+00:00,29.201,29.5,29.134,29.317,376345.82,59.797864538660114
2025-12-10 10:00:00+00:00,29.315,29.411,29.146,29.198,222616.74,57.516315120645366
2025-12-10 11:00:00+00:00,29.199,29.375,28.996,29.123,210460.18,56.06443538692093
2025-12-10 12:00:00+00:00,29.129,29.15,28.75,28.829,351744.22,50.66533662773199
2025-12-10 13:00:00+00:00,28.821,29.021,28.731,28.806,154101.64,50.25758041769681
2025-12-10 14:00:00+00:00,28.799,29.325,28.756,29.064,284986.33,54.66514269892851
2025-12-10 15:00:00+00:00,29.059,29.163,28.793,29.047,150950.79,54.323577345504695
2025-12-10 16:00:00+00:00,29.048,29.296,28.938,29.049,216545.02,54.359708138725374
2025-12-10 17:00:00+00:00,29.049,29.205,28.897,28.927,107251.87,51.67451022708199
2025-12-10 18:00:00+00:00,28.923,29.458,28.821,29.249,552075.19,57.62424201659832
2025-12-10 19:00:00+00:00,29.253,29.965,28.858,29.5,1267508.02,61.59365790161242
2025-12-10 20:00:00+00:00,29.5,30.003,29.043,29.227,1038461.6,55.50382159268098
2025-12-10 21:00:00+00:00,29.236,29.896,28.992,29.567,422418.43,60.71353177851066
2025-12-10 22:00:00+00:00,29.571,29.736,29.149,29.319,259593.42,55.5999770221864
2025-12-10 23:00:00+00:00,29.312,29.332,28.831,28.843,208810.3,47.355747644571345
2025-12-11 00:00:00+00:00,28.842,28.959,28.385,28.683,479699.91,44.943404230937176
2025-12-11 01:00:00+00:00,28.682,29.193,28.442,28.652,337270.27,44.47072444090907
2025-12-11 02:00:00+00:00,28.652,28.756,28.223,28.667,419489.31,44.77339048423542
2025-12-11 03:00:00+00:00,28.677,28.792,28.149,28.636,714755.35,44.23675416352711
2025-12-11 04:00:00+00:00,28.632,28.863,28.4,28.543,242766.26,42.58764412640117
2025-12-11 05:00:00+00:00,28.543,28.78,28.457,28.572,132938.87,43.29749699952721
2025-12-11 06:00:00+00:00,28.572,28.598,27.946,28.008,430602.25,34.39154333694174
2025-12-11 07:00:00+00:00,28.009,28.203,27.946,28.097,266235.26,36.607449925535846
2025-12-11 08:00:00+00:00,28.096,28.122,27.794,27.95,254241.58,34.53284232716953
2025-12-11 09:00:00+00:00,27.954,28.102,27.881,27.923,93876.69,34.150027580876525
2025-12-11 10:00:00+00:00,27.93,27.951,27.344,27.549,481823.91,29.30409691177121
2025-12-11 11:00:00+00:00,27.549,27.703,27.091,27.228,992989.11,25.906215448738152
2025-12-11 12:00:00+00:00,27.232,27.397,27.042,27.085,371398.5,24.541039807406293
2025-12-11 13:00:00+00:00,27.087,27.657,26.874,27.536,1108760.37,35.996520777656514
2025-12-11 14:00:00+00:00,27.535,27.731,27.198,27.513,623533.46,35.69887955840906
2025-12-11 15:00:00+00:00,27.504,28.136,27.407,27.55,835074.43,36.60697726835794
2025-12-11 16:00:00+00:00,27.55,27.949,27.446,27.827,271830.58,43.08715696733701
2025-12-11 17:00:00+00:00,27.827,28.445,27.77,28.089,349193.61,48.45431194243541
2025-12-11 18:00:00+00:00,28.087,28.558,28.054,28.35,436231.69,53.190131781415914
2025-12-11 19:00:00+00:00,28.345,28.511,28.121,28.189,554587.22,50.13046177945274
2025-12-11 20:00:00+00:00,28.19,28.658,28.184,28.647,483969.35,57.60204615629836
2025-12-11 21:00:00+00:00,28.647,29.088,28.606,28.949,866097.72,61.67903857028029
2025-12-11 22:00:00+00:00,28.951,29.075,28.808,28.921,349092.02,61.09247043761608
2025-12-11 23:00:00+00:00,28.92,29.239,28.861,29.159,303128.45,64.20825453639007
2025-12-12 00:00:00+00:00,29.16,29.276,28.854,28.959,301052.62,59.86938846827372
2025-12-12 01:00:00+00:00,28.972,29.283,28.904,29.247,245304.33,63.675902132413135
2025-12-12 02:00:00+00:00,29.247,29.435,29.13,29.434,337420.67,65.93528668800869
2025-12-12 03:00:00+00:00,29.422,29.631,29.169,29.467,318571.71,66.33325950281704
2025-12-12 04:00:00+00:00,29.466,29.597,29.285,29.49,141194.63,66.62591495291076
2025-12-12 05:00:00+00:00,29.492,29.676,29.315,29.602,243818.77,68.08097216658712
2025-12-12 06:00:00+00:00,29.6,29.828,29.385,29.426,373214.38,63.402977884060746
2025-12-12 07:00:00+00:00,29.432,29.673,29.406,29.501,174491.9,64.52171946591807
2025-12-12 08:00:00+00:00,29.501,29.555,29.16,29.22,234232.28,57.43724887547871
2025-12-12 09:00:00+00:00,29.224,29.82,29.145,29.82,204757.58,66.01728562993569
2025-12-12 10:00:00+00:00,29.82,29.993,29.461,29.477,524680.36,58.72878753667727
2025-12-12 11:00:00+00:00,29.476,29.951,29.374,29.866,232672.32,63.632589507982615
2025-12-12 12:00:00+00:00,29.867,29.903,29.618,29.881,124658.89,63.81115059149572
2025-12-12 13:00:00+00:00,29.88,29.88,29.559,29.571,74957.49,57.52498174967363
2025-12-12 14:00:00+00:00,29.577,29.844,29.444,29.751,214500.78,59.989643802516134
2025-12-12 15:00:00+00:00,29.75,29.751,28.593,28.892,1205052.53,46.209337069639595
2025-12-12 16:00:00+00:00,28.893,29.333,28.698,28.99,584119.95,47.68579086560432
2025-12-12 17:00:00+00:00,28.986,30.309,28.958,29.465,1444759.96,54.24172821768499
2025-12-12 18:00:00+00:00,29.465,30.205,29.45,29.65,421884.04,56.52679847321425
2025-12-12 19:00:00+00:00,29.651,29.651,28.679,28.841,1179421.01,45.76419684791257
2025-12-12 20:00:00+00:00,28.839,29.076,28.4,28.403,939410.95,41.1914209085589
2025-12-12 21:00:00+00:00,28.41,28.688,28.361,28.666,324285.08,44.76060780349398
2025-12-12 22:00:00+00:00,28.674,28.894,28.607,28.869,228371.91,47.41354791951514
2025-12-12 23:00:00+00:00,28.869,28.926,28.566,28.616,149623.92,44.542364174970345
2025-12-13 00:00:00+00:00,28.616,28.832,28.577,28.759,89688.24,46.51387806778077
2025-12-13 01:00:00+00:00,28.759,28.866,28.37,28.439,156885.59,42.843412379793584
2025-12-13 02:00:00+00:00,28.439,28.521,28.361,28.382,92270.34,42.204549799521864
2025-12-13 03:00:00+00:00,28.383,28.672,28.361,28.534,106824.83,44.577889335483626
2025-12-13 04:00:00+00:00,28.534,28.552,28.255,28.264,239591.39,41.33114203532103
2025-12-13 05:00:00+00:00,28.264,28.418,28.091,28.228,380427.84,40.90337087057646
2025-12-13 06:00:00+00:00,28.228,28.398,27.985,28.238,515953.51,41.085775747912024
2025-12-13 07:00:00+00:00,28.237,28.25,27.957,28.045,355680.96,38.608905695507765
2025-12-13 08:00:00+00:00,28.045,28.356,28.006,28.026,518583.94,38.36370973982163
2025-12-13 09:00:00+00:00,28.026,28.301,27.939,28.149,338247.4,40.9769748425058
2025-12-13 10:00:00+00:00,28.149,28.471,28.038,28.392,285185.37,45.86064062813444
2025-12-13 11:00:00+00:00,28.392,29.045,28.368,28.944,466900.16,54.974468218496334
2025-12-13 12:00:00+00:00,28.939,29.36,28.888,29.338,277419.17,60.13317846953274
2025-12-13 13:00:00+00:00,29.339,29.5,29.057,29.097,280464.51,55.913273164507316
2025-12-13 14:00:00+00:00,29.098,29.217,28.848,28.97,320371.93,53.77179124918902
2025-12-13 15:00:00+00:00,28.973,29.23,28.973,29.2,71180.12,56.98492619406204
2025-12-13 16:00:00+00:00,29.2,29.391,28.791,28.95,221207.91,52.69738943025456
2025-12-13 17:00:00+00:00,28.951,29.093,28.793,29.022,161109.84,53.77606769163128
2025-12-13 18:00:00+00:00,29.022,29.1,28.91,28.932,68998.77,52.17444808394718
2025-12-13 19:00:00+00:00,28.932,29.109,28.818,28.936,253806.64,52.2425271889268
2025-12-13 20:00:00+00:00,28.935,29.075,28.673,28.732,263136.66,48.454259439221474
2025-12-13 21:00:00+00:00,28.728,29.179,28.627,29.1,327871.65,54.81892237782306
2025-12-13 22:00:00+00:00,29.099,29.216,28.961,29.03,118060.02,53.46653967327561
2025-12-13 23:00:00+00:00,29.025,29.775,28.973,29.622,331742.65,62.00378562626629
2025-12-14 00:00:00+00:00,29.623,29.88,29.455,29.467,354121.05,58.954059536439914
2025-12-14 01:00:00+00:00,29.474,29.79,29.357,29.54,319843.35,59.953109648887676
2025-12-14 02:00:00+00:00,29.543,29.65,29.472,29.516,64740.4,59.44086755210712
2025-12-14 03:00:00+00:00,29.516,29.54,29.2,29.276,97882.24,54.4323909728872
2025-12-14 04:00:00+00:00,29.276,29.485,29.161,29.231,142966.87,53.52177147995566
2025-12-14 05:00:00+00:00,29.232,29.296,28.94,29.25,364567.56,53.87265563255409
2025-12-14 06:00:00+00:00,29.237,29.315,29.161,29.269,79269.92,54.24465372847602
2025-12-14 07:00:00+00:00,29.268,29.618,29.145,29.57,138429.09,59.77862338352173
2025-12-14 08:00:00+00:00,29.576,29.608,29.26,29.279,147999.76,53.092980020153995
2025-12-14 09:00:00+00:00,29.279,29.34,28.982,29.064,179136.47,48.75445820721594
2025-12-14 10:00:00+00:00,29.064,29.284,28.821,29.161,300671.96,50.7113619272364
2025-12-14 11:00:00+00:00,29.16,29.222,28.622,28.844,354937.02,44.7034126255401
2025-12-14 12:00:00+00:00,28.845,29.944,28.781,29.823,876155.85,60.33328246720437
2025-12-14 13:00:00+00:00,29.829,29.934,29.315,29.485,553071.94,54.59563757709171
2025-12-14 14:00:00+00:00,29.485,29.533,28.888,28.991,322524.56,47.4875693956944
2025-12-14 15:00:00+00:00,28.987,29.013,28.664,28.861,383985.57,45.797755324713435
2025-12-14 16:00:00+00:00,28.861,29.038,28.754,28.918,232958.83,46.69344138189363
2025-12-14 17:00:00+00:00,28.92,29.167,28.761,28.948,187133.14,47.1880953015102
2025-12-14 18:00:00+00:00,28.948,29.574,28.895,29.439,364456.56,54.61162372896571
2025-12-14 19:00:00+00:00,29.435,29.447,29.015,29.153,272691.63,50.18641329049622
2025-12-14 20:00:00+00:00,29.153,29.312,28.959,29.02,197630.13,48.2292388389864
2025-12-14 21:00:00+00:00,29.015,29.269,28.909,29.087,156097.4,49.30185247817877
2025-12-14 22:00:00+00:00,29.082,29.232,28.472,28.754,412858.95,44.380289877302346
2025-12-14 23:00:00+00:00,28.744,29.11,28.353,28.846,576847.54,45.98459040588097
2025-12-15 00:00:00+00:00,28.852,29.275,28.634,28.955,507480.69,47.90194257692728
2025-12-15 01:00:00+00:00,28.954,29.565,28.88,29.443,343728.39,55.515250160529085
2025-12-15 02:00:00+00:00,29.444,29.6,29.171,29.186,187810.16,51.26629847968444
2025-12-15 03:00:00+00:00,29.184,29.312,28.866,29.004,175549.62,48.438901899361056
2025-12-15 04:00:00+00:00,29.004,29.154,28.977,29.04,106573.19,49.03761710666793
2025-12-15 05:00:00+00:00,29.053,29.198,28.973,29.13,148932.03,50.582527699233374
2025-12-15 06:00:00+00:00,29.131,29.325,29.031,29.123,203847.15,50.45441475522641
2025-12-15 07:00:00+00:00,29.123,29.167,29.02,29.148,76232.98,50.932399412754
2025-12-15 08:00:00+00:00,29.148,29.287,29.02,29.258,111381.6,53.0774047559609
2025-12-15 09:00:00+00:00,29.258,29.519,29.216,29.423,157690.78,56.172381379884065
2025-12-15 10:00:00+00:00,29.428,29.538,29.323,29.461,170574.28,56.87782185474666
2025-12-15 11:00:00+00:00,29.461,29.478,29.272,29.408,79371.57,55.53518767116775
2025-12-15 12:00:00+00:00,29.408,29.514,29.21,29.301,272419.98,52.82412446736027
2025-12-15 13:00:00+00:00,29.305,29.312,28.648,28.739,282961.92,41.39410197150023
2025-12-15 14:00:00+00:00,28.739,29.003,28.426,28.465,588960.37,37.17111888396603
2025-12-15 15:00:00+00:00,28.466,28.631,27.4,27.762,1970143.66,28.99725780502986
2025-12-15 16:00:00+00:00,27.765,28.132,27.467,27.467,1098488.46,26.37615267379047
2025-12-15 17:00:00+00:00,27.472,27.882,27.3,27.425,851208.81,26.015596237635492
2025-12-15 18:00:00+00:00,27.416,27.732,27.188,27.53,1096174.43,28.64181145351607
2025-12-15 19:00:00+00:00,27.532,27.82,27.398,27.557,665083.36,29.33642759776167
2025-12-15 20:00:00+00:00,27.558,27.558,27.181,27.329,341208.81,26.950669630945498
2025-12-15 21:00:00+00:00,27.339,27.695,27.26,27.557,293999.02,32.83312924692845
2025-12-15 22:00:00+00:00,27.553,27.738,27.45,27.61,253109.29,34.16038825728404
2025-12-15 23:00:00+00:00,27.611,27.726,27.406,27.616,265900.17,34.31862337619306
2025-12-16 00:00:00+00:00,27.616,27.68,27.286,27.3,326932.19,30.201743901852907
2025-12-16 01:00:00+00:00,27.3,27.429,27.0,27.053,551495.66,27.431706265070375
2025-12-16 02:00:00+00:00,27.051,27.22,26.918,27.09,568982.72,28.489768677486197
2025-12-16 03:00:00+00:00,27.09,27.134,26.313,26.708,1090867.4,24.515545451071958
2025-12-16 04:00:00+00:00,26.71,26.787,26.0,26.344,1187718.09,21.44563969307957
2025-12-16 05:00:00+00:00,26.343,26.653,26.256,26.563,305134.3,27.340873952943966
2025-12-16 06:00:00+00:00,26.562,26.742,26.488,26.676,177195.85,30.249559273475143
2025-12-16 07:00:00+00:00,26.676,26.723,26.149,26.322,450932.85,26.650263191799283
2025-12-16 08:00:00+00:00,26.323,26.513,26.264,26.456,94317.75,30.043489907178113
2025-12-16 09:00:00+00:00,26.456,26.889,26.39,26.729,354655.78,36.48965362111355
2025-12-16 10:00:00+00:00,26.729,27.21,26.708,27.104,427470.89,44.108238286879505
2025-12-16 11:00:00+00:00,27.104,27.423,26.936,27.415,274825.28,49.5168979532604
2025-12-16 12:00:00+00:00,27.416,27.611,27.158,27.303,430442.62,47.72572824087573
2025-12-16 13:00:00+00:00,27.317,27.607,26.977,26.996,436001.86,43.1212570895799
2025-12-16 14:00:00+00:00,26.997,27.604,26.8,27.413,714122.7,50.155633955995576
2025-12-16 15:00:00+00:00,27.412,27.489,26.841,27.284,527177.17,48.170915617429706
2025-12-16 16:00:00+00:00,27.284,27.327,26.674,26.695,390750.13,40.32469496729417
2025-12-16 17:00:00+00:00,26.703,26.802,26.276,26.503,526384.17,38.14363165308826
2025-12-16 18:00:00+00:00,26.506,27.076,26.456,26.96,337988.17,45.67534547298206
2025-12-16 19:00:00+00:00,26.957,27.0,26.53,26.923,470905.63,45.19552908878855
2025-12-16 20:00:00+00:00,26.916,27.182,26.679,26.679,266872.2,42.05781932322673
2025-12-16 21:00:00+00:00,26.679,26.894,26.619,26.808,148389.1,44.26105329532902
2025-12-16 22:00:00+00:00,26.81,26.977,26.629,26.63,227790.7,41.89387334271477
2025-12-16 23:00:00+00:00,26.63,26.83,26.511,26.809,352305.28,45.07511317880288
2025-12-17 00:00:00+00:00,26.809,26.837,26.36,26.501,237567.51,40.923389406319565
2025-12-17 01:00:00+00:00,26.502,26.71,26.4,26.42,105194.98,39.882994145042126
2025-12-17 02:00:00+00:00,26.42,26.552,26.217,26.533,276086.84,42.09467952331507
2025-12-17 03:00:00+00:00,26.528,28.351,26.524,27.04,4685564.14,50.83446842258394
2025-12-17 04:00:00+00:00,27.042,27.168,26.55,26.743,831960.68,46.414963147680616
2025-12-17 05:00:00+00:00,26.741,27.203,26.633,27.093,426360.71,51.739738823949146
2025-12-17 06:00:00+00:00,27.095,27.174,26.958,27.174,269908.27,52.90607652559136
2025-12-17 07:00:00+00:00,27.161,27.292,27.089,27.198,205921.48,53.26646771113009
2025-12-17 08:00:00+00:00,27.187,27.187,26.666,26.807,355097.06,46.961262194947174
2025-12-17 09:00:00+00:00,26.806,26.972,26.7,26.909,285381.24,48.66828461066716
2025-12-17 10:00:00+00:00,26.908,27.164,26.812,27.129,211318.46,52.23878131059044
2025-12-17 11:00:00+00:00,27.128,27.684,27.122,27.633,313305.87,59.23444271453977
2025-12-17 12:00:00+00:00,27.627,27.887,27.225,27.441,570784.33,55.876757683287074
2025-12-17 13:00:00+00:00,27.435,27.588,27.224,27.47,215124.07,56.279872278206575
2025-12-17 14:00:00+00:00,27.47,27.632,26.918,27.615,799754.38,58.329812722603315
2025-12-17 15:00:00+00:00,27.617,27.9,26.599,26.742,1437954.37,44.73103935105063
2025-12-17 16:00:00+00:00,26.746,27.055,25.475,26.133,3114861.7,38.0642835658984
2025-12-17 17:00:00+00:00,26.133,26.144,25.2,25.277,1941036.94,31.05757235202728
2025-12-17 18:00:00+00:00,25.277,25.531,24.841,24.873,2245089.71,28.400435953878983
2025-12-17 19:00:00+00:00,24.875,25.108,24.692,24.753,1494940.19,27.64389890117633
2025-12-17 20:00:00+00:00,24.752,24.912,24.482,24.894,1402050.97,30.003318577764063
2025-12-17 21:00:00+00:00,24.89,25.03,24.655,24.674,742494.89,28.444768724569144
2025-12-17 22:00:00+00:00,24.673,24.852,24.499,24.793,587347.96,30.546393461023797
2025-12-17 23:00:00+00:00,24.79,24.801,24.15,24.483,1016667.43,28.22105367507355
2025-12-18 00:00:00+00:00,24.48,24.562,24.116,24.446,693734.45,27.94759254924398
2025-12-18 01:00:00+00:00,24.45,24.464,24.13,24.402,476581.71,27.605025052544462
2025-12-18 02:00:00+00:00,24.404,24.768,24.228,24.284,630559.75,26.661191694181156
2025-12-18 03:00:00+00:00,24.284,24.375,24.103,24.186,302306.98,25.870087253392015
2025-12-18 04:00:00+00:00,24.192,24.582,24.173,24.531,264508.51,33.36605165612772
2025-12-18 05:00:00+00:00,24.53,24.567,24.344,24.369,261329.93,31.74289242252719
2025-12-18 06:00:00+00:00,24.374,24.46,24.105,24.349,209553.5,31.538905376230858
2025-12-18 07:00:00+00:00,24.349,24.47,23.903,23.984,479398.25,28.002222306257323
2025-12-18 08:00:00+00:00,23.984,24.299,23.9,24.214,592125.16,33.093616661490785
2025-12-18 09:00:00+00:00,24.215,24.463,23.681,24.369,1210207.21,36.35977973738022
2025-12-18 10:00:00+00:00,24.37,24.485,24.251,24.477,299126.14,38.60859921371774
2025-12-18 11:00:00+00:00,24.478,24.486,24.063,24.363,257896.99,37.11762913762212
2025-12-18 12:00:00+00:00,24.37,24.429,24.1,24.304,388417.82,36.33555394301077
2025-12-18 13:00:00+00:00,24.307,25.201,24.296,25.141,1848902.1,51.83882896118656
2025-12-18 14:00:00+00:00,25.141,25.293,24.472,24.914,1408741.01,48.39669865762282
2025-12-18 15:00:00+00:00,24.914,25.236,24.63,24.676,933002.67,45.02129374189768
2025-12-18 16:00:00+00:00,24.68,24.801,24.274,24.644,816476.76,44.57118030221691
2025-12-18 17:00:00+00:00,24.643,24.666,23.417,23.737,1934176.09,34.14963597030082
2025-12-18 18:00:00+00:00,23.731,23.95,23.056,23.094,1628144.14,28.976920969205153
2025-12-18 19:00:00+00:00,23.094,23.264,22.6,22.791,2623995.59,26.90850279356698
2025-12-18 20:00:00+00:00,22.785,23.224,22.783,22.871,851172.74,28.36248359419436
2025-12-18 21:00:00+00:00,22.87,23.22,22.86,23.132,519371.36,33.04228720006829
2025-12-18 22:00:00+00:00,23.136,23.23,22.9,22.906,323389.03,31.145020669692826
2025-12-18 23:00:00+00:00,22.906,22.934,22.432,22.454,851286.71,27.71717060325257
2025-12-19 00:00:00+00:00,22.452,22.676,22.244,22.351,812728.68,26.98823175142593
2025-12-19 01:00:00+00:00,22.351,22.622,22.205,22.602,441310.8,31.702031911899056
2025-12-19 02:00:00+00:00,22.604,22.97,22.458,22.818,668633.41,35.55782066698306
2025-12-19 03:00:00+00:00,22.819,23.305,22.689,23.069,677112.57,39.810209184691956
2025-12-19 04:00:00+00:00,23.075,23.429,23.01,23.362,612145.77,44.42077069295451
2025-12-19 05:00:00+00:00,23.371,23.488,23.194,23.372,420374.07,44.576811990347984
2025-12-19 06:00:00+00:00,23.371,23.793,23.3,23.793,551405.36,50.83501596322519
2025-12-19 07:00:00+00:00,23.794,24.199,23.606,23.921,661522.91,52.587926364611164
2025-12-19 08:00:00+00:00,23.921,24.06,23.753,24.006,359815.18,53.76675805623834
2025-12-19 09:00:00+00:00,24.007,24.181,23.815,24.0,291922.99,53.66532637229158
2025-12-19 10:00:00+00:00,24.0,24.419,23.984,24.403,379011.36,59.228864524564315
2025-12-19 11:00:00+00:00,24.404,24.794,24.363,24.577,760004.81,61.38478296831901
2025-12-19 12:00:00+00:00,24.586,24.6,24.219,24.331,484445.97,56.81093231447991
2025-12-19 13:00:00+00:00,24.331,24.438,24.175,24.408,271610.7,57.86911853549911
2025-12-19 14:00:00+00:00,24.415,24.528,23.902,24.055,769876.03,51.62441173302558
2025-12-19 15:00:00+00:00,24.056,24.706,23.71,23.867,946786.86,48.6155109518876
2025-12-19 16:00:00+00:00,23.868,24.651,23.809,24.343,645364.88,55.661857981246875
2025-12-19 17:00:00+00:00,24.343,24.636,23.964,23.981,468545.94,50.04167884542989
2025-12-19 18:00:00+00:00,23.981,24.533,23.948,24.347,403958.62,54.99000813320537
2025-12-19 19:00:00+00:00,24.348,25.162,24.344,24.753,544416.42,59.7523534085909
2025-12-19 20:00:00+00:00,24.753,24.906,24.614,24.86,197455.82,60.925750526153905
2025-12-19 21:00:00+00:00,24.865,24.866,24.431,24.461,232486.38,54.54024332870398
2025-12-19 22:00:00+00:00,24.455,24.728,24.444,24.666,189890.24,57.03199820679135
2025-12-19 23:00:00+00:00,24.668,24.93,24.594,24.861,129201.24,59.3163528229668
2025-12-20 00:00:00+00:00,24.863,24.893,24.597,24.627,128236.13,55.503051237109204
2025-12-20 01:00:00+00:00,24.627,24.68,24.539,24.591,108233.84,54.91810815507537
2025-12-20 02:00:00+00:00,24.591,24.594,24.331,24.438,198442.48,52.390982111603364
2025-12-20 03:00:00+00:00,24.438,24.626,24.346,24.58,89432.1,54.484387435442756
2025-12-20 04:00:00+00:00,24.579,24.697,24.547,24.621,79075.79,55.09830078007848
2025-12-20 05:00:00+00:00,24.623,24.862,24.533,24.658,184700.62,55.67927397926293
2025-12-20 06:00:00+00:00,24.655,24.963,24.652,24.881,154371.07,59.113005478685366
2025-12-20 07:00:00+00:00,24.882,24.926,24.615,24.916,149153.82,59.641502231985086
2025-12-20 08:00:00+00:00,24.916,25.52,24.85,25.186,448801.52,63.55508465284862
2025-12-20 09:00:00+00:00,25.195,25.271,24.776,24.819,242335.53,55.655017240517935
2025-12-20 10:00:00+00:00,24.819,24.902,24.505,24.66,156010.02,52.60419689645484
2025-12-20 11:00:00+00:00,24.661,24.745,24.605,24.687,46143.32,53.07460154454676
2025-12-20 12:00:00+00:00,24.687,24.847,24.621,24.684,225585.7,53.01164437891614
2025-12-20 13:00:00+00:00,24.691,24.797,24.455,24.715,156215.82,53.62382346436079
2025-12-20 14:00:00+00:00,24.718,24.746,24.539,24.732,65335.49,53.97792381694062
2025-12-20 15:00:00+00:00,24.73,24.767,24.597,24.682,85923.08,52.70332015945255
2025-12-20 16:00:00+00:00,24.688,24.89,24.627,24.824,100085.24,55.88904641037047
2025-12-20 17:00:00+00:00,24.825,25.042,24.825,25.026,153894.54,60.01498509725206
2025-12-20 18:00:00+00:00,25.025,25.355,24.909,25.055,422785.64,60.584977948864726
2025-12-20 19:00:00+00:00,25.061,25.193,24.985,25.143,168361.4,62.33937939621991
2025-12-20 20:00:00+00:00,25.143,25.255,25.048,25.19,86003.6,63.27948329946372
2025-12-20 21:00:00+00:00,25.192,25.267,24.445,24.667,402329.23,48.70868612784973
2025-12-20 22:00:00+00:00,24.667,24.715,24.488,24.654,222669.13,48.41029598441695
2025-12-20 23:00:00+00:00,24.654,24.67,23.8,23.996,658623.37,36.291693974356896
2025-12-21 00:00:00+00:00,23.995,24.13,23.802,24.011,398638.15,36.68082876053152
2025-12-21 01:00:00+00:00,24.011,24.071,23.661,23.666,276124.74,31.860572832402582
2025-12-21 02:00:00+00:00,23.667,23.813,23.6,23.626,171091.09,31.346242629098825
2025-12-21 03:00:00+00:00,23.62,23.948,23.619,23.897,267543.88,38.58042180273723
2025-12-21 04:00:00+00:00,23.898,23.959,23.838,23.939,99383.47,39.641933903679686
2025-12-21 05:00:00+00:00,23.945,24.057,23.904,23.964,112494.01,40.3033028885485
2025-12-21 06:00:00+00:00,23.964,24.277,23.92,24.138,199744.95,44.834085772358534
2025-12-21 07:00:00+00:00,24.144,24.201,24.033,24.192,148035.07,46.198807312370356
2025-12-21 08:00:00+00:00,24.189,24.639,24.001,24.279,1462409.77,48.41304039428541
2025-12-21 09:00:00+00:00,24.279,24.377,24.124,24.373,397576.61,50.77053046456017
2025-12-21 10:00:00+00:00,24.378,24.382,24.18,24.24,140545.48,47.465350563089466
2025-12-21 11:00:00+00:00,24.233,24.314,24.078,24.294,321391.92,48.91935775098446
2025-12-21 12:00:00+00:00,24.293,24.415,23.938,24.195,1085530.5,46.384687497367054
2025-12-21 13:00:00+00:00,24.2,24.2,23.728,23.759,303281.79,37.23463137059577
2025-12-21 14:00:00+00:00,23.76,24.081,23.718,24.076,214198.26,45.63211252190843
2025-12-21 15:00:00+00:00,24.082,24.227,23.965,24.174,209099.04,47.95055616766037
2025-12-21 16:00:00+00:00,24.173,24.322,24.023,24.291,507468.44,50.6559668402732
2025-12-21 17:00:00+00:00,24.291,24.5,24.246,24.393,357842.74,52.95189469737244
2025-12-21 18:00:00+00:00,24.386,24.484,24.262,24.458,234930.74,54.407731401208494
2025-12-21 19:00:00+00:00,24.458,24.531,24.318,24.355,425308.66,51.6788066884995
2025-12-21 20:00:00+00:00,24.354,24.384,24.119,24.128,144528.68,46.181247512938405
2025-12-21 21:00:00+00:00,24.128,24.193,24.021,24.074,123457.75,44.956071802594764
2025-12-21 22:00:00+00:00,24.075,24.545,24.06,24.461,259586.16,54.31110370988807
2025-12-21 23:00:00+00:00,24.465,24.855,24.402,24.837,271224.08,61.209158204720005
2025-12-22 00:00:00+00:00,24.836,24.965,24.451,24.527,647499.23,53.97383753511572
2025-12-22 01:00:00+00:00,24.526,25.0,24.486,24.737,287838.65,57.627804593539366
2025-12-22 02:00:00+00:00,24.743,24.811,24.497,24.607,308347.28,54.73110905010566
2025-12-22 03:00:00+00:00,24.607,24.798,24.528,24.762,92376.39,57.47571989876705
2025-12-22 04:00:00+00:00,24.757,25.07,24.641,24.755,175690.93,57.306738989780094
2025-12-22 05:00:00+00:00,24.755,24.915,24.69,24.884,79761.2,59.66048833638237
2025-12-22 06:00:00+00:00,24.885,25.009,24.779,24.977,201553.33,61.31628491746162
2025-12-22 07:00:00+00:00,24.969,25.424,24.94,25.388,297533.42,67.63824765542317
2025-12-22 08:00:00+00:00,25.389,25.695,25.216,25.231,509571.79,63.377356959074774
2025-12-22 09:00:00+00:00,25.23,25.403,25.149,25.315,112590.05,64.66009433390334
2025-12-22 10:00:00+00:00,25.328,25.361,25.113,25.238,112505.64,62.49907920962936
2025-12-22 11:00:00+00:00,25.239,25.319,24.975,25.073,164305.59,58.02393961075928
2025-12-22 12:00:00+00:00,25.074,25.437,25.07,25.244,199465.92,61.130228250051104
2025-12-22 13:00:00+00:00,25.248,25.345,24.776,24.934,324953.29,53.41337223545816
2025-12-22 14:00:00+00:00,24.929,25.123,24.688,24.747,629402.91,49.365106143596314
2025-12-22 15:00:00+00:00,24.747,24.869,24.39,24.712,636168.36,48.622316533289606
2025-12-22 16:00:00+00:00,24.715,24.978,24.558,24.865,575726.52,52.02095825839416
2025-12-22 17:00:00+00:00,24.87,25.221,24.688,25.065,480700.08,56.10826182517701
2025-12-22 18:00:00+00:00,25.063,25.093,24.813,24.961,206469.2,53.55343940021913
2025-12-22 19:00:00+00:00,24.954,24.956,24.531,24.648,460063.76,46.66638178802602
2025-12-22 20:00:00+00:00,24.643,24.813,24.54,24.67,284002.4,47.180547685487646
2025-12-22 21:00:00+00:00,24.665,24.924,24.65,24.767,166852.89,49.4925659612346
2025-12-22 22:00:00+00:00,24.766,24.95,24.6,24.901,328350.69,52.58052718329058
2025-12-22 23:00:00+00:00,24.905,25.113,24.808,24.867,303910.49,51.71654489939703
2025-12-23 00:00:00+00:00,24.869,24.972,24.761,24.97,115685.78,54.17319052974123
2025-12-23 01:00:00+00:00,24.972,25.005,24.696,24.778,117278.34,49.1527620054516
2025-12-23 02:00:00+00:00,24.774,24.935,24.551,24.587,180276.58,44.71348991610929
2025-12-23 03:00:00+00:00,24.587,24.591,24.335,24.336,362070.97,39.64604801932195
2025-12-23 04:00:00+00:00,24.337,24.394,24.213,24.315,224378.89,39.24530298235259
2025-12-23 05:00:00+00:00,24.316,24.393,24.013,24.338,387345.71,39.96110703091974
2025-12-23 06:00:00+00:00,24.338,24.486,24.254,24.385,284072.52,41.478453609885456
2025-12-23 07:00:00+00:00,24.386,24.483,24.161,24.264,259462.22,38.76241969157633
2025-12-23 08:00:00+00:00,24.259,24.278,23.815,23.986,306432.84,33.3579177743665
2025-12-23 09:00:00+00:00,23.986,24.151,23.93,24.14,127713.93,38.475376719634646
2025-12-23 10:00:00+00:00,24.132,24.269,24.053,24.225,134671.77,41.16105256056557
2025-12-23 11:00:00+00:00,24.226,24.419,24.221,24.303,135989.19,43.59430917301948
2025-12-23 12:00:00+00:00,24.306,24.45,24.245,24.293,109000.87,43.34681199015011
2025-12-23 13:00:00+00:00,24.293,24.607,24.077,24.372,311487.71,45.95711405798199
2025-12-23 14:00:00+00:00,24.377,24.529,23.646,23.81,584285.91,33.96711838703888
2025-12-23 15:00:00+00:00,23.803,24.097,23.707,24.081,304049.75,41.84598327957681
2025-12-23 16:00:00+00:00,24.08,24.372,24.039,24.35,252863.18,48.424319178544614
2025-12-23 17:00:00+00:00,24.349,24.5,24.158,24.169,251844.82,44.75575442754705
2025-12-23 18:00:00+00:00,24.169,24.535,24.134,24.485,178946.98,51.64355025032237
2025-12-23 19:00:00+00:00,24.483,24.586,24.361,24.566,133991.57,53.25247044216527
2025-12-23 20:00:00+00:00,24.566,24.755,24.448,24.606,211916.37,54.06526532715291
2025-12-23 21:00:00+00:00,24.602,24.662,24.4,24.431,115294.27,49.97163521342226
2025-12-23 22:00:00+00:00,24.425,24.539,23.934,24.008,537443.75,41.7440586231342
2025-12-23 23:00:00+00:00,24.008,24.06,23.8,23.947,340770.14,40.7032950303669
2025-12-24 00:00:00+00:00,23.948,24.303,23.931,24.295,264306.44,48.57966981786867
2025-12-24 01:00:00+00:00,24.295,24.396,24.025,24.13,242464.23,45.49406742295685
2025-12-24 02:00:00+00:00,24.126,24.201,23.636,23.789,431502.73,39.85936599116882
2025-12-24 03:00:00+00:00,23.788,24.131,23.683,24.065,167520.85,45.71940038347419
2025-12-24 04:00:00+00:00,24.061,24.231,24.006,24.133,168964.39,47.087368691011804
2025-12-24 05:00:00+00:00,24.135,24.175,23.855,23.9,127305.83,43.081017272601756
2025-12-24 06:00:00+00:00,23.901,23.936,23.735,23.903,119071.3,43.148089032674164
2025-12-24 07:00:00+00:00,23.9,23.944,23.709,23.718,166767.31,40.01655304457695
2025-12-24 08:00:00+00:00,23.718,23.814,23.609,23.774,189244.32,41.40290315872288
2025-12-24 09:00:00+00:00,23.776,23.926,23.774,23.84,120750.82,43.072845856052304
2025-12-24 10:00:00+00:00,23.844,23.999,23.818,23.911,78089.81,44.89228271069561
2025-12-24 11:00:00+00:00,23.911,23.983,23.846,23.925,59463.02,45.26377238531078
2025-12-24 12:00:00+00:00,23.92,23.931,23.794,23.918,66273.15,45.100065785393575
2025-12-24 13:00:00+00:00,23.91,23.993,23.791,23.902,123947.79,44.70209613226112
2025-12-24 14:00:00+00:00,23.907,24.129,23.819,24.023,229717.62,48.409680717549506
2025-12-24 15:00:00+00:00,24.023,24.293,23.938,24.277,182925.48,55.20004408543537
2025-12-24 16:00:00+00:00,24.271,24.556,24.154,24.528,304829.01,60.70425441408129
2025-12-24 17:00:00+00:00,24.526,24.526,24.315,24.392,143841.55,56.64340699254721
2025-12-24 18:00:00+00:00,24.389,24.421,24.26,24.304,105440.66,54.1205746549791
2025-12-24 19:00:00+00:00,24.304,24.703,24.24,24.666,175040.87,61.68125504575573
2025-12-24 20:00:00+00:00,24.663,24.696,24.423,24.485,115239.85,56.65402916005487
2025-12-24 21:00:00+00:00,24.494,24.855,24.491,24.852,223466.05,63.20283008574724
2025-12-24 22:00:00+00:00,24.836,25.222,24.774,25.222,532500.95,68.38822953503954
2025-12-24 23:00:00+00:00,25.2,25.238,25.048,25.155,366248.4,66.55914697673396
2025-12-25 00:00:00+00:00,25.163,25.199,24.781,24.916,199526.64,60.357708070591976
2025-12-25 01:00:00+00:00,24.916,24.943,24.881,24.913,62651.48,60.28178410973334
2025-12-25 02:00:00+00:00,24.909,25.201,24.83,25.065,183927.43,62.83279897666311
2025-12-25 03:00:00+00:00,25.073,25.074,24.791,24.852,396572.49,57.28075741721007
2025-12-25 04:00:00+00:00,24.863,25.159,24.839,25.011,437950.46,60.114031860368705
2025-12-25 05:00:00+00:00,25.011,25.011,24.676,24.688,269713.08,52.49694033750665
2025-12-25 06:00:00+00:00,24.688,24.855,24.63,24.69,198616.28,52.53704365118784
2025-12-25 07:00:00+00:00,24.693,24.729,24.587,24.706,123250.93,52.87976471453126
2025-12-25 08:00:00+00:00,24.704,24.73,24.567,24.637,45457.11,51.163974922750896
2025-12-25 09:00:00+00:00,24.646,24.676,24.56,24.625,30825.53,50.85492798274568
2025-12-25 10:00:00+00:00,24.625,24.67,24.484,24.594,53233.88,50.014460548342925
2025-12-25 11:00:00+00:00,24.594,24.694,24.574,24.641,51214.26,51.32783734113463
2025-12-25 12:00:00+00:00,24.641,24.714,24.61,24.693,21088.09,52.805339057569164
2025-12-25 13:00:00+00:00,24.693,24.75,24.605,24.668,43128.13,51.98824165912445
2025-12-25 14:00:00+00:00,24.668,24.782,24.571,24.7,62886.62,52.990944331215715
2025-12-25 15:00:00+00:00,24.7,24.897,24.533,24.807,128903.47,56.278957529259685
2025-12-25 16:00:00+00:00,24.81,25.051,24.763,24.886,88071.2,58.58233760470127
2025-12-25 17:00:00+00:00,24.883,25.095,24.843,25.061,157113.49,63.20658288459884
2025-12-25 18:00:00+00:00,25.061,25.218,25.05,25.141,177404.39,65.1235897886828
2025-12-25 19:00:00+00:00,25.145,25.15,24.923,24.924,53848.47,56.521195878032245
2025-12-25 20:00:00+00:00,24.924,25.014,24.785,24.854,169857.47,54.04132007025862
2025-12-25 21:00:00+00:00,24.854,25.0,24.815,24.959,68909.85,57.08306786337133
2025-12-25 22:00:00+00:00,24.96,25.009,24.4,24.587,358357.46,45.57461404477531
2025-12-25 23:00:00+00:00,24.587,24.587,24.186,24.4,503353.44,41.08996190138197
2025-12-26 00:00:00+00:00,24.399,24.635,24.364,24.508,242520.74,44.48749296574602
2025-12-26 01:00:00+00:00,24.51,24.696,24.469,24.666,73584.28,49.11143471507468
2025-12-26 02:00:00+00:00,24.666,25.12,24.656,25.063,291912.71,58.471622822833304
2025-12-26 03:00:00+00:00,25.065,25.113,24.878,24.949,128533.7,55.32472486522874
2025-12-26 04:00:00+00:00,24.947,25.055,24.791,25.007,64503.29,56.604375113344844
2025-12-26 05:00:00+00:00,25.007,25.045,24.833,25.011,165084.39,56.69649719822191
2025-12-26 06:00:00+00:00,25.012,25.517,25.004,25.444,436143.34,65.28706286457086
2025-12-26 07:00:00+00:00,25.443,25.506,25.063,25.108,249124.96,56.00285296371844
2025-12-26 08:00:00+00:00,25.108,25.248,25.063,25.18,212508.28,57.40082009471822
2025-12-26 09:00:00+00:00,25.181,25.495,25.175,25.367,208907.84,60.87770681590065
2025-12-26 10:00:00+00:00,25.366,25.4,25.189,25.268,199203.86,58.170804137476274
2025-12-26 11:00:00+00:00,25.269,25.276,24.834,24.912,308987.29,49.62564746381203
2025-12-26 12:00:00+00:00,24.912,25.029,24.866,25.005,167465.55,51.6248417200715
2025-12-26 13:00:00+00:00,25.005,25.127,24.98,25.065,68089.41,52.92294076191196
2025-12-26 14:00:00+00:00,25.065,25.169,24.815,24.845,191102.04,47.8524951135835
2025-12-26 15:00:00+00:00,24.833,24.998,24.705,24.985,252945.5,51.06547202598696
2025-12-26 16:00:00+00:00,24.979,25.05,24.752,24.778,104624.02,46.5031739146246
2025-12-26 17:00:00+00:00,24.78,25.019,24.78,24.878,173564.43,48.87928931813956
2025-12-26 18:00:00+00:00,24.878,25.027,24.786,24.884,196015.16,49.025583720198014
2025-12-26 19:00:00+00:00,24.887,25.01,24.851,24.995,48265.61,51.77511364111811
2025-12-26 20:00:00+00:00,24.996,25.19,24.969,25.111,67402.82,54.53507116519192
2025-12-26 21:00:00+00:00,25.108,25.349,25.104,25.29,164948.19,58.483560849049105
2025-12-26 22:00:00+00:00,25.29,25.592,25.169,25.539,128598.11,63.2631192254091
2025-12-26 23:00:00+00:00,25.541,25.836,25.432,25.79,390750.78,67.34429913485235
2025-12-27 00:00:00+00:00,25.789,25.818,25.555,25.722,355156.0,65.2300741157384
2025-12-27 01:00:00+00:00,25.719,26.0,25.619,25.998,169394.72,69.4256574370404
2025-12-27 02:00:00+00:00,25.996,26.429,25.912,25.946,389895.52,67.76651868981949
2025-12-27 03:00:00+00:00,25.945,25.987,25.827,25.919,163441.37,66.87288838039154
2025-12-27 04:00:00+00:00,25.925,25.926,25.754,25.861,108247.67,64.89322661093871
2025-12-27 05:00:00+00:00,25.861,26.013,25.804,25.998,80066.08,67.3517696606095
2025-12-27 06:00:00+00:00,25.998,26.068,25.864,25.867,100646.96,62.82143615994025
2025-12-27 07:00:00+00:00,25.867,26.075,25.855,25.942,89135.67,64.30191018316486
2025-12-27 08:00:00+00:00,25.943,26.131,25.941,26.03,111061.12,66.0120785914344
2025-12-27 09:00:00+00:00,26.03,26.341,26.029,26.193,315768.85,68.9767141398203
2025-12-27 10:00:00+00:00,26.192,26.23,26.026,26.064,101456.2,64.20369149289219
2025-12-27 11:00:00+00:00,26.064,26.197,26.046,26.109,77726.38,65.11065801890052
2025-12-27 12:00:00+00:00,26.106,26.17,25.927,26.064,96870.2,63.38124600241863
2025-12-27 13:00:00+00:00,26.063,26.069,25.71,25.84,151607.53,55.48147385289887
2025-12-27 14:00:00+00:00,25.843,25.954,25.785,25.819,138418.35,54.79198572525691
2025-12-27 15:00:00+00:00,25.825,25.971,25.824,25.963,87139.02,58.592045764504185
2025-12-27 16:00:00+00:00,25.962,25.98,25.475,25.492,333350.04,45.2069060113221
2025-12-27 17:00:00+00:00,25.493,25.605,25.381,25.542,369402.98,46.601497801341665
2025-12-27 18:00:00+00:00,25.546,25.653,25.438,25.617,127422.85,48.710260521954666
2025-12-27 19:00:00+00:00,25.618,25.713,25.583,25.698,49696.91,50.96260329866358
2025-12-27 20:00:00+00:00,25.698,25.746,25.584,25.671,68890.93,50.17169488945484
2025-12-27 21:00:00+00:00,25.669,26.153,25.636,25.989,198519.52,58.36692443214172
2025-12-27 22:00:00+00:00,25.989,25.998,25.754,25.779,179294.63,52.254852060851924
2025-12-27 23:00:00+00:00,25.779,26.083,25.768,25.967,191856.39,56.633126949906604
2025-12-28 00:00:00+00:00,25.968,26.086,25.881,26.006,85384.6,57.50372185029446
2025-12-28 01:00:00+00:00,26.015,26.065,25.878,25.898,232888.3,54.25550050276338
2025-12-28 02:00:00+00:00,25.897,26.027,25.868,26.013,41095.93,57.03834797248078
2025-12-28 03:00:00+00:00,26.013,26.204,25.954,26.096,61183.68,58.978036094153545
2025-12-28 04:00:00+00:00,26.098,26.312,26.068,26.245,173854.37,62.27122397698308
2025-12-28 05:00:00+00:00,26.245,26.245,25.964,26.007,100919.17,54.71535139920753
2025-12-28 06:00:00+00:00,26.008,26.071,25.792,25.823,138996.76,49.694985816802685
2025-12-28 07:00:00+00:00,25.823,25.887,25.71,25.815,96279.16,49.482400259428665
2025-12-28 08:00:00+00:00,25.817,25.882,25.755,25.864,55021.34,50.8687405921128
2025-12-28 09:00:00+00:00,25.867,25.929,25.789,25.92,30096.93,52.47396360520622
2025-12-28 10:00:00+00:00,25.924,26.038,25.902,25.924,36549.36,52.593108546356916
2025-12-28 11:00:00+00:00,25.93,25.968,25.831,25.86,66830.34,50.41534165209543
2025-12-28 12:00:00+00:00,25.861,25.893,25.736,25.809,47468.94,48.685304895334966
2025-12-28 13:00:00+00:00,25.808,25.901,25.808,25.886,24211.96,51.39711868244627
2025-12-28 14:00:00+00:00,25.887,25.904,25.77,25.862,30165.25,50.50128833834138
2025-12-28 15:00:00+00:00,25.861,25.908,25.067,25.163,897831.0,32.651295913059286
2025-12-28 16:00:00+00:00,25.161,25.424,25.074,25.242,914222.17,35.42913314351283
2025-12-28 17:00:00+00:00,25.241,25.473,25.226,25.341,174990.85,38.83385357959111
2025-12-28 18:00:00+00:00,25.343,25.379,25.113,25.134,186130.27,34.712409298280605
2025-12-28 19:00:00+00:00,25.142,25.241,24.909,24.975,268456.85,31.91091547103497
2025-12-28 20:00:00+00:00,24.974,25.211,24.919,24.982,165951.44,32.17045851410752
2025-12-28 21:00:00+00:00,24.979,25.077,24.816,25.066,367341.99,35.35490115417292
2025-12-28 22:00:00+00:00,25.065,25.284,24.948,25.272,135588.29,42.486062578228086
2025-12-28 23:00:00+00:00,25.272,25.453,25.182,25.358,375166.62,45.20370177904014
2025-12-29 00:00:00+00:00,25.355,26.048,25.252,25.982,736569.68,59.98002376465549
2025-12-29 01:00:00+00:00,25.983,26.193,25.75,26.097,744509.02,62.013070002612054
2025-12-29 02:00:00+00:00,26.098,26.288,26.016,26.086,763027.34,61.69024552533091
2025-12-29 03:00:00+00:00,26.085,26.186,25.9,26.093,397832.99,61.82643263721902
2025-12-29 04:00:00+00:00,26.098,26.161,25.928,26.107,262808.63,62.11649506187205
2025-12-29 05:00:00+00:00,26.107,26.291,26.014,26.035,226301.67,59.6079491729957
2025-12-29 06:00:00+00:00,26.05,26.183,25.9,25.918,157393.38,55.67334987806443
2025-12-29 07:00:00+00:00,25.918,26.153,25.789,25.935,254432.72,56.12650439238788
2025-12-29 08:00:00+00:00,25.935,26.116,25.813,25.881,148858.21,54.23001404028714
2025-12-29 09:00:00+00:00,25.88,26.041,25.52,25.725,448365.58,49.07146903071171
2025-12-29 10:00:00+00:00,25.726,25.915,25.6,25.718,465778.04,48.84693459963183
2025-12-29 11:00:00+00:00,25.717,25.72,25.56,25.655,189539.71,46.772628441525406
2025-12-29 12:00:00+00:00,25.654,25.732,25.31,25.706,375431.8,48.672819458490075
2025-12-29 13:00:00+00:00,25.707,25.818,25.559,25.684,253731.94,47.87877924603942
2025-12-29 14:00:00+00:00,25.683,25.969,25.668,25.779,373735.69,51.55412660200943
2025-12-29 15:00:00+00:00,25.781,26.13,25.744,26.027,348414.26,59.56922158367213
2025-12-29 16:00:00+00:00,26.027,26.45,26.027,26.272,539983.04,65.62054018193268
2025-12-29 17:00:00+00:00,26.274,26.36,25.968,26.172,200348.34,61.569888652791484
2025-12-29 18:00:00+00:00,26.169,26.169,25.775,25.809,206185.6,49.60071145979785
2025-12-29 19:00:00+00:00,25.812,25.958,25.607,25.645,325379.38,45.31466739929528
2025-12-29 20:00:00+00:00,25.643,25.875,25.643,25.798,191359.28,49.683000309584216
2025-12-29 21:00:00+00:00,25.796,26.0,25.776,25.905,286418.23,52.53838367473776
2025-12-29 22:00:00+00:00,25.904,25.922,25.764,25.879,135763.99,51.76960942140804
2025-12-29 23:00:00+00:00,25.874,25.929,25.629,25.789,144509.54,49.09176925501309
2025-12-30 00:00:00+00:00,25.794,25.86,25.485,25.6,218660.74,43.95042356061016
2025-12-30 01:00:00+00:00,25.592,25.627,25.501,25.595,90333.19,43.819677028801685
2025-12-30 02:00:00+00:00,25.595,25.603,25.4,25.466,113447.88,40.47425888969132
2025-12-30 03:00:00+00:00,25.465,25.885,25.37,25.76,184850.43,49.86799968318779
2025-12-30 04:00:00+00:00,25.758,26.034,25.73,25.906,146112.75,53.76967326218439
2025-12-30 05:00:00+00:00,25.906,26.278,25.897,26.158,557164.94,59.612408682043444
2025-12-30 06:00:00+00:00,26.152,26.44,26.132,26.334,452888.82,63.11828930988543
2025-12-30 07:00:00+00:00,26.329,26.414,26.1,26.14,257735.47,57.221911803056926
2025-12-30 08:00:00+00:00,26.135,26.698,26.015,26.045,620960.04,54.53524453284492
2025-12-30 09:00:00+00:00,26.038,26.064,25.759,25.8,401438.25,48.24418676004521
2025-12-30 10:00:00+00:00,25.8,25.993,25.727,25.852,230178.03,49.573797799240424
2025-12-30 11:00:00+00:00,25.846,25.947,25.756,25.883,140015.03,50.39199922855141
2025-12-30 12:00:00+00:00,25.882,25.883,25.675,25.7,64931.86,45.680010457571676
2025-12-30 13:00:00+00:00,25.7,25.834,25.576,25.67,96696.55,44.93816600956002
2025-12-30 14:00:00+00:00,25.665,25.822,25.355,25.706,537281.0,46.07000069834935
2025-12-30 15:00:00+00:00,25.706,25.831,25.525,25.773,182141.51,48.20395876336916
2025-12-30 16:00:00+00:00,25.776,25.917,25.532,25.631,200455.46,44.211091034578445
2025-12-30 17:00:00+00:00,25.631,25.763,25.548,25.692,240892.32,46.270036925262076
2025-12-30 18:00:00+00:00,25.69,25.755,25.573,25.672,195993.22,45.674842347300405
2025-12-30 19:00:00+00:00,25.671,26.0,25.537,25.989,159391.46,55.455483394901066
2025-12-30 20:00:00+00:00,25.995,26.04,25.763,25.814,238593.28,50.093659404021246
2025-12-30 21:00:00+00:00,25.805,25.979,25.783,25.911,81107.2,52.816822256447956
2025-12-30 22:00:00+00:00,25.913,26.022,25.821,25.972,231567.59,54.49828943900357
2025-12-30 23:00:00+00:00,25.968,26.093,25.893,25.971,71337.75,54.4640232523271
2025-12-31 00:00:00+00:00,25.971,25.973,25.792,25.908,115322.54,52.23571296630034
2025-12-31 01:00:00+00:00,25.908,26.118,25.885,26.102,176835.35,57.94207881886583
2025-12-31 02:00:00+00:00,26.105,26.117,25.785,25.81,235779.15,48.54184970663482
2025-12-31 03:00:00+00:00,25.811,25.887,25.689,25.83,140887.4,49.150354665820984
2025-12-31 04:00:00+00:00,25.831,26.087,25.787,25.901,264197.03,51.34977308417784
2025-12-31 05:00:00+00:00,25.894,25.95,25.745,25.849,192611.93,49.655750643144046
2025-12-31 06:00:00+00:00,25.851,25.946,25.727,25.939,91930.31,52.57209258016811
2025-12-31 07:00:00+00:00,25.936,25.958,25.74,25.77,49255.33,47.05939928301844
2025-12-31 08:00:00+00:00,25.76,25.862,25.712,25.804,151018.76,48.23542843268769
2025-12-31 09:00:00+00:00,25.804,25.919,25.767,25.864,76310.03,50.33224652451647
2025-12-31 10:00:00+00:00,25.855,25.93,25.749,25.832,120909.52,49.18786840623594
2025-12-31 11:00:00+00:00,25.834,25.888,25.727,25.792,112647.48,47.72709476001108
2025-12-31 12:00:00+00:00,25.788,25.862,25.76,25.803,183142.54,48.18283351407855
2025-12-31 13:00:00+00:00,25.802,26.084,25.782,26.061,202504.62,57.53446927274738
2025-12-31 14:00:00+00:00,26.066,26.238,25.91,25.994,232665.97,54.770092854949695
2025-12-31 15:00:00+00:00,25.993,26.04,25.784,25.927,200880.73,52.07553512311126
2025-12-31 16:00:00+00:00,25.928,26.1,25.803,25.925,220101.85,51.99330492887885
2025-12-31 17:00:00+00:00,25.925,25.925,25.567,25.603,316494.74,40.81799043831221
2025-12-31 18:00:00+00:00,25.61,25.808,25.576,25.724,91531.44,45.55379855301941
2025-12-31 19:00:00+00:00,25.725,25.849,25.725,25.755,70582.47,46.729910927381134
2025-12-31 20:00:00+00:00,25.754,25.91,25.3,25.423,431634.72,37.40968640436498
2025-12-31 21:00:00+00:00,25.411,25.703,25.406,25.634,121455.41,44.92755658060145
2025-12-31 22:00:00+00:00,25.634,25.705,25.514,25.522,92060.56,42.040994352534
2025-12-31 23:00:00+00:00,25.523,25.54,25.32,25.45,206377.08,40.2506357550637
2026-01-01 00:00:00+00:00,25.45,25.601,25.417,25.6,118629.06,45.46154296426225
2026-01-01 01:00:00+00:00,25.601,26.076,25.595,25.796,265123.8,51.4230955956551
2026-01-01 02:00:00+00:00,25.796,25.861,25.62,25.707,190353.77,48.813831422954884
2026-01-01 03:00:00+00:00,25.707,25.718,25.482,25.576,289949.37,45.179943799122185
2026-01-01 04:00:00+00:00,25.581,25.607,25.405,25.46,128765.59,42.18519735449599
2026-01-01 05:00:00+00:00,25.46,25.678,25.442,25.51,142294.56,43.91099088966344
2026-01-01 06:00:00+00:00,25.51,25.668,25.394,25.511,105769.58,43.94702909083561
2026-01-01 07:00:00+00:00,25.512,25.713,25.499,25.668,91391.38,49.43965135989802
2026-01-01 08:00:00+00:00,25.669,25.697,25.558,25.624,60575.24,48.01949426860567
2026-01-01 09:00:00+00:00,25.622,25.857,25.622,25.753,74187.14,52.34184432070406
2026-01-01 10:00:00+00:00,25.754,25.789,25.673,25.702,61839.41,50.55212868420827
2026-01-01 11:00:00+00:00,25.705,25.78,25.644,25.779,70215.29,53.15642431286987
2026-01-01 12:00:00+00:00,25.78,25.783,25.644,25.689,70539.0,49.85152953372877
2026-01-01 13:00:00+00:00,25.689,25.719,25.5,25.502,73738.66,43.76324211747884
2026-01-01 14:00:00+00:00,25.502,25.595,25.182,25.292,422422.79,38.13127221116287
2026-01-01 15:00:00+00:00,25.293,25.383,24.021,24.278,2141444.13,22.844077321359364
2026-01-01 16:00:00+00:00,24.28,24.509,23.939,24.445,2135103.76,27.966156574915345
2026-01-01 17:00:00+00:00,24.444,24.619,24.339,24.402,442410.73,27.460652632368692
2026-01-01 18:00:00+00:00,24.402,24.501,24.181,24.355,372637.76,26.888550922357865
2026-01-01 19:00:00+00:00,24.354,24.407,24.073,24.39,467283.19,28.090003215015003
2026-01-01 20:00:00+00:00,24.389,24.491,23.787,24.074,678355.28,24.22009470858154
2026-01-01 21:00:00+00:00,24.075,24.229,24.057,24.08,222779.98,24.43297237438216
2026-01-01 22:00:00+00:00,24.073,24.169,24.057,24.095,122925.45,25.000204491141005
2026-01-01 23:00:00+00:00,24.094,24.246,24.079,24.231,280405.46,30.121769662520606
2026-01-02 00:00:00+00:00,24.232,24.376,24.057,24.353,351183.84,34.44636063529974
2026-01-02 01:00:00+00:00,24.353,24.515,24.319,24.378,217531.96,35.3295902318152
2026-01-02 02:00:00+00:00,24.378,24.382,24.158,24.247,161307.62,32.833234648132645
2026-01-02 03:00:00+00:00,24.245,24.605,24.177,24.498,245208.01,41.37998263640837
2026-01-02 04:00:00+00:00,24.498,24.811,24.433,24.737,263596.79,48.14606177805464
2026-01-02 05:00:00+00:00,24.74,24.785,24.376,24.716,365800.37,47.62589766975557
2026-01-02 06:00:00+00:00,24.716,24.761,24.543,24.587,326571.31,44.44904450487796
2026-01-02 07:00:00+00:00,24.587,24.617,24.161,24.295,202047.48,38.23230987117604
2026-01-02 08:00:00+00:00,24.295,24.487,24.266,24.483,69257.47,43.69270700474276
2026-01-02 09:00:00+00:00,24.477,24.888,24.434,24.783,415596.6,51.118687684693434
2026-01-02 10:00:00+00:00,24.784,24.998,24.72,24.835,365728.16,52.29314364968733
2026-01-02 11:00:00+00:00,24.83,24.836,24.398,24.462,280892.29,44.10680586152166
2026-01-02 12:00:00+00:00,24.46,24.615,24.431,24.448,118097.36,43.829464297790885
2026-01-02 13:00:00+00:00,24.447,24.648,24.447,24.549,236515.13,46.445727870450206
2026-01-02 14:00:00+00:00,24.55,24.71,24.259,24.569,570123.84,46.972433465051324
2026-01-02 15:00:00+00:00,24.57,24.663,24.336,24.494,230081.45,45.17804211373698
2026-01-02 16:00:00+00:00,24.495,24.878,24.4,24.6,448603.66,48.19044630912191
2026-01-02 17:00:00+00:00,24.604,24.762,24.402,24.576,330654.74,47.55331411363537
2026-01-02 18:00:00+00:00,24.575,24.65,24.403,24.572,291259.89,47.440736132760634
2026-01-02 19:00:00+00:00,24.573,24.727,24.519,24.611,280492.69,48.715552543595095
2026-01-02 20:00:00+00:00,24.62,24.651,24.057,24.153,579354.02,37.279946079700245
2026-01-02 21:00:00+00:00,24.153,24.462,24.121,24.45,304024.84,46.1137050841466
2026-01-02 22:00:00+00:00,24.448,24.585,24.4,24.468,191531.95,46.60454979520491
2026-01-02 23:00:00+00:00,24.467,24.64,24.447,24.582,182864.13,49.72782664849779
2026-01-03 00:00:00+00:00,24.581,24.599,24.522,24.584,132047.45,49.78332294844949
2026-01-03 01:00:00+00:00,24.583,24.75,24.555,24.598,264777.52,50.19776888945791
2026-01-03 02:00:00+00:00,24.598,24.599,24.401,24.501,238550.03,47.28584855988516
2026-01-03 03:00:00+00:00,24.5,24.578,24.429,24.55,214801.74,48.89849007367629
2026-01-03 04:00:00+00:00,24.551,24.648,24.521,24.596,199848.3,50.431561155584916
2026-01-03 05:00:00+00:00,24.597,24.915,24.575,24.865,533481.96,58.30846548878211
2026-01-03 06:00:00+00:00,24.865,25.229,24.84,24.877,574428.93,58.62433590791264
2026-01-03 07:00:00+00:00,24.878,24.898,24.308,24.511,365858.74,46.94248465097004
2026-01-03 08:00:00+00:00,24.511,24.655,24.362,24.531,297677.17,47.557450678825184
2026-01-03 09:00:00+00:00,24.533,24.56,24.275,24.475,284302.16,45.95144847446806
2026-01-03 10:00:00+00:00,24.475,24.681,24.426,24.601,228903.09,50.03954513699809
2026-01-03 11:00:00+00:00,24.601,24.629,24.355,24.385,324764.07,43.90826372210395
2026-01-03 12:00:00+00:00,24.39,24.582,24.3,24.564,140195.16,49.43733072357202
2026-01-03 13:00:00+00:00,24.564,24.722,24.519,24.639,201700.33,51.590491967904676
2026-01-03 14:00:00+00:00,24.645,24.77,24.565,24.694,111304.88,53.165555387408965
2026-01-03 15:00:00+00:00,24.695,24.972,24.662,24.782,241678.48,55.651822683934064
2026-01-03 16:00:00+00:00,24.783,25.009,24.696,24.944,234997.51,59.874781790547125
2026-01-03 17:00:00+00:00,24.95,25.009,24.858,24.906,84808.17,58.46836097453121
2026-01-03 18:00:00+00:00,24.91,25.19,24.827,24.995,321295.16,60.791335692200015
2026-01-03 19:00:00+00:00,25.003,25.018,24.742,24.8,132883.52,53.70373572310784
2026-01-03 20:00:00+00:00,24.804,24.804,24.474,24.767,374684.46,52.58637158215987
2026-01-03 21:00:00+00:00,24.767,25.342,24.721,25.324,417355.98,65.5973089574857
2026-01-03 22:00:00+00:00,25.318,25.438,25.169,25.37,631418.39,66.41693001762883
2026-01-03 23:00:00+00:00,25.371,25.433,25.245,25.379,241206.46,66.58466969884702
2026-01-04 00:00:00+00:00,25.376,25.578,25.128,25.335,452370.75,64.87854270038737
2026-01-04 01:00:00+00:00,25.335,25.375,25.139,25.276,313211.82,62.563586588291855
2026-01-04 02:00:00+00:00,25.276,25.296,25.038,25.125,202016.26,56.96170088407968
2026-01-04 03:00:00+00:00,25.125,25.358,25.045,25.295,164842.7,61.176386791013805
2026-01-04 04:00:00+00:00,25.296,25.353,25.091,25.151,203858.58,56.15952862101341
2026-01-04 05:00:00+00:00,25.151,25.25,25.071,25.16,85232.42,56.4001849833205
2026-01-04 06:00:00+00:00,25.16,25.286,24.951,25.132,165550.25,55.38162172357386
2026-01-04 07:00:00+00:00,25.133,25.28,25.093,25.143,207187.68,55.719947388350775
2026-01-04 08:00:00+00:00,25.143,25.165,24.854,24.984,321210.07,49.83739723711677
2026-01-04 09:00:00+00:00,24.982,25.079,24.965,25.039,94524.7,51.73555584274743
2026-01-04 10:00:00+00:00,25.035,25.342,25.029,25.275,153347.0,58.91892565590606
2026-01-04 11:00:00+00:00,25.275,25.342,25.183,25.243,93999.07,57.66566648611381
2026-01-04 12:00:00+00:00,25.237,25.34,25.11,25.144,96056.96,53.84941520847414
2026-01-04 13:00:00+00:00,25.143,25.296,25.066,25.296,58215.12,58.401311532962765
2026-01-04 14:00:00+00:00,25.287,25.84,25.259,25.796,518222.08,69.17251717755023
2026-01-04 15:00:00+00:00,25.784,26.15,25.7,26.148,485798.94,74.23118798907404
2026-01-04 16:00:00+00:00,26.148,26.406,26.056,26.176,467248.91,74.58840353900831
2026-01-04 17:00:00+00:00,26.177,26.234,25.933,26.016,301255.89,68.72565234017844
2026-01-04 18:00:00+00:00,26.02,26.071,25.751,25.877,293571.71,64.01792555503275
2026-01-04 19:00:00+00:00,25.883,25.991,25.785,25.859,114803.08,63.41215621476136
2026-01-04 20:00:00+00:00,25.86,26.471,25.815,26.452,297499.45,72.60807484117262
2026-01-04 21:00:00+00:00,26.456,26.8,26.389,26.53,1034945.48,73.54977421104456
2026-01-04 22:00:00+00:00,26.531,26.689,26.259,26.442,452957.09,70.60079267496279
2026-01-04 23:00:00+00:00,26.443,26.889,26.385,26.871,629374.31,75.71315002482439
2026-01-05 00:00:00+00:00,26.871,26.94,26.493,26.89,586559.28,75.91292935863909
2026-01-05 01:00:00+00:00,26.893,27.386,26.731,27.128,894427.58,78.31879228648178
2026-01-05 02:00:00+00:00,27.127,27.231,26.33,26.579,952605.4,62.74925980730123
2026-01-05 03:00:00+00:00,26.58,26.631,26.344,26.428,178267.14,59.2597934951029
2026-01-05 04:00:00+00:00,26.43,26.643,26.148,26.542,338320.3,61.02209993372962
2026-01-05 05:00:00+00:00,26.547,26.576,26.215,26.277,215565.78,55.05974155706991
2026-01-05 06:00:00+00:00,26.28,26.41,26.166,26.324,171178.7,55.88306955201203
2026-01-05 07:00:00+00:00,26.32,26.552,26.275,26.409,64720.62,57.40299448163496
2026-01-05 08:00:00+00:00,26.401,26.51,26.344,26.442,58562.18,58.00786786521671
2026-01-05 09:00:00+00:00,26.441,26.766,26.305,26.586,185533.76,60.63469934783311
2026-01-05 10:00:00+00:00,26.588,26.67,25.933,26.114,956052.3,49.66739576412151
2026-01-05 11:00:00+00:00,26.109,26.565,26.049,26.348,541258.13,54.0999153694768
2026-01-05 12:00:00+00:00,26.342,26.363,26.004,26.15,302103.57,50.081005045246165
2026-01-05 13:00:00+00:00,26.15,26.183,25.841,26.007,367725.55,47.34544969565921
2026-01-05 14:00:00+00:00,26.005,26.286,25.8,26.15,659795.63,50.27074113840363
2026-01-05 15:00:00+00:00,26.149,26.581,25.951,26.422,435102.63,55.351805373213075
2026-01-05 16:00:00+00:00,26.421,26.703,26.306,26.434,601725.56,55.56750056691979
2026-01-05 17:00:00+00:00,26.435,26.93,26.169,26.689,278001.96,59.99074232216287
2026-01-05 18:00:00+00:00,26.689,27.182,26.618,27.103,449063.86,65.9221405618329
2026-01-05 19:00:00+00:00,27.105,27.2,26.87,27.073,365970.7,65.1681986202687
2026-01-05 20:00:00+00:00,27.073,27.484,26.814,26.903,807220.16,60.916578486492625
2026-01-05 21:00:00+00:00,26.907,27.05,26.5,26.537,407674.71,52.9127796815162
2026-01-05 22:00:00+00:00,26.535,26.877,26.391,26.869,807079.89,58.26902953021884
2026-01-05 23:00:00+00:00,26.87,26.907,26.461,26.507,291074.0,51.40305937427408
2026-01-06 00:00:00+00:00,26.507,26.716,26.351,26.414,296256.59,49.78020384900568
2026-01-06 01:00:00+00:00,26.413,26.828,26.3,26.495,575116.32,51.22457468057469
2026-01-06 02:00:00+00:00,26.488,26.549,26.19,26.291,471514.19,47.51784961678587
2026-01-06 03:00:00+00:00,26.291,26.6,26.1,26.399,488040.12,49.59727941856053
2026-01-06 04:00:00+00:00,26.401,26.741,26.391,26.667,347776.55,54.42311985091512
2026-01-06 05:00:00+00:00,26.653,26.726,26.4,26.645,344056.39,53.96633209884075
2026-01-06 06:00:00+00:00,26.64,27.131,26.566,26.958,673453.95,59.211667968432145
2026-01-06 07:00:00+00:00,26.954,27.03,26.329,26.388,439105.01,48.39663007248173
2026-01-06 08:00:00+00:00,26.385,26.661,26.33,26.521,165480.86,50.66112554623911
2026-01-06 09:00:00+00:00,26.524,26.739,26.455,26.476,157278.86,49.86382052358443
2026-01-06 10:00:00+00:00,26.476,26.695,26.19,26.527,579100.98,50.80870831551568
2026-01-06 11:00:00+00:00,26.527,27.04,26.513,26.923,500381.92,57.50556165722407
2026-01-06 12:00:00+00:00,26.922,27.295,26.88,27.26,417383.54,62.219362615823144
2026-01-06 13:00:00+00:00,27.26,27.298,27.011,27.142,199416.15,59.72128967879684
2026-01-06 14:00:00+00:00,27.15,27.436,27.0,27.08,646513.58,58.39466792281952
2026-01-06 15:00:00+00:00,27.074,27.439,27.033,27.169,413371.75,59.77596339822256
2026-01-06 16:00:00+00:00,27.168,27.37,26.773,27.073,657655.64,57.55625446296787
2026-01-06 17:00:00+00:00,27.073,27.499,26.699,26.719,637979.6,50.159527390855125
2026-01-06 18:00:00+00:00,26.713,26.949,26.477,26.935,740663.77,54.040639762947364
2026-01-06 19:00:00+00:00,26.935,27.567,26.787,27.089,924596.13,56.633505541372095
2026-01-06 20:00:00+00:00,27.08,27.588,27.064,27.46,390766.95,62.170504956167825
2026-01-06 21:00:00+00:00,27.461,27.898,27.272,27.531,801089.14,63.14043299031042
2026-01-06 22:00:00+00:00,27.531,27.672,27.362,27.623,239579.44,64.41366172824289
2026-01-06 23:00:00+00:00,27.622,28.38,27.619,28.241,794865.46,71.52832764345189
2026-01-07 00:00:00+00:00,28.241,28.38,27.625,27.648,696676.79,59.28108658536369
2026-01-07 01:00:00+00:00,27.646,27.91,27.456,27.764,311003.25,60.69869141768253
2026-01-07 02:00:00+00:00,27.765,28.029,27.597,27.885,197309.71,62.17785833873227
2026-01-07 03:00:00+00:00,27.886,27.947,27.647,27.807,273481.41,60.594648921789464
2026-01-07 04:00:00+00:00,27.807,27.993,27.418,27.435,161922.68,53.58667558279229
2026-01-07 05:00:00+00:00,27.443,27.7,27.407,27.451,197587.9,53.83398592203862
2026-01-07 06:00:00+00:00,27.448,27.57,27.291,27.406,234404.55,52.97895814323526
2026-01-07 07:00:00+00:00,27.405,27.648,27.387,27.615,62446.41,56.43943277658173
2026-01-07 08:00:00+00:00,27.615,27.743,27.441,27.516,149142.66,54.39725294570652
2026-01-07 09:00:00+00:00,27.52,27.603,27.058,27.12,332886.05,47.06183484784146
2026-01-07 10:00:00+00:00,27.107,27.557,27.078,27.504,566580.27,53.596447585226976
2026-01-07 11:00:00+00:00,27.501,27.559,26.986,27.038,610024.95,46.15128562492655
2026-01-07 12:00:00+00:00,27.034,27.093,26.8,26.822,426366.8,43.15861989197716
2026-01-07 13:00:00+00:00,26.819,27.062,26.771,26.906,319020.6,44.661458468621014
2026-01-07 14:00:00+00:00,26.91,26.913,26.568,26.804,566486.08,43.16892352206835
2026-01-07 15:00:00+00:00,26.814,26.837,26.487,26.487,549477.12,38.82621720120444
2026-01-07 16:00:00+00:00,26.487,26.899,26.481,26.69,401219.86,42.794891977019844
2026-01-07 17:00:00+00:00,26.69,26.949,26.624,26.735,231862.02,43.667344014658475
2026-01-07 18:00:00+00:00,26.735,27.199,26.641,26.798,279922.52,44.933556234944724
2026-01-07 19:00:00+00:00,26.799,27.081,26.688,26.888,376590.11,46.77414006692699
2026-01-07 20:00:00+00:00,26.889,27.116,26.721,26.806,262122.87,45.28883471740754
2026-01-07 21:00:00+00:00,26.806,27.007,26.514,26.601,594726.11,41.72187319729359
2026-01-07 22:00:00+00:00,26.594,27.049,26.558,26.903,371603.48,48.19503453604278
2026-01-07 23:00:00+00:00,26.903,27.05,26.712,26.875,154583.36,47.6663958587007
2026-01-08 00:00:00+00:00,26.876,27.089,26.755,26.979,134050.16,49.86602163094451
2026-01-08 01:00:00+00:00,26.984,27.039,26.825,26.835,111553.71,46.9250761304028
2026-01-08 02:00:00+00:00,26.836,26.922,26.615,26.749,117488.21,45.21017500197878
2026-01-08 03:00:00+00:00,26.75,26.849,26.363,26.514,374524.43,40.82018835761219
2026-01-08 04:00:00+00:00,26.515,26.623,26.359,26.537,178696.16,41.419735033874396
2026-01-08 05:00:00+00:00,26.538,26.732,26.506,26.536,141786.22,41.40009656509584
2026-01-08 06:00:00+00:00,26.537,26.61,26.162,26.202,381785.3,35.36831238130746
2026-01-08 07:00:00+00:00,26.213,26.717,26.133,26.707,398257.95,47.76107811386021
2026-01-08 08:00:00+00:00,26.7,26.747,26.3,26.388,327973.67,42.25003503645818
2026-01-08 09:00:00+00:00,26.388,26.521,26.101,26.108,170296.18,38.09495683768132
2026-01-08 10:00:00+00:00,26.108,26.311,25.83,26.273,716845.82,41.73156160345609
2026-01-08 11:00:00+00:00,26.264,26.318,26.01,26.149,183964.92,39.83753966131504
2026-01-08 12:00:00+00:00,26.15,26.15,25.861,25.967,238279.14,37.17093724962511
2026-01-08 13:00:00+00:00,25.966,26.036,25.818,25.922,241589.73,36.5200247211869
2026-01-08 14:00:00+00:00,25.922,26.182,25.7,26.165,651631.6,42.38704651780366
2026-01-08 15:00:00+00:00,26.165,26.293,25.963,26.191,472101.43,42.99413535549556
2026-01-08 16:00:00+00:00,26.191,26.248,26.0,26.125,241166.05,41.79031138624992
2026-01-08 17:00:00+00:00,26.129,26.305,26.001,26.194,241498.85,43.56924390763976
2026-01-08 18:00:00+00:00,26.194,26.251,25.761,25.975,493392.33,39.44851052376683
2026-01-08 19:00:00+00:00,25.977,26.087,25.892,25.95,225400.65,38.995106695302276
2026-01-08 20:00:00+00:00,25.95,25.95,25.61,25.843,345301.88,37.03321751831773
2026-01-08 21:00:00+00:00,25.848,25.91,25.732,25.866,138034.61,37.75811375581453
2026-01-08 22:00:00+00:00,25.876,25.962,25.639,25.738,184629.32,35.3210611536618
2026-01-08 23:00:00+00:00,25.738,25.769,25.573,25.663,175580.0,33.93880926831005
2026-01-09 00:00:00+00:00,25.663,25.669,25.5,25.604,281823.82,32.84972710337476
2026-01-09 01:00:00+00:00,25.604,25.751,25.42,25.489,309669.34,30.776647998378877
2026-01-09 02:00:00+00:00,25.491,25.735,25.467,25.616,113102.86,35.60942727264694
2026-01-09 03:00:00+00:00,25.616,25.787,25.489,25.728,170621.06,39.61333763689948
2026-01-09 04:00:00+00:00,25.735,25.904,25.687,25.859,176780.59,43.999567579187875
2026-01-09 05:00:00+00:00,25.86,26.031,25.805,26.004,149944.23,48.46188338407516
2026-01-09 06:00:00+00:00,26.003,26.208,25.919,26.175,201507.36,53.198235092915716
2026-01-09 07:00:00+00:00,26.176,26.182,26.005,26.086,118337.03,50.59221548958253
2026-01-09 08:00:00+00:00,26.089,26.124,25.449,25.508,585853.12,37.681924210744455
2026-01-09 09:00:00+00:00,25.51,25.595,25.252,25.363,802401.72,35.25164287438693
2026-01-09 10:00:00+00:00,25.354,25.396,25.237,25.302,746348.58,34.250856391477186
2026-01-09 11:00:00+00:00,25.299,25.649,25.295,25.506,299901.07,40.34985569333027
2026-01-09 12:00:00+00:00,25.506,25.516,25.319,25.511,250662.23,40.4955499557447
2026-01-09 13:00:00+00:00,25.512,25.776,25.464,25.56,238063.61,41.99088311341434
2026-01-09 14:00:00+00:00,25.563,25.608,25.373,25.548,317893.57,41.71441533156695
2026-01-09 15:00:00+00:00,25.55,25.99,25.465,25.621,471884.6,44.124526278466426
2026-01-09 16:00:00+00:00,25.618,25.879,25.575,25.696,218899.37,46.56903710729974
2026-01-09 17:00:00+00:00,25.696,25.839,25.535,25.76,214013.03,48.63417204484457
2026-01-09 18:00:00+00:00,25.761,25.925,25.298,25.48,630905.45,41.1420608234508
2026-01-09 19:00:00+00:00,25.485,25.486,25.02,25.105,567028.16,33.662628552791475
2026-01-09 20:00:00+00:00,25.112,25.198,24.91,25.024,346103.91,32.29684727145181
2026-01-09 21:00:00+00:00,25.04,25.152,24.987,25.114,267856.01,35.43154521138872
2026-01-09 22:00:00+00:00,25.118,25.199,25.085,25.17,104554.12,37.37452394313645
2026-01-09 23:00:00+00:00,25.174,25.195,25.0,25.054,176885.83,35.02347569441115
2026-01-10 00:00:00+00:00,25.055,25.074,24.592,24.645,1103585.0,28.270824097113135
2026-01-10 01:00:00+00:00,24.652,24.704,24.403,24.605,551308.16,27.708166413330574
2026-01-10 02:00:00+00:00,24.605,24.666,24.31,24.422,522460.53,25.23379889984058
2026-01-10 03:00:00+00:00,24.425,24.473,24.208,24.403,414849.09,24.98433289597216
2026-01-10 04:00:00+00:00,24.399,24.415,24.231,24.352,227256.09,24.29017132215776
2026-01-10 05:00:00+00:00,24.357,24.434,24.301,24.302,98424.27,23.59793973835822
2026-01-10 06:00:00+00:00,24.302,24.366,24.212,24.304,70254.26,23.691617769339857
2026-01-10 07:00:00+00:00,24.304,24.364,24.176,24.331,171810.62,25.028059074869745
2026-01-10 08:00:00+00:00,24.332,24.388,24.239,24.387,108118.09,27.850469071504804
2026-01-10 09:00:00+00:00,24.386,24.636,24.368,24.617,291669.48,38.14935143896827
2026-01-10 10:00:00+00:00,24.616,24.681,24.556,24.676,106307.47,40.49581053875905
2026-01-10 11:00:00+00:00,24.676,24.677,24.46,24.552,71107.4,37.293548981085344
2026-01-10 12:00:00+00:00,24.561,24.628,24.508,24.587,86377.28,38.76543567969239
2026-01-10 13:00:00+00:00,24.585,24.585,24.5,24.511,61382.4,36.7483240757996
2026-01-10 14:00:00+00:00,24.511,24.511,24.187,24.283,252052.01,31.45966793603904
2026-01-10 15:00:00+00:00,24.283,24.329,24.231,24.317,138192.34,33.00798390983533
2026-01-10 16:00:00+00:00,24.317,24.33,24.01,24.126,230020.5,29.039363055557942
2026-01-10 17:00:00+00:00,24.126,24.242,23.855,23.949,274104.17,25.928233332211917
2026-01-10 18:00:00+00:00,23.948,24.122,23.91,24.057,377663.4,30.799851407547678
2026-01-10 19:00:00+00:00,24.061,24.144,24.047,24.117,86768.29,33.41971313467681
2026-01-10 20:00:00+00:00,24.112,24.178,24.08,24.156,95258.77,35.138632422557365
2026-01-10 21:00:00+00:00,24.152,24.242,24.12,24.139,155761.96,34.717874837650584
2026-01-10 22:00:00+00:00,24.137,24.211,23.784,23.87,187932.89,28.834263191584128
2026-01-10 23:00:00+00:00,23.868,24.057,23.828,24.02,154648.76,35.4077382605722
2026-01-11 00:00:00+00:00,24.02,24.142,23.969,24.106,123001.48,38.89278370560056
2026-01-11 01:00:00+00:00,24.104,24.183,24.012,24.133,165227.74,39.987544774654786
2026-01-11 02:00:00+00:00,24.132,24.149,24.004,24.149,89177.8,40.66592305897089
2026-01-11 03:00:00+00:00,24.14,24.2,24.081,24.191,59070.61,42.50325568638154
2026-01-11 04:00:00+00:00,24.192,24.242,24.134,24.233,46969.64,44.35877286635525
2026-01-11 05:00:00+00:00,24.23,24.318,24.225,24.29,96152.72,46.86495719087765
2026-01-11 06:00:00+00:00,24.29,24.473,24.2,24.376,81884.91,50.48847882289753
2026-01-11 07:00:00+00:00,24.376,24.485,24.342,24.447,67354.13,53.31880427123115
2026-01-11 08:00:00+00:00,24.447,24.448,24.308,24.429,74863.92,52.49942774891312
2026-01-11 09:00:00+00:00,24.419,24.51,24.332,24.402,88490.13,51.22772923902101
2026-01-11 10:00:00+00:00,24.4,24.502,24.348,24.39,179888.17,50.640604153604706
2026-01-11 11:00:00+00:00,24.398,24.44,24.366,24.426,44559.27,52.403029696514444
2026-01-11 12:00:00+00:00,24.428,24.604,24.404,24.596,204569.76,59.717579563384994
2026-01-11 13:00:00+00:00,24.592,24.626,24.5,24.56,133844.22,57.69554381399394
2026-01-11 14:00:00+00:00,24.564,24.601,24.494,24.584,65332.01,58.699546506435446
2026-01-11 15:00:00+00:00,24.59,24.625,24.361,24.421,109509.35,50.01733510966927
2026-01-11 16:00:00+00:00,24.421,24.643,24.374,24.513,148179.66,54.14031819669411
2026-01-11 17:00:00+00:00,24.515,24.611,24.46,24.555,108907.16,55.927647300617124
2026-01-11 18:00:00+00:00,24.565,24.653,24.472,24.615,78243.03,58.42073167248081
2026-01-11 19:00:00+00:00,24.615,24.65,24.514,24.546,92505.78,54.595892035088944
2026-01-11 20:00:00+00:00,24.542,24.545,24.406,24.513,104719.68,52.81493865261358
2026-01-11 21:00:00+00:00,24.512,24.514,24.416,24.459,64886.79,49.94389686371838
2026-01-11 22:00:00+00:00,24.454,24.46,24.236,24.358,252594.39,45.01497386177742
2026-01-11 23:00:00+00:00,24.351,24.428,24.26,24.42,120420.76,48.382577151648455
2026-01-12 00:00:00+00:00,24.421,24.531,24.281,24.508,143928.45,52.80116444735652
2026-01-12 01:00:00+00:00,24.508,24.735,24.43,24.718,378621.1,61.31220092475259
2026-01-12 02:00:00+00:00,24.719,25.392,24.697,25.207,764813.41,73.35908158148519
2026-01-12 03:00:00+00:00,25.214,25.281,24.83,24.879,492250.42,59.88831410092865
2026-01-12 04:00:00+00:00,24.88,25.101,24.78,25.043,174766.87,63.49754915548203
2026-01-12 05:00:00+00:00,25.04,25.072,24.827,24.827,130521.65,56.310828643257935
2026-01-12 06:00:00+00:00,24.826,24.924,24.77,24.875,136635.66,57.46298900992098
2026-01-12 07:00:00+00:00,24.875,25.033,24.689,24.71,228373.78,52.352055271045415
2026-01-12 08:00:00+00:00,24.72,24.85,24.262,24.471,671683.24,45.97355258196887
2026-01-12 09:00:00+00:00,24.468,24.539,24.064,24.081,482289.73,37.866060692394925
2026-01-12 10:00:00+00:00,24.081,24.185,23.867,23.917,410158.93,35.06563477997254
2026-01-12 11:00:00+00:00,23.915,24.087,23.61,23.992,524380.5,37.347624084764696
2026-01-12 12:00:00+00:00,23.987,24.107,23.828,23.931,182407.59,36.23233218079675
2026-01-12 13:00:00+00:00,23.931,23.986,23.625,23.773,296327.62,33.446303207078984
2026-01-12 14:00:00+00:00,23.773,23.825,23.101,23.444,1073623.08,28.527334804938533
2026-01-12 15:00:00+00:00,23.443,23.635,23.262,23.589,580628.98,33.19090267809072
2026-01-12 16:00:00+00:00,23.581,23.798,23.483,23.625,523696.57,34.33647289389543
2026-01-12 17:00:00+00:00,23.624,23.803,23.256,23.442,789120.76,31.389948844980694
2026-01-12 18:00:00+00:00,23.441,23.78,23.431,23.756,268308.02,40.78033583311932
2026-01-12 19:00:00+00:00,23.755,23.93,23.653,23.9,320052.91,44.52983072146453
2026-01-12 20:00:00+00:00,23.906,24.142,23.87,24.106,611408.28,49.45968602966261
2026-01-12 21:00:00+00:00,24.09,24.139,23.848,23.929,450655.79,45.70135933357549
2026-01-12 22:00:00+00:00,23.929,24.046,23.729,23.91,318424.55,45.303399733293055
2026-01-12 23:00:00+00:00,23.909,23.925,23.69,23.76,174076.07,42.18059444928255
2026-01-13 00:00:00+00:00,23.758,24.19,23.738,24.18,401263.29,52.130438525396116
2026-01-13 01:00:00+00:00,24.181,24.252,24.001,24.052,258051.58,49.34355723255952
2026-01-13 02:00:00+00:00,24.053,24.255,24.053,24.17,115340.93,51.896608356714964
2026-01-13 03:00:00+00:00,24.169,24.253,24.121,24.235,129558.13,53.29304866392031
2026-01-13 04:00:00+00:00,24.236,24.378,24.19,24.371,153834.5,56.16066391240307
2026-01-13 05:00:00+00:00,24.372,24.489,24.283,24.404,185809.17,56.85289443120297
2026-01-13 06:00:00+00:00,24.402,24.453,24.334,24.425,73508.89,57.314800983363476
2026-01-13 07:00:00+00:00,24.429,24.493,24.254,24.275,130856.13,52.95407785961395
2026-01-13 08:00:00+00:00,24.276,24.591,24.268,24.56,176615.87,59.29153120974125
2026-01-13 09:00:00+00:00,24.568,24.679,24.312,24.34,496175.41,53.32049794411929
2026-01-13 10:00:00+00:00,24.339,24.345,24.045,24.255,395253.75,51.17610209968373
2026-01-13 11:00:00+00:00,24.255,24.409,24.219,24.306,175805.63,52.41272568250822
2026-01-13 12:00:00+00:00,24.307,24.645,24.3,24.389,371786.94,54.435396776767654
2026-01-13 13:00:00+00:00,24.389,24.612,24.257,24.39,502659.08,54.460511545118436
2026-01-13 14:00:00+00:00,24.39,24.692,24.297,24.481,298621.18,56.79433680196567
2026-01-13 15:00:00+00:00,24.481,24.569,24.249,24.395,605169.89,53.978898910397255
2026-01-13 16:00:00+00:00,24.395,24.741,24.391,24.588,511517.17,58.90267216153582
2026-01-13 17:00:00+00:00,24.591,24.648,24.389,24.508,323811.94,56.21774905002395
2026-01-13 18:00:00+00:00,24.498,24.933,24.462,24.831,324648.55,63.4598475812295
2026-01-13 19:00:00+00:00,24.827,25.043,24.744,24.974,436781.78,66.13093299114882
2026-01-13 20:00:00+00:00,24.978,25.175,24.846,24.914,269406.79,64.01642781205913
2026-01-13 21:00:00+00:00,24.914,24.976,24.709,24.747,144246.54,58.41759286092457
2026-01-13 22:00:00+00:00,24.751,25.842,24.721,25.786,1571550.37,73.78141426381956
2026-01-13 23:00:00+00:00,25.786,25.852,25.401,25.767,880070.36,73.24843451507945
2026-01-14 00:00:00+00:00,25.766,25.873,25.62,25.711,327722.12,71.6065759279356
2026-01-14 01:00:00+00:00,25.712,25.908,25.627,25.672,216141.95,70.42268620213973
2026-01-14 02:00:00+00:00,25.676,25.912,25.649,25.768,141637.55,71.66456589153748
2026-01-14 03:00:00+00:00,25.762,26.136,25.701,26.075,307012.88,75.24427884626209
2026-01-14 04:00:00+00:00,26.07,26.118,25.815,25.966,226010.15,71.77709389229737
2026-01-14 05:00:00+00:00,25.963,25.994,25.715,25.81,166128.02,67.01745258797004
2026-01-14 06:00:00+00:00,25.81,26.138,25.73,26.133,143627.87,71.26605607546912
2026-01-14 07:00:00+00:00,26.13,26.211,25.964,26.192,268806.87,71.9761630464867
2026-01-14 08:00:00+00:00,26.193,26.547,26.07,26.073,353988.39,68.30935357197792
2026-01-14 09:00:00+00:00,26.075,26.195,25.828,25.852,317677.2,61.992922519639464
2026-01-14 10:00:00+00:00,25.851,26.155,25.803,26.12,315489.14,66.0880847100357
2026-01-14 11:00:00+00:00,26.121,26.121,25.812,25.823,191727.19,58.55801009704904
2026-01-14 12:00:00+00:00,25.825,26.073,25.751,25.982,104046.85,61.11254032352347
2026-01-14 13:00:00+00:00,25.984,26.079,25.826,25.829,189041.05,57.44319946907622
2026-01-14 14:00:00+00:00,25.829,26.615,25.811,26.312,768643.02,64.65751571926982
2026-01-14 15:00:00+00:00,26.312,26.536,26.037,26.339,758163.97,65.01455412658589
2026-01-14 16:00:00+00:00,26.339,26.878,26.326,26.641,639134.11,68.80998673607495
2026-01-14 17:00:00+00:00,26.642,26.743,26.112,26.147,655406.81,57.769735853195215
2026-01-14 18:00:00+00:00,26.147,26.18,25.81,26.165,909111.7,58.03394983943914
2026-01-14 19:00:00+00:00,26.165,26.411,26.031,26.34,528737.87,60.61397747227614
2026-01-14 20:00:00+00:00,26.342,26.468,25.973,26.221,591815.45,58.00261342746777
2026-01-14 21:00:00+00:00,26.22,26.299,25.887,25.934,281570.78,52.165506075837
2026-01-14 22:00:00+00:00,25.934,26.038,25.641,25.686,370765.79,47.69856804757628
2026-01-14 23:00:00+00:00,25.681,26.001,25.681,25.961,466130.87,52.5505926179678
2026-01-15 00:00:00+00:00,25.967,25.982,25.664,25.924,301426.58,51.85357805042656
2026-01-15 01:00:00+00:00,25.926,26.104,25.363,25.475,950245.01,44.1932182842977
2026-01-15 02:00:00+00:00,25.464,25.555,25.086,25.148,1009722.76,39.604408424223394
2026-01-15 03:00:00+00:00,25.149,25.218,24.712,24.725,969978.8,34.59954612221502
2026-01-15 04:00:00+00:00,24.724,25.392,24.707,25.272,989310.21,44.386747806389145
2026-01-15 05:00:00+00:00,25.273,25.281,25.077,25.092,243169.68,42.15132895325339
2026-01-15 06:00:00+00:00,25.092,25.152,24.871,24.883,245744.4,39.65413362481805
2026-01-15 07:00:00+00:00,24.884,25.109,24.868,25.025,219591.45,42.1613185482562
2026-01-15 08:00:00+00:00,25.026,25.176,24.942,25.139,146145.84,44.16686196717011
2026-01-15 09:00:00+00:00,25.14,25.284,24.938,25.126,406147.31,43.97958344192543
2026-01-15 10:00:00+00:00,25.127,25.302,25.017,25.286,319379.71,46.96051528781206
2026-01-15 11:00:00+00:00,25.287,25.347,25.148,25.209,184574.39,45.70019990082445
2026-01-15 12:00:00+00:00,25.209,25.323,25.117,25.298,172916.72,47.45552438988957
2026-01-15 13:00:00+00:00,25.299,25.571,25.227,25.504,262665.49,51.37377018725407
2026-01-15 14:00:00+00:00,25.504,25.6,25.06,25.218,442292.29,46.22050174625427
2026-01-15 15:00:00+00:00,25.218,25.285,24.492,24.9,979940.56,41.26417158956587
2026-01-15 16:00:00+00:00,24.897,25.275,24.76,24.985,661191.26,43.02291423455138
2026-01-15 17:00:00+00:00,24.986,25.207,24.827,24.858,252906.24,41.04534114326869
2026-01-15 18:00:00+00:00,24.86,24.941,24.527,24.619,292002.92,37.54755506026428
2026-01-15 19:00:00+00:00,24.617,25.046,24.5,25.0,586251.06,45.51818587960382
2026-01-15 20:00:00+00:00,25.0,25.2,24.337,24.4,888213.15,37.41892307329942
2026-01-15 21:00:00+00:00,24.4,24.582,24.368,24.454,191890.38,38.479897196180175
2026-01-15 22:00:00+00:00,24.453,24.656,24.42,24.629,146963.46,41.91660586273634
2026-01-15 23:00:00+00:00,24.622,24.725,24.575,24.724,46076.22,43.75352982074643
2026-01-16 00:00:00+00:00,24.725,24.866,24.715,24.77,73704.98,44.666065085044245
2026-01-16 01:00:00+00:00,24.771,24.83,24.673,24.695,73892.17,43.428917524158685
2026-01-16 02:00:00+00:00,24.694,24.752,24.499,24.639,256960.21,42.482750340637295
2026-01-16 03:00:00+00:00,24.639,24.709,24.55,24.585,119185.58,41.542863177880804
2026-01-16 04:00:00+00:00,24.584,24.77,24.482,24.585,133207.69,41.542863177880804
2026-01-16 05:00:00+00:00,24.584,24.953,24.561,24.885,198762.38,48.83614820623838
2026-01-16 06:00:00+00:00,24.885,25.04,24.864,24.969,102719.75,50.69118664080363
2026-01-16 07:00:00+00:00,24.969,25.007,24.774,24.822,114189.94,47.44898976947667
2026-01-16 08:00:00+00:00,24.821,25.115,24.811,24.941,153056.15,50.22446388203003
2026-01-16 09:00:00+00:00,24.941,25.019,24.822,24.859,377982.96,48.33025960035407
2026-01-16 10:00:00+00:00,24.859,24.913,24.686,24.896,227806.05,49.260153100147164
2026-01-16 11:00:00+00:00,24.895,25.131,24.846,25.13,157307.46,54.80041387688037
2026-01-16 12:00:00+00:00,25.13,25.15,24.899,24.989,153185.95,51.17446010516879
2026-01-16 13:00:00+00:00,24.989,25.158,24.879,25.022,144115.15,51.97536692245479
2026-01-16 14:00:00+00:00,25.021,25.243,25.007,25.018,199708.65,51.86431289845771
2026-01-16 15:00:00+00:00,25.011,25.199,24.58,24.819,612870.32,46.53694847140399
2026-01-16 16:00:00+00:00,24.815,25.046,24.737,24.85,234623.02,47.44262014507495
2026-01-16 17:00:00+00:00,24.852,25.109,24.762,25.078,161804.79,53.660296704397545
2026-01-16 18:00:00+00:00,25.074,25.11,24.884,24.885,120111.57,48.43662971832334
2026-01-16 19:00:00+00:00,24.884,24.898,24.729,24.822,87968.36,46.833934358733025
2026-01-16 20:00:00+00:00,24.821,25.04,24.664,24.991,154368.67,51.47261808656542
2026-01-16 21:00:00+00:00,24.986,25.05,24.805,24.975,207795.74,51.01877240692706
2026-01-16 22:00:00+00:00,24.976,24.988,24.782,24.894,143465.85,48.67874450868713
2026-01-16 23:00:00+00:00,24.9,25.139,24.879,24.999,160066.06,51.76707382789542
2026-01-17 00:00:00+00:00,25.009,25.023,24.94,24.984,38093.14,51.292215093725346
2026-01-17 01:00:00+00:00,24.988,25.029,24.875,24.968,132921.36,50.757375709133484
2026-01-17 02:00:00+00:00,24.976,24.999,24.838,24.884,56613.15,47.931599070846275
2026-01-17 03:00:00+00:00,24.892,24.897,24.786,24.817,63409.39,45.74407076965695
2026-01-17 04:00:00+00:00,24.813,24.883,24.749,24.864,89788.49,47.552350163852886
2026-01-17 05:00:00+00:00,24.862,24.93,24.812,24.86,83167.99,47.407535505763306
2026-01-17 06:00:00+00:00,24.861,25.036,24.861,24.992,65931.6,52.54363715792032
2026-01-17 07:00:00+00:00,24.991,25.031,24.907,24.95,58542.09,50.84228130326517
2026-01-17 08:00:00+00:00,24.949,25.22,24.949,25.219,116579.38,59.81673332913254
2026-01-17 09:00:00+00:00,25.219,25.349,25.155,25.272,116350.52,61.31525899894306
2026-01-17 10:00:00+00:00,25.272,25.34,25.136,25.192,117315.9,57.81075629779531
2026-01-17 11:00:00+00:00,25.193,25.299,25.135,25.275,76665.97,60.34324652584983
2026-01-17 12:00:00+00:00,25.269,25.32,25.068,25.166,105345.92,55.62130804150641
2026-01-17 13:00:00+00:00,25.169,25.443,25.147,25.355,155599.9,61.27921493781921
2026-01-17 14:00:00+00:00,25.36,25.479,25.283,25.472,129521.22,64.31245454911561
2026-01-17 15:00:00+00:00,25.471,25.67,25.393,25.663,200960.98,68.63238060800967
2026-01-17 16:00:00+00:00,25.664,25.725,25.352,25.454,210674.15,60.06447069961266
2026-01-17 17:00:00+00:00,25.452,25.696,25.428,25.696,108755.65,65.4437725547952
2026-01-17 18:00:00+00:00,25.697,25.835,25.656,25.804,219694.74,67.54485501188466
2026-01-17 19:00:00+00:00,25.806,25.81,25.591,25.653,122495.7,61.879806957126284
2026-01-17 20:00:00+00:00,25.653,25.725,25.573,25.68,62624.72,62.48567762962398
2026-01-17 21:00:00+00:00,25.681,25.721,25.523,25.585,84886.63,58.93629981720982
2026-01-17 22:00:00+00:00,25.58,25.603,25.35,25.416,172108.16,53.152140005569805
2026-01-17 23:00:00+00:00,25.408,25.588,25.35,25.421,484040.19,53.29817577576959
2026-01-18 00:00:00+00:00,25.421,25.567,25.38,25.388,74431.72,52.14288016476705
2026-01-18 01:00:00+00:00,25.389,25.432,25.238,25.427,134525.45,53.42770455699016
2026-01-18 02:00:00+00:00,25.428,25.507,25.328,25.406,54447.93,52.608685445345486
2026-01-18 03:00:00+00:00,25.407,25.561,25.387,25.482,44419.21,55.28048333334824
2026-01-18 04:00:00+00:00,25.483,25.741,25.424,25.698,90630.7,61.86150396008938
2026-01-18 05:00:00+00:00,25.698,25.81,25.555,25.81,126701.38,64.75758534788983
2026-01-18 06:00:00+00:00,25.81,26.04,25.759,25.968,152178.24,68.40277320309187
2026-01-18 07:00:00+00:00,25.967,25.979,25.814,25.841,118391.37,62.7817070617246
2026-01-18 08:00:00+00:00,25.842,25.878,25.729,25.803,87028.53,61.162164405899425
2026-01-18 09:00:00+00:00,25.804,26.04,25.804,25.981,135487.66,65.63421427456743
2026-01-18 10:00:00+00:00,25.982,26.136,25.825,26.053,148732.49,67.275635401675
2026-01-18 11:00:00+00:00,26.054,26.062,25.913,26.016,97829.76,65.5431290983714
2026-01-18 12:00:00+00:00,26.017,26.031,25.69,25.857,97642.32,58.56361806180344
2026-01-18 13:00:00+00:00,25.857,25.922,25.709,25.873,73519.47,59.036338239586414
2026-01-18 14:00:00+00:00,25.869,25.988,25.738,25.759,50204.6,54.284439043740555
2026-01-18 15:00:00+00:00,25.757,25.92,25.709,25.832,121577.01,56.6885432599824
2026-01-18 16:00:00+00:00,25.829,25.893,25.618,25.741,383560.14,52.950353718406326
2026-01-18 17:00:00+00:00,25.741,25.782,25.455,25.546,328875.81,45.95685884943096
2026-01-18 18:00:00+00:00,25.543,25.76,25.497,25.665,184187.84,50.273174195281996
2026-01-18 19:00:00+00:00,25.671,25.708,25.059,25.173,705805.55,37.08524604942155
2026-01-18 20:00:00+00:00,25.173,25.227,25.006,25.191,243799.66,37.72885078606175
2026-01-18 21:00:00+00:00,25.196,25.278,24.899,24.956,358511.82,32.98469212901365
2026-01-18 22:00:00+00:00,24.956,25.172,24.937,25.14,161164.56,39.40902737202069
2026-01-18 23:00:00+00:00,25.14,25.14,24.337,24.461,653382.17,28.53720680791261
2026-01-19 00:00:00+00:00,24.461,24.466,23.011,24.077,2593173.33,24.43218878379311
2026-01-19 01:00:00+00:00,24.079,24.2,23.941,24.097,355754.16,25.03701959316645
2026-01-19 02:00:00+00:00,24.093,24.093,23.889,23.993,232116.7,23.96296669011832
2026-01-19 03:00:00+00:00,23.993,24.12,23.839,23.937,348058.01,23.381330219134497
2026-01-19 04:00:00+00:00,23.938,24.029,23.89,23.99,188050.86,25.231045484202212
2026-01-19 05:00:00+00:00,23.988,23.99,23.762,23.904,299126.29,24.209712923644148
2026-01-19 06:00:00+00:00,23.91,23.925,23.663,23.824,211836.91,23.266229742930108
2026-01-19 07:00:00+00:00,23.825,23.851,23.691,23.819,123107.85,23.205360549901243
2026-01-19 08:00:00+00:00,23.819,24.246,23.786,24.204,354372.92,36.895484419768366
2026-01-19 09:00:00+00:00,24.205,24.214,23.98,24.09,193970.15,34.910914075656805
2026-01-19 10:00:00+00:00,24.093,24.21,23.98,24.111,164823.51,35.598126353040826
2026-01-19 11:00:00+00:00,24.111,24.181,24.061,24.109,82949.49,35.55961974806392
2026-01-19 12:00:00+00:00,24.109,24.109,23.905,23.983,344462.87,33.12835009430735
2026-01-19 13:00:00+00:00,23.983,23.983,23.602,23.659,511333.49,27.854471864287817
2026-01-19 14:00:00+00:00,23.662,23.806,23.493,23.611,376716.95,27.164528607288588
2026-01-19 15:00:00+00:00,23.617,23.758,23.525,23.751,207978.86,32.42220604283297
2026-01-19 16:00:00+00:00,23.752,24.081,23.733,24.04,387268.62,41.76709136428955
2026-01-19 17:00:00+00:00,24.041,24.069,23.908,23.936,113096.82,39.64261250803119
2026-01-19 18:00:00+00:00,23.936,24.052,23.854,24.007,153104.89,41.81838579253298
2026-01-19 19:00:00+00:00,24.002,24.151,23.983,24.039,100681.74,42.81887456251998
2026-01-19 20:00:00+00:00,24.04,24.111,23.952,23.958,125173.23,40.901590879399784
2026-01-19 21:00:00+00:00,23.96,23.99,23.693,23.715,165391.25,35.73243448367167
2026-01-19 22:00:00+00:00,23.715,23.814,23.611,23.62,198766.1,33.92721624056226
2026-01-19 23:00:00+00:00,23.624,23.817,23.539,23.726,313549.6,37.708693482293974
2026-01-20 00:00:00+00:00,23.727,23.753,23.438,23.572,305867.3,34.609597848613404
2026-01-20 01:00:00+00:00,23.568,23.778,23.506,23.654,131476.39,37.55256822066702
2026-01-20 02:00:00+00:00,23.658,23.77,23.558,23.748,153147.18,40.83958397477652
2026-01-20 03:00:00+00:00,23.755,23.773,23.5,23.764,217068.59,41.404943860435964
2026-01-20 04:00:00+00:00,23.765,23.876,23.585,23.639,306587.86,38.32363534614465
2026-01-20 05:00:00+00:00,23.639,23.742,23.131,23.453,844117.26,34.240357865898375
2026-01-20 06:00:00+00:00,23.453,23.453,23.113,23.191,312404.36,29.476194564707797
2026-01-20 07:00:00+00:00,23.191,23.28,23.087,23.096,352509.77,27.95722390124429
2026-01-20 08:00:00+00:00,23.095,23.226,22.843,23.22,518983.95,32.823305267755686
2026-01-20 09:00:00+00:00,23.22,23.257,22.848,22.931,500304.09,28.06535116252374
2026-01-20 10:00:00+00:00,22.93,23.1,22.887,22.948,327124.07,28.719899915087566
2026-01-20 11:00:00+00:00,22.943,23.088,22.711,22.76,700024.2,25.911902032625505
2026-01-20 12:00:00+00:00,22.756,22.889,22.507,22.541,491531.39,23.080915323248348
2026-01-20 13:00:00+00:00,22.54,22.556,21.581,21.766,3445225.43,16.295808153372903
2026-01-20 14:00:00+00:00,21.757,22.206,21.576,22.075,1785790.68,25.677198672274983
2026-01-20 15:00:00+00:00,22.084,22.253,21.831,22.081,765210.38,25.850979906517566
2026-01-20 16:00:00+00:00,22.081,22.176,21.575,21.771,801835.11,22.874957300441636
2026-01-20 17:00:00+00:00,21.766,21.928,20.965,21.266,2527963.8,19.031319294864502
2026-01-20 18:00:00+00:00,21.268,21.571,21.268,21.543,870285.47,26.34226595954354
2026-01-20 19:00:00+00:00,21.553,21.612,21.38,21.54,449902.98,26.31455326702128
2026-01-20 20:00:00+00:00,21.536,21.849,21.461,21.552,618767.34,26.6469741518155
2026-01-20 21:00:00+00:00,21.558,21.572,21.16,21.211,399949.34,23.41440697199512
2026-01-20 22:00:00+00:00,21.21,21.4,20.958,21.31,870156.45,26.213032675923714
2026-01-20 23:00:00+00:00,21.312,21.344,20.794,20.978,886888.56,23.156940237569827
2026-01-21 00:00:00+00:00,20.981,21.28,20.871,21.174,684267.07,28.4597078809156
2026-01-21 01:00:00+00:00,21.175,21.565,21.132,21.379,502224.76,33.619375824808515
2026-01-21 02:00:00+00:00,21.379,21.489,21.168,21.311,276401.37,32.7749664719982
2026-01-21 03:00:00+00:00,21.315,21.496,21.304,21.437,102332.7,35.9834651676197
2026-01-21 04:00:00+00:00,21.425,21.625,21.412,21.543,209303.3,38.63683972978245
2026-01-21 05:00:00+00:00,21.542,21.782,21.521,21.69,300089.83,42.213897508834926
2026-01-21 06:00:00+00:00,21.687,21.701,21.402,21.43,342515.42,37.99511884495938
2026-01-21 07:00:00+00:00,21.429,21.496,21.221,21.262,258653.39,35.52463759107589
2026-01-21 08:00:00+00:00,21.258,21.266,20.971,21.019,415920.1,32.257508797497664
2026-01-21 09:00:00+00:00,21.018,21.157,20.864,20.986,425180.72,31.829396840567952
2026-01-21 10:00:00+00:00,20.979,21.149,20.548,20.602,914839.29,27.29059246231587
2026-01-21 11:00:00+00:00,20.601,20.985,20.586,20.697,729378.01,29.9518493260543
2026-01-21 12:00:00+00:00,20.698,20.886,20.493,20.862,602890.4,34.44012310420044
2026-01-21 13:00:00+00:00,20.859,20.958,20.705,20.752,296400.53,32.925487022925864
2026-01-21 14:00:00+00:00,20.745,21.309,20.724,21.152,742934.6,42.78016028566262
2026-01-21 15:00:00+00:00,21.16,21.61,21.102,21.581,737422.45,51.08136323503111
2026-01-21 16:00:00+00:00,21.58,21.67,20.826,20.857,1424322.17,40.42303152113083
2026-01-21 17:00:00+00:00,20.864,21.05,20.463,20.701,1337023.47,38.55625507026099
2026-01-21 18:00:00+00:00,20.695,20.965,20.536,20.884,279621.71,41.943344192113635
2026-01-21 19:00:00+00:00,20.883,22.023,20.777,21.874,1865599.02,56.056210816881375
2026-01-21 20:00:00+00:00,21.881,21.968,21.478,21.903,853385.08,56.39062949488509
2026-01-21 21:00:00+00:00,21.905,22.029,21.82,21.864,222177.07,55.77589040784941
2026-01-21 22:00:00+00:00,21.869,22.095,21.67,21.676,333073.71,52.78844042961529
2026-01-21 23:00:00+00:00,21.674,21.77,21.417,21.526,140583.48,50.46586439923659
2026-01-22 00:00:00+00:00,21.529,21.939,21.528,21.903,356531.34,55.73702754486741
2026-01-22 01:00:00+00:00,21.898,22.097,21.873,22.081,301976.04,58.00909112232552
2026-01-22 02:00:00+00:00,22.079,22.2,21.933,21.991,277419.46,56.431803041676076
2026-01-22 03:00:00+00:00,21.992,22.11,21.473,21.566,635123.17,49.57656559479892
2026-01-22 04:00:00+00:00,21.57,21.862,21.566,21.808,141992.16,53.07230401006823
2026-01-22 05:00:00+00:00,21.808,21.877,21.667,21.763,149231.43,52.345581909861664
2026-01-22 06:00:00+00:00,21.762,21.843,21.638,21.812,104937.82,53.0986837459306
2026-01-22 07:00:00+00:00,21.813,21.96,21.749,21.931,191916.13,54.96026471193036
2026-01-22 08:00:00+00:00,21.931,22.087,21.869,22.082,152610.84,57.27749034799113
2026-01-22 09:00:00+00:00,22.082,22.212,21.954,21.973,357541.14,55.074769718694625
2026-01-22 10:00:00+00:00,21.973,21.991,21.807,21.888,351181.6,53.351707834178704
2026-01-22 11:00:00+00:00,21.885,21.979,21.806,21.807,125232.95,51.69203460576781
2026-01-22 12:00:00+00:00,21.807,21.871,21.8,21.803,373452.47,51.60665784912044
2026-01-22 13:00:00+00:00,21.8,21.979,21.609,21.679,358636.25,48.90979861840394
2026-01-22 14:00:00+00:00,21.676,21.749,21.249,21.426,517155.77,43.87218007591169
2026-01-22 15:00:00+00:00,21.424,21.536,21.092,21.27,631718.41,41.0636703656941
2026-01-22 16:00:00+00:00,21.267,21.408,21.145,21.337,314271.11,42.75852485866193
2026-01-22 17:00:00+00:00,21.336,21.734,21.32,21.716,316343.19,51.29154512131235
2026-01-22 18:00:00+00:00,21.716,21.75,21.112,21.183,709523.02,41.84437514955703
2026-01-22 19:00:00+00:00,21.183,21.549,21.176,21.418,353196.9,46.52131716807197
2026-01-22 20:00:00+00:00,21.416,21.498,21.26,21.376,191540.61,45.81220077331287
2026-01-22 21:00:00+00:00,21.378,21.469,21.315,21.34,72473.16,45.176553030998555
2026-01-22 22:00:00+00:00,21.342,21.43,21.275,21.385,70562.14,46.1817692023004
2026-01-22 23:00:00+00:00,21.384,21.47,21.286,21.439,57442.64,47.427481748927526
2026-01-23 00:00:00+00:00,21.443,21.629,21.369,21.6,126768.82,51.06437349452459
2026-01-23 01:00:00+00:00,21.6,21.727,21.595,21.723,134580.87,53.699613236013796
2026-01-23 02:00:00+00:00,21.722,21.758,21.643,21.644,97666.85,51.77124379426336
2026-01-23 03:00:00+00:00,21.643,21.806,21.604,21.806,85236.6,55.314921488578065
2026-01-23 04:00:00+00:00,21.805,21.846,21.733,21.821,112368.83,55.639934880401945
2026-01-23 05:00:00+00:00,21.813,21.845,21.641,21.713,87258.72,52.66953191897021
2026-01-23 06:00:00+00:00,21.714,21.779,21.451,21.463,151436.61,46.48329437181384
2026-01-23 07:00:00+00:00,21.463,21.573,21.393,21.445,158056.15,46.063782830166375
2026-01-23 08:00:00+00:00,21.445,21.485,21.2,21.201,222227.72,40.701393994552845
2026-01-23 09:00:00+00:00,21.203,21.253,20.878,20.901,435749.85,35.26556636345384
2026-01-23 10:00:00+00:00,20.901,21.125,20.837,21.034,457174.01,39.14583480673952
2026-01-23 11:00:00+00:00,21.035,21.265,21.009,21.237,283811.35,44.603853909767246
2026-01-23 12:00:00+00:00,21.231,21.343,21.153,21.323,239571.92,46.78153453221946
2026-01-23 13:00:00+00:00,21.32,21.529,21.311,21.481,370779.23,50.622062232327146
2026-01-23 14:00:00+00:00,21.477,21.69,21.338,21.477,532574.99,50.52265858093347
2026-01-23 15:00:00+00:00,21.48,22.351,21.451,22.338,991017.1,65.99933638043478
2026-01-23 16:00:00+00:00,22.334,22.623,22.224,22.408,1071789.94,66.90570343731216
2026-01-23 17:00:00+00:00,22.403,23.082,22.278,22.742,1172535.32,70.89274755431828
2026-01-23 18:00:00+00:00,22.742,22.925,22.608,22.84,384116.67,71.96017289919384
2026-01-23 19:00:00+00:00,22.843,22.843,22.272,22.395,564997.22,61.01780104917428
2026-01-23 20:00:00+00:00,22.395,22.598,22.304,22.56,361776.14,63.24928457753941
2026-01-23 21:00:00+00:00,22.561,22.688,22.381,22.404,254368.3,59.76586416258145
2026-01-23 22:00:00+00:00,22.404,22.744,22.382,22.667,142973.83,63.42325339811715
2026-01-23 23:00:00+00:00,22.661,22.663,22.526,22.641,76907.99,62.815336136160745
2026-01-24 00:00:00+00:00,22.641,22.86,22.617,22.753,237302.73,64.39838743036509
2026-01-24 01:00:00+00:00,22.753,22.923,22.602,22.918,514122.02,66.65089332914053
2026-01-24 02:00:00+00:00,22.916,23.16,22.9,23.082,467282.66,68.76616505968919
2026-01-24 03:00:00+00:00,23.082,23.3,22.972,23.108,314861.49,69.10077872881715
2026-01-24 04:00:00+00:00,23.106,23.168,22.882,22.987,188446.64,65.57963257370702
2026-01-24 05:00:00+00:00,22.987,23.047,22.936,23.033,78209.26,66.28303955057686
2026-01-24 06:00:00+00:00,23.033,23.038,22.837,22.889,126357.18,62.01087131057549
2026-01-24 07:00:00+00:00,22.889,22.986,22.811,22.814,116197.33,59.847286854245155
2026-01-24 08:00:00+00:00,22.816,23.462,22.812,23.447,222509.6,69.51492551134184
2026-01-24 09:00:00+00:00,23.451,23.456,23.282,23.325,174883.71,66.2063143591373
2026-01-24 10:00:00+00:00,23.324,23.401,23.272,23.322,111446.74,66.12297193279414
2026-01-24 11:00:00+00:00,23.322,23.397,23.176,23.212,134860.35,62.99180037738252
2026-01-24 12:00:00+00:00,23.212,23.273,23.147,23.161,90344.18,61.53683771929276
2026-01-24 13:00:00+00:00,23.161,23.34,23.028,23.203,185942.15,62.30893153297996
2026-01-24 14:00:00+00:00,23.211,23.452,23.174,23.433,227556.39,66.29859547106932
2026-01-24 15:00:00+00:00,23.439,23.462,23.002,23.039,240483.59,55.46714229293252
2026-01-24 16:00:00+00:00,23.042,23.156,22.907,22.994,190094.77,54.37449841245567
2026-01-24 17:00:00+00:00,22.998,23.368,22.96,23.318,263059.58,60.42004198271405
2026-01-24 18:00:00+00:00,23.319,23.659,23.287,23.605,424977.38,64.86156292328533
2026-01-24 19:00:00+00:00,23.605,23.665,23.421,23.434,326439.2,60.504976081503706
2026-01-24 20:00:00+00:00,23.433,23.593,23.323,23.564,184893.09,62.563635747041765
2026-01-24 21:00:00+00:00,23.557,23.608,23.503,23.607,133968.47,63.2460621754186
2026-01-24 22:00:00+00:00,23.607,23.692,23.536,23.663,403066.75,64.16229658729307
2026-01-24 23:00:00+00:00,23.664,23.744,23.154,23.196,615954.72,52.425295459411025
2026-01-25 00:00:00+00:00,23.198,23.338,23.154,23.247,242745.49,53.42724794413298
2026-01-25 01:00:00+00:00,23.248,23.414,22.983,23.256,395197.61,53.61291085889723
2026-01-25 02:00:00+00:00,23.256,23.317,23.194,23.194,70718.63,52.07284796688207
2026-01-25 03:00:00+00:00,23.199,23.293,22.915,22.926,299764.08,45.930953894455726
2026-01-25 04:00:00+00:00,22.929,22.985,22.712,22.866,291042.8,44.66090724783821
2026-01-25 05:00:00+00:00,22.865,22.975,22.808,22.96,91897.59,47.12754280709708
2026-01-25 06:00:00+00:00,22.955,22.955,22.839,22.943,86434.22,46.72194127805241
2026-01-25 07:00:00+00:00,22.932,22.933,22.755,22.897,81171.5,45.57884786138759
2026-01-25 08:00:00+00:00,22.894,22.99,22.333,22.438,719642.78,36.09045360260393
2026-01-25 09:00:00+00:00,22.437,22.562,22.333,22.335,372856.52,34.361775246108394
2026-01-25 10:00:00+00:00,22.338,22.538,22.33,22.496,211218.8,39.25928269334184
2026-01-25 11:00:00+00:00,22.501,22.539,22.419,22.495,101704.54,39.23969863253021
2026-01-25 12:00:00+00:00,22.494,22.628,22.457,22.616,85174.22,42.94821082395607
2026-01-25 13:00:00+00:00,22.615,22.719,22.524,22.621,143927.64,43.10275063631075
2026-01-25 14:00:00+00:00,22.619,22.631,22.417,22.538,204460.49,41.11193168487199
2026-01-25 15:00:00+00:00,22.539,22.706,22.42,22.447,183518.14,38.98584152791346
2026-01-25 16:00:00+00:00,22.449,22.602,22.1,22.226,818174.92,34.34108106878389
2026-01-25 17:00:00+00:00,22.226,22.29,22.032,22.194,255314.14,33.714729066257505
2026-01-25 18:00:00+00:00,22.195,22.305,22.0,22.237,433453.78,35.4192821711258
2026-01-25 19:00:00+00:00,22.239,22.284,21.659,21.8,1000509.8,27.640144265309118
2026-01-25 20:00:00+00:00,21.801,22.015,21.749,21.977,423365.42,33.96621999541037
2026-01-25 21:00:00+00:00,21.976,22.224,21.893,21.916,357444.57,32.89874603205914
2026-01-25 22:00:00+00:00,21.922,22.106,21.621,21.923,352309.9,33.15834928369193
2026-01-25 23:00:00+00:00,21.924,22.286,21.8,22.204,528206.43,42.735908199335626
2026-01-26 00:00:00+00:00,22.205,22.309,21.823,22.113,594410.45,40.701947259277446
2026-01-26 01:00:00+00:00,22.114,22.52,22.088,22.33,651921.74,47.160184414830994
2026-01-26 02:00:00+00:00,22.337,22.368,22.05,22.089,291138.77,41.725026462386644
2026-01-26 03:00:00+00:00,22.09,22.159,21.874,21.962,217123.06,39.16355155502246
2026-01-26 04:00:00+00:00,21.962,22.335,21.936,22.218,144904.66,46.31751946966389
2026-01-26 05:00:00+00:00,22.219,22.267,22.12,22.224,160515.41,46.4763831272297
2026-01-26 06:00:00+00:00,22.224,22.226,22.04,22.16,240568.66,44.94839636801434
2026-01-26 07:00:00+00:00,22.16,22.321,22.114,22.313,162043.27,49.244424935603625
2026-01-26 08:00:00+00:00,22.314,22.6,22.15,22.541,643774.95,54.89335053357553
2026-01-26 09:00:00+00:00,22.536,22.585,22.056,22.208,371509.63,46.71553197561355
2026-01-26 10:00:00+00:00,22.209,22.53,22.177,22.3,274593.69,48.977107439840346
2026-01-26 11:00:00+00:00,22.305,22.374,22.021,22.276,475163.24,48.39999049791749
2026-01-26 12:00:00+00:00,22.275,22.4,22.18,22.256,167303.81,47.89352376969285
2026-01-26 13:00:00+00:00,22.255,22.424,22.23,22.382,191648.09,51.34762396541609
2026-01-26 14:00:00+00:00,22.382,22.529,22.111,22.478,457503.04,53.857376390277
2026-01-26 15:00:00+00:00,22.476,22.882,22.344,22.449,654846.27,52.96847065191887
2026-01-26 16:00:00+00:00,22.449,23.578,22.401,23.483,1118055.49,71.21252389918887
2026-01-26 17:00:00+00:00,23.483,23.911,23.368,23.864,996660.13,75.05265217975924
2026-01-26 18:00:00+00:00,23.863,24.21,23.69,24.2,730995.32,77.85783522502649
2026-01-26 19:00:00+00:00,24.2,24.41,23.885,24.1,981813.39,75.1494644480943
2026-01-26 20:00:00+00:00,24.1,24.236,23.947,24.058,263902.51,73.9853768593607
2026-01-26 21:00:00+00:00,24.058,24.964,23.983,24.797,811089.26,79.88852333673125
2026-01-26 22:00:00+00:00,24.807,25.324,24.631,25.078,912890.28,81.59841220054723
2026-01-26 23:00:00+00:00,25.077,25.196,24.809,24.927,571937.14,77.7719097250796
2026-01-27 00:00:00+00:00,24.929,25.487,24.895,25.313,607345.12,80.31338754220349
2026-01-27 01:00:00+00:00,25.315,25.574,25.149,25.536,423542.0,81.62080111879801
2026-01-27 02:00:00+00:00,25.544,26.0,25.529,25.871,704887.65,83.40388977248091
2026-01-27 03:00:00+00:00,25.869,26.455,25.798,26.1,956579.32,84.51017765308278
2026-01-27 04:00:00+00:00,26.1,26.92,26.034,26.913,882157.2,87.65613456086831
2026-01-27 05:00:00+00:00,26.914,27.395,26.65,26.818,807916.83,85.47166381112477
2026-01-27 06:00:00+00:00,26.818,27.43,26.818,27.115,558523.8,86.596285881878
2026-01-27 07:00:00+00:00,27.115,27.793,26.965,27.412,788590.94,87.62768416176203
2026-01-27 08:00:00+00:00,27.418,28.081,27.27,27.812,741725.77,88.86987806662677
2026-01-27 09:00:00+00:00,27.813,28.01,27.245,27.561,1192373.83,83.2233437693556
2026-01-27 10:00:00+00:00,27.562,27.838,27.2,27.219,570742.32,76.12597573391871
2026-01-27 11:00:00+00:00,27.223,27.848,27.2,27.724,433364.69,78.97697628283362
2026-01-27 12:00:00+00:00,27.721,28.164,27.505,27.628,547075.4,77.09225575083366
2026-01-27 13:00:00+00:00,27.644,27.656,27.225,27.304,422087.05,70.9391953535665
2026-01-27 14:00:00+00:00,27.303,27.676,27.131,27.356,622837.08,71.33463563615608
2026-01-27 15:00:00+00:00,27.358,28.18,27.308,28.163,744321.81,76.6458338824437
2026-01-27 16:00:00+00:00,28.153,28.896,27.831,28.487,1195022.47,78.37799087344543
2026-01-27 17:00:00+00:00,28.487,28.57,27.408,27.778,1210275.81,66.71677490585333
2026-01-27 18:00:00+00:00,27.777,28.442,27.618,28.358,670751.65,70.57378328861876
2026-01-27 19:00:00+00:00,28.365,29.114,28.299,28.789,1199205.34,73.07112173752631
2026-01-27 20:00:00+00:00,28.783,29.793,28.731,29.751,1847128.56,77.63378096299091
2026-01-27 21:00:00+00:00,29.751,29.883,29.531,29.775,1063114.36,77.73513491592321
2026-01-27 22:00:00+00:00,29.771,30.484,29.527,30.468,1794165.18,80.48506639205715
2026-01-27 23:00:00+00:00,30.468,30.96,30.332,30.814,1275057.09,81.700335555243
2026-01-28 00:00:00+00:00,30.8,31.6,30.709,31.466,1800655.92,83.75349017991059
2026-01-28 01:00:00+00:00,31.459,33.258,31.4,32.879,3181780.56,87.12488058581057
2026-01-28 02:00:00+00:00,32.88,33.66,32.433,32.859,2404605.45,86.8501594291138
2026-01-28 03:00:00+00:00,32.849,33.9,32.61,33.534,2009421.42,88.20225496055373
2026-01-28 04:00:00+00:00,33.534,34.201,33.328,33.99,1249720.89,89.02336588690748
2026-01-28 05:00:00+00:00,33.99,34.228,32.374,32.761,1993820.42,74.0620361056215
2026-01-28 06:00:00+00:00,32.754,33.836,32.729,33.829,843825.83,77.58710910841073
2026-01-28 07:00:00+00:00,33.829,33.9,33.252,33.482,548767.21,74.06511332844673
2026-01-28 08:00:00+00:00,33.482,34.761,33.377,33.737,1820939.92,74.96450894007256
2026-01-28 09:00:00+00:00,33.737,34.664,33.5,34.627,778774.91,77.85149881964412
2026-01-28 10:00:00+00:00,34.627,34.791,34.308,34.411,999970.68,75.57373616503713
2026-01-28 11:00:00+00:00,34.412,34.609,33.831,33.892,571187.46,70.25490242554375
2026-01-28 12:00:00+00:00,33.888,34.016,33.182,33.559,709940.55,66.99682570108433
2026-01-28 13:00:00+00:00,33.558,34.647,33.521,34.367,1321481.53,70.56393367838481
2026-01-28 14:00:00+00:00,34.367,34.367,33.494,33.637,969747.27,63.84943232356481
2026-01-28 15:00:00+00:00,33.637,33.926,33.0,33.447,918515.02,62.19071657609205
2026-01-28 16:00:00+00:00,33.459,33.497,32.538,33.014,1511384.77,58.463224966516066
2026-01-28 17:00:00+00:00,33.023,33.167,32.441,32.907,853046.93,57.54535335167831
2026-01-28 18:00:00+00:00,32.903,33.062,32.331,32.883,614887.48,57.32794426722325
2026-01-28 19:00:00+00:00,32.889,33.605,32.588,33.351,786008.5,60.46464016979176
2026-01-28 20:00:00+00:00,33.339,33.716,32.909,33.014,536951.75,57.203850083028684
2026-01-28 21:00:00+00:00,33.015,33.333,32.76,32.97,763236.84,56.77334989181857
2026-01-28 22:00:00+00:00,32.97,33.595,32.788,33.318,1148921.86,59.37727445488461
2026-01-28 23:00:00+00:00,33.315,34.503,33.281,34.419,1052595.49,66.29500766162263
2026-01-29 00:00:00+00:00,34.42,34.434,33.58,33.968,445536.65,61.66276153473981
2026-01-29 01:00:00+00:00,33.966,34.128,33.039,33.112,568190.42,53.95661281021633
2026-01-29 02:00:00+00:00,33.112,33.418,31.783,31.969,1669270.46,45.737194449582205
2026-01-29 03:00:00+00:00,31.967,32.447,31.635,31.715,1161211.42,44.1284493245822
2026-01-29 04:00:00+00:00,31.729,32.164,31.068,31.862,1620879.12,45.32700682767163
2026-01-29 05:00:00+00:00,31.857,32.011,31.517,31.933,339363.91,45.93032664816703
2026-01-29 06:00:00+00:00,31.939,33.231,31.893,32.838,1188806.94,53.04324371383373
2026-01-29 07:00:00+00:00,32.837,32.976,32.209,32.419,334329.27,49.77824011366624
2026-01-29 08:00:00+00:00,32.425,33.067,32.227,32.447,502015.7,49.99973037126386
2026-01-29 09:00:00+00:00,32.438,32.61,32.208,32.248,252163.2,48.36708324729974
2026-01-29 10:00:00+00:00,32.246,32.72,32.192,32.611,98430.04,51.47943548705335
2026-01-29 11:00:00+00:00,32.598,33.795,31.804,33.291,1112391.24,56.74003475727178
2026-01-29 12:00:00+00:00,33.301,34.227,33.18,33.371,1411157.98,57.32622181889722
2026-01-29 13:00:00+00:00,33.379,34.269,33.202,34.027,687817.58,61.88683851630903
2026-01-29 14:00:00+00:00,34.024,34.536,32.958,32.996,1082794.66,52.40717843063635
2026-01-29 15:00:00+00:00,32.993,33.351,31.728,33.1,2819436.23,53.18616160392482
2026-01-29 16:00:00+00:00,33.1,33.848,32.675,33.691,1250994.53,57.448432171023626
2026-01-29 17:00:00+00:00,33.68,33.95,32.859,33.38,1318052.69,54.62970396022686
2026-01-29 18:00:00+00:00,33.372,33.648,32.38,32.453,936141.34,47.196310823263396
2026-01-29 19:00:00+00:00,32.458,32.721,31.903,32.09,839263.98,44.63509434879157
2026-01-29 20:00:00+00:00,32.086,32.849,31.8,32.694,777500.82,49.54174829991918
2026-01-29 21:00:00+00:00,32.732,32.732,31.366,31.821,1510061.88,43.536069857106824
2026-01-29 22:00:00+00:00,31.813,32.048,30.515,31.063,1787555.88,39.10358768815822
2026-01-29 23:00:00+00:00,31.063,31.106,30.37,30.755,630535.4,37.43576204022445
2026-01-30 00:00:00+00:00,30.756,30.808,29.865,29.892,964967.75,33.167147600059565
2026-01-30 01:00:00+00:00,29.89,30.1,28.816,29.489,1694072.36,31.368394810573307
2026-01-30 02:00:00+00:00,29.48,29.498,28.135,28.655,1933315.93,27.985822286781016
2026-01-30 03:00:00+00:00,28.656,29.329,28.551,29.209,1091266.61,33.143198517507855
2026-01-30 04:00:00+00:00,29.209,29.755,29.049,29.079,1012427.42,32.55403758650402
2026-01-30 05:00:00+00:00,29.079,29.551,28.908,28.908,401265.94,31.754422136256366
2026-01-30 06:00:00+00:00,28.909,29.143,28.489,28.768,953283.08,31.081302689251075
2026-01-30 07:00:00+00:00,28.764,29.237,28.592,29.113,598558.0,34.751858346201175
2026-01-30 08:00:00+00:00,29.108,29.542,28.997,29.18,512936.8,35.47063266540039
2026-01-30 09:00:00+00:00,29.18,29.633,29.112,29.22,331861.18,35.924455747294886
2026-01-30 10:00:00+00:00,29.223,29.959,29.179,29.7,544497.3,41.262819902226234
2026-01-30 11:00:00+00:00,29.73,30.888,29.67,30.59,782699.05,49.64061546517534
2026-01-30 12:00:00+00:00,30.6,30.682,29.788,29.972,394248.4,44.85626558705247
2026-01-30 13:00:00+00:00,29.975,29.988,29.184,29.296,498712.71,40.282772448596496
2026-01-30 14:00:00+00:00,29.291,29.989,29.025,29.087,834942.72,38.96016790364691
2026-01-30 15:00:00+00:00,29.107,29.653,28.705,28.948,824619.09,38.06502983013242
2026-01-30 16:00:00+00:00,28.947,29.456,28.53,29.245,756404.65,41.17500853369991
2026-01-30 17:00:00+00:00,29.241,29.829,28.878,29.532,723014.74,44.096282585651
2026-01-30 18:00:00+00:00,29.525,31.794,29.021,31.673,2039877.2,60.039101855454696
2026-01-30 19:00:00+00:00,31.692,32.896,31.555,32.069,1873004.87,62.18707061469916
2026-01-30 20:00:00+00:00,32.076,32.102,30.988,30.992,1209047.2,53.72840480061495
2026-01-30 21:00:00+00:00,31.003,31.51,30.915,31.105,696384.17,54.428794433549584
2026-01-30 22:00:00+00:00,31.09,31.235,30.724,31.19,457713.11,54.98080592516888
2026-01-30 23:00:00+00:00,31.192,31.207,30.248,30.6,567790.86,50.41579337103398
2026-01-31 00:00:00+00:00,30.596,31.359,30.5,30.988,418191.31,53.16953830634551
2026-01-31 01:00:00+00:00,30.98,31.521,30.93,31.446,415076.33,56.257702402458754
2026-01-31 02:00:00+00:00,31.43,32.037,30.929,31.816,420435.91,58.631081053421156
2026-01-31 03:00:00+00:00,31.805,32.13,31.497,31.656,337910.92,57.18611067925652
2026-01-31 04:00:00+00:00,31.65,31.848,31.008,31.132,368016.01,52.61291879116125
2026-01-31 05:00:00+00:00,31.132,31.295,30.787,31.191,432190.75,53.068014976724136
2026-01-31 06:00:00+00:00,31.182,31.264,30.42,30.607,383179.93,48.139765078969
2026-01-31 07:00:00+00:00,30.608,30.832,30.432,30.613,267745.68,48.19299691371307
2026-01-31 08:00:00+00:00,30.613,30.894,30.287,30.628,553575.48,48.335771724787165
2026-01-31 09:00:00+00:00,30.635,30.698,30.0,30.044,477621.62,43.32910054698341
2026-01-31 10:00:00+00:00,30.048,30.403,29.773,30.265,210626.01,45.62444681282271
2026-01-31 11:00:00+00:00,30.27,30.508,29.954,30.24,301369.53,45.40043006392309
2026-01-31 12:00:00+00:00,30.234,30.451,30.05,30.217,168713.04,45.180640144883576
2026-01-31 13:00:00+00:00,30.229,30.376,29.861,30.089,281341.84,43.90671028285095
2026-01-31 14:00:00+00:00,30.091,30.2,28.646,29.31,2115886.5,37.05828627147687
2026-01-31 15:00:00+00:00,29.311,29.354,28.415,28.631,742744.42,32.325451509307996
2026-01-31 16:00:00+00:00,28.635,28.787,27.985,28.246,1264195.69,29.986918581480495
2026-01-31 17:00:00+00:00,28.233,28.733,27.338,28.608,2346340.51,34.76560008341433
2026-01-31 18:00:00+00:00,28.619,29.528,27.298,29.127,2045474.54,40.98482241332826
2026-01-31 19:00:00+00:00,29.127,29.91,28.552,29.068,1402576.55,40.51198452818667
2026-01-31 20:00:00+00:00,29.056,29.471,28.578,29.442,586412.49,44.85507645130715
2026-01-31 21:00:00+00:00,29.428,30.364,29.412,30.0,920784.25,50.64470346623378
2026-01-31 22:00:00+00:00,30.005,30.527,29.834,30.379,615814.74,54.164644179335845
2026-01-31 23:00:00+00:00,30.381,31.146,30.061,30.981,963130.72,59.148357684882484
2026-02-01 00:00:00+00:00,30.988,32.432,30.911,32.279,1301615.77,67.38322133144563
2026-02-01 01:00:00+00:00,32.28,32.54,31.614,31.788,631706.97,62.26975357416956
2026-02-01 02:00:00+00:00,31.789,32.436,31.306,32.119,488276.13,64.23987917855098
2026-02-01 03:00:00+00:00,32.122,32.208,31.333,31.443,245377.29,57.62231227338315
2026-02-01 04:00:00+00:00,31.439,31.982,31.427,31.667,241300.97,59.12489540191538
2026-02-01 05:00:00+00:00,31.662,31.722,30.682,30.77,605875.58,51.283270355170266
2026-02-01 06:00:00+00:00,30.766,30.837,30.276,30.485,470328.79,49.057020251750224
2026-02-01 07:00:00+00:00,30.479,30.901,30.17,30.669,416303.38,50.549560470135674
2026-02-01 08:00:00+00:00,30.67,31.032,30.522,30.918,347477.69,52.574534726018605
2026-02-01 09:00:00+00:00,30.918,31.392,30.797,31.347,372606.95,55.92341712025496
2026-02-01 10:00:00+00:00,31.335,31.539,30.2,30.356,316066.39,47.56740925626907
2026-02-01 11:00:00+00:00,30.354,31.159,30.346,30.945,244234.22,52.14424797246479
2026-02-01 12:00:00+00:00,30.945,31.047,30.3,30.31,265163.55,47.345919639569075
2026-02-01 13:00:00+00:00,30.31,30.515,29.425,29.463,583195.63,41.81823092329544
2026-02-01 14:00:00+00:00,29.472,29.665,28.898,29.106,907438.33,39.71362843701716
2026-02-01 15:00:00+00:00,29.099,29.196,28.449,28.965,1072522.85,38.88132618038898
2026-02-01 16:00:00+00:00,28.995,29.515,28.758,29.428,538079.95,43.098412119830826
2026-02-01 17:00:00+00:00,29.427,29.754,29.169,29.608,476415.66,44.696023288029465
2026-02-01 18:00:00+00:00,29.607,30.245,29.606,29.915,831003.86,47.408184014684515
2026-02-01 19:00:00+00:00,29.91,29.963,29.108,29.409,439583.5,43.611882325139945
2026-02-01 20:00:00+00:00,29.408,29.877,29.019,29.641,627199.47,45.75663003515466
2026-02-01 21:00:00+00:00,29.641,30.187,28.91,30.169,1111268.28,50.38211705563972
2026-02-01 22:00:00+00:00,30.168,30.444,29.746,30.067,690711.62,49.503901423094604
2026-02-01 23:00:00+00:00,30.067,31.2,29.34,30.557,1302634.43,53.68090994670759
2026-02-02 00:00:00+00:00,30.558,31.8,30.424,30.985,869528.62,57.02484161885496
2026-02-02 01:00:00+00:00,30.984,31.629,30.533,31.211,495456.7,58.71953566231664
2026-02-02 02:00:00+00:00,31.211,31.533,31.045,31.188,447990.22,58.46684594861971
2026-02-02 03:00:00+00:00,31.202,32.02,30.066,31.954,1686718.31,64.02013298271359
2026-02-02 04:00:00+00:00,31.966,32.0,30.902,31.168,965779.57,55.77871115707321
2026-02-02 05:00:00+00:00,31.173,31.204,30.427,30.757,704174.59,52.00851469352218
2026-02-02 06:00:00+00:00,30.755,30.82,29.435,30.26,1017146.39,47.80094570301064
2026-02-02 07:00:00+00:00,30.26,31.433,29.793,31.188,918270.19,55.104523373388766
2026-02-02 08:00:00+00:00,31.175,31.5,30.668,30.889,389153.27,52.55311836441559
2026-02-02 09:00:00+00:00,30.889,31.379,30.515,31.038,391363.91,53.70349518374637
2026-02-02 10:00:00+00:00,31.039,31.514,30.851,30.919,216343.61,52.60646904241758
2026-02-02 11:00:00+00:00,30.919,31.491,30.861,30.899,270153.94,52.41268476013173
2026-02-02 12:00:00+00:00,30.898,31.129,30.554,30.899,339952.45,52.41268476013173
2026-02-02 13:00:00+00:00,30.9,31.041,30.371,30.892,514258.21,52.33443116210609
2026-02-02 14:00:00+00:00,30.878,33.333,30.577,31.864,3554679.52,61.03414597711603
2026-02-02 15:00:00+00:00,31.864,32.729,31.616,32.723,1285409.99,66.80097581703149
2026-02-02 16:00:00+00:00,32.724,33.737,32.503,32.634,1853133.59,65.71578978357152
2026-02-02 17:00:00+00:00,32.634,33.46,32.576,32.67,738545.22,65.9566972463195
2026-02-02 18:00:00+00:00,32.696,32.709,31.601,32.09,1026834.6,58.78925448599329
2026-02-02 19:00:00+00:00,32.097,32.542,31.926,32.486,383353.53,61.83843662334082
2026-02-02 20:00:00+00:00,32.484,33.152,32.211,32.269,725255.45,59.25129630888932
2026-02-02 21:00:00+00:00,32.276,33.41,32.218,33.311,620855.03,66.49915767000242
2026-02-02 22:00:00+00:00,33.315,33.99,33.304,33.958,1006621.23,70.0601200073677
2026-02-02 23:00:00+00:00,33.951,33.97,33.228,33.3,712073.02,62.754413446410375
2026-02-03 00:00:00+00:00,33.3,34.166,33.139,34.092,669497.91,67.18937466558265
2026-02-03 01:00:00+00:00,34.103,35.53,33.831,35.426,1535835.64,73.01731948459732
2026-02-03 02:00:00+00:00,35.406,36.251,35.192,35.865,1527657.78,74.61528218381778
2026-02-03 03:00:00+00:00,35.851,38.2,35.631,37.899,3085324.29,80.40541707895059
2026-02-03 04:00:00+00:00,37.908,38.441,37.371,37.79,1707460.79,79.36073948435404
2026-02-03 05:00:00+00:00,37.844,37.844,36.905,37.225,1203184.02,73.9941198724649
2026-02-03 06:00:00+00:00,37.217,37.562,36.698,37.054,516287.72,72.39840083315457
2026-02-03 07:00:00+00:00,37.035,37.426,36.759,37.275,549088.55,73.20272424489579
2026-02-03 08:00:00+00:00,37.278,37.961,36.864,37.549,730642.99,74.2063064979024
2026-02-03 09:00:00+00:00,37.552,37.607,36.293,37.048,857160.86,69.10978658163201
2026-02-03 10:00:00+00:00,37.049,37.157,35.672,36.002,801488.68,59.86522774297796
2026-02-03 11:00:00+00:00,36.002,36.5,35.905,36.058,379395.44,60.172392849980504
2026-02-03 12:00:00+00:00,36.061,36.405,35.751,36.081,365932.43,60.30675969580842
2026-02-03 13:00:00+00:00,36.063,36.25,35.515,36.155,479519.53,60.76539320181606
2026-02-03 14:00:00+00:00,36.164,36.365,34.852,34.935,1104874.87,50.421623442832285
2026-02-03 15:00:00+00:00,34.921,34.95,33.541,34.192,2478507.54,45.35769903583874
2026-02-03 16:00:00+00:00,34.195,34.208,32.798,33.601,2377257.96,41.76465425224537
2026-02-03 17:00:00+00:00,33.619,33.792,32.3,32.324,1494051.76,35.26432581548336
2026-02-03 18:00:00+00:00,32.309,33.297,32.258,32.599,1806446.29,37.5195866803285
2026-02-03 19:00:00+00:00,32.594,34.737,32.583,33.875,2934938.33,46.78363803533469
2026-02-03 20:00:00+00:00,33.876,35.422,33.524,35.395,1787377.54,55.28827998136488
2026-02-03 21:00:00+00:00,35.376,35.646,33.5,33.866,1250327.63,47.129066905047075
2026-02-03 22:00:00+00:00,33.867,33.994,32.783,33.052,794567.45,43.452585129634336
2026-02-03 23:00:00+00:00,33.052,33.412,32.456,32.684,589746.44,41.86265358072477
2026-02-04 00:00:00+00:00,32.685,33.548,32.343,32.95,984221.6,43.472704159964835
2026-02-04 01:00:00+00:00,32.95,33.849,32.823,32.998,937701.73,43.77529500469631
2026-02-04 02:00:00+00:00,32.995,33.487,32.505,32.723,620232.08,42.37573676451891
2026-02-04 03:00:00+00:00,32.716,33.729,32.689,33.674,545066.74,48.50690706187544
2026-02-04 04:00:00+00:00,33.673,33.88,33.381,33.506,471814.48,47.54451536712675
2026-02-04 05:00:00+00:00,33.492,34.0,32.856,33.069,546078.38,45.041202683127544
2026-02-04 06:00:00+00:00,33.069,33.881,33.047,33.854,405916.69,50.12162562751045
2026-02-04 07:00:00+00:00,33.853,33.855,33.297,33.366,217483.99,47.2005388828789
2026-02-04 08:00:00+00:00,33.366,33.42,32.954,33.14,431479.46,45.867336361266105
2026-02-04 09:00:00+00:00,33.142,33.439,32.812,33.333,374544.62,47.237917193555205
2026-02-04 10:00:00+00:00,33.342,33.522,33.065,33.128,239792.26,45.90832653882
2026-02-04 11:00:00+00:00,33.134,33.597,32.55,33.325,422908.92,47.43936076796615
2026-02-04 12:00:00+00:00,33.311,33.878,33.267,33.625,318021.63,49.77093521328662
2026-02-04 13:00:00+00:00,33.62,33.8,32.665,32.679,542813.75,43.25496385299874
2026-02-04 14:00:00+00:00,32.675,33.6,32.476,32.993,957377.08,45.791795144365736
2026-02-04 15:00:00+00:00,32.989,34.321,32.875,34.021,1911640.59,53.172720106940226
2026-02-04 16:00:00+00:00,34.017,35.0,33.928,34.57,1678526.89,56.573398203661874
2026-02-04 17:00:00+00:00,34.566,34.689,33.053,34.389,1693604.42,55.151352118475906
2026-02-04 18:00:00+00:00,34.4,34.987,33.793,34.335,1673377.78,54.709513042181364
2026-02-04 19:00:00+00:00,34.333,35.341,33.691,35.333,1005866.27,60.93801656403106
2026-02-04 20:00:00+00:00,35.324,35.857,34.755,35.78,1099281.54,63.367977472238756
2026-02-04 21:00:00+00:00,35.791,35.892,34.8,35.133,1227678.41,57.766501203334144
2026-02-04 22:00:00+00:00,35.133,36.22,34.455,34.928,1342108.42,56.075136520700745
2026-02-04 23:00:00+00:00,34.918,36.0,34.506,35.45,834107.66,59.339755526768066
2026-02-05 00:00:00+00:00,35.452,35.483,34.606,34.719,785288.99,53.3589346997181
2026-02-05 01:00:00+00:00,34.723,35.116,33.703,33.703,885249.47,46.364373850210306
2026-02-05 02:00:00+00:00,33.711,34.044,33.342,33.425,705995.56,44.64006945470936
2026-02-05 03:00:00+00:00,33.425,33.708,33.179,33.464,621568.42,44.94938107555913
2026-02-05 04:00:00+00:00,33.46,34.018,33.271,33.748,434931.56,47.26025953743786
2026-02-05 05:00:00+00:00,33.735,33.95,33.406,33.501,324853.27,45.472429008528756
2026-02-05 06:00:00+00:00,33.506,33.925,33.324,33.849,316412.66,48.43231417996568
2026-02-05 07:00:00+00:00,33.848,34.673,33.793,34.182,586864.78,51.16410556032684
2026-02-05 08:00:00+00:00,34.181,35.23,34.059,34.681,654784.95,55.01024081049198
2026-02-05 09:00:00+00:00,34.681,35.256,34.539,34.72,427971.0,55.30650453120683
2026-02-05 10:00:00+00:00,34.72,34.865,34.09,34.09,353293.1,49.62191688479161
2026-02-05 11:00:00+00:00,34.09,34.327,32.604,32.878,1256042.94,40.91024367615917
2026-02-05 12:00:00+00:00,32.873,33.009,31.081,32.169,2313488.72,36.83615371810528
2026-02-05 13:00:00+00:00,32.184,32.588,31.658,32.576,1039404.93,40.49929379050347
2026-02-05 14:00:00+00:00,32.578,32.808,31.845,31.931,1454767.86,36.85180694825973
2026-02-05 15:00:00+00:00,31.951,32.364,31.373,31.831,1990522.08,36.30586304868563
2026-02-05 16:00:00+00:00,31.821,33.064,31.011,32.853,1742330.09,45.23532558170565
2026-02-05 17:00:00+00:00,32.849,33.363,32.045,33.198,1741104.82,47.89109689796497
2026-02-05 18:00:00+00:00,33.196,33.236,32.05,32.787,1267538.77,45.086052202908895
2026-02-05 19:00:00+00:00,32.819,32.98,32.227,32.481,580432.73,43.06368292827102
2026-02-05 20:00:00+00:00,32.492,32.948,31.813,32.467,1619225.51,42.96871828507383
2026-02-05 21:00:00+00:00,32.468,33.715,32.056,33.11,1604296.99,48.57753540974168
2026-02-05 22:00:00+00:00,33.099,33.922,32.65,33.672,1056342.76,52.934378984106736
2026-02-05 23:00:00+00:00,33.676,34.486,32.784,33.076,1410667.89,48.264148092458825
2026-02-06 00:00:00+00:00,33.066,33.645,31.268,33.185,2973780.15,49.14778795741268
2026-02-06 01:00:00+00:00,33.174,36.797,33.131,36.3,2679388.42,66.66858035381068
2026-02-06 02:00:00+00:00,36.308,36.797,34.927,35.112,1398291.27,58.40385407466824
2026-02-06 03:00:00+00:00,35.125,35.406,34.6,34.75,543415.93,56.12084174521755
2026-02-06 04:00:00+00:00,34.75,35.305,34.46,34.775,528562.62,56.24803977569269
2026-02-06 05:00:00+00:00,34.778,35.331,34.149,35.085,686218.03,57.87857983451938
2026-02-06 06:00:00+00:00,35.099,35.6,33.187,33.635,1243386.81,48.73057323314648
2026-02-06 07:00:00+00:00,33.635,33.928,32.85,32.889,522964.53,44.80676560662168
2026-02-06 08:00:00+00:00,32.872,33.12,32.34,32.444,1070789.05,42.603063517704534
2026-02-06 09:00:00+00:00,32.459,33.359,32.162,33.031,682826.67,46.351334534659756
2026-02-06 10:00:00+00:00,33.022,33.787,32.881,33.744,350823.61,50.57352680707541
2026-02-06 11:00:00+00:00,33.721,34.354,33.456,33.893,385490.75,51.43371872177202
2026-02-06 12:00:00+00:00,33.889,34.505,33.581,34.38,441559.93,54.237066418641234
2026-02-06 13:00:00+00:00,34.372,34.92,33.658,33.696,817054.57,49.88197219704078
2026-02-06 14:00:00+00:00,33.691,34.094,32.975,33.51,1166627.14,48.7359518137403
2026-02-06 15:00:00+00:00,33.52,33.815,32.31,32.45,1338465.23,42.71327933250008
2026-02-06 16:00:00+00:00,32.431,34.2,32.239,34.182,1546750.85,52.94545675577358
2026-02-06 17:00:00+00:00,34.189,34.525,32.992,33.318,1202287.05,48.3099109674736
2026-02-06 18:00:00+00:00,33.327,33.494,32.667,32.847,757810.99,45.94817010275472
2026-02-06 19:00:00+00:00,32.849,33.319,32.597,33.256,402723.27,48.31125372201125
2026-02-06 20:00:00+00:00,33.261,33.261,32.224,32.568,1046566.6,44.76585271713417
2026-02-06 21:00:00+00:00,32.568,32.898,32.318,32.812,481845.27,46.27178532339005
2026-02-06 22:00:00+00:00,32.823,33.115,32.665,32.848,329661.98,46.503535631847
2026-02-06 23:00:00+00:00,32.851,33.188,32.305,32.372,414479.07,43.81258386717623
2026-02-07 00:00:00+00:00,32.363,32.459,31.703,31.908,734693.09,41.3035690188195
2026-02-07 01:00:00+00:00,31.904,32.489,31.516,32.342,475803.78,44.504794471792906
2026-02-07 02:00:00+00:00,32.332,32.779,32.143,32.269,336387.22,44.069423221637095
2026-02-07 03:00:00+00:00,32.262,33.094,32.093,33.093,313932.1,50.01362600012292
2026-02-07 04:00:00+00:00,33.094,33.291,32.398,32.523,344059.74,46.34440432610139
2026-02-07 05:00:00+00:00,32.518,33.208,32.455,32.843,166519.95,48.62323556480445
2026-02-07 06:00:00+00:00,32.849,33.21,32.732,32.825,196884.3,48.49845920972365
2026-02-07 07:00:00+00:00,32.825,33.24,32.317,32.974,376232.1,49.65027749329896
2026-02-07 08:00:00+00:00,32.962,33.216,32.606,33.04,158166.9,50.18176666257088
2026-02-07 09:00:00+00:00,33.041,33.829,32.971,33.262,379588.88,52.016540815064516
2026-02-07 10:00:00+00:00,33.258,33.37,32.485,32.832,272562.33,48.30553724607829
2026-02-07 11:00:00+00:00,32.821,33.011,32.468,32.736,194822.68,47.490930422752754
2026-02-07 12:00:00+00:00,32.735,33.243,32.633,32.802,217505.33,48.138451622433905
2026-02-07 13:00:00+00:00,32.808,33.08,32.335,32.46,175485.9,45.0390641020825
2026-02-07 14:00:00+00:00,32.472,32.653,32.1,32.112,207067.77,42.07080118172151
2026-02-07 15:00:00+00:00,32.116,32.419,31.867,32.06,272934.09,41.629311034440775
2026-02-07 16:00:00+00:00,32.051,32.43,31.2,31.547,889849.79,37.45358210336072
2026-02-07 17:00:00+00:00,31.544,31.771,31.2,31.616,254817.07,38.34933302479076
2026-02-07 18:00:00+00:00,31.616,32.556,31.519,32.369,624402.23,47.230995963654955
2026-02-07 19:00:00+00:00,32.369,32.37,31.454,31.543,432562.59,40.361923233978466
2026-02-07 20:00:00+00:00,31.542,31.936,31.449,31.867,248078.45,43.81376282355874
2026-02-07 21:00:00+00:00,31.862,32.043,31.555,31.66,175724.6,42.13577806323767
2026-02-07 22:00:00+00:00,31.639,31.844,31.539,31.549,146682.96,41.22404977524275
2026-02-07 23:00:00+00:00,31.549,31.58,31.02,31.398,437101.68,39.957417711771306
2026-02-08 00:00:00+00:00,31.409,31.542,31.11,31.434,220153.85,40.42737329142036
2026-02-08 01:00:00+00:00,31.433,31.976,31.433,31.733,287470.0,44.32509060440741
2026-02-08 02:00:00+00:00,31.736,31.886,31.14,31.225,211162.08,39.58612274966673
2026-02-08 03:00:00+00:00,31.228,31.473,30.999,31.312,215807.03,40.754359208078355
2026-02-08 04:00:00+00:00,31.323,31.694,31.232,31.557,144988.45,44.03630885054352
2026-02-08 05:00:00+00:00,31.552,31.881,31.452,31.493,173844.18,43.36058504654671
2026-02-08 06:00:00+00:00,31.496,31.547,30.509,30.788,667237.2,36.68303182367434
2026-02-08 07:00:00+00:00,30.789,31.181,30.717,31.019,241481.94,39.9464195564059
2026-02-08 08:00:00+00:00,31.029,31.63,30.725,31.494,443805.62,46.09842020498382
2026-02-08 09:00:00+00:00,31.493,31.998,31.461,31.561,350152.95,46.92434163255109
2026-02-08 10:00:00+00:00,31.561,31.858,31.374,31.691,153463.82,48.57098180289672
2026-02-08 11:00:00+00:00,31.678,32.157,31.606,32.052,363329.39,52.93742242177955
2026-02-08 12:00:00+00:00,32.055,32.262,31.279,31.546,365108.88,46.92374671014105
2026-02-08 13:00:00+00:00,31.535,31.837,31.336,31.768,216372.3,49.627445638962975
2026-02-08 14:00:00+00:00,31.771,31.833,31.412,31.501,108440.22,46.5557752955932
2026-02-08 15:00:00+00:00,31.499,31.718,31.061,31.61,283937.43,47.971547910566905
2026-02-08 16:00:00+00:00,31.609,31.97,31.407,31.77,243601.75,50.062747747782915
2026-02-08 17:00:00+00:00,31.789,32.461,31.71,32.265,682610.97,55.96026509341767
2026-02-08 18:00:00+00:00,32.287,32.94,32.222,32.573,426682.61,59.189824297113496
2026-02-08 19:00:00+00:00,32.579,32.978,32.525,32.731,169116.23,60.77877619033839
2026-02-08 20:00:00+00:00,32.742,32.911,32.256,32.342,266030.37,55.09150285023622
2026-02-08 21:00:00+00:00,32.342,32.605,32.029,32.172,220390.88,52.76767417553843
2026-02-08 22:00:00+00:00,32.186,32.416,32.018,32.332,220291.24,54.704242218565525
2026-02-08 23:00:00+00:00,32.322,33.032,32.095,32.441,542537.29,56.026971610667545
2026-02-09 00:00:00+00:00,32.436,33.021,32.213,32.965,193324.26,61.80187810990298
2026-02-09 01:00:00+00:00,32.951,33.3,32.648,33.102,409147.67,63.16396684008367
2026-02-09 02:00:00+00:00,33.101,33.294,32.804,32.943,305893.52,60.46897629275558
2026-02-09 03:00:00+00:00,32.953,33.5,32.78,33.106,423351.52,62.247300827450964
2026-02-09 04:00:00+00:00,33.104,33.223,32.681,32.812,255518.77,57.24515758851651
2026-02-09 05:00:00+00:00,32.816,32.847,32.504,32.732,117831.91,55.92813484227253
2026-02-09 06:00:00+00:00,32.733,32.768,32.503,32.552,137998.72,52.974939393504364
2026-02-09 07:00:00+00:00,32.559,32.704,32.273,32.412,143732.75,50.731176298406304
2026-02-09 08:00:00+00:00,32.418,32.509,31.901,32.289,364298.82,48.77648235206139
2026-02-09 09:00:00+00:00,32.28,32.417,31.653,31.722,304684.73,40.94464625982299
2026-02-09 10:00:00+00:00,31.721,31.852,31.291,31.638,371782.37,39.92195206119107
2026-02-09 11:00:00+00:00,31.637,31.75,31.195,31.352,190504.64,36.572493064437474
2026-02-09 12:00:00+00:00,31.352,31.592,31.316,31.381,189398.82,37.148325859256005
2026-02-09 13:00:00+00:00,31.381,31.622,31.302,31.308,138417.8,36.25603066330458
2026-02-09 14:00:00+00:00,31.302,32.083,31.203,31.938,394651.72,47.88923003537792
2026-02-09 15:00:00+00:00,31.934,32.12,31.221,31.271,344515.25,39.64078190421993
2026-02-09 16:00:00+00:00,31.265,31.56,30.893,31.54,599570.72,43.841837346989806
2026-02-09 17:00:00+00:00,31.535,31.995,31.267,31.907,346577.27,49.05188173941286
2026-02-09 18:00:00+00:00,31.901,32.24,31.525,31.568,483058.21,44.90744777486682
2026-02-09 19:00:00+00:00,31.574,32.079,31.355,32.04,309917.02,51.102224243733595
2026-02-09 20:00:00+00:00,32.043,32.14,31.728,31.853,206882.64,48.76281702294115
2026-02-09 21:00:00+00:00,31.85,31.886,31.262,31.596,205752.38,45.66853894507527
2026-02-09 22:00:00+00:00,31.601,31.704,31.264,31.413,172874.74,43.54941886158265
2026-02-09 23:00:00+00:00,31.405,31.446,31.219,31.317,142479.68,42.436951058951216
2026-02-10 00:00:00+00:00,31.322,31.384,30.91,31.094,269353.73,39.88797702860097
2026-02-10 01:00:00+00:00,31.093,31.508,31.076,31.487,143657.66,46.03933372547439
2026-02-10 02:00:00+00:00,31.48,31.534,30.8,30.979,225961.6,40.298739211234185
2026-02-10 03:00:00+00:00,30.979,30.99,30.565,30.768,335447.56,38.16985622032966
2026-02-10 04:00:00+00:00,30.764,30.996,30.502,30.863,263239.77,39.71405165299513
2026-02-10 05:00:00+00:00,30.859,30.864,30.261,30.403,348042.21,35.13793439183509
2026-02-10 06:00:00+00:00,30.397,30.489,29.737,29.989,520860.47,31.607923052598665
2026-02-10 07:00:00+00:00,29.993,30.133,29.861,29.989,279177.41,31.607923052598665
2026-02-10 08:00:00+00:00,29.987,30.101,29.716,29.901,269439.82,30.84404694563912
2026-02-10 09:00:00+00:00,29.901,30.269,29.892,30.052,153386.15,33.800432537298775
2026-02-10 10:00:00+00:00,30.055,30.176,29.512,29.559,309323.27,29.383774774207694
2026-02-10 11:00:00+00:00,29.562,29.858,29.489,29.489,160944.22,28.808171847720104
2026-02-10 12:00:00+00:00,29.523,29.631,29.237,29.378,458335.79,27.875668665056168
2026-02-10 13:00:00+00:00,29.374,30.001,29.297,29.93,313377.02,38.53151429489476
2026-02-10 14:00:00+00:00,29.931,30.054,29.202,29.582,452199.72,35.01887790558642
2026-02-10 15:00:00+00:00,29.567,29.92,29.495,29.804,242172.19,38.84872179700037
2026-02-10 16:00:00+00:00,29.803,30.306,29.736,30.215,332550.07,45.278889485086296
2026-02-10 17:00:00+00:00,30.2,30.53,30.014,30.368,241673.9,47.49235906887881
2026-02-10 18:00:00+00:00,30.369,30.38,29.642,29.888,476549.73,41.782243458019124
2026-02-10 19:00:00+00:00,29.895,29.91,29.565,29.832,210235.81,41.1604689030448
2026-02-10 20:00:00+00:00,29.829,29.899,29.528,29.541,189742.61,37.99621602660517
2026-02-10 21:00:00+00:00,29.533,29.6,29.109,29.497,320839.83,37.52645948915985
2026-02-10 22:00:00+00:00,29.507,29.547,29.041,29.052,253086.43,33.072994693262046
2026-02-10 23:00:00+00:00,29.052,29.185,28.754,28.824,741631.05,31.040415493395102
2026-02-11 00:00:00+00:00,28.834,29.231,28.71,29.195,312023.63,37.745000976983036
2026-02-11 01:00:00+00:00,29.185,29.219,28.9,29.114,216521.6,36.90144014869259
2026-02-11 02:00:00+00:00,29.124,29.248,28.847,28.864,180301.91,34.34979221957133
2026-02-11 03:00:00+00:00,28.87,28.977,28.663,28.777,304971.74,33.482122690119255
2026-02-11 04:00:00+00:00,28.776,29.116,28.556,29.072,293299.04,39.09955851509469
2026-02-11 05:00:00+00:00,29.074,29.356,29.003,29.035,271483.58,38.65858743293078
2026-02-11 06:00:00+00:00,29.024,29.409,28.926,28.933,307229.18,37.406126673325566
2026-02-11 07:00:00+00:00,28.939,28.996,28.65,28.73,266682.38,34.977360374247255
2026-02-11 08:00:00+00:00,28.734,29.024,28.58,28.881,196625.2,38.1921476024848
2026-02-11 09:00:00+00:00,28.862,28.967,28.499,28.545,152908.34,34.146559995639734
2026-02-11 10:00:00+00:00,28.556,28.589,28.367,28.513,251142.29,33.779567654326854
2026-02-11 11:00:00+00:00,28.51,29.27,28.471,29.087,459824.96,45.16423937469042
2026-02-11 12:00:00+00:00,29.074,29.317,28.916,28.949,277022.88,43.23954620515124
2026-02-11 13:00:00+00:00,28.94,29.193,28.832,29.144,227699.73,46.6962695075185
2026-02-11 14:00:00+00:00,29.148,29.363,28.693,28.79,460230.55,41.728056064474345
2026-02-11 15:00:00+00:00,28.788,28.94,28.283,28.905,607139.73,43.81920609458708
2026-02-11 16:00:00+00:00,28.895,29.497,28.895,29.294,546803.14,50.31440725336084
2026-02-11 17:00:00+00:00,29.298,29.759,29.097,29.453,654506.43,52.72048656381377
2026-02-11 18:00:00+00:00,29.453,29.79,29.255,29.761,210854.25,57.05853680518736
2026-02-11 19:00:00+00:00,29.755,29.772,29.39,29.514,257504.47,52.86911096905086
2026-02-11 20:00:00+00:00,29.515,30.15,29.478,30.04,330345.78,59.66156081629801
2026-02-11 21:00:00+00:00,30.039,30.179,29.854,29.955,378844.38,58.20182168125607
2026-02-11 22:00:00+00:00,29.953,29.957,29.514,29.515,267230.9,51.21618067154512
2026-02-11 23:00:00+00:00,29.515,29.525,29.157,29.378,344547.6,49.23468370471457
2026-02-12 00:00:00+00:00,29.366,29.951,29.361,29.876,162212.31,55.91197504886369
2026-02-12 01:00:00+00:00,29.885,30.4,29.84,30.393,330082.63,61.56415007818267
2026-02-12 02:00:00+00:00,30.394,30.92,30.252,30.804,476802.01,65.36551572434922
2026-02-12 03:00:00+00:00,30.799,30.89,30.502,30.53,260776.04,61.03187137036922
2026-02-12 04:00:00+00:00,30.534,30.698,30.219,30.308,139180.22,57.69434346097805
2026-02-12 05:00:00+00:00,30.303,30.4,30.105,30.33,104197.27,57.93981086547478
2026-02-12 06:00:00+00:00,30.332,30.601,30.219,30.463,120023.03,59.4708168408113
2026-02-12 07:00:00+00:00,30.462,30.493,30.0,30.234,148854.35,55.71060701718685
2026-02-12 08:00:00+00:00,30.212,30.422,30.109,30.4,96158.56,57.79385583093605
2026-02-12 09:00:00+00:00,30.4,30.831,30.342,30.742,375017.28,61.782342797600506
2026-02-12 10:00:00+00:00,30.742,30.87,30.59,30.779,198803.61,62.19854210218619
2026-02-12 11:00:00+00:00,30.779,31.766,30.705,31.631,660258.36,70.23647255621407
2026-02-12 12:00:00+00:00,31.619,31.797,30.941,30.99,286815.82,59.91433674915441
2026-02-12 13:00:00+00:00,30.989,31.354,30.626,31.353,464476.9,63.211582114942516
2026-02-12 14:00:00+00:00,31.354,31.415,30.851,31.38,324707.32,63.452385755034484
2026-02-12 15:00:00+00:00,31.364,31.503,30.75,30.765,580879.68,54.67375340356733
2026-02-12 16:00:00+00:00,30.778,30.898,29.745,29.983,1056230.27,45.965564793903475
2026-02-12 17:00:00+00:00,29.975,30.164,29.371,29.517,553334.93,41.70291906758785
2026-02-12 18:00:00+00:00,29.516,29.658,29.291,29.564,480787.66,42.28426878464942
2026-02-12 19:00:00+00:00,29.564,30.1,29.551,29.721,448914.38,44.28304648792677
2026-02-12 20:00:00+00:00,29.73,29.804,29.371,29.698,295054.5,44.04241399195184
2026-02-12 21:00:00+00:00,29.701,29.9,29.506,29.796,342709.01,45.40374140542982
2026-02-12 22:00:00+00:00,29.806,30.45,29.803,30.444,224635.9,53.465223048621446
2026-02-12 23:00:00+00:00,30.428,31.099,30.318,31.068,512142.1,59.64463975875826
2026-02-13 00:00:00+00:00,31.077,31.331,30.515,30.519,427129.44,52.97894271017179
2026-02-13 01:00:00+00:00,30.52,30.826,30.396,30.808,202575.6,55.78049182774774
2026-02-13 02:00:00+00:00,30.814,31.4,30.73,31.317,292355.0,60.27028117589951
2026-02-13 03:00:00+00:00,31.329,31.349,30.69,30.73,233811.67,53.52122414827578
2026-02-13 04:00:00+00:00,30.73,30.958,30.602,30.719,212894.12,53.40054705145205
2026-02-13 05:00:00+00:00,30.727,30.863,30.555,30.612,99720.6,52.16834576729288
2026-02-13 06:00:00+00:00,30.61,30.783,30.513,30.634,79267.6,52.411488703260325
2026-02-13 07:00:00+00:00,30.63,30.867,30.459,30.7,131476.63,53.18040635980438
2026-02-13 08:00:00+00:00,30.711,30.75,30.412,30.624,240718.18,52.135763612089654
2026-02-13 09:00:00+00:00,30.625,30.635,30.158,30.349,340588.61,48.42875788283669
2026-02-13 10:00:00+00:00,30.349,30.637,30.24,30.538,146169.98,51.007065688016475
2026-02-13 11:00:00+00:00,30.539,30.606,30.175,30.526,184127.86,50.83329378869198
2026-02-13 12:00:00+00:00,30.52,30.521,29.98,30.257,169734.11,46.97026507644848
2026-02-13 13:00:00+00:00,30.256,30.989,30.221,30.559,525685.51,51.43261620924184
2026-02-13 14:00:00+00:00,30.559,31.113,30.252,30.827,516616.44,55.04762579757497
2026-02-13 15:00:00+00:00,30.833,32.311,30.833,31.524,1106357.04,62.802299147518575
2026-02-13 16:00:00+00:00,31.528,32.118,31.359,31.613,730800.53,63.664258552951225
2026-02-13 17:00:00+00:00,31.622,32.046,31.481,31.834,262610.49,65.78447810259419
2026-02-13 18:00:00+00:00,31.834,32.097,31.679,31.953,269842.29,66.90432193507382
2026-02-13 19:00:00+00:00,31.954,31.978,31.321,31.38,256429.45,57.19699130006493
2026-02-13 20:00:00+00:00,31.378,31.405,31.0,31.11,294318.24,53.27452635205878
2026-02-13 21:00:00+00:00,31.111,31.515,31.106,31.473,129149.44,57.49493156564464
2026-02-13 22:00:00+00:00,31.474,31.587,31.355,31.507,121748.67,57.87869118189546
2026-02-13 23:00:00+00:00,31.508,31.738,31.505,31.558,82289.2,58.48418273040923
2026-02-14 00:00:00+00:00,31.56,31.966,31.455,31.923,125305.8,62.625074981636
2026-02-14 01:00:00+00:00,31.923,32.229,31.775,32.124,276389.22,64.71240117056288
2026-02-14 02:00:00+00:00,32.115,32.241,31.703,31.738,182954.84,58.011959128201575
2026-02-14 03:00:00+00:00,31.738,32.045,31.688,31.893,68595.49,59.81144090345278
2026-02-14 04:00:00+00:00,31.895,31.912,31.336,31.48,213426.06,53.26148804945923
2026-02-14 05:00:00+00:00,31.47,31.623,31.28,31.301,150115.16,50.671457037966924
2026-02-14 06:00:00+00:00,31.3,31.625,31.256,31.516,154630.09,53.59067822426492
2026-02-14 07:00:00+00:00,31.515,31.842,31.51,31.765,125301.62,56.78068882296664
2026-02-14 08:00:00+00:00,31.765,31.932,31.523,31.706,143925.77,55.801934912092484
2026-02-14 09:00:00+00:00,31.697,31.742,31.5,31.622,55887.59,54.365106025067476
2026-02-14 10:00:00+00:00,31.622,31.931,31.505,31.793,134782.37,56.80351054000479
2026-02-14 11:00:00+00:00,31.793,32.273,31.783,32.094,234654.9,60.77643942533629
2026-02-14 12:00:00+00:00,32.091,32.196,31.366,31.39,307881.5,49.34509790746763
2026-02-14 13:00:00+00:00,31.394,31.458,31.0,31.049,211059.45,44.93624945096334
2026-02-14 14:00:00+00:00,31.044,31.485,31.026,31.366,264668.15,49.45720252000237
2026-02-14 15:00:00+00:00,31.371,31.528,31.298,31.454,113415.2,50.66808032458773
2026-02-14 16:00:00+00:00,31.455,31.477,31.008,31.292,210627.89,48.370661904397515
2026-02-14 17:00:00+00:00,31.303,31.533,30.674,30.873,335700.55,42.94667218744165
2026-02-14 18:00:00+00:00,30.863,31.077,30.731,31.001,161636.11,44.97652916598581
2026-02-14 19:00:00+00:00,31.001,31.5,30.919,31.445,181925.18,51.43153343366256
2026-02-14 20:00:00+00:00,31.461,31.786,31.352,31.754,188780.73,55.356757683769416
2026-02-14 21:00:00+00:00,31.76,31.86,31.415,31.603,162109.5,53.09839032417441
2026-02-14 22:00:00+00:00,31.599,31.745,31.488,31.589,107594.49,52.882975494407916
2026-02-14 23:00:00+00:00,31.595,31.946,31.511,31.837,206976.58,56.26756663990737
2026-02-15 00:00:00+00:00,31.836,31.955,31.656,31.912,260098.6,57.26729724011716
2026-02-15 01:00:00+00:00,31.912,32.0,31.18,31.416,284912.7,49.2490047028726
2026-02-15 02:00:00+00:00,31.414,31.549,31.2,31.5,134543.78,50.51272523337821
2026-02-15 03:00:00+00:00,31.485,31.625,31.145,31.424,193788.03,49.31621826310697
2026-02-15 04:00:00+00:00,31.424,31.764,31.411,31.637,307233.41,52.697993145894266
2026-02-15 05:00:00+00:00,31.638,31.803,31.617,31.666,113576.99,53.156272409733454
2026-02-15 06:00:00+00:00,31.667,31.667,31.241,31.356,110613.38,47.82253519472408
2026-02-15 07:00:00+00:00,31.355,31.468,31.229,31.336,100253.48,47.49144564633848
2026-02-15 08:00:00+00:00,31.34,31.478,30.684,30.927,505225.07,41.2083195417305
2026-02-15 09:00:00+00:00,30.923,31.172,30.856,31.137,111443.83,45.216014689782604
2026-02-15 10:00:00+00:00,31.137,31.429,30.956,31.341,111438.09,48.862808691613644
2026-02-15 11:00:00+00:00,31.341,31.64,31.309,31.464,108231.68,50.98154475040044
2026-02-15 12:00:00+00:00,31.473,31.663,31.077,31.091,132920.73,44.90541418852089
2026-02-15 13:00:00+00:00,31.091,31.298,30.512,30.688,446713.73,39.43658560009541
2026-02-15 14:00:00+00:00,30.681,30.984,30.595,30.952,173484.86,44.228321607116655
2026-02-15 15:00:00+00:00,30.952,31.03,30.789,30.941,106839.02,44.07185656572125
2026-02-15 16:00:00+00:00,30.937,31.125,30.702,31.095,139166.61,46.90385228371656
2026-02-15 17:00:00+00:00,31.099,31.099,30.653,31.005,147939.96,45.45523853560439
2026-02-15 18:00:00+00:00,31.004,31.038,30.535,30.68,128969.0,40.58114438511339
2026-02-15 19:00:00+00:00,30.68,30.701,30.455,30.555,247613.87,38.85541436878724
2026-02-15 20:00:00+00:00,30.555,30.642,30.328,30.472,247734.94,37.70873169274463
2026-02-15 21:00:00+00:00,30.48,30.69,30.371,30.404,182154.01,36.75178950645113
2026-02-15 22:00:00+00:00,30.403,30.624,30.35,30.554,67268.03,40.34792744922503
2026-02-15 23:00:00+00:00,30.553,30.702,30.251,30.684,152204.7,43.35396494430109
2026-02-16 00:00:00+00:00,30.69,30.941,30.427,30.438,160644.35,39.31640406396887
2026-02-16 01:00:00+00:00,30.452,30.493,30.081,30.273,273049.04,36.8382795623442
2026-02-16 02:00:00+00:00,30.273,30.393,30.0,30.043,149863.59,33.65397717188577
2026-02-16 03:00:00+00:00,30.048,30.304,30.01,30.285,119131.14,39.57260521660315
2026-02-16 04:00:00+00:00,30.294,30.351,30.023,30.033,122791.28,35.97376996963946
2026-02-16 05:00:00+00:00,30.024,30.059,29.586,29.803,288004.59,33.02199897407037
2026-02-16 06:00:00+00:00,29.802,29.911,29.746,29.83,98826.66,33.709649272829225
2026-02-16 07:00:00+00:00,29.83,29.97,29.501,29.644,257201.8,31.323796137734263
2026-02-16 08:00:00+00:00,29.647,29.869,29.605,29.733,140530.79,33.74037080996379
2026-02-16 09:00:00+00:00,29.733,30.066,29.732,29.8,99229.65,35.57816349670723
2026-02-16 10:00:00+00:00,29.8,30.119,29.754,29.933,111581.54,39.18416351106293
2026-02-16 11:00:00+00:00,29.934,30.032,29.598,29.926,99392.9,39.060238605349014
2026-02-16 12:00:00+00:00,29.924,30.56,29.875,30.401,273496.64,50.50035310149527
2026-02-16 13:00:00+00:00,30.405,30.6,30.144,30.277,196695.89,47.96872141265424
2026-02-16 14:00:00+00:00,30.286,30.512,30.133,30.33,141042.49,49.14227230600712
2026-02-16 15:00:00+00:00,30.326,30.496,29.547,29.805,592130.91,39.611522258201575
2026-02-16 16:00:00+00:00,29.804,30.012,29.705,29.904,191524.63,41.899806648806226
2026-02-16 17:00:00+00:00,29.896,29.991,29.675,29.834,108308.27,40.72474193315647
2026-02-16 18:00:00+00:00,29.852,30.0,29.741,29.855,93832.71,41.25698733798142
2026-02-16 19:00:00+00:00,29.855,30.004,29.824,29.866,128230.49,41.553032876839886
2026-02-16 20:00:00+00:00,29.862,30.377,29.832,30.272,193105.05,51.30710444878908
2026-02-16 21:00:00+00:00,30.268,30.609,30.103,30.594,190260.47,57.3819109848416
2026-02-16 22:00:00+00:00,30.594,30.837,30.504,30.711,165607.21,59.365607782915845
2026-02-16 23:00:00+00:00,30.711,31.229,30.643,31.223,235451.58,66.67553825490538
2026-02-17 00:00:00+00:00,31.221,31.377,31.032,31.26,339112.87,67.13564754683874
2026-02-17 01:00:00+00:00,31.258,31.374,30.941,31.012,221722.04,61.0511292418581
2026-02-17 02:00:00+00:00,31.019,31.259,30.897,30.994,189986.34,60.621685248347966
2026-02-17 03:00:00+00:00,31.0,31.036,30.756,30.858,142618.55,57.33982358686428
2026-02-17 04:00:00+00:00,30.86,31.046,30.642,30.667,178249.61,53.00022904879585
2026-02-17 05:00:00+00:00,30.673,30.689,30.146,30.186,503799.36,43.97436529131807
2026-02-17 06:00:00+00:00,30.222,30.387,30.135,30.25,184088.69,45.3089521750252
2026-02-17 07:00:00+00:00,30.251,30.307,30.021,30.127,165650.52,43.18006250586056
2026-02-17 08:00:00+00:00,30.116,30.227,29.71,29.754,339754.51,37.43568097617235
2026-02-17 09:00:00+00:00,29.754,30.004,29.714,29.86,209002.9,39.88326230919076
2026-02-17 10:00:00+00:00,29.853,29.905,29.569,29.624,127926.89,36.46304165661122
2026-02-17 11:00:00+00:00,29.628,29.714,29.227,29.35,265637.19,32.93198561368406
2026-02-17 12:00:00+00:00,29.328,29.607,29.282,29.455,161577.82,35.50932755924855
2026-02-17 13:00:00+00:00,29.467,29.774,29.36,29.684,212601.25,40.8482662993179
2026-02-17 14:00:00+00:00,29.685,29.816,29.0,29.167,500325.35,34.00398838806292
2026-02-17 15:00:00+00:00,29.169,29.676,29.011,29.563,507435.85,42.01778206897326
2026-02-17 16:00:00+00:00,29.57,30.12,29.551,29.859,474576.51,47.18069019971108
2026-02-17 17:00:00+00:00,29.863,30.068,29.25,29.356,279950.3,40.56975479767761
2026-02-17 18:00:00+00:00,29.358,29.726,29.256,29.635,123842.67,45.15981553420856
2026-02-17 19:00:00+00:00,29.635,29.726,29.477,29.522,122501.14,43.688070110120336
2026-02-17 20:00:00+00:00,29.522,29.685,29.33,29.67,88786.45,46.16281716704912
2026-02-17 21:00:00+00:00,29.666,29.895,29.64,29.86,107607.67,49.24652187349782
2026-02-17 22:00:00+00:00,29.854,29.9,29.534,29.547,119253.33,44.70385534988728
2026-02-17 23:00:00+00:00,29.547,29.643,29.435,29.491,137803.96,43.92320300449005
2026-02-18 00:00:00+00:00,29.491,29.599,29.041,29.093,208896.36,38.744694866518714
2026-02-18 01:00:00+00:00,29.092,29.126,28.834,29.068,334074.52,38.43813549727393
2026-02-18 02:00:00+00:00,29.069,29.203,29.037,29.163,119745.2,40.3689609091252
2026-02-18 03:00:00+00:00,29.164,29.431,29.118,29.255,111026.51,42.25770950303336
2026-02-18 04:00:00+00:00,29.256,29.4,29.19,29.314,52745.57,43.49379019383269
2026-02-18 05:00:00+00:00,29.315,29.413,29.259,29.346,62843.48,44.191596776111254
2026-02-18 06:00:00+00:00,29.347,29.49,29.331,29.475,84053.67,47.03135994513938
2026-02-18 07:00:00+00:00,29.475,29.716,29.428,29.642,182706.87,50.54006989146372
2026-02-18 08:00:00+00:00,29.643,29.754,29.424,29.471,146598.44,47.09965592273044
2026-02-18 09:00:00+00:00,29.472,29.589,29.326,29.344,56472.21,44.66767318484997
2026-02-18 10:00:00+00:00,29.344,29.439,28.954,29.086,144158.68,40.13394693040724
2026-02-18 11:00:00+00:00,29.085,29.122,28.8,28.887,271837.71,37.013345130381516
2026-02-18 12:00:00+00:00,28.888,29.171,28.838,29.124,80830.5,42.72511452499226
2026-02-18 13:00:00+00:00,29.125,29.398,28.916,29.124,412776.72,42.72511452499226
2026-02-18 14:00:00+00:00,29.117,29.222,28.55,28.86,556351.41,38.244698794837866
2026-02-18 15:00:00+00:00,28.854,29.575,28.852,29.191,562786.78,45.904306399242984
2026-02-18 16:00:00+00:00,29.192,29.269,28.764,28.815,323316.43,39.85676490545731
2026-02-18 17:00:00+00:00,28.814,29.018,28.55,28.787,257135.4,39.44007020581308
2026-02-18 18:00:00+00:00,28.788,28.903,28.55,28.575,202968.4,36.342026206305434
2026-02-18 19:00:00+00:00,28.575,28.824,28.416,28.735,449146.75,40.162292640840526
2026-02-18 20:00:00+00:00,28.728,28.963,28.581,28.719,283105.83,39.90439565706957
2026-02-18 21:00:00+00:00,28.728,28.792,28.471,28.472,221100.22,36.0553013628656
2026-02-18 22:00:00+00:00,28.472,28.621,28.213,28.54,472116.4,37.8331441672365
2026-02-18 23:00:00+00:00,28.543,28.716,28.452,28.665,181056.72,41.07627727846162
2026-02-19 00:00:00+00:00,28.662,28.673,28.211,28.325,211420.87,35.63135378310953
2026-02-19 01:00:00+00:00,28.324,28.63,28.306,28.472,234998.15,39.373220428853934
2026-02-19 02:00:00+00:00,28.471,28.623,28.374,28.528,117603.55,40.785425984161265
2026-02-19 03:00:00+00:00,28.521,28.771,28.47,28.739,99661.69,45.89892764276705
2026-02-19 04:00:00+00:00,28.738,28.865,28.585,28.665,131677.74,44.44919589903012
2026-02-19 05:00:00+00:00,28.667,28.737,28.5,28.607,62168.39,43.29493713693962
2026-02-19 06:00:00+00:00,28.601,28.8,28.601,28.778,122433.91,47.61416340124313
2026-02-19 07:00:00+00:00,28.784,29.202,28.75,29.187,309646.54,56.20640694632202
2026-02-19 08:00:00+00:00,29.181,29.2,28.877,28.925,160121.21,50.49310190307784
2026-02-19 09:00:00+00:00,28.926,29.04,28.617,28.656,183630.21,45.39144477467352
2026-02-19 10:00:00+00:00,28.656,28.736,28.419,28.456,138246.06,41.99417041492753
2026-02-19 11:00:00+00:00,28.462,28.507,28.27,28.375,195902.25,40.666669207295236
2026-02-19 12:00:00+00:00,28.373,28.387,28.051,28.133,269422.6,36.912338631570336
2026-02-19 13:00:00+00:00,28.135,28.284,27.9,27.965,384042.06,34.529150126180994
2026-02-19 14:00:00+00:00,27.977,28.297,27.726,28.037,544526.25,36.42363196487144
2026-02-19 15:00:00+00:00,28.037,28.418,28.022,28.337,227707.68,43.72987015856204
2026-02-19 16:00:00+00:00,28.327,28.474,28.138,28.324,219935.36,43.49659945516532
2026-02-19 17:00:00+00:00,28.33,28.584,28.233,28.371,201322.92,44.64625622022282
2026-02-19 18:00:00+00:00,28.369,28.88,28.314,28.76,186947.35,53.143861186246035
2026-02-19 19:00:00+00:00,28.764,28.775,28.542,28.674,119324.91,51.26996264540867
2026-02-19 20:00:00+00:00,28.667,29.1,28.623,29.009,312267.17,57.54923761719397
2026-02-19 21:00:00+00:00,29.02,29.394,28.938,29.13,335646.93,59.57544214826927
2026-02-19 22:00:00+00:00,29.129,29.165,28.791,28.931,148864.38,54.93164951888145
2026-02-19 23:00:00+00:00,28.931,29.086,28.85,28.999,55376.44,56.18836094683652
2026-02-20 00:00:00+00:00,28.996,29.289,28.957,29.248,157236.14,60.528671123338114
2026-02-20 01:00:00+00:00,29.246,29.555,29.209,29.456,216932.64,63.75854499014194
2026-02-20 02:00:00+00:00,29.462,29.477,29.268,29.4,91282.01,62.28090676638549
2026-02-20 03:00:00+00:00,29.4,29.503,29.206,29.474,117293.8,63.485185974986095
2026-02-20 04:00:00+00:00,29.475,29.492,29.247,29.328,85436.6,59.45208709744316
2026-02-20 05:00:00+00:00,29.336,29.503,29.158,29.467,175857.31,61.93166085262801
2026-02-20 06:00:00+00:00,29.474,29.484,29.238,29.311,115213.93,57.66932309460292
2026-02-20 07:00:00+00:00,29.314,29.317,28.997,29.056,137628.66,51.43749825805956
2026-02-20 08:00:00+00:00,29.055,29.162,28.923,29.027,147756.11,50.76563222726122
2026-02-20 09:00:00+00:00,29.027,29.393,29.026,29.332,156055.57,57.110726266674625
2026-02-20 10:00:00+00:00,29.332,29.734,29.321,29.54,240941.14,60.819168551957894
2026-02-20 11:00:00+00:00,29.539,29.644,29.332,29.377,124728.14,56.682943330132034
2026-02-20 12:00:00+00:00,29.387,29.463,29.179,29.379,140975.45,56.72183527040256
2026-02-20 13:00:00+00:00,29.385,29.393,28.62,28.782,491758.31,44.01742925967066
2026-02-20 14:00:00+00:00,28.778,29.048,28.611,28.88,208680.1,46.14963528973093
2026-02-20 15:00:00+00:00,28.887,29.907,28.881,29.85,814453.37,61.69910529133449
2026-02-20 16:00:00+00:00,29.824,30.359,29.702,30.104,925035.19,64.5830367128768
2026-02-20 17:00:00+00:00,30.103,30.139,29.516,29.936,360273.83,61.295541391490524
2026-02-20 18:00:00+00:00,29.935,30.085,29.492,30.078,290808.79,63.009501130387186
2026-02-20 19:00:00+00:00,30.077,30.132,29.83,30.092,222415.77,63.18260907609932
2026-02-20 20:00:00+00:00,30.084,30.197,29.932,30.147,172874.7,63.89740904049297
2026-02-20 21:00:00+00:00,30.148,30.182,29.902,30.029,139538.38,61.15418246606682
2026-02-20 22:00:00+00:00,30.027,30.432,29.919,30.33,185552.15,65.25220931332237
2026-02-20 23:00:00+00:00,30.335,30.403,30.183,30.366,147715.91,65.71802811765588
2026-02-21 00:00:00+00:00,30.37,30.54,30.109,30.184,136750.17,61.24775973046695
2026-02-21 01:00:00+00:00,30.185,30.46,30.123,30.344,82633.82,63.5923907873205
2026-02-21 02:00:00+00:00,30.354,30.566,30.326,30.532,81508.74,66.18152336865032
2026-02-21 03:00:00+00:00,30.534,30.542,30.17,30.273,105839.77,59.86521566949601
2026-02-21 04:00:00+00:00,30.271,30.375,30.211,30.317,91753.79,60.5539747898433
2026-02-21 05:00:00+00:00,30.317,30.414,30.182,30.371,64528.13,61.428827687504686
2026-02-21 06:00:00+00:00,30.37,30.39,30.209,30.227,35274.1,57.75057536592041
2026-02-21 07:00:00+00:00,30.22,30.3,30.057,30.088,78174.33,54.366517382214624
2026-02-21 08:00:00+00:00,30.094,30.373,30.089,30.282,131133.67,58.06035534108871
2026-02-21 09:00:00+00:00,30.281,30.511,30.269,30.354,124715.26,59.37469118209624
2026-02-21 10:00:00+00:00,30.354,30.405,30.3,30.334,38362.04,58.82323288370655
2026-02-21 11:00:00+00:00,30.333,30.424,30.115,30.127,82467.41,53.30495085044011
2026-02-21 12:00:00+00:00,30.126,30.2,29.89,29.952,224214.07,49.11044094976744
2026-02-21 13:00:00+00:00,29.951,30.061,29.848,30.046,143920.46,51.32600913954156
2026-02-21 14:00:00+00:00,30.047,30.174,29.931,30.009,185304.42,50.39594987665163
2026-02-21 15:00:00+00:00,30.009,30.065,29.734,29.918,147802.29,48.087960348569254
2026-02-21 16:00:00+00:00,29.919,29.93,29.664,29.836,120869.32,46.041764039743114
2026-02-21 17:00:00+00:00,29.836,29.933,29.737,29.885,72862.75,47.479911118482576
2026-02-21 18:00:00+00:00,29.894,30.081,29.83,29.906,135783.99,48.118129174238625
2026-02-21 19:00:00+00:00,29.91,29.993,29.763,29.844,117927.14,46.32815915760908
2026-02-21 20:00:00+00:00,29.846,29.875,29.6,29.648,103351.8,41.12047953564817
2026-02-21 21:00:00+00:00,29.651,29.766,29.56,29.727,156216.47,43.85971599293747
2026-02-21 22:00:00+00:00,29.718,29.754,29.564,29.564,48933.6,39.750550753296245
2026-02-21 23:00:00+00:00,29.564,29.766,29.561,29.73,146006.51,45.364492936069965
2026-02-22 00:00:00+00:00,29.733,29.773,29.583,29.692,65571.08,44.34583612349077
2026-02-22 01:00:00+00:00,29.692,29.93,29.649,29.865,59745.05,49.86530627590079
2026-02-22 02:00:00+00:00,29.874,29.94,29.743,29.761,27260.67,46.856843284983725
2026-02-22 03:00:00+00:00,29.761,29.89,29.681,29.714,31743.48,45.52024776319759
2026-02-22 04:00:00+00:00,29.714,29.749,29.6,29.64,59358.38,43.42016233009802
2026-02-22 05:00:00+00:00,29.64,29.672,29.606,29.672,28968.8,44.61021173704354
2026-02-22 06:00:00+00:00,29.672,29.756,29.501,29.558,74147.52,41.279214474471175
2026-02-22 07:00:00+00:00,29.562,29.619,29.424,29.434,91243.94,37.95906936855835
2026-02-22 08:00:00+00:00,29.434,29.489,29.339,29.453,69647.86,38.77170231291573
2026-02-22 09:00:00+00:00,29.446,29.569,29.428,29.471,53030.36,39.57913558735632
2026-02-22 10:00:00+00:00,29.472,29.717,29.435,29.656,70695.65,47.27496204102717
2026-02-22 11:00:00+00:00,29.665,29.842,29.642,29.684,65882.0,48.34730161098761
2026-02-22 12:00:00+00:00,29.687,29.713,29.2,29.33,168205.48,37.86260561210669
2026-02-22 13:00:00+00:00,29.329,29.474,29.23,29.335,110256.16,38.06690066143091
2026-02-22 14:00:00+00:00,29.331,29.376,29.14,29.291,132227.83,36.91664498501921
2026-02-22 15:00:00+00:00,29.293,29.293,28.975,29.195,186244.12,34.469366416506446
2026-02-22 16:00:00+00:00,29.194,29.203,28.958,29.026,101033.66,30.620966227402718
2026-02-22 17:00:00+00:00,29.028,29.036,28.858,28.927,135153.54,28.606132353725272
2026-02-22 18:00:00+00:00,28.923,28.985,28.754,28.775,164506.12,25.799271563316523
2026-02-22 19:00:00+00:00,28.772,28.843,28.694,28.746,103846.84,25.289424675224126
2026-02-22 20:00:00+00:00,28.745,28.956,28.744,28.869,103296.61,31.474909472404377
2026-02-22 21:00:00+00:00,28.874,28.999,28.825,28.944,53620.16,35.00829039262885
2026-02-22 22:00:00+00:00,28.936,29.029,28.824,28.969,66517.91,36.18941841466331
2026-02-22 23:00:00+00:00,28.974,29.028,28.835,29.007,66274.51,38.032857342753836
2026-02-23 00:00:00+00:00,29.008,29.031,28.376,28.477,424492.72,26.523633698389048
2026-02-23 01:00:00+00:00,28.477,28.5,27.513,27.587,1580022.36,17.142433994774905
2026-02-23 02:00:00+00:00,27.583,27.807,27.408,27.517,535884.05,16.643812617363736
2026-02-23 03:00:00+00:00,27.514,27.55,26.829,27.225,1098964.06,14.720341033912405
2026-02-23 04:00:00+00:00,27.234,27.276,26.905,27.176,613826.38,14.419198575378317
2026-02-23 05:00:00+00:00,27.178,27.64,27.141,27.564,310092.33,27.131253178432928
2026-02-23 06:00:00+00:00,27.564,27.87,27.478,27.784,364824.98,33.19094282724548
2026-02-23 07:00:00+00:00,27.788,27.88,27.62,27.695,181172.55,32.0304972662547
2026-02-23 08:00:00+00:00,27.694,27.714,27.4,27.542,254199.52,30.08327130851427
2026-02-23 09:00:00+00:00,27.545,28.178,27.543,28.13,341625.04,44.138446341073745
2026-02-23 10:00:00+00:00,28.128,28.211,27.654,27.696,334776.51,38.057242481492
2026-02-23 11:00:00+00:00,27.701,27.824,27.557,27.628,271167.3,37.1926070882416
2026-02-23 12:00:00+00:00,27.628,27.683,27.334,27.64,409417.64,37.4626248650733
2026-02-23 13:00:00+00:00,27.641,27.677,27.019,27.112,504267.01,31.122553181091362
2026-02-23 14:00:00+00:00,27.115,27.12,26.453,26.617,1547643.51,26.58083176781352
2026-02-23 15:00:00+00:00,26.618,26.804,26.343,26.566,659821.07,26.157298218335754
2026-02-23 16:00:00+00:00,26.56,26.73,26.222,26.401,493618.89,24.781528361160753
2026-02-23 17:00:00+00:00,26.401,26.423,25.611,26.104,1172855.15,22.488686103782044
2026-02-23 18:00:00+00:00,26.105,26.453,25.9,26.427,749342.2,30.066786133029936
2026-02-23 19:00:00+00:00,26.436,26.521,26.153,26.284,279032.59,28.727682979075965
2026-02-23 20:00:00+00:00,26.285,26.552,26.25,26.427,205573.41,31.989701258602835
2026-02-23 21:00:00+00:00,26.426,26.609,26.373,26.417,189091.08,31.879818387805813
2026-02-23 22:00:00+00:00,26.416,26.666,26.154,26.163,275466.85,29.14169496205629
2026-02-23 23:00:00+00:00,26.166,26.393,26.122,26.366,172656.04,34.01924221980366
2026-02-24 00:00:00+00:00,26.366,26.525,26.31,26.497,132430.13,37.031512447950966
2026-02-24 01:00:00+00:00,26.489,26.498,25.825,26.05,547526.34,31.711482397286957
2026-02-24 02:00:00+00:00,26.051,26.165,25.825,25.847,251859.23,29.629665262411564
2026-02-24 03:00:00+00:00,25.842,26.514,25.606,26.231,527715.55,37.9305401884881
2026-02-24 04:00:00+00:00,26.24,26.266,25.858,26.181,343284.16,37.313345882842896
2026-02-24 05:00:00+00:00,26.184,26.363,26.131,26.308,69919.81,39.98459283471675
2026-02-24 06:00:00+00:00,26.317,26.317,26.071,26.231,103758.94,38.90220026497883
2026-02-24 07:00:00+00:00,26.232,26.355,26.177,26.264,147065.43,39.65613395948392
2026-02-24 08:00:00+00:00,26.266,26.571,26.176,26.465,202257.13,44.174746345206344
2026-02-24 09:00:00+00:00,26.465,26.544,26.218,26.539,217176.52,45.78434288387743
2026-02-24 10:00:00+00:00,26.54,26.609,26.377,26.551,225334.0,46.05596427451384
2026-02-24 11:00:00+00:00,26.552,26.643,26.33,26.461,164485.49,44.264767190493224
2026-02-24 12:00:00+00:00,26.46,26.51,26.348,26.356,90080.63,42.2025805254185
2026-02-24 13:00:00+00:00,26.359,26.556,26.071,26.5,298741.09,45.92338753262964
2026-02-24 14:00:00+00:00,26.504,26.991,26.347,26.76,673952.45,51.9394578116291
2026-02-24 15:00:00+00:00,26.767,26.898,26.375,26.769,625892.62,52.13795234131155
2026-02-24 16:00:00+00:00,26.769,27.188,26.733,27.14,546709.31,59.55369733959233
2026-02-24 17:00:00+00:00,27.143,27.275,26.808,26.839,314695.02,52.45285437159009
2026-02-24 18:00:00+00:00,26.838,27.064,26.832,26.908,219513.31,53.812400200286845
2026-02-24 19:00:00+00:00,26.907,27.269,26.889,27.205,229386.1,59.21784695189323
2026-02-24 20:00:00+00:00,27.206,27.366,27.073,27.23,403449.3,59.64596292403482
2026-02-24 21:00:00+00:00,27.225,27.267,26.942,27.14,489984.52,57.31339344885857
2026-02-24 22:00:00+00:00,27.144,27.306,27.041,27.204,241613.32,58.55462208276496
2026-02-24 23:00:00+00:00,27.204,27.416,26.994,27.071,281047.83,54.97697617874752
2026-02-25 00:00:00+00:00,27.073,27.416,27.058,27.401,205987.25,61.295862571760615
2026-02-25 01:00:00+00:00,27.401,27.973,27.395,27.54,847319.45,63.61242769134346
2026-02-25 02:00:00+00:00,27.544,27.793,27.443,27.51,356236.02,62.73961687432279
2026-02-25 03:00:00+00:00,27.512,27.568,26.93,27.027,421780.81,50.68242671932332
2026-02-25 04:00:00+00:00,27.036,27.274,26.85,27.229,324124.06,54.61107431245549
2026-02-25 05:00:00+00:00,27.235,27.259,26.715,26.898,243265.48,47.88037450356069
2026-02-25 06:00:00+00:00,26.901,27.01,26.807,26.905,145847.64,48.02626203758452
2026-02-25 07:00:00+00:00,26.895,26.978,26.8,26.897,201211.72,47.86137795760743
2026-02-25 08:00:00+00:00,26.898,27.06,26.822,26.999,203014.97,50.20857403885734
2026-02-25 09:00:00+00:00,26.997,26.997,26.732,26.779,315822.75,45.45541206695682
2026-02-25 10:00:00+00:00,26.78,26.975,26.755,26.886,103472.32,48.03223482604268
2026-02-25 11:00:00+00:00,26.885,27.178,26.824,27.174,168644.48,54.291498662696156
2026-02-25 12:00:00+00:00,27.171,27.638,27.012,27.587,360567.29,61.46020603950951
2026-02-25 13:00:00+00:00,27.591,27.72,27.341,27.651,316770.71,62.443191637142306
2026-02-25 14:00:00+00:00,27.652,28.486,27.636,28.267,807187.41,70.29618769935345
2026-02-25 15:00:00+00:00,28.272,28.292,27.826,27.971,546373.27,63.43254710079894
2026-02-25 16:00:00+00:00,27.972,28.689,27.903,28.538,638294.27,69.56309489885768
2026-02-25 17:00:00+00:00,28.539,28.769,28.267,28.665,518054.34,70.74611851735669
2026-02-25 18:00:00+00:00,28.666,29.056,28.609,28.784,351760.31,71.85018785743262
2026-02-25 19:00:00+00:00,28.785,28.864,28.625,28.772,229170.71,71.55690722661285
2026-02-25 20:00:00+00:00,28.772,28.841,28.497,28.782,272256.53,71.66071926878453
2026-02-25 21:00:00+00:00,28.789,28.968,28.318,28.686,663477.9,69.05503273504095
2026-02-25 22:00:00+00:00,28.691,28.877,28.2,28.379,382210.85,61.36994915811558
2026-02-25 23:00:00+00:00,28.375,28.421,27.556,27.87,993452.05,51.196707094647344
2026-02-26 00:00:00+00:00,27.874,28.495,27.762,28.296,483403.44,57.54057617029248
2026-02-26 01:00:00+00:00,28.297,28.638,28.1,28.113,288470.18,54.27662187281456
2026-02-26 02:00:00+00:00,28.113,28.121,27.724,28.013,231785.12,52.52332418119289
2026-02-26 03:00:00+00:00,28.012,28.098,27.87,28.031,97478.63,52.81876421992454
2026-02-26 04:00:00+00:00,28.036,28.334,28.003,28.217,161968.02,55.87442110787948
2026-02-26 05:00:00+00:00,28.208,28.3,28.0,28.215,87826.3,55.83254903455522
2026-02-26 06:00:00+00:00,28.198,28.42,28.104,28.178,88547.31,55.01121638173616
2026-02-26 07:00:00+00:00,28.169,28.552,28.156,28.232,174241.19,56.0278993894128
2026-02-26 08:00:00+00:00,28.241,28.35,28.085,28.253,91813.92,56.44016561020213
2026-02-26 09:00:00+00:00,28.253,29.367,28.168,29.215,620907.22,70.2161325153362
2026-02-26 10:00:00+00:00,29.209,29.297,28.833,28.92,312557.25,63.57622216408497
2026-02-26 11:00:00+00:00,28.921,28.976,28.323,28.429,294353.82,54.36188720898574
2026-02-26 12:00:00+00:00,28.429,28.81,28.34,28.777,155525.59,58.90770581293637
2026-02-26 13:00:00+00:00,28.772,29.042,28.741,28.999,253641.99,61.53953312801595
2026-02-26 14:00:00+00:00,28.997,29.338,28.672,29.322,426616.26,65.04716229783136
2026-02-26 15:00:00+00:00,29.322,29.323,28.147,28.442,787872.34,51.31576427594036
2026-02-26 16:00:00+00:00,28.45,28.613,28.129,28.28,418848.86,49.25442863631234
2026-02-26 17:00:00+00:00,28.275,28.448,27.872,28.01,423708.52,45.94203763002214
2026-02-26 18:00:00+00:00,28.006,28.308,27.826,28.233,263066.54,48.993099586004234
2026-02-26 19:00:00+00:00,28.225,28.73,28.192,28.512,256963.63,52.59783625821843
2026-02-26 20:00:00+00:00,28.508,28.716,28.213,28.281,178793.46,49.479909100836295
2026-02-26 21:00:00+00:00,28.281,28.362,28.137,28.166,90402.6,47.95582138113824
2026-02-26 22:00:00+00:00,28.168,28.415,28.09,28.405,186538.36,51.31230859390142
2026-02-26 23:00:00+00:00,28.405,28.439,28.09,28.105,156869.89,47.197585123397054
2026-02-27 00:00:00+00:00,28.102,28.198,27.91,28.179,155004.13,48.29890627034631
2026-02-27 01:00:00+00:00,28.177,28.236,28.056,28.234,99809.5,49.14786203758038
2026-02-27 02:00:00+00:00,28.234,28.613,28.225,28.492,156900.32,53.04303752036765
2026-02-27 03:00:00+00:00,28.493,28.849,28.4,28.837,190511.45,57.70811563284889
2026-02-27 04:00:00+00:00,28.83,29.625,28.778,29.124,540245.9,61.1645970395487
2026-02-27 05:00:00+00:00,29.132,29.193,28.9,29.074,186956.08,60.24087511418952
2026-02-27 06:00:00+00:00,29.078,29.158,28.78,29.059,154475.11,59.94837604109544
2026-02-27 07:00:00+00:00,29.056,29.424,28.981,29.284,170777.16,62.86134176029043
2026-02-27 08:00:00+00:00,29.275,29.665,29.274,29.492,212643.19,65.36887847380326
2026-02-27 09:00:00+00:00,29.501,29.936,29.266,29.47,375190.58,64.86998375177453
2026-02-27 10:00:00+00:00,29.455,29.576,28.954,28.972,500953.89,54.694148120292006
2026-02-27 11:00:00+00:00,28.962,29.101,28.293,28.305,631859.27,44.60241337063001
2026-02-27 12:00:00+00:00,28.305,28.305,27.821,28.106,623682.1,42.10619330235789
2026-02-27 13:00:00+00:00,28.11,28.235,27.806,28.107,298988.96,42.12372228499486
2026-02-27 14:00:00+00:00,28.098,28.431,27.916,28.084,459142.15,41.81016348820371
2026-02-27 15:00:00+00:00,28.072,28.327,28.014,28.175,140571.04,43.599026515640126
2026-02-27 16:00:00+00:00,28.168,28.187,27.28,27.316,704022.08,33.21800753300434
2026-02-27 17:00:00+00:00,27.313,27.487,27.169,27.467,482521.13,36.098347488416735
2026-02-27 18:00:00+00:00,27.467,27.558,27.147,27.21,177662.81,33.45369095932166
2026-02-27 19:00:00+00:00,27.209,27.225,26.872,27.1,370086.38,32.36087639275688
2026-02-27 20:00:00+00:00,27.091,27.421,27.067,27.355,115886.86,37.46105259652945
2026-02-27 21:00:00+00:00,27.362,27.404,27.055,27.086,130657.56,34.505289220187294
2026-02-27 22:00:00+00:00,27.086,27.145,26.724,27.097,228322.43,34.7320743559564
2026-02-27 23:00:00+00:00,27.104,27.324,27.104,27.28,128659.77,38.54458943269483
2026-02-28 00:00:00+00:00,27.28,27.532,27.216,27.486,223708.36,42.60863988614479
2026-02-28 01:00:00+00:00,27.485,27.523,27.07,27.07,230036.57,37.251278503081764
2026-02-28 02:00:00+00:00,27.071,27.14,26.809,26.957,275222.78,35.92974786136831
2026-02-28 03:00:00+00:00,26.958,27.073,26.822,26.88,198393.69,35.01810310824169
2026-02-28 04:00:00+00:00,26.88,27.04,26.816,26.976,116578.59,37.15892369902688
2026-02-28 05:00:00+00:00,26.977,27.03,26.854,26.898,55527.77,36.11776528567184
2026-02-28 06:00:00+00:00,26.899,26.954,26.062,26.233,1053417.54,28.72745645061397
2026-02-28 07:00:00+00:00,26.224,26.917,26.111,26.634,800567.9,37.08711821119809
2026-02-28 08:00:00+00:00,26.638,26.962,26.544,26.797,400651.34,40.15959686051907
2026-02-28 09:00:00+00:00,26.797,27.339,26.785,27.264,423550.75,47.99573709430025
2026-02-28 10:00:00+00:00,27.264,27.503,26.937,27.363,308934.72,49.50531777636868
2026-02-28 11:00:00+00:00,27.362,27.695,27.151,27.265,308887.31,48.0193505503017
2026-02-28 12:00:00+00:00,27.263,27.543,27.258,27.339,164508.11,49.25790777234523
2026-02-28 13:00:00+00:00,27.334,27.723,27.119,27.608,323740.5,53.58720443191951
2026-02-28 14:00:00+00:00,27.619,28.0,27.381,27.838,553514.37,56.967868904962565
2026-02-28 15:00:00+00:00,27.838,28.214,27.757,28.172,353534.21,61.368447823793666
2026-02-28 16:00:00+00:00,28.172,28.592,28.011,28.555,417316.61,65.70004002730964
2026-02-28 17:00:00+00:00,28.555,29.513,28.537,29.41,871675.56,72.98282338773778
2026-02-28 18:00:00+00:00,29.41,29.7,29.091,29.373,746011.45,72.26772067093614
2026-02-28 19:00:00+00:00,29.375,29.669,29.043,29.483,489135.61,73.11123839578396
2026-02-28 20:00:00+00:00,29.486,30.494,29.37,30.291,846899.88,78.3261608214058
2026-02-28 21:00:00+00:00,30.29,30.716,30.009,30.55,581031.8,79.68617033081543
2026-02-28 22:00:00+00:00,30.548,31.0,30.405,30.692,756919.65,80.4118948379408
2026-02-28 23:00:00+00:00,30.708,31.431,30.694,31.203,741967.94,82.79407810024557
2026-03-01 00:00:00+00:00,31.204,31.306,30.501,30.631,394849.65,72.20815356312701
2026-03-01 01:00:00+00:00,30.633,30.825,30.2,30.817,666193.26,73.3991924442314
2026-03-01 02:00:00+00:00,30.817,31.233,30.722,30.984,473728.68,74.45761291332484
2026-03-01 03:00:00+00:00,30.979,31.166,30.678,30.902,215974.52,72.92330745001367
2026-03-01 04:00:00+00:00,30.907,31.087,30.659,30.882,190647.63,72.5307297768967
2026-03-01 05:00:00+00:00,30.88,31.53,30.811,31.17,321552.55,74.64729077683597
2026-03-01 06:00:00+00:00,31.166,31.211,30.707,30.959,327273.81,70.36928416079417
2026-03-01 07:00:00+00:00,30.964,31.22,30.85,30.915,146026.75,69.4751314787593
2026-03-01 08:00:00+00:00,30.915,31.099,30.425,30.505,232588.87,61.61819268506254
2026-03-01 09:00:00+00:00,30.505,30.939,30.459,30.72,259792.47,63.92229710465533
2026-03-01 10:00:00+00:00,30.72,31.03,30.5,30.988,208851.93,66.61282458688186
2026-03-01 11:00:00+00:00,30.988,31.2,30.821,31.039,205771.45,67.11541133593249
2026-03-01 12:00:00+00:00,31.036,31.099,30.565,30.677,242646.48,60.18952515606595
2026-03-01 13:00:00+00:00,30.677,31.261,30.606,30.996,234927.99,63.740456100902094
2026-03-01 14:00:00+00:00,30.996,31.084,30.739,30.899,234014.57,61.93152357521546
2026-03-01 15:00:00+00:00,30.9,31.553,30.86,31.397,529452.53,67.09468337693852
2026-03-01 16:00:00+00:00,31.397,31.853,30.85,30.97,1025077.32,59.627147462168004
2026-03-01 17:00:00+00:00,30.963,31.234,30.675,31.048,477303.63,60.49216293766802
2026-03-01 18:00:00+00:00,31.049,31.828,31.007,31.668,422930.23,66.61517739433097
2026-03-01 19:00:00+00:00,31.667,31.885,31.453,31.582,307623.51,65.10785258463088
2026-03-01 20:00:00+00:00,31.579,31.77,31.2,31.45,478018.36,62.76049015757462
2026-03-01 21:00:00+00:00,31.447,31.797,31.258,31.79,275055.93,66.14615843172862
2026-03-01 22:00:00+00:00,31.774,31.991,31.4,31.416,411830.15,59.714838980927304
2026-03-01 23:00:00+00:00,31.41,32.25,31.365,31.532,572844.97,60.98199922439395
2026-03-02 00:00:00+00:00,31.529,32.718,31.5,32.425,813713.08,69.0523478309121
2026-03-02 01:00:00+00:00,32.425,32.681,31.917,32.237,550471.53,65.95924722446148
2026-03-02 02:00:00+00:00,32.242,32.331,31.7,31.873,340363.69,60.32493776049378
2026-03-02 03:00:00+00:00,31.885,32.2,31.643,32.034,265065.53,61.87614900972299
2026-03-02 04:00:00+00:00,32.033,32.07,31.333,31.396,521810.17,53.02825082004466
2026-03-02 05:00:00+00:00,31.397,31.419,30.824,31.0,454565.76,48.40190118554817
2026-03-02 06:00:00+00:00,30.991,31.005,30.248,30.352,509112.25,41.95206099336259
2026-03-02 07:00:00+00:00,30.344,30.522,29.903,30.314,520630.38,41.60195979475506
2026-03-02 08:00:00+00:00,30.314,30.723,30.214,30.633,219785.26,45.698733935589324
2026-03-02 09:00:00+00:00,30.64,30.717,30.332,30.408,104012.16,43.38678753014517
2026-03-02 10:00:00+00:00,30.402,30.516,30.212,30.498,133614.84,44.594248546344545
2026-03-02 11:00:00+00:00,30.487,30.719,30.439,30.696,124210.95,47.25931737467397
2026-03-02 12:00:00+00:00,30.695,30.761,30.373,30.54,169899.04,45.40615940738358
2026-03-02 13:00:00+00:00,30.54,31.025,30.373,30.666,348786.19,47.20682637239995
2026-03-02 14:00:00+00:00,30.658,32.029,30.579,31.702,811070.39,59.14012857808146
2026-03-02 15:00:00+00:00,31.698,32.535,31.667,32.169,957878.08,63.18034301148022
2026-03-02 16:00:00+00:00,32.171,33.686,31.997,33.173,1330875.61,70.03933614113686
2026-03-02 17:00:00+00:00,33.174,33.27,32.485,32.787,537450.93,65.02407997165548
2026-03-02 18:00:00+00:00,32.786,32.789,32.351,32.397,253972.25,60.32402038822012
2026-03-02 19:00:00+00:00,32.388,32.52,31.952,32.44,445195.58,60.66164482799051
2026-03-02 20:00:00+00:00,32.436,32.739,31.934,32.593,418632.22,61.90385451969372
2026-03-02 21:00:00+00:00,32.589,32.768,32.32,32.555,320360.25,61.38538817306653
2026-03-02 22:00:00+00:00,32.556,33.256,32.54,33.068,318126.5,65.57690528709885
2026-03-02 23:00:00+00:00,33.08,33.238,32.545,32.806,403028.54,61.88240773740416
2026-03-03 00:00:00+00:00,32.807,32.938,32.262,32.456,282851.59,57.242844404453834
2026-03-03 01:00:00+00:00,32.468,32.941,32.309,32.792,188980.59,60.31860646911179
2026-03-03 02:00:00+00:00,32.792,33.062,32.613,32.788,275665.19,60.26302880589901
2026-03-03 03:00:00+00:00,32.788,33.293,32.784,32.97,276650.32,61.97959971449194
2026-03-03 04:00:00+00:00,32.98,33.22,32.876,33.002,158675.39,62.28806695925127
2026-03-03 05:00:00+00:00,33.002,33.54,32.664,32.698,470711.37,57.51414488902376
2026-03-03 06:00:00+00:00,32.696,32.998,32.453,32.615,349832.64,56.246621147284046
2026-03-03 07:00:00+00:00,32.614,33.131,32.304,33.025,318007.62,60.83793959861699
2026-03-03 08:00:00+00:00,33.026,33.04,31.676,31.751,489105.57,45.02669265123281
2026-03-03 09:00:00+00:00,31.752,31.98,31.609,31.648,215967.8,44.03037799665842
2026-03-03 10:00:00+00:00,31.647,32.051,31.567,31.906,257610.32,47.18296891640928
2026-03-03 11:00:00+00:00,31.907,32.057,31.745,31.929,146757.85,47.467048395257386
2026-03-03 12:00:00+00:00,31.937,32.369,31.584,31.737,284135.29,45.277731574477876
2026-03-03 13:00:00+00:00,31.74,31.759,31.216,31.314,324452.64,40.81167121873198
2026-03-03 14:00:00+00:00,31.314,31.624,31.01,31.187,473221.29,39.55031455371346
2026-03-03 15:00:00+00:00,31.175,31.995,31.096,31.892,669671.11,48.977560286969386
2026-03-03 16:00:00+00:00,31.893,32.853,31.751,32.181,868482.6,52.26403218811442
2026-03-03 17:00:00+00:00,32.183,32.221,31.663,32.135,330913.09,51.693280157308145
2026-03-03 18:00:00+00:00,32.124,32.373,31.832,32.176,217443.34,52.19439136136788
2026-03-03 19:00:00+00:00,32.176,32.265,31.726,31.772,391683.83,47.01858187440166
2026-03-03 20:00:00+00:00,31.773,31.9,31.253,31.403,386555.18,42.839959015294724
2026-03-03 21:00:00+00:00,31.402,31.42,30.819,30.852,392330.61,37.483112404686516
2026-03-03 22:00:00+00:00,30.845,31.545,30.79,31.482,403676.3,45.824473778199064
2026-03-03 23:00:00+00:00,31.473,31.723,31.218,31.293,326002.1,43.93076040237529
2026-03-04 00:00:00+00:00,31.289,31.445,31.041,31.253,190513.69,43.52084246339177
2026-03-04 01:00:00+00:00,31.27,31.656,31.094,31.229,269374.1,43.26001650105136
2026-03-04 02:00:00+00:00,31.241,31.284,30.901,31.174,176655.19,42.62949508156206
2026-03-04 03:00:00+00:00,31.162,31.261,30.737,30.97,225361.54,40.28418685514942
2026-03-04 04:00:00+00:00,30.97,31.07,30.771,30.961,115978.27,40.17916307407094
2026-03-04 05:00:00+00:00,30.967,31.28,30.915,31.223,119480.1,44.69906476896105
2026-03-04 06:00:00+00:00,31.221,31.439,31.054,31.359,99588.17,46.9401819316612
2026-03-04 07:00:00+00:00,31.353,32.188,31.27,32.188,382643.82,58.089640483043404
2026-03-04 08:00:00+00:00,32.172,32.605,31.749,32.507,529831.36,61.44678087540436
2026-03-04 09:00:00+00:00,32.496,32.994,32.35,32.831,456035.1,64.55256944952342
2026-03-04 10:00:00+00:00,32.828,33.0,32.263,32.432,308114.2,58.32163087555452
2026-03-04 11:00:00+00:00,32.433,32.747,32.38,32.555,267944.91,59.61573441428356
2026-03-04 12:00:00+00:00,32.567,32.59,32.15,32.383,267556.14,56.952677353394684
2026-03-04 13:00:00+00:00,32.383,32.722,32.318,32.604,352895.12,59.45859546113582
2026-03-04 14:00:00+00:00,32.605,32.971,32.437,32.622,703302.19,59.664550558034925
2026-03-04 15:00:00+00:00,32.609,33.2,32.609,33.137,600461.55,65.12368459414736
2026-03-04 16:00:00+00:00,33.136,33.2,32.458,32.761,547247.19,58.86009733242582
2026-03-04 17:00:00+00:00,32.76,32.866,31.993,32.167,495503.92,50.58309872526314
2026-03-04 18:00:00+00:00,32.166,32.374,32.032,32.337,465739.33,52.63590655375868
2026-03-04 19:00:00+00:00,32.339,32.874,32.315,32.423,549383.74,53.68408977339782
2026-03-04 20:00:00+00:00,32.429,32.541,31.701,31.737,397392.98,45.108620964227256
2026-03-04 21:00:00+00:00,31.738,31.981,31.352,31.928,624820.18,47.61757007903228
2026-03-04 22:00:00+00:00,31.937,31.992,31.679,31.839,176406.64,46.549874249262075
2026-03-04 23:00:00+00:00,31.842,32.41,31.824,32.166,353563.16,50.9055463439179
2026-03-05 00:00:00+00:00,32.166,32.249,31.87,31.971,220432.06,48.373977253642984
2026-03-05 01:00:00+00:00,31.969,32.108,31.375,31.493,232570.99,42.76034623512489
2026-03-05 02:00:00+00:00,31.499,31.722,31.299,31.512,352252.86,43.043281716405595
2026-03-05 03:00:00+00:00,31.511,31.647,31.411,31.498,119621.65,42.87510929655401
2026-03-05 04:00:00+00:00,31.491,31.735,31.483,31.646,62052.54,45.3078335652851
2026-03-05 05:00:00+00:00,31.627,31.856,31.5,31.531,170298.87,43.74880348878487
2026-03-05 06:00:00+00:00,31.533,31.772,31.322,31.745,138346.35,47.37752065939415
2026-03-05 07:00:00+00:00,31.749,31.88,31.46,31.545,146082.57,44.489003580650625
2026-03-05 08:00:00+00:00,31.55,31.87,31.525,31.87,179759.05,49.84070730593999
2026-03-05 09:00:00+00:00,31.86,32.153,31.512,31.659,366071.48,46.693310612127895
2026-03-05 10:00:00+00:00,31.659,32.252,31.575,32.053,262669.74,52.69989818006723
2026-03-05 11:00:00+00:00,32.052,32.073,31.65,31.826,193747.08,49.25622784376494
2026-03-05 12:00:00+00:00,31.823,32.065,31.724,31.936,77742.95,50.929564098877066
2026-03-05 13:00:00+00:00,31.952,31.959,31.37,31.379,274147.92,43.16708584208053
2026-03-05 14:00:00+00:00,31.378,31.936,31.265,31.895,359345.5,50.668362137119125
2026-03-05 15:00:00+00:00,31.895,31.921,30.929,31.308,707588.32,43.61572673438817
2026-03-05 16:00:00+00:00,31.309,31.31,30.964,31.033,337847.62,40.75377881110117
2026-03-05 17:00:00+00:00,31.043,31.153,30.36,30.456,568466.42,35.4915325376348
2026-03-05 18:00:00+00:00,30.446,30.697,30.411,30.581,188393.83,37.377999086529236
2026-03-05 19:00:00+00:00,30.588,30.823,30.244,30.38,342131.31,35.576372525149026
2026-03-05 20:00:00+00:00,30.395,30.698,30.376,30.654,234110.33,39.83373811302449
2026-03-05 21:00:00+00:00,30.648,30.956,30.5,30.599,298690.42,39.27271149382198
2026-03-05 22:00:00+00:00,30.591,30.656,30.423,30.438,207386.71,37.60314233879978
2026-03-05 23:00:00+00:00,30.437,30.668,30.429,30.533,204958.66,39.24442018675833
2026-03-06 00:00:00+00:00,30.537,30.655,30.414,30.655,94085.88,41.377014419506295
2026-03-06 01:00:00+00:00,30.649,30.681,30.338,30.438,145488.54,38.77023051795711
2026-03-06 02:00:00+00:00,30.444,30.746,30.43,30.65,171920.5,42.57647383485829
2026-03-06 03:00:00+00:00,30.647,30.742,30.453,30.664,155273.38,42.8292201875901
2026-03-06 04:00:00+00:00,30.656,30.765,30.525,30.669,137604.76,42.92583889623518
2026-03-06 05:00:00+00:00,30.669,30.91,30.627,30.898,216376.96,47.31726507396726
2026-03-06 06:00:00+00:00,30.897,31.046,30.751,31.008,153580.63,49.33389163715926
2026-03-06 07:00:00+00:00,30.994,31.147,30.793,30.797,142838.53,45.718744945817654
2026-03-06 08:00:00+00:00,30.803,30.892,30.668,30.739,105503.6,44.748045369370885
2026-03-06 09:00:00+00:00,30.741,30.754,30.196,30.469,288278.1,40.443209413411594
2026-03-06 10:00:00+00:00,30.469,30.603,30.36,30.476,70022.96,40.602748772571026
2026-03-06 11:00:00+00:00,30.476,30.627,30.332,30.359,105141.89,38.73502394947223
2026-03-06 12:00:00+00:00,30.349,30.591,30.097,30.448,257613.15,40.959838518544956
2026-03-06 13:00:00+00:00,30.451,30.846,30.189,30.202,301199.08,36.96414639822305
2026-03-06 14:00:00+00:00,30.193,30.236,29.516,29.614,972426.14,29.5451264775093
2026-03-06 15:00:00+00:00,29.614,30.088,29.613,29.849,297152.37,35.1474493770494
2026-03-06 16:00:00+00:00,29.846,30.041,29.691,29.8,236889.56,34.53088600693292
2026-03-06 17:00:00+00:00,29.801,29.896,29.45,29.713,367082.57,33.410232737067005
2026-03-06 18:00:00+00:00,29.721,29.992,29.719,29.91,133760.71,38.29366273151044
2026-03-06 19:00:00+00:00,29.909,30.51,29.9,30.359,371416.21,47.70667315523378
2026-03-06 20:00:00+00:00,30.36,31.217,30.312,31.068,864350.27,58.47785049779523
2026-03-06 21:00:00+00:00,31.069,31.259,30.931,31.015,410894.22,57.52400002361629
2026-03-06 22:00:00+00:00,31.015,31.196,30.764,31.164,256379.9,59.52291012449968
2026-03-06 23:00:00+00:00,31.164,31.314,30.995,31.021,164319.57,56.762063513940745
2026-03-07 00:00:00+00:00,31.021,31.074,30.829,30.889,154624.69,54.26020839211173
2026-03-07 01:00:00+00:00,30.889,31.099,30.806,31.045,153965.01,56.68978009581124
2026-03-07 02:00:00+00:00,31.047,31.121,30.667,30.747,223555.08,51.10535699741256
2026-03-07 03:00:00+00:00,30.747,30.859,30.614,30.772,72448.47,51.536672629807256
2026-03-07 04:00:00+00:00,30.775,30.782,30.521,30.585,117915.46,48.117483629178714
2026-03-07 05:00:00+00:00,30.572,30.783,30.51,30.687,137402.87,50.06359311972832
2026-03-07 06:00:00+00:00,30.683,30.704,30.26,30.353,153651.57,44.2150542640057
2026-03-07 07:00:00+00:00,30.351,30.488,30.265,30.453,96102.93,46.24004246443627
2026-03-07 08:00:00+00:00,30.451,30.651,30.276,30.309,198895.45,43.77578220982046
2026-03-07 09:00:00+00:00,30.308,30.822,30.271,30.762,212527.74,52.37440933596482
2026-03-07 10:00:00+00:00,30.76,30.782,30.631,30.724,80717.38,51.66067620177471
2026-03-07 11:00:00+00:00,30.706,31.1,30.668,30.916,328926.2,54.99766024721459
2026-03-07 12:00:00+00:00,30.914,30.929,30.688,30.736,127670.09,51.41427705288133
2026-03-07 13:00:00+00:00,30.735,30.99,30.723,30.986,67197.19,55.7287070923929
2026-03-07 14:00:00+00:00,30.986,31.119,30.788,31.022,107833.51,56.33008064839788
2026-03-07 15:00:00+00:00,31.03,31.041,30.616,30.73,69863.27,50.35517237073435
2026-03-07 16:00:00+00:00,30.731,30.874,30.632,30.798,46624.07,51.64156589117952
2026-03-07 17:00:00+00:00,30.794,30.969,30.741,30.848,109034.59,52.613858443723686
2026-03-07 18:00:00+00:00,30.847,30.847,30.301,30.449,270839.97,44.86222673846415
2026-03-07 19:00:00+00:00,30.45,30.507,29.8,30.17,492828.7,40.382029713331555
2026-03-07 20:00:00+00:00,30.164,30.32,30.025,30.146,166659.73,40.01186349037772
2026-03-07 21:00:00+00:00,30.136,30.186,29.859,30.062,209056.6,38.675581178211544
2026-03-07 22:00:00+00:00,30.05,30.177,29.948,30.102,134520.51,39.70818373734784
2026-03-07 23:00:00+00:00,30.109,30.307,30.064,30.306,84714.81,44.81204560717792
2026-03-08 00:00:00+00:00,30.305,30.367,30.014,30.126,146176.65,41.475769263754806
2026-03-08 01:00:00+00:00,30.132,30.234,30.015,30.175,227711.91,42.72583899952248
2026-03-08 02:00:00+00:00,30.174,30.284,30.04,30.133,76632.82,41.89971080111294
2026-03-08 03:00:00+00:00,30.134,30.203,30.05,30.07,69463.1,40.63063829877336
2026-03-08 04:00:00+00:00,30.07,30.212,29.808,29.941,88074.34,38.08683164393929
2026-03-08 05:00:00+00:00,29.942,30.208,29.942,30.037,104324.22,41.04496378799751
2026-03-08 06:00:00+00:00,30.037,30.089,29.669,29.819,188653.92,36.75086482799576
2026-03-08 07:00:00+00:00,29.823,30.25,29.808,30.175,139181.75,46.57959735824387
2026-03-08 08:00:00+00:00,30.175,30.36,30.057,30.299,68054.25,49.52199573101219
2026-03-08 09:00:00+00:00,30.295,30.486,30.271,30.348,170897.03,50.67809008053782
2026-03-08 10:00:00+00:00,30.351,30.656,30.351,30.474,141454.9,53.619691866820055
2026-03-08 11:00:00+00:00,30.471,30.596,30.292,30.331,111305.35,49.97667228440856
2026-03-08 12:00:00+00:00,30.331,30.409,30.094,30.268,154860.65,48.41598755203244
2026-03-08 13:00:00+00:00,30.257,30.604,30.07,30.545,146737.91,55.06099140243036
2026-03-08 14:00:00+00:00,30.544,30.75,30.493,30.679,143295.4,57.887198375303385
2026-03-08 15:00:00+00:00,30.672,30.805,30.379,30.521,169259.83,53.6063149461275
2026-03-08 16:00:00+00:00,30.521,30.668,30.088,30.171,165818.91,45.56734765093167
2026-03-08 17:00:00+00:00,30.164,30.328,30.109,30.287,70224.8,48.33284643978302
2026-03-08 18:00:00+00:00,30.288,30.32,30.093,30.204,59758.2,46.51195781485231
2026-03-08 19:00:00+00:00,30.207,30.781,30.131,30.776,184907.76,58.19954028189098
2026-03-08 20:00:00+00:00,30.775,31.22,30.629,30.766,319615.08,57.96109254536654
2026-03-08 21:00:00+00:00,30.771,30.863,30.447,30.532,189280.39,52.53685996378499
2026-03-08 22:00:00+00:00,30.53,30.632,30.109,30.58,784529.0,53.49820984121133
2026-03-08 23:00:00+00:00,30.582,31.134,30.54,30.686,570774.31,55.635248474625016
2026-03-09 00:00:00+00:00,30.687,31.413,30.601,30.681,604439.78,55.505671187722704
2026-03-09 01:00:00+00:00,30.679,30.75,30.343,30.374,355957.54,48.09833659807835
2026-03-09 02:00:00+00:00,30.374,30.585,30.234,30.557,201768.52,52.19382758631516
2026-03-09 03:00:00+00:00,30.554,30.894,30.45,30.527,237904.54,51.47671007263746
2026-03-09 04:00:00+00:00,30.528,30.973,30.528,30.696,191110.63,55.21008458358651
2026-03-09 05:00:00+00:00,30.699,31.059,30.654,31.039,158043.65,61.657985373408145
2026-03-09 06:00:00+00:00,31.04,31.077,30.571,30.591,225101.37,51.27519665964352
2026-03-09 07:00:00+00:00,30.6,30.722,30.37,30.686,294716.59,53.079532161786524
2026-03-09 08:00:00+00:00,30.694,30.999,30.67,30.98,151278.83,58.23415486003088
2026-03-09 09:00:00+00:00,30.983,31.4,30.961,31.215,325145.3,61.84258809006025
2026-03-09 10:00:00+00:00,31.224,31.353,30.871,30.947,149124.87,55.91007025122325
2026-03-09 11:00:00+00:00,30.948,31.462,30.833,31.404,197664.88,62.51379498284471
2026-03-09 12:00:00+00:00,31.403,32.0,31.39,31.793,610958.24,67.03927265422794
2026-03-09 13:00:00+00:00,31.79,32.889,31.752,32.696,1194807.57,74.68060524204445
2026-03-09 14:00:00+00:00,32.695,33.451,32.479,32.974,1184707.82,76.48780909657765
2026-03-09 15:00:00+00:00,32.976,33.079,32.2,32.399,3800309.85,65.99539986305908
2026-03-09 16:00:00+00:00,32.386,34.533,32.349,34.155,3459291.39,76.56719315115211
2026-03-09 17:00:00+00:00,34.158,34.485,33.734,34.319,798872.21,77.27769846298659
2026-03-09 18:00:00+00:00,34.324,34.55,33.81,33.957,963524.87,72.08227549203534
2026-03-09 19:00:00+00:00,33.964,34.801,33.964,34.105,621266.55,72.88490601868791
2026-03-09 20:00:00+00:00,34.097,34.418,33.907,34.376,385489.2,74.33966243117234
2026-03-09 21:00:00+00:00,34.367,35.367,34.342,35.249,788681.59,78.36627705080136
2026-03-09 22:00:00+00:00,35.249,35.311,34.869,35.061,481209.63,75.6145132671608
2026-03-09 23:00:00+00:00,35.076,35.098,34.56,34.653,331157.96,69.87969166399914
2026-03-10 00:00:00+00:00,34.652,34.729,33.961,34.379,774414.61,66.24598871770093
2026-03-10 01:00:00+00:00,34.381,34.496,33.981,34.27,266605.64,64.80237830925515
2026-03-10 02:00:00+00:00,34.257,34.526,33.362,34.246,1473741.74,64.46924929580908
2026-03-10 03:00:00+00:00,34.266,34.729,34.132,34.725,421426.79,68.00449378733074
2026-03-10 04:00:00+00:00,34.723,34.86,34.411,34.526,335281.19,65.10621751128916
2026-03-10 05:00:00+00:00,34.529,34.684,34.013,34.145,130610.63,59.84722257542928
2026-03-10 06:00:00+00:00,34.145,34.191,33.846,34.071,179660.2,58.852872344554605
2026-03-10 07:00:00+00:00,34.064,34.553,33.996,34.545,251007.5,63.083870577012334
2026-03-10 08:00:00+00:00,34.545,35.144,34.527,34.871,649398.77,65.6964322592938
2026-03-10 09:00:00+00:00,34.874,35.056,34.703,34.746,223976.61,63.831084905949155
2026-03-10 10:00:00+00:00,34.741,34.833,34.526,34.672,243476.02,62.69616478569859
2026-03-10 11:00:00+00:00,34.673,35.011,34.596,34.928,171257.5,65.01368835046262
2026-03-10 12:00:00+00:00,34.929,35.017,34.618,34.895,186732.37,64.45777812328417
2026-03-10 13:00:00+00:00,34.902,35.183,34.3,34.476,539070.33,57.71034907446447
2026-03-10 14:00:00+00:00,34.466,34.944,33.923,34.74,905674.45,60.51494518772354
2026-03-10 15:00:00+00:00,34.741,34.873,34.277,34.795,422416.8,61.093837877907454
2026-03-10 16:00:00+00:00,34.808,34.886,34.065,34.24,306956.56,52.69782679562241
2026-03-10 17:00:00+00:00,34.226,34.359,33.908,34.17,250470.62,51.732162949054214
2026-03-10 18:00:00+00:00,34.17,34.223,33.79,33.874,302320.37,47.74774839684371
2026-03-10 19:00:00+00:00,33.885,34.142,33.7,33.944,189859.18,48.75297404242776
2026-03-10 20:00:00+00:00,33.942,34.126,33.932,34.057,84071.33,50.41143472681817
2026-03-10 21:00:00+00:00,34.058,34.087,33.564,33.661,253747.51,44.92459685008695
2026-03-10 22:00:00+00:00,33.663,34.087,33.614,34.047,258822.72,50.571931363081084
2026-03-10 23:00:00+00:00,34.039,34.279,34.026,34.172,169305.59,52.27843757868952
2026-03-11 00:00:00+00:00,34.167,34.5,34.07,34.412,161541.1,55.45815377959109
2026-03-11 01:00:00+00:00,34.412,34.566,34.246,34.558,159047.23,57.321153032336134
2026-03-11 02:00:00+00:00,34.559,34.852,34.44,34.543,262000.17,57.05710841931259
2026-03-11 03:00:00+00:00,34.542,34.567,34.234,34.357,78514.4,53.75072590103224
2026-03-11 04:00:00+00:00,34.351,34.868,34.324,34.847,99546.36,60.28071658285614
2026-03-11 05:00:00+00:00,34.847,35.0,34.442,34.586,198718.52,55.764309493827696
2026-03-11 06:00:00+00:00,34.583,34.894,34.427,34.612,212889.24,56.117027987378506
2026-03-11 07:00:00+00:00,34.607,34.807,34.311,34.39,179546.82,52.283617236450205
2026-03-11 08:00:00+00:00,34.391,34.51,34.25,34.45,107101.38,53.21384859441508
2026-03-11 09:00:00+00:00,34.449,34.54,34.301,34.343,134047.7,51.29340224582037
2026-03-11 10:00:00+00:00,34.34,34.743,34.083,34.588,183003.86,55.273631916387345
2026-03-11 11:00:00+00:00,34.588,34.989,34.481,34.878,293540.63,59.49317247880998
2026-03-11 12:00:00+00:00,34.877,35.728,34.755,35.517,824180.28,66.90257631160489
2026-03-11 13:00:00+00:00,35.531,36.377,35.41,36.07,1079683.77,71.72311485104814
2026-03-11 14:00:00+00:00,36.063,36.974,35.89,36.739,893180.55,76.23296442213221
2026-03-11 15:00:00+00:00,36.733,36.882,36.0,36.325,859741.86,68.90870858754322
2026-03-11 16:00:00+00:00,36.325,36.57,35.901,36.45,341076.9,69.85058504538766
2026-03-11 17:00:00+00:00,36.449,36.77,36.018,36.051,385286.53,63.26263876043375
2026-03-11 18:00:00+00:00,36.051,36.524,35.945,36.397,324581.33,66.23646631699111
2026-03-11 19:00:00+00:00,36.4,36.414,36.038,36.331,298682.65,65.15305068244393
2026-03-11 20:00:00+00:00,36.326,36.333,35.749,36.233,364040.41,63.49236936049249
2026-03-11 21:00:00+00:00,36.233,36.4,35.994,36.331,173221.3,64.46771679016533
2026-03-11 22:00:00+00:00,36.333,36.579,36.13,36.149,262751.14,61.19776569101848
2026-03-11 23:00:00+00:00,36.158,36.381,36.07,36.206,133128.97,61.85041064896185
2026-03-12 00:00:00+00:00,36.214,36.77,36.208,36.77,198200.13,67.64871175123787
2026-03-12 01:00:00+00:00,36.77,37.086,36.208,36.322,771009.45,59.865305588588875
2026-03-12 02:00:00+00:00,36.327,36.438,35.8,35.92,456256.18,53.875233473565665
2026-03-12 03:00:00+00:00,35.92,36.19,35.757,35.846,280265.94,52.827366486245324
2026-03-12 04:00:00+00:00,35.839,36.092,35.829,35.963,122716.32,54.33952137546496
2026-03-12 05:00:00+00:00,35.961,37.4,35.92,37.166,573569.99,66.30105589381591
2026-03-12 06:00:00+00:00,37.165,37.45,36.751,36.963,626982.1,63.28816081982326
2026-03-12 07:00:00+00:00,36.965,36.99,36.475,36.823,277696.39,61.221891225608466
2026-03-12 08:00:00+00:00,36.815,37.4,36.723,37.353,261497.37,65.77715136625318
2026-03-12 09:00:00+00:00,37.352,37.687,37.061,37.451,359510.33,66.55938362544836
2026-03-12 10:00:00+00:00,37.451,38.0,37.451,37.641,520017.44,68.08259223739276
2026-03-12 11:00:00+00:00,37.65,37.787,37.267,37.314,271008.46,62.78228476062423
2026-03-12 12:00:00+00:00,37.315,37.68,37.238,37.585,359294.52,65.20023580659802
2026-03-12 13:00:00+00:00,37.59,38.0,37.41,37.438,667244.74,62.81625601140228
2026-03-12 14:00:00+00:00,37.458,37.477,36.875,37.187,603264.49,58.85888724895081
2026-03-12 15:00:00+00:00,37.188,37.607,37.0,37.402,348408.85,61.11846503680812
2026-03-12 16:00:00+00:00,37.405,37.654,37.14,37.577,272125.1,62.90436977245973
2026-03-12 17:00:00+00:00,37.566,37.849,37.432,37.71,229589.67,64.24839883480857
2026-03-12 18:00:00+00:00,37.71,37.723,37.064,37.118,270160.04,54.74115539234129
2026-03-12 19:00:00+00:00,37.1,37.316,36.991,37.096,148450.23,54.41887969261535
2026-03-12 20:00:00+00:00,37.096,37.136,36.827,37.078,211750.6,54.13804505150381
2026-03-12 21:00:00+00:00,37.099,37.492,37.098,37.459,148698.37,58.96519319550269
2026-03-12 22:00:00+00:00,37.458,37.458,37.02,37.223,174778.24,55.09675389107372
2026-03-12 23:00:00+00:00,37.223,37.386,37.172,37.26,146400.35,55.58868926947159
2026-03-13 00:00:00+00:00,37.254,37.963,37.162,37.504,392519.87,58.794639819226
2026-03-13 01:00:00+00:00,37.505,38.38,37.365,38.27,637630.65,66.87817171633401
2026-03-13 02:00:00+00:00,38.27,38.317,37.9,37.981,240039.87,61.94098759405477
2026-03-13 03:00:00+00:00,37.98,38.497,37.948,38.085,268724.03,62.999563391419976
2026-03-13 04:00:00+00:00,38.093,38.218,37.871,38.061,171918.58,62.567076553836095
2026-03-13 05:00:00+00:00,38.06,38.069,37.576,37.578,235673.56,54.46374793531687
2026-03-13 06:00:00+00:00,37.578,37.813,37.5,37.523,157644.84,53.612253347848494
2026-03-13 07:00:00+00:00,37.508,37.758,37.272,37.736,295559.95,56.451782601254706
2026-03-13 08:00:00+00:00,37.739,37.755,36.999,36.999,333713.86,45.966953423878714
2026-03-13 09:00:00+00:00,37.0,37.384,36.937,37.303,236585.66,50.08512525437008
2026-03-13 10:00:00+00:00,37.306,37.469,37.15,37.257,186654.74,49.47070986934496
2026-03-13 11:00:00+00:00,37.266,37.538,37.024,37.352,149736.28,50.81272236933441
2026-03-13 12:00:00+00:00,37.353,37.624,37.156,37.544,137842.76,53.50067914492627
2026-03-13 13:00:00+00:00,37.549,37.674,37.394,37.528,269030.74,53.239578741941955
2026-03-13 14:00:00+00:00,37.528,37.685,36.344,36.425,577475.48,39.080175129094656
2026-03-13 15:00:00+00:00,36.425,36.757,36.11,36.256,450541.36,37.437277564185365
2026-03-13 16:00:00+00:00,36.263,36.452,36.01,36.288,319510.56,37.96903124581319
2026-03-13 17:00:00+00:00,36.289,36.686,36.165,36.666,218960.0,44.02162667542244
2026-03-13 18:00:00+00:00,36.667,36.808,36.478,36.56,239597.43,42.76158298334498
2026-03-13 19:00:00+00:00,36.56,36.801,36.342,36.756,155260.59,45.84809617420946
2026-03-13 20:00:00+00:00,36.759,36.943,36.638,36.793,109440.76,46.43530088196987
2026-03-13 21:00:00+00:00,36.799,36.834,36.43,36.538,214999.1,42.97646740994919
2026-03-13 22:00:00+00:00,36.546,36.573,35.94,36.376,317658.04,40.8925290110432
2026-03-13 23:00:00+00:00,36.375,36.478,36.221,36.442,103074.53,42.12383922347225
2026-03-14 00:00:00+00:00,36.442,36.67,36.35,36.624,170082.78,45.4956880933662
2026-03-14 01:00:00+00:00,36.621,36.758,36.42,36.753,73295.35,47.816319157509405
2026-03-14 02:00:00+00:00,36.753,36.892,36.602,36.857,104381.7,49.676579406658384
2026-03-14 03:00:00+00:00,36.871,37.076,36.859,36.989,151528.11,52.01472864137188
2026-03-14 04:00:00+00:00,36.989,37.4,36.966,37.187,192970.49,55.364810355631505
2026-03-14 05:00:00+00:00,37.186,37.378,37.016,37.254,186465.51,56.47221989432266
2026-03-14 06:00:00+00:00,37.254,37.26,36.924,37.205,163237.55,55.38987121452707
2026-03-14 07:00:00+00:00,37.205,37.491,37.147,37.193,119454.73,55.111295788385675
2026-03-14 08:00:00+00:00,37.193,37.218,36.952,37.042,108054.63,51.594885926608626
2026-03-14 09:00:00+00:00,37.047,37.141,36.786,36.95,99471.36,49.52164628489383
2026-03-14 10:00:00+00:00,36.942,37.038,36.574,36.628,173279.47,43.00773100144363
2026-03-14 11:00:00+00:00,36.63,36.909,36.614,36.909,90234.05,49.27790184148071
2026-03-14 12:00:00+00:00,36.909,37.828,36.902,37.736,424291.09,62.39175612888802
2026-03-14 13:00:00+00:00,37.744,38.362,37.615,38.001,483583.69,65.47228985926395
2026-03-14 14:00:00+00:00,38.01,38.121,37.515,37.542,273579.84,56.794646280696725
2026-03-14 15:00:00+00:00,37.54,38.058,37.513,37.986,228262.91,62.03629418690211
2026-03-14 16:00:00+00:00,37.985,38.856,37.909,38.342,607748.39,65.63614024442255
2026-03-14 17:00:00+00:00,38.343,38.537,38.05,38.069,243853.07,60.869499783887655
2026-03-14 18:00:00+00:00,38.069,38.192,37.784,37.988,233571.08,59.48907225338611
2026-03-14 19:00:00+00:00,37.977,38.21,37.95,38.056,109670.12,60.30298951374872
2026-03-14 20:00:00+00:00,38.057,38.062,37.72,37.774,138299.84,55.33760057312724
2026-03-14 21:00:00+00:00,37.773,38.101,37.7,38.013,195518.06,58.45950479667174
2026-03-14 22:00:00+00:00,38.012,38.277,37.941,38.026,158055.26,58.628901405675656
2026-03-14 23:00:00+00:00,38.016,38.183,37.801,37.807,171034.37,54.59027421734717
2026-03-15 00:00:00+00:00,37.804,37.934,37.649,37.793,111751.27,54.33261173042813
2026-03-15 01:00:00+00:00,37.797,38.024,37.614,37.818,206877.21,54.74339668626167
2026-03-15 02:00:00+00:00,37.815,38.063,37.716,38.047,91431.16,58.4318883643112
2026-03-15 03:00:00+00:00,38.063,38.22,37.924,38.119,123829.26,59.548202375978114
2026-03-15 04:00:00+00:00,38.12,38.27,37.869,37.95,145756.65,55.762820453583
2026-03-15 05:00:00+00:00,37.955,37.955,37.54,37.576,207368.78,48.42627381981636
2026-03-15 06:00:00+00:00,37.591,37.745,37.4,37.678,164643.57,50.345043337641506
2026-03-15 07:00:00+00:00,37.692,37.692,37.437,37.504,89486.08,47.12418299528815
2026-03-15 08:00:00+00:00,37.508,37.601,37.142,37.328,184057.26,44.054103337021964
2026-03-15 09:00:00+00:00,37.326,37.447,37.101,37.166,137504.73,41.38170483823974
2026-03-15 10:00:00+00:00,37.166,37.361,37.1,37.349,86501.31,45.41023687170424
2026-03-15 11:00:00+00:00,37.348,37.787,37.292,37.66,249490.83,51.50933674549215
2026-03-15 12:00:00+00:00,37.664,37.674,37.376,37.434,98135.75,47.367721388647745
2026-03-15 13:00:00+00:00,37.435,37.598,37.2,37.496,197670.19,48.588980877949844
2026-03-15 14:00:00+00:00,37.499,37.556,37.251,37.449,127446.76,47.685675553225536
2026-03-15 15:00:00+00:00,37.45,37.485,37.261,37.289,78328.57,44.642991377859744
2026-03-15 16:00:00+00:00,37.29,37.35,37.064,37.116,215232.28,41.555483464380345
2026-03-15 17:00:00+00:00,37.112,37.498,37.091,37.375,100657.74,47.4185605868949
2026-03-15 18:00:00+00:00,37.384,37.412,36.87,36.871,127505.89,39.1814045571204
2026-03-15 19:00:00+00:00,36.871,37.147,36.785,37.111,130128.98,44.15613741638239
2026-03-15 20:00:00+00:00,37.112,37.179,36.879,36.957,94137.15,41.793813015297594
2026-03-15 21:00:00+00:00,36.957,37.343,36.861,37.213,155896.17,46.88126273475348
2026-03-15 22:00:00+00:00,37.23,37.618,36.892,37.533,354594.21,52.47322257785578
2026-03-15 23:00:00+00:00,37.532,37.716,37.098,37.256,418634.55,47.78387778122264
2026-03-16 00:00:00+00:00,37.255,37.686,37.253,37.657,312559.94,54.16917854286566
2026-03-16 01:00:00+00:00,37.655,37.714,37.213,37.477,251287.15,51.1457539394417
2026-03-16 02:00:00+00:00,37.477,37.848,37.428,37.521,249727.88,51.85317727335559
2026-03-16 03:00:00+00:00,37.52,38.158,37.405,37.823,351950.15,56.508215410700764
2026-03-16 04:00:00+00:00,37.828,38.209,37.736,38.114,269405.93,60.473834735076544
2026-03-16 05:00:00+00:00,38.113,38.585,38.051,38.366,289058.34,63.57151861655193
2026-03-16 06:00:00+00:00,38.367,38.6,37.954,38.473,350125.55,64.83180827458432
2026-03-16 07:00:00+00:00,38.482,39.36,38.478,38.758,928711.85,68.00673452050461
2026-03-16 08:00:00+00:00,38.759,39.384,38.746,39.168,536334.36,71.93239422970979
2026-03-16 09:00:00+00:00,39.169,39.462,39.009,39.034,390686.2,68.95441421254473
2026-03-16 10:00:00+00:00,39.036,39.245,38.894,39.19,275795.93,70.48629670835426
2026-03-16 11:00:00+00:00,39.189,39.653,39.024,39.528,465303.78,73.53348404504672
2026-03-16 12:00:00+00:00,39.533,39.673,39.153,39.503,279880.94,72.93367701835147
2026-03-16 13:00:00+00:00,39.511,39.715,39.177,39.199,428063.6,65.89491083821716
2026-03-16 14:00:00+00:00,39.22,39.279,38.418,38.698,680722.51,56.258687618546915
2026-03-16 15:00:00+00:00,38.701,39.262,38.613,39.044,248003.01,60.54941998245432
2026-03-16 16:00:00+00:00,39.044,39.363,38.863,38.988,305070.58,59.53157048112213
2026-03-16 17:00:00+00:00,39.002,39.223,38.658,38.783,233223.93,55.831552754955354
2026-03-16 18:00:00+00:00,38.787,39.298,38.714,38.967,220434.42,58.33466317105876
2026-03-16 19:00:00+00:00,38.967,39.628,38.848,39.578,395008.83,65.35578718479331
2026-03-16 20:00:00+00:00,39.578,40.926,39.406,40.451,1192683.76,72.48913903298416
2026-03-16 21:00:00+00:00,40.452,41.361,40.386,41.112,974422.7,76.44404033096622
2026-03-16 22:00:00+00:00,41.111,41.476,40.862,41.128,602137.36,76.53198530505415
2026-03-16 23:00:00+00:00,41.127,41.362,40.6,40.821,555157.2,71.05070875995895
2026-03-17 00:00:00+00:00,40.82,41.28,40.233,40.457,651075.6,65.09750471998882
2026-03-17 01:00:00+00:00,40.459,40.938,40.248,40.774,473718.29,67.64039774236659
2026-03-17 02:00:00+00:00,40.771,40.802,40.39,40.457,161361.79,62.71934719627622
2026-03-17 03:00:00+00:00,40.458,40.693,40.0,40.511,364146.19,63.21036398898197
2026-03-17 04:00:00+00:00,40.511,40.669,40.258,40.51,119933.37,63.19376513929879
2026-03-17 05:00:00+00:00,40.5,40.955,40.367,40.563,311053.7,63.737279022793416
2026-03-17 06:00:00+00:00,40.558,41.568,40.554,41.072,385997.35,68.54179635813938
2026-03-17 07:00:00+00:00,41.088,41.498,41.055,41.498,157219.97,71.89768798751105
2026-03-17 08:00:00+00:00,41.488,41.549,40.721,40.998,260957.02,63.35490557342099
2026-03-17 09:00:00+00:00,41.0,41.0,40.436,40.603,270659.12,57.53849940944267
2026-03-17 10:00:00+00:00,40.598,41.054,40.462,40.951,265459.14,60.94074215595429
2026-03-17 11:00:00+00:00,40.943,41.8,40.751,41.449,381559.41,65.233757986852
2026-03-17 12:00:00+00:00,41.45,41.697,41.128,41.248,333575.56,62.25938958134234
2026-03-17 13:00:00+00:00,41.247,41.318,40.657,40.666,305860.5,54.50933352452149
2026-03-17 14:00:00+00:00,40.666,40.941,40.425,40.47,294222.19,52.15476285096943
2026-03-17 15:00:00+00:00,40.47,40.667,39.66,39.908,598316.73,46.01682562423828
2026-03-17 16:00:00+00:00,39.908,40.417,39.898,40.27,182597.49,50.09121389430175
2026-03-17 17:00:00+00:00,40.276,40.554,40.25,40.548,180911.66,53.02349502179765
2026-03-17 18:00:00+00:00,40.543,41.278,40.324,41.202,396130.4,59.10994343409239
2026-03-17 19:00:00+00:00,41.211,41.382,40.991,41.028,253619.27,56.99416671202766
2026-03-17 20:00:00+00:00,41.033,41.959,40.926,41.94,485127.78,64.22265765224188
2026-03-17 21:00:00+00:00,41.941,42.192,41.759,41.86,337801.76,63.2188586563548
2026-03-17 22:00:00+00:00,41.86,41.95,41.404,41.448,268423.13,58.17581345901184
2026-03-17 23:00:00+00:00,41.449,41.539,41.1,41.183,214218.44,55.12957301596989
2026-03-18 00:00:00+00:00,41.183,41.448,40.55,41.171,433269.3,54.98915629509218
2026-03-18 01:00:00+00:00,41.172,42.108,41.142,42.004,384878.43,62.18868988262894
2026-03-18 02:00:00+00:00,42.0,42.32,41.71,41.769,317417.01,59.30666164816591
2026-03-18 03:00:00+00:00,41.771,42.399,41.697,42.231,331485.12,62.94263091088219
2026-03-18 04:00:00+00:00,42.232,42.327,41.763,41.869,229806.32,58.529725208994016
2026-03-18 05:00:00+00:00,41.872,41.874,41.374,41.428,264382.59,53.599620195846846
2026-03-18 06:00:00+00:00,41.443,42.167,41.405,41.991,211371.48,58.41540080400817
2026-03-18 07:00:00+00:00,41.985,42.116,41.659,41.734,173802.53,55.57963562577
2026-03-18 08:00:00+00:00,41.736,42.096,41.354,41.451,367747.18,52.554197280238476
2026-03-18 09:00:00+00:00,41.453,41.467,41.083,41.445,371374.42,52.488960865509554
2026-03-18 10:00:00+00:00,41.446,41.608,41.28,41.484,175448.14,52.89823836395876
2026-03-18 11:00:00+00:00,41.485,41.691,40.9,41.192,514149.06,49.462631329025434
2026-03-18 12:00:00+00:00,41.192,41.289,40.311,40.602,580423.09,43.33793783083598
2026-03-18 13:00:00+00:00,40.603,43.082,40.226,41.315,2379908.69,51.20175719099319
2026-03-18 14:00:00+00:00,41.31,41.537,40.539,41.109,1411945.0,49.08228230263025
2026-03-18 15:00:00+00:00,41.111,41.748,40.859,41.572,793852.88,53.71932939895733
2026-03-18 16:00:00+00:00,41.61,42.647,41.533,42.616,931410.97,62.100588002366834
2026-03-18 17:00:00+00:00,42.616,43.746,42.453,43.242,1382740.68,66.06857478896644
2026-03-18 18:00:00+00:00,43.263,43.752,42.212,42.486,1277445.36,58.150439908049734
2026-03-18 19:00:00+00:00,42.472,42.75,41.76,42.558,678810.98,58.65860920771377
2026-03-18 20:00:00+00:00,42.553,42.933,42.0,42.618,576331.55,59.10426441813629
2026-03-18 21:00:00+00:00,42.616,43.035,42.384,42.433,318127.98,57.06175443721811
2026-03-18 22:00:00+00:00,42.429,42.434,41.562,41.885,505093.8,51.39587712283373
2026-03-18 23:00:00+00:00,41.886,42.223,41.714,42.107,230771.16,53.41394193020608
2026-03-19 00:00:00+00:00,42.117,42.27,41.455,41.471,409487.96,47.34856686261895
2026-03-19 01:00:00+00:00,41.472,41.76,41.128,41.183,242222.27,44.864160499571994
2026-03-19 02:00:00+00:00,41.158,41.494,41.076,41.322,188673.63,46.327924887671635
2026-03-19 03:00:00+00:00,41.345,41.842,41.15,41.559,281369.9,48.822707566649434
2026-03-19 04:00:00+00:00,41.558,41.629,41.0,41.014,225514.61,43.78281942097811
2026-03-19 05:00:00+00:00,41.001,41.541,41.001,41.346,199780.64,47.348450903032145
2026-03-19 06:00:00+00:00,41.349,41.651,41.12,41.19,177378.72,45.87605481250828
2026-03-19 07:00:00+00:00,41.171,41.21,40.056,40.157,1075669.09,37.5492159491384
2026-03-19 08:00:00+00:00,40.16,40.284,39.376,39.703,799270.26,34.57863017423752
2026-03-19 09:00:00+00:00,39.701,39.91,39.093,39.854,666483.88,36.38136298075406
2026-03-19 10:00:00+00:00,39.846,40.062,39.58,39.601,278839.96,34.65812578713235
2026-03-19 11:00:00+00:00,39.601,39.958,39.417,39.496,227299.23,33.939626058158126
2026-03-19 12:00:00+00:00,39.492,39.496,38.717,38.875,673752.92,29.980918233648254
2026-03-19 13:00:00+00:00,38.874,39.536,38.634,39.535,1036930.73,38.22757745913431
2026-03-19 14:00:00+00:00,39.536,39.569,39.024,39.525,498186.19,38.154253594435225
2026-03-19 15:00:00+00:00,39.511,39.817,38.84,39.608,677889.34,39.19671123412101
2026-03-19 16:00:00+00:00,39.606,39.822,39.26,39.388,292489.43,37.397348726574286
2026-03-19 17:00:00+00:00,39.388,40.312,39.101,40.128,589814.13,46.323195254888454
2026-03-19 18:00:00+00:00,40.135,40.278,39.578,40.015,248188.87,45.261936640680794
2026-03-19 19:00:00+00:00,40.013,40.578,39.64,39.787,466130.86,43.115598109325944
2026-03-19 20:00:00+00:00,39.787,40.083,39.393,39.491,449783.06,40.43481257343477
2026-03-19 21:00:00+00:00,39.49,39.65,39.11,39.252,426528.53,38.36082355699074
2026-03-19 22:00:00+00:00,39.241,39.588,39.031,39.399,374426.0,40.38618280062371
2026-03-19 23:00:00+00:00,39.4,39.595,39.092,39.348,370827.64,39.896385580291316
2026-03-20 00:00:00+00:00,39.343,40.046,39.25,39.999,312521.08,48.48482378179198
2026-03-20 01:00:00+00:00,40.012,40.37,39.714,39.758,450859.53,45.87159072415316
2026-03-20 02:00:00+00:00,39.75,40.043,39.56,39.652,288900.41,44.729655725928595
2026-03-20 03:00:00+00:00,39.657,39.918,39.399,39.901,298699.17,48.00415138183671
2026-03-20 04:00:00+00:00,39.901,40.13,39.476,39.609,260038.16,44.66248335089208
2026-03-20 05:00:00+00:00,39.624,39.952,39.427,39.925,207671.48,48.81504198300724
2026-03-20 06:00:00+00:00,39.932,39.934,39.142,39.416,262832.37,43.19264747730288
2026-03-20 07:00:00+00:00,39.416,40.435,39.18,40.377,289063.83,53.97174592988168
2026-03-20 08:00:00+00:00,40.374,40.771,39.807,39.892,435394.55,48.92604996729312
2026-03-20 09:00:00+00:00,39.897,39.897,39.259,39.479,282274.93,45.062693729023096
2026-03-20 10:00:00+00:00,39.486,39.817,39.221,39.505,252640.79,45.35523097992152
2026-03-20 11:00:00+00:00,39.507,39.891,39.357,39.522,215170.12,45.559356508154764
2026-03-20 12:00:00+00:00,39.521,39.681,39.151,39.499,218518.26,45.3127340669304
2026-03-20 13:00:00+00:00,39.499,39.657,39.008,39.084,304523.76,41.000079677264665
2026-03-20 14:00:00+00:00,39.072,39.439,38.684,38.792,567617.19,38.242132591582326
2026-03-20 15:00:00+00:00,38.792,39.555,38.792,39.491,282837.04,47.3690020940495
2026-03-20 16:00:00+00:00,39.491,40.01,39.319,39.439,386284.36,46.814730112593615
2026-03-20 17:00:00+00:00,39.439,39.481,38.907,39.236,311763.63,44.619737425385985
2026-03-20 18:00:00+00:00,39.229,39.364,38.765,38.998,434771.01,42.12591512278667
2026-03-20 19:00:00+00:00,38.998,39.221,38.36,39.118,727281.44,43.8305357835283
2026-03-20 20:00:00+00:00,39.117,39.667,38.753,39.153,435340.61,44.34542754572104
2026-03-20 21:00:00+00:00,39.153,39.673,38.887,39.625,357391.57,50.88419066914799
2026-03-20 22:00:00+00:00,39.623,40.14,39.572,40.043,374096.91,55.8331116936669
2026-03-20 23:00:00+00:00,40.037,40.05,39.466,39.538,264097.29,49.361962455476885
2026-03-21 00:00:00+00:00,39.545,39.751,39.401,39.467,86577.47,48.51067052902637
2026-03-21 01:00:00+00:00,39.468,39.527,39.26,39.451,146549.6,48.308482327901864
2026-03-21 02:00:00+00:00,39.447,39.806,39.309,39.733,76855.21,52.09801657214184
2026-03-21 03:00:00+00:00,39.733,39.857,39.55,39.644,97753.03,50.83145964328713
2026-03-21 04:00:00+00:00,39.641,39.82,39.387,39.507,100269.88,48.862248792686295
2026-03-21 05:00:00+00:00,39.506,39.579,39.209,39.355,64006.93,46.700577787934215
2026-03-21 06:00:00+00:00,39.346,39.534,39.25,39.399,54708.15,47.42565423090607
2026-03-21 07:00:00+00:00,39.394,39.744,39.39,39.698,68751.79,52.18581127609916
2026-03-21 08:00:00+00:00,39.699,39.711,39.449,39.507,49689.55,49.12592684817392
2026-03-21 09:00:00+00:00,39.51,39.739,39.483,39.652,40944.26,51.45312407132474
2026-03-21 10:00:00+00:00,39.659,39.753,39.529,39.742,28084.2,52.89350274531126
2026-03-21 11:00:00+00:00,39.742,40.092,39.724,40.076,149622.14,57.8871583077283
2026-03-21 12:00:00+00:00,40.081,40.158,39.718,39.782,165426.7,52.601252679324254
2026-03-21 13:00:00+00:00,39.795,39.97,39.689,39.966,54459.48,55.34927863448894
2026-03-21 14:00:00+00:00,39.967,40.158,39.742,39.795,99034.45,52.31376020222674
2026-03-21 15:00:00+00:00,39.804,40.11,39.753,39.932,76332.38,54.46824976356086
2026-03-21 16:00:00+00:00,39.932,40.322,39.818,40.02,169444.7,55.84814790728786
2026-03-21 17:00:00+00:00,40.018,40.317,39.928,40.212,96261.43,58.78316456063446
2026-03-21 18:00:00+00:00,40.213,40.437,40.143,40.283,133372.65,59.84615792518163
2026-03-21 19:00:00+00:00,40.283,40.379,40.136,40.166,89580.66,57.22695732628219
2026-03-21 20:00:00+00:00,40.166,40.272,40.001,40.222,95510.44,58.17058597241956
2026-03-21 21:00:00+00:00,40.222,40.273,40.02,40.068,60574.86,54.60307398194909
2026-03-21 22:00:00+00:00,40.074,40.104,39.85,39.86,89208.07,50.13112584276962
2026-03-21 23:00:00+00:00,39.86,39.86,38.881,39.144,420314.02,38.455658183192924
2026-03-22 00:00:00+00:00,39.151,39.513,38.67,39.326,613206.0,42.144216510705064
2026-03-22 01:00:00+00:00,39.321,39.457,38.611,38.803,428907.08,35.5505134454159
2026-03-22 02:00:00+00:00,38.801,39.136,38.5,39.044,276556.65,40.193920651223294
2026-03-22 03:00:00+00:00,39.04,39.466,39.025,39.057,122423.55,40.44318477078548
2026-03-22 04:00:00+00:00,39.057,39.242,38.936,39.006,65919.25,39.74335807950383
2026-03-22 05:00:00+00:00,39.006,39.006,38.404,38.45,194570.46,33.032527704581156
2026-03-22 06:00:00+00:00,38.448,38.452,38.03,38.432,348045.81,32.839203286777746
2026-03-22 07:00:00+00:00,38.432,38.566,38.216,38.281,177899.56,31.190089402104448
2026-03-22 08:00:00+00:00,38.29,38.3,37.895,38.258,346606.71,30.935261255083304
2026-03-22 09:00:00+00:00,38.259,38.331,37.965,38.175,111504.06,29.98324502945505
2026-03-22 10:00:00+00:00,38.18,38.197,37.964,38.026,99590.44,28.299551750610078
2026-03-22 11:00:00+00:00,38.016,38.022,37.816,37.939,239236.09,27.334365752134943
2026-03-22 12:00:00+00:00,37.939,38.302,37.938,38.254,172077.2,35.86363429026369
2026-03-22 13:00:00+00:00,38.258,38.391,38.121,38.286,192494.81,36.676782667913116
2026-03-22 14:00:00+00:00,38.296,38.396,38.193,38.237,80911.18,35.92567672950253
2026-03-22 15:00:00+00:00,38.237,38.32,37.984,38.059,232823.05,33.26094692937427
2026-03-22 16:00:00+00:00,38.063,38.198,37.921,38.039,191330.12,32.96507958989726
2026-03-22 17:00:00+00:00,38.034,38.206,37.967,38.077,79534.54,34.163386828773184
2026-03-22 18:00:00+00:00,38.076,38.195,37.897,38.084,120928.23,34.396033215386836
2026-03-22 19:00:00+00:00,38.075,38.081,37.897,38.006,100138.25,32.996825360649865
2026-03-22 20:00:00+00:00,38.001,38.337,37.918,37.96,194493.59,32.165796517519865
2026-03-22 21:00:00+00:00,37.976,38.055,37.546,37.754,537970.33,28.682038181854054
2026-03-22 22:00:00+00:00,37.763,38.519,37.467,38.433,403035.62,48.4864657825992
2026-03-22 23:00:00+00:00,38.429,38.746,38.274,38.358,251974.76,46.936057252734784
2026-03-23 00:00:00+00:00,38.356,38.444,37.583,37.623,391200.38,35.09314177274851
2026-03-23 01:00:00+00:00,37.615,38.143,37.53,38.007,269151.39,43.16211870993033
2026-03-23 02:00:00+00:00,38.01,38.406,37.829,38.165,153811.06,46.12960416476458
2026-03-23 03:00:00+00:00,38.164,38.46,38.032,38.036,151660.42,44.104929906689584
2026-03-23 04:00:00+00:00,38.036,38.261,38.007,38.246,75215.99,48.09857086379283
2026-03-23 05:00:00+00:00,38.23,38.492,38.02,38.262,138895.29,48.401068227824446
2026-03-23 06:00:00+00:00,38.256,38.256,37.528,37.772,156499.89,40.597362587404575
2026-03-23 07:00:00+00:00,37.77,37.8,37.384,37.48,222874.79,36.79061219012147
2026-03-23 08:00:00+00:00,37.485,37.747,37.222,37.29,245019.49,34.522256333755536
2026-03-23 09:00:00+00:00,37.292,37.361,36.886,37.0,355780.58,31.345536195624945
2026-03-23 10:00:00+00:00,37.002,37.1,36.795,37.023,253314.31,31.88091736915301
2026-03-23 11:00:00+00:00,37.022,39.554,37.008,37.586,2416147.2,43.49636488039532
2026-03-23 12:00:00+00:00,37.591,38.479,37.153,38.404,669937.04,55.39679837759218
2026-03-23 13:00:00+00:00,38.404,38.945,38.22,38.945,621857.51,61.214884281865665
2026-03-23 14:00:00+00:00,38.945,39.0,38.0,38.234,669490.22,51.6748425064898
2026-03-23 15:00:00+00:00,38.236,38.365,37.626,37.689,493548.32,45.78470722056703
2026-03-23 16:00:00+00:00,37.689,37.805,37.34,37.606,364597.28,44.94449520358385
2026-03-23 17:00:00+00:00,37.604,38.236,37.563,38.223,291148.91,51.99679034024546
2026-03-23 18:00:00+00:00,38.223,38.229,37.6,37.76,268100.06,47.1191712294106
2026-03-23 19:00:00+00:00,37.746,38.068,37.559,37.93,201272.74,49.01049028026414
2026-03-23 20:00:00+00:00,37.931,38.245,37.735,38.212,214777.9,52.072696337507274
2026-03-23 21:00:00+00:00,38.212,38.225,37.755,37.856,137027.69,48.142052024195635
2026-03-23 22:00:00+00:00,37.864,37.885,37.447,37.585,177008.95,45.33657714395053
2026-03-23 23:00:00+00:00,37.585,37.593,37.085,37.37,424217.78,43.18636037970265
2026-03-24 00:00:00+00:00,37.37,37.697,37.267,37.592,207104.28,46.03255485845598
2026-03-24 01:00:00+00:00,37.592,37.658,37.234,37.369,150706.06,43.66612733144268
2026-03-24 02:00:00+00:00,37.378,37.63,37.285,37.549,95705.12,46.07583247040346
2026-03-24 03:00:00+00:00,37.554,37.87,37.449,37.868,149610.34,50.14586900645229
2026-03-24 04:00:00+00:00,37.869,38.285,37.863,38.088,270152.77,52.79220656715934
2026-03-24 05:00:00+00:00,38.105,38.13,37.832,37.859,182112.33,49.82731341549337
2026-03-24 06:00:00+00:00,37.86,38.13,37.795,38.105,221052.26,52.88823970894532
2026-03-24 07:00:00+00:00,38.105,38.553,38.05,38.54,315167.63,57.79189772598737
2026-03-24 08:00:00+00:00,38.54,38.696,38.148,38.218,245669.49,53.36406650708241
2026-03-24 09:00:00+00:00,38.202,38.6,38.07,38.542,155532.54,56.93910693099366
2026-03-24 10:00:00+00:00,38.541,38.706,38.237,38.702,152148.29,58.625850331148996
2026-03-24 11:00:00+00:00,38.702,38.834,38.5,38.606,219224.28,57.17862671419292
2026-03-24 12:00:00+00:00,38.601,38.645,38.364,38.534,113534.34,56.06085743624341
2026-03-24 13:00:00+00:00,38.534,38.878,38.155,38.462,390678.22,54.90497196280165
2026-03-24 14:00:00+00:00,38.464,38.792,37.918,38.573,845300.44,56.39756356312865
2026-03-24 15:00:00+00:00,38.584,39.75,38.584,39.391,861666.46,65.46834551151423
2026-03-24 16:00:00+00:00,39.386,39.544,38.956,39.258,294408.09,63.167381304029064
2026-03-24 17:00:00+00:00,39.259,39.363,38.737,39.037,407735.96,59.42965884097587
2026-03-24 18:00:00+00:00,39.032,39.941,38.966,39.675,607329.9,65.73339888411311
2026-03-24 19:00:00+00:00,39.674,39.858,39.431,39.684,283974.44,65.81409325742148
2026-03-24 20:00:00+00:00,39.692,40.44,39.667,40.2,509658.79,70.15373685147742
2026-03-24 21:00:00+00:00,40.206,40.46,39.637,39.708,430064.9,62.06379546205692
2026-03-24 22:00:00+00:00,39.704,40.251,39.695,40.035,154287.56,64.95628648888965
2026-03-24 23:00:00+00:00,40.032,40.416,39.983,40.317,123247.61,67.2736878097785
2026-03-25 00:00:00+00:00,40.314,40.924,40.277,40.482,469197.99,68.58280364030048
2026-03-25 01:00:00+00:00,40.493,40.741,40.232,40.232,152733.32,64.3806029191791
2026-03-25 02:00:00+00:00,40.233,40.484,40.049,40.21,109668.3,64.0089227145931
2026-03-25 03:00:00+00:00,40.21,40.53,39.843,40.289,416630.68,64.79489835883227
2026-03-25 04:00:00+00:00,40.293,40.387,40.15,40.352,70763.83,65.44300775713276
2026-03-25 05:00:00+00:00,40.352,40.446,40.011,40.118,108480.1,60.954437417412535
2026-03-25 06:00:00+00:00,40.119,40.275,40.012,40.013,91692.87,58.99898414261201
2026-03-25 07:00:00+00:00,40.013,40.376,40.007,40.302,84843.32,62.5592309343111
2026-03-25 08:00:00+00:00,40.297,40.88,40.292,40.595,216580.5,65.80148603797848
2026-03-25 09:00:00+00:00,40.595,40.816,40.405,40.612,141197.83,65.98553444277121
2026-03-25 10:00:00+00:00,40.615,41.0,40.607,40.873,177270.1,68.76489013527157
2026-03-25 11:00:00+00:00,40.873,41.55,40.802,41.348,445655.3,73.07658834452891
2026-03-25 12:00:00+00:00,41.349,41.388,40.719,40.969,264281.16,65.32780261789993
2026-03-25 13:00:00+00:00,40.97,41.245,40.832,40.91,171798.61,64.18676913432526
2026-03-25 14:00:00+00:00,40.908,40.921,40.116,40.227,446929.27,52.70941221932185
2026-03-25 15:00:00+00:00,40.238,40.526,40.041,40.272,236737.24,53.30189013576239
2026-03-25 16:00:00+00:00,40.277,40.846,40.271,40.508,214074.71,56.3878423805274
2026-03-25 17:00:00+00:00,40.515,40.667,40.425,40.479,131015.75,55.899004725419154
2026-03-25 18:00:00+00:00,40.476,40.739,40.364,40.42,173893.54,54.85704653228888
2026-03-25 19:00:00+00:00,40.412,40.539,40.255,40.478,107619.84,55.730641478190236
2026-03-25 20:00:00+00:00,40.478,40.48,39.652,39.814,408120.04,44.995375816635544
2026-03-25 21:00:00+00:00,39.814,40.1,39.752,40.075,156742.09,49.142357262466255
2026-03-25 22:00:00+00:00,40.075,40.48,40.055,40.242,210600.91,51.653979225152725
2026-03-25 23:00:00+00:00,40.242,40.488,40.214,40.324,94911.81,52.88437564996558
2026-03-26 00:00:00+00:00,40.324,40.383,39.872,40.048,152881.98,48.417850870763466
2026-03-26 01:00:00+00:00,40.041,40.26,39.96,40.071,101826.7,48.80588138020655
2026-03-26 02:00:00+00:00,40.064,40.15,39.496,39.66,243538.06,42.63395505152255
2026-03-26 03:00:00+00:00,39.651,39.661,39.277,39.428,235705.85,39.59047713028461
2026-03-26 04:00:00+00:00,39.443,39.448,39.111,39.22,153730.84,37.03766879223131
2026-03-26 05:00:00+00:00,39.22,39.4,38.767,38.908,346829.16,33.54373380746907
2026-03-26 06:00:00+00:00,38.906,39.174,38.701,38.808,211822.16,32.48595018403864
2026-03-26 07:00:00+00:00,38.809,39.107,38.719,39.023,205726.96,37.08001570506472
2026-03-26 08:00:00+00:00,39.024,39.182,38.921,39.182,103314.58,40.31457179657945
2026-03-26 09:00:00+00:00,39.179,39.39,38.94,39.15,233042.2,39.8703360373345
2026-03-26 10:00:00+00:00,39.151,39.19,38.897,38.936,179419.43,36.93887825159127
2026-03-26 11:00:00+00:00,38.937,39.1,38.855,39.065,115762.67,39.81168589494518
2026-03-26 12:00:00+00:00,39.065,39.3,39.044,39.274,164417.34,44.24350079006685
2026-03-26 13:00:00+00:00,39.275,39.791,39.226,39.508,344046.34,48.79001292831412
2026-03-26 14:00:00+00:00,39.521,39.762,39.366,39.548,160230.98,49.54736106520035
2026-03-26 15:00:00+00:00,39.555,39.625,39.181,39.205,170802.67,43.593708065748395
2026-03-26 16:00:00+00:00,39.206,39.224,38.8,39.022,257048.11,40.7783460292558
2026-03-26 17:00:00+00:00,39.023,39.248,38.778,38.809,204479.15,37.724500056758465
2026-03-26 18:00:00+00:00,38.809,38.909,38.37,38.632,350558.34,35.35505120236735
2026-03-26 19:00:00+00:00,38.639,38.693,38.41,38.448,170572.96,33.0323539350609
2026-03-26 20:00:00+00:00,38.443,39.18,38.273,38.857,545678.77,42.13281983664994
2026-03-26 21:00:00+00:00,38.857,39.214,38.722,39.003,148372.37,45.00578167798562
2026-03-26 22:00:00+00:00,39.01,39.058,38.819,39.046,63209.2,45.85835022418608
2026-03-26 23:00:00+00:00,39.047,39.163,38.88,39.151,65314.39,47.9791292373972
2026-03-27 00:00:00+00:00,39.156,39.386,38.911,38.977,176188.7,44.844287012445314
2026-03-27 01:00:00+00:00,38.977,39.022,38.592,38.86,225476.77,42.81840072336154
2026-03-27 02:00:00+00:00,38.86,38.954,38.67,38.7,66342.87,40.147341380042825
2026-03-27 03:00:00+00:00,38.693,38.722,38.435,38.627,166306.62,38.9533919401259
2026-03-27 04:00:00+00:00,38.627,38.929,38.51,38.797,216084.74,43.19042116419328
2026-03-27 05:00:00+00:00,38.795,38.938,38.692,38.814,93938.21,43.611896430175086
2026-03-27 06:00:00+00:00,38.828,38.828,38.561,38.654,80369.64,40.5617352170253
2026-03-27 07:00:00+00:00,38.655,39.386,38.555,39.302,344699.8,54.454851019871796
2026-03-27 08:00:00+00:00,39.302,39.406,38.606,38.816,267793.65,45.80694755986724
2026-03-27 09:00:00+00:00,38.818,38.933,38.452,38.799,250177.61,45.53454412034064
2026-03-27 10:00:00+00:00,38.811,38.879,37.952,37.995,494109.22,34.94910079437717
2026-03-27 11:00:00+00:00,37.995,38.416,37.874,38.317,338849.47,40.87710193736477
2026-03-27 12:00:00+00:00,38.317,38.457,38.022,38.378,266958.57,41.95622084537738
2026-03-27 13:00:00+00:00,38.384,38.64,37.957,38.091,327630.53,38.404547726632465
2026-03-27 14:00:00+00:00,38.06,38.59,38.045,38.396,359847.09,43.84491638230528
2026-03-27 15:00:00+00:00,38.399,38.961,38.397,38.638,317074.59,47.78558831287316
2026-03-27 16:00:00+00:00,38.638,38.642,38.3,38.431,199869.43,44.884146683158896
2026-03-27 17:00:00+00:00,38.434,38.73,38.14,38.16,171798.26,41.344812607001984
2026-03-27 18:00:00+00:00,38.157,38.381,38.104,38.355,97616.56,44.722555182209234
2026-03-27 19:00:00+00:00,38.364,38.846,38.109,38.737,163050.16,50.71062514998794
2026-03-27 20:00:00+00:00,38.731,38.879,38.35,38.433,232391.67,46.40261909855615
2026-03-27 21:00:00+00:00,38.432,38.627,38.359,38.57,61349.47,48.524915676741294
2026-03-27 22:00:00+00:00,38.569,38.569,38.216,38.392,80802.26,45.97754356983298
2026-03-27 23:00:00+00:00,38.389,38.661,38.323,38.658,66869.75,50.18602232528541
2026-03-28 00:00:00+00:00,38.658,38.658,37.982,38.058,183131.03,42.20020039923468
2026-03-28 01:00:00+00:00,38.058,38.262,38.001,38.233,120195.54,44.95159612993136
2026-03-28 02:00:00+00:00,38.223,38.471,38.18,38.458,114801.65,48.355519630486086
2026-03-28 03:00:00+00:00,38.461,38.537,38.3,38.515,56410.93,49.21230217135935
2026-03-28 04:00:00+00:00,38.515,38.629,38.389,38.548,75842.21,49.73225016732919
2026-03-28 05:00:00+00:00,38.548,38.679,38.306,38.526,86700.51,49.369378992899016
2026-03-28 06:00:00+00:00,38.527,39.177,38.504,39.147,217132.78,58.5607422641805
2026-03-28 07:00:00+00:00,39.146,39.377,38.965,39.376,221465.32,61.34734208925416
2026-03-28 08:00:00+00:00,39.368,39.7,39.328,39.487,286165.19,62.658125489358824
2026-03-28 09:00:00+00:00,39.48,39.621,39.295,39.44,106563.28,61.703958995516516
2026-03-28 10:00:00+00:00,39.44,39.651,39.117,39.339,138070.29,59.603441516707115
2026-03-28 11:00:00+00:00,39.34,39.546,39.112,39.524,115175.42,62.14539186231578
2026-03-28 12:00:00+00:00,39.521,40.181,39.407,40.137,360931.05,69.0867022079238
2026-03-28 13:00:00+00:00,40.144,40.161,39.843,39.869,294220.17,63.59619061877985
2026-03-28 14:00:00+00:00,39.881,39.969,39.808,39.903,175214.58,63.987215024261694
2026-03-28 15:00:00+00:00,39.906,40.25,39.873,40.21,204307.41,67.39296302612264
2026-03-28 16:00:00+00:00,40.21,40.254,39.793,39.804,176451.14,59.39339891329129
2026-03-28 17:00:00+00:00,39.808,39.851,39.533,39.749,140019.61,58.38239000724365
2026-03-28 18:00:00+00:00,39.749,39.781,39.617,39.736,106206.23,58.130514282395275
2026-03-28 19:00:00+00:00,39.731,40.046,39.645,39.884,116762.99,60.233907220167794
2026-03-28 20:00:00+00:00,39.884,39.945,39.803,39.915,52726.02,60.67948816408066
2026-03-28 21:00:00+00:00,39.916,39.925,39.608,39.649,88516.49,54.986094805404925
2026-03-28 22:00:00+00:00,39.651,39.807,39.607,39.775,55405.27,57.04219807921674
2026-03-28 23:00:00+00:00,39.766,39.858,39.35,39.45,200297.99,50.619551497779696
2026-03-29 00:00:00+00:00,39.445,39.587,39.346,39.523,81353.67,51.92881418275435
2026-03-29 01:00:00+00:00,39.521,39.645,39.21,39.463,142086.08,50.73806917323792
2026-03-29 02:00:00+00:00,39.47,39.76,39.417,39.719,69030.67,55.433664759950524
2026-03-29 03:00:00+00:00,39.719,39.973,39.643,39.925,77827.54,58.834058779809865
2026-03-29 04:00:00+00:00,39.921,40.047,39.773,39.789,67260.22,55.80669245417519
2026-03-29 05:00:00+00:00,39.789,39.854,39.641,39.801,90662.01,56.02172361091146
2026-03-29 06:00:00+00:00,39.797,39.965,39.758,39.773,68908.68,55.34504092230313
2026-03-29 07:00:00+00:00,39.772,39.772,39.597,39.667,78012.56,52.7474965828602
2026-03-29 08:00:00+00:00,39.666,39.881,39.616,39.824,76202.76,56.038548620501516
2026-03-29 09:00:00+00:00,39.823,39.854,39.515,39.557,64324.22,49.69905783140265
2026-03-29 10:00:00+00:00,39.558,39.558,39.21,39.383,140695.47,46.043462280085805
2026-03-29 11:00:00+00:00,39.383,39.605,39.3,39.307,59729.01,44.50369501467982
2026-03-29 12:00:00+00:00,39.307,39.446,39.134,39.138,112522.41,41.2039262583083
2026-03-29 13:00:00+00:00,39.145,39.214,38.938,39.089,138686.12,40.27157385038677
2026-03-29 14:00:00+00:00,39.09,39.107,38.73,38.829,276016.79,35.660605324962546
2026-03-29 15:00:00+00:00,38.83,39.04,38.708,38.977,136789.15,39.880321634538625
2026-03-29 16:00:00+00:00,38.978,39.124,38.847,38.946,86515.51,39.2989261835776
2026-03-29 17:00:00+00:00,38.946,39.012,38.76,38.777,130796.82,36.20052572045404
2026-03-29 18:00:00+00:00,38.778,38.806,38.6,38.689,225967.55,34.66780218604633
2026-03-29 19:00:00+00:00,38.688,38.785,38.556,38.565,75827.95,32.5748691891845
2026-03-29 20:00:00+00:00,38.565,38.908,38.526,38.712,166870.91,37.399737894536486
2026-03-29 21:00:00+00:00,38.717,38.792,38.5,38.583,101797.55,35.0307124205863
2026-03-29 22:00:00+00:00,38.584,38.59,37.719,38.219,436678.76,29.376222024885422
2026-03-29 23:00:00+00:00,38.22,38.432,37.75,37.803,306876.23,24.50745171105794
2026-03-30 00:00:00+00:00,37.813,38.712,37.576,37.632,679547.54,22.83227727050388
2026-03-30 01:00:00+00:00,37.633,38.089,37.481,37.985,325203.04,33.01171968248036
2026-03-30 02:00:00+00:00,38.0,38.599,38.0,38.338,299820.63,41.344362203118074
2026-03-30 03:00:00+00:00,38.339,38.51,38.233,38.249,170119.11,39.99361352354362
2026-03-30 04:00:00+00:00,38.244,38.686,38.236,38.651,165022.47,48.222156525392805
2026-03-30 05:00:00+00:00,38.645,38.772,38.24,38.273,249905.05,42.34249479101109
2026-03-30 06:00:00+00:00,38.274,38.362,38.107,38.23,117185.66,41.719327922484545
2026-03-30 07:00:00+00:00,38.242,38.577,37.948,38.423,248691.19,45.589948377776295
2026-03-30 08:00:00+00:00,38.425,38.63,38.094,38.23,282559.8,42.54690140395845
2026-03-30 09:00:00+00:00,38.23,38.239,37.848,37.982,153227.02,38.949260384609524
2026-03-30 10:00:00+00:00,37.982,38.062,37.852,37.95,107191.55,38.49692669976499
2026-03-30 11:00:00+00:00,37.943,38.229,37.93,38.039,172277.93,40.56435937104793
2026-03-30 12:00:00+00:00,38.039,38.298,38.016,38.224,179982.07,44.72383751847923
2026-03-30 13:00:00+00:00,38.224,38.528,38.013,38.013,344643.02,41.18375601085607
2026-03-30 14:00:00+00:00,38.014,38.275,37.732,38.129,416153.04,43.81670024191884
2026-03-30 15:00:00+00:00,38.153,38.322,38.019,38.254,140651.79,46.591255930064406
2026-03-30 16:00:00+00:00,38.249,38.264,37.74,37.857,232776.39,39.858772404159446
2026-03-30 17:00:00+00:00,37.85,37.911,37.25,37.29,507769.87,32.610895046027
2026-03-30 18:00:00+00:00,37.291,37.404,37.052,37.285,311419.98,32.55467749235085
2026-03-30 19:00:00+00:00,37.272,37.286,36.445,37.085,1057204.27,30.304286588691255
2026-03-30 20:00:00+00:00,37.081,37.139,36.748,36.874,304295.74,28.097551572373945
2026-03-30 21:00:00+00:00,36.873,37.274,36.853,37.057,300642.68,32.67650368735475
2026-03-30 22:00:00+00:00,37.056,37.236,36.975,37.201,111107.05,36.12364158766065
2026-03-30 23:00:00+00:00,37.201,37.202,36.636,36.824,291612.01,31.566596773642118
2026-03-31 00:00:00+00:00,36.823,37.394,36.636,37.129,370325.01,38.34325440857673
2026-03-31 01:00:00+00:00,37.133,37.586,37.015,37.413,507762.4,43.912736854980146
2026-03-31 02:00:00+00:00,37.412,37.624,37.342,37.356,121420.9,43.07179035935645
2026-03-31 03:00:00+00:00,37.355,37.363,37.056,37.311,121839.91,42.38174281760921
2026-03-31 04:00:00+00:00,37.311,37.342,37.0,37.012,122686.43,38.022868704708785
2026-03-31 05:00:00+00:00,37.012,37.231,36.904,37.168,97902.45,41.40871051989419
2026-03-31 06:00:00+00:00,37.168,37.268,37.074,37.114,52565.52,40.582244314486
2026-03-31 07:00:00+00:00,37.109,37.113,36.391,36.722,434989.44,35.10481182951003
2026-03-31 08:00:00+00:00,36.723,36.749,36.137,36.177,234075.27,29.20324643346858
2026-03-31 09:00:00+00:00,36.16,36.294,35.729,35.863,517128.71,26.444833728743788
2026-03-31 10:00:00+00:00,35.861,36.094,35.761,36.006,275400.32,29.701442565891426
2026-03-31 11:00:00+00:00,36.0,36.072,35.65,35.796,243931.46,27.757846020588033
2026-03-31 12:00:00+00:00,35.795,36.046,35.725,35.982,157144.78,32.002109605315965
2026-03-31 13:00:00+00:00,35.988,36.615,35.952,36.583,479041.26,43.543802092284906
2026-03-31 14:00:00+00:00,36.585,36.937,35.855,36.02,749276.7,37.177680155614944
2026-03-31 15:00:00+00:00,36.017,36.374,35.96,35.981,364589.45,36.77657268152461
2026-03-31 16:00:00+00:00,35.981,36.945,35.969,36.891,611133.3,50.26110941285347
2026-03-31 17:00:00+00:00,36.894,37.34,36.53,36.645,741096.94,47.32274075423116
2026-03-31 18:00:00+00:00,36.646,37.035,36.554,36.65,243360.29,47.39006346134251
2026-03-31 19:00:00+00:00,36.647,36.758,36.501,36.625,152074.13,47.06617017310863
2026-03-31 20:00:00+00:00,36.621,37.04,36.614,36.703,262722.91,48.25447198299989
2026-03-31 21:00:00+00:00,36.699,36.699,36.326,36.417,241609.86,44.32529833332636
2026-03-31 22:00:00+00:00,36.417,36.511,36.15,36.246,188008.93,42.1171058077614
2026-03-31 23:00:00+00:00,36.263,36.692,36.108,36.595,236793.94,47.82957229576563
2026-04-01 00:00:00+00:00,36.596,36.618,36.343,36.558,152528.86,47.2966489096696
2026-04-01 01:00:00+00:00,36.559,36.644,35.97,36.017,315531.25,40.23712452314101
2026-04-01 02:00:00+00:00,36.018,36.298,36.014,36.13,130437.32,42.17845998635433
2026-04-01 03:00:00+00:00,36.131,36.488,36.13,36.421,107731.49,46.95701194628813
2026-04-01 04:00:00+00:00,36.433,36.599,36.33,36.546,103494.4,48.91019354076017
2026-04-01 05:00:00+00:00,36.547,37.244,36.478,37.071,338392.19,56.20441504153642
2026-04-01 06:00:00+00:00,37.068,37.713,36.9,37.698,493653.37,62.99884322141207
2026-04-01 07:00:00+00:00,37.697,37.848,37.278,37.371,400676.13,57.94947564764258
2026-04-01 08:00:00+00:00,37.37,37.489,36.97,37.076,373434.5,53.76301534994085
2026-04-01 09:00:00+00:00,37.076,37.183,36.655,37.005,323435.64,52.77481455629833
2026-04-01 10:00:00+00:00,37.005,37.133,36.86,37.076,114525.21,53.69147235200843
2026-04-01 11:00:00+00:00,37.072,37.343,37.056,37.234,118755.51,55.74988023472516
2026-04-01 12:00:00+00:00,37.234,37.408,37.013,37.046,187152.74,52.74558883882602
2026-04-01 13:00:00+00:00,37.051,37.111,36.61,36.705,245031.4,47.72216872442579
2026-04-01 14:00:00+00:00,36.709,37.067,36.625,37.062,150413.28,52.79130399108869
2026-04-01 15:00:00+00:00,37.066,37.409,36.947,37.382,228165.7,56.83190226805831
2026-04-01 16:00:00+00:00,37.382,37.443,36.42,36.714,824530.87,47.66124930360832
2026-04-01 17:00:00+00:00,36.701,36.998,36.22,36.398,443526.64,44.040830053027285
2026-04-01 18:00:00+00:00,36.393,36.516,36.061,36.155,307981.99,41.43433056241528
2026-04-01 19:00:00+00:00,36.157,36.277,36.102,36.152,133122.19,41.40175285325976
2026-04-01 20:00:00+00:00,36.159,36.258,36.003,36.065,150608.01,40.409491042371805
2026-04-01 21:00:00+00:00,36.065,36.285,35.883,36.175,286058.29,42.29269121622494
2026-04-01 22:00:00+00:00,36.174,36.23,35.846,36.025,343622.89,40.4169778033299
2026-04-01 23:00:00+00:00,36.028,36.055,35.905,36.007,174226.96,40.18664866551596
2026-04-02 00:00:00+00:00,36.01,36.269,35.97,36.183,174126.14,43.57274136873482
2026-04-02 01:00:00+00:00,36.177,36.227,35.323,35.377,794321.39,34.06262419674259
2026-04-02 02:00:00+00:00,35.376,35.61,35.164,35.597,589922.92,38.037918656338945
2026-04-02 03:00:00+00:00,35.597,35.603,35.04,35.19,371052.27,33.95896725929978
2026-04-02 04:00:00+00:00,35.183,35.256,35.0,35.016,363599.64,32.361261676370106
2026-04-02 05:00:00+00:00,35.022,35.301,34.94,35.226,350432.74,36.25902707941521
2026-04-02 06:00:00+00:00,35.242,35.516,35.097,35.21,173624.03,36.08839012985766
2026-04-02 07:00:00+00:00,35.215,35.233,34.929,35.07,263895.5,34.555987202662735
2026-04-02 08:00:00+00:00,35.071,35.312,34.962,35.005,171955.31,33.83757338158985
2026-04-02 09:00:00+00:00,35.005,35.095,34.9,35.042,186639.18,34.67017248086074
2026-04-02 10:00:00+00:00,35.048,35.059,34.714,34.779,334218.86,31.623836659174714
2026-04-02 11:00:00+00:00,34.779,34.925,34.668,34.785,166646.28,31.77112560943317
2026-04-02 12:00:00+00:00,34.786,34.85,34.656,34.672,196314.24,30.441165569841417
2026-04-02 13:00:00+00:00,34.68,34.819,34.422,34.653,425558.0,30.212159182465285
2026-04-02 14:00:00+00:00,34.652,34.937,34.5,34.874,436667.33,36.22222260403936
2026-04-02 15:00:00+00:00,34.873,34.891,34.635,34.86,183601.35,36.01065422918385
2026-04-02 16:00:00+00:00,34.863,35.207,34.859,35.009,278712.15,40.02564158315712
2026-04-02 17:00:00+00:00,35.007,35.236,34.624,34.665,288062.1,34.62416305956005
2026-04-02 18:00:00+00:00,34.664,34.83,34.56,34.796,161230.05,38.05259106452926
2026-04-02 19:00:00+00:00,34.799,34.973,34.716,34.92,151644.21,41.19612938205627
2026-04-02 20:00:00+00:00,34.92,35.3,34.833,35.122,266143.3,46.00317460198329
2026-04-02 21:00:00+00:00,35.125,35.216,34.973,35.102,202316.99,45.60565885427562
2026-04-02 22:00:00+00:00,35.101,35.181,35.041,35.12,59677.4,46.05743708984414
2026-04-02 23:00:00+00:00,35.115,35.345,35.108,35.174,128758.18,47.46707984927102
2026-04-03 00:00:00+00:00,35.178,35.394,35.067,35.387,191572.32,52.71591577671107
2026-04-03 01:00:00+00:00,35.387,35.535,35.3,35.529,173849.33,55.880763830171546
2026-04-03 02:00:00+00:00,35.529,35.618,35.371,35.542,153308.88,56.16999764593331
2026-04-03 03:00:00+00:00,35.541,35.594,35.361,35.419,113932.16,52.65285904539352
2026-04-03 04:00:00+00:00,35.419,35.615,35.401,35.484,71817.75,54.28202378954422
2026-04-03 05:00:00+00:00,35.484,35.656,35.386,35.398,108310.85,51.745084233483965
2026-04-03 06:00:00+00:00,35.398,35.681,35.36,35.681,151485.43,58.60169256501806
2026-04-03 07:00:00+00:00,35.681,35.898,35.569,35.817,342680.01,61.437459740782245
2026-04-03 08:00:00+00:00,35.818,36.058,35.809,35.93,225229.99,63.66457381656803
2026-04-03 09:00:00+00:00,35.929,36.055,35.716,35.957,116991.21,64.19664598772547
2026-04-03 10:00:00+00:00,35.957,36.0,35.636,35.901,106723.76,62.16342688993367
2026-04-03 11:00:00+00:00,35.901,35.979,35.765,35.946,138800.33,63.17279543369865
2026-04-03 12:00:00+00:00,35.946,36.1,35.635,35.639,270967.2,52.820213657944166
2026-04-03 13:00:00+00:00,35.639,35.683,35.4,35.591,276823.32,51.40185866124289
2026-04-03 14:00:00+00:00,35.59,35.963,35.522,35.908,196567.98,59.1948241262924
2026-04-03 15:00:00+00:00,35.908,36.022,35.624,35.777,216862.9,55.251827072431226
2026-04-03 16:00:00+00:00,35.776,36.086,35.689,35.954,180856.02,59.20575104275227
2026-04-03 17:00:00+00:00,35.947,35.983,35.56,35.656,179504.39,51.03034726868195
2026-04-03 18:00:00+00:00,35.655,35.675,35.504,35.513,59375.63,47.631409548009024
2026-04-03 19:00:00+00:00,35.52,35.772,35.5,35.764,56148.2,53.48748751491393
2026-04-03 20:00:00+00:00,35.765,35.919,35.698,35.892,99772.13,56.178665936579215
2026-04-03 21:00:00+00:00,35.904,35.928,35.811,35.839,54931.67,54.76569928142896
2026-04-03 22:00:00+00:00,35.844,35.844,35.618,35.634,98463.66,49.57218610954521
2026-04-03 23:00:00+00:00,35.634,35.656,35.499,35.593,87713.32,48.57992914439711
2026-04-04 00:00:00+00:00,35.594,35.662,35.502,35.649,39993.32,50.05056621070166
2026-04-04 01:00:00+00:00,35.649,35.698,35.561,35.677,23733.79,50.808132833533584
2026-04-04 02:00:00+00:00,35.673,35.891,35.612,35.813,67415.13,54.42384234485151
2026-04-04 03:00:00+00:00,35.814,35.96,35.734,35.856,108135.89,55.536641328356176
2026-04-04 04:00:00+00:00,35.855,35.862,35.71,35.727,47657.88,51.476042366385016
2026-04-04 05:00:00+00:00,35.727,35.853,35.623,35.651,57352.6,49.19396240257396
2026-04-04 06:00:00+00:00,35.651,35.839,35.6,35.764,184118.19,52.56145466258937
2026-04-04 07:00:00+00:00,35.764,35.8,35.705,35.739,30371.99,51.74430781198137
2026-04-04 08:00:00+00:00,35.739,35.805,35.64,35.646,41873.37,48.71053366473228
2026-04-04 09:00:00+00:00,35.644,35.692,35.64,35.673,22500.44,49.63379655276367
2026-04-04 10:00:00+00:00,35.673,35.82,35.64,35.787,46413.04,53.44440925540928
2026-04-04 11:00:00+00:00,35.787,35.828,35.72,35.8,29093.23,53.87299139706982
2026-04-04 12:00:00+00:00,35.8,35.917,35.729,35.775,52137.17,52.86510253134953
2026-04-04 13:00:00+00:00,35.776,35.78,35.6,35.654,88041.17,48.16799827372782
2026-04-04 14:00:00+00:00,35.651,35.734,35.525,35.69,56668.02,49.60272757311479
2026-04-04 15:00:00+00:00,35.69,35.892,35.663,35.892,98286.72,56.824487391055115
2026-04-04 16:00:00+00:00,35.892,36.228,35.891,35.912,146961.78,57.47424496534613
2026-04-04 17:00:00+00:00,35.912,36.09,35.88,36.082,66239.72,62.62320494853505
2026-04-04 18:00:00+00:00,36.082,36.196,35.902,36.037,255100.99,60.533841492480285
2026-04-04 19:00:00+00:00,36.037,36.166,35.889,35.974,95860.71,57.63466155670472
2026-04-04 20:00:00+00:00,35.975,36.13,35.934,36.127,63003.91,62.35062346633672
2026-04-04 21:00:00+00:00,36.131,36.374,36.094,36.35,128161.02,67.95050582686689
2026-04-04 22:00:00+00:00,36.35,36.5,36.247,36.424,147114.53,69.5680722348718
2026-04-04 23:00:00+00:00,36.424,36.549,36.271,36.359,98367.99,66.39804807241325
2026-04-05 00:00:00+00:00,36.36,36.412,36.024,36.074,167219.02,54.64124204562343
2026-04-05 01:00:00+00:00,36.073,36.246,35.982,35.995,133856.22,51.89807530231754
2026-04-05 02:00:00+00:00,35.999,36.116,35.888,36.091,132551.74,54.86350928317
2026-04-05 03:00:00+00:00,36.091,36.121,35.889,35.92,51621.32,49.06152665030963
2026-04-05 04:00:00+00:00,35.92,35.97,35.789,35.859,106119.38,47.1461360395535
2026-04-05 05:00:00+00:00,35.859,35.892,35.598,35.655,202785.2,41.33431706599962
2026-04-05 06:00:00+00:00,35.654,35.732,35.431,35.667,150854.15,41.78889419855519
2026-04-05 07:00:00+00:00,35.67,35.782,35.505,35.641,97663.53,41.0467655783868
2026-04-05 08:00:00+00:00,35.64,35.869,35.629,35.739,140894.41,45.0107633640819
2026-04-05 09:00:00+00:00,35.738,35.825,35.671,35.809,54904.16,47.71508782526521
2026-04-05 10:00:00+00:00,35.809,35.913,35.716,35.774,50987.14,46.48413738104528
2026-04-05 11:00:00+00:00,35.773,35.802,35.627,35.64,52270.0,42.01512145294679
2026-04-05 12:00:00+00:00,35.639,35.661,35.118,35.302,219823.22,33.31471067496339
2026-04-05 13:00:00+00:00,35.301,35.45,35.254,35.439,72875.56,38.8427442742681
2026-04-05 14:00:00+00:00,35.433,35.563,35.323,35.463,80496.85,39.784470151422475
2026-04-05 15:00:00+00:00,35.462,35.847,35.42,35.533,422517.17,42.56254037833298
2026-04-05 16:00:00+00:00,35.532,35.642,35.434,35.446,44424.55,40.08713879896887
2026-04-05 17:00:00+00:00,35.448,35.601,35.443,35.59,32055.31,45.71479464063292
2026-04-05 18:00:00+00:00,35.587,35.821,35.492,35.731,157691.77,50.6070973697299
2026-04-05 19:00:00+00:00,35.73,35.85,35.7,35.848,95223.81,54.28846410585288
2026-04-05 20:00:00+00:00,35.848,35.98,35.822,35.925,95187.52,56.58199174813775
2026-04-05 21:00:00+00:00,35.924,35.989,35.81,35.894,101535.02,55.37732807439534
2026-04-05 22:00:00+00:00,35.894,36.355,35.713,36.306,243513.88,65.79916913947818
2026-04-05 23:00:00+00:00,36.307,36.999,36.295,36.85,678554.89,74.32572188128384
2026-04-06 00:00:00+00:00,36.857,37.177,36.567,36.849,321362.51,74.2890572386199
2026-04-06 01:00:00+00:00,36.837,37.077,36.691,37.01,117762.74,76.31485002010486
2026-04-06 02:00:00+00:00,37.025,37.243,36.667,36.916,153180.22,72.71260394891212
2026-04-06 03:00:00+00:00,36.909,37.143,36.876,37.143,122736.86,75.69608476777319
2026-04-06 04:00:00+00:00,37.136,37.331,36.799,36.855,371952.01,65.85779409584423
2026-04-06 05:00:00+00:00,36.859,37.01,36.776,36.99,94472.81,67.95995208931916
2026-04-06 06:00:00+00:00,36.989,37.05,36.759,36.959,121025.35,66.94071150261323
2026-04-06 07:00:00+00:00,36.953,37.155,36.841,37.147,192485.54,69.88998752112717
2026-04-06 08:00:00+00:00,37.146,37.357,37.048,37.25,159702.27,71.39561848529041
2026-04-06 09:00:00+00:00,37.249,37.599,37.214,37.316,360791.06,72.34972837688996
2026-04-06 10:00:00+00:00,37.316,37.572,37.315,37.546,157638.38,75.4259093166587
2026-04-06 11:00:00+00:00,37.534,37.544,37.149,37.235,197736.39,64.9101148552875
2026-04-06 12:00:00+00:00,37.237,37.357,36.982,37.101,202707.21,60.966095743296215
2026-04-06 13:00:00+00:00,37.103,37.297,37.061,37.206,100070.59,62.869898509814284
2026-04-06 14:00:00+00:00,37.222,37.727,37.078,37.718,331599.82,70.44066659034995
2026-04-06 15:00:00+00:00,37.711,37.724,37.461,37.674,206618.83,69.13604153513285
2026-04-06 16:00:00+00:00,37.674,37.749,37.191,37.201,228537.7,56.929496721696495
2026-04-06 17:00:00+00:00,37.199,37.213,36.8,36.933,650076.69,51.39282162354299
2026-04-06 18:00:00+00:00,36.925,37.178,36.863,37.067,135136.41,53.81161705771724
2026-04-06 19:00:00+00:00,37.066,37.36,36.991,37.302,144403.47,57.77959184218069
2026-04-06 20:00:00+00:00,37.304,37.337,37.125,37.192,201316.75,55.381264177033465
2026-04-06 21:00:00+00:00,37.191,37.212,36.9,36.94,113105.37,50.23670966563222
2026-04-06 22:00:00+00:00,36.928,36.967,36.105,36.141,340164.69,38.13938120201664
2026-04-06 23:00:00+00:00,36.141,36.364,35.951,36.287,341783.44,40.9381442680687
2026-04-07 00:00:00+00:00,36.286,36.526,36.228,36.411,135245.07,43.28508785434352
2026-04-07 01:00:00+00:00,36.411,36.544,36.184,36.248,117633.12,40.979846047088465
2026-04-07 02:00:00+00:00,36.253,36.423,36.034,36.372,174075.38,43.447306726807035
2026-04-07 03:00:00+00:00,36.372,36.472,36.35,36.4,78042.65,44.01646266096135
2026-04-07 04:00:00+00:00,36.4,36.507,36.275,36.469,133470.65,45.47281610480329
2026-04-07 05:00:00+00:00,36.469,36.473,36.126,36.185,86730.55,40.77152309706332
2026-04-07 06:00:00+00:00,36.185,36.249,36.066,36.221,59743.99,41.59580984761839
2026-04-07 07:00:00+00:00,36.221,36.291,36.07,36.195,55004.12,41.150382211981395
2026-04-07 08:00:00+00:00,36.195,36.455,36.188,36.42,78232.02,46.49051659375489
2026-04-07 09:00:00+00:00,36.421,36.955,36.384,36.925,227749.72,56.115740794969746
2026-04-07 10:00:00+00:00,36.924,37.149,36.243,36.394,280851.42,46.6197939998197
2026-04-07 11:00:00+00:00,36.394,36.434,36.19,36.383,149967.7,46.44445831190838
2026-04-07 12:00:00+00:00,36.383,36.48,35.898,36.106,281440.54,42.145861840362606
2026-04-07 13:00:00+00:00,36.103,36.295,35.929,35.929,219900.11,39.62231809940727
2026-04-07 14:00:00+00:00,35.929,36.131,35.715,35.878,167890.94,38.899577624879456
2026-04-07 15:00:00+00:00,35.876,36.189,35.861,36.034,138301.21,42.36283082609421
2026-04-07 16:00:00+00:00,36.038,36.3,36.023,36.216,116873.59,46.194583774301655
2026-04-07 17:00:00+00:00,36.216,36.672,36.204,36.45,199251.79,50.72989885799868
2026-04-07 18:00:00+00:00,36.45,36.598,36.323,36.37,118959.42,49.20292635941938
2026-04-07 19:00:00+00:00,36.366,37.171,36.356,37.164,267809.25,61.567541100168334
2026-04-07 20:00:00+00:00,37.163,37.3,36.922,37.126,403033.03,60.80471259572178
2026-04-07 21:00:00+00:00,37.126,37.92,37.103,37.804,608275.86,68.34163951877537
2026-04-07 22:00:00+00:00,37.804,38.802,37.727,38.738,1150095.2,75.3683973567691
2026-04-07 23:00:00+00:00,38.739,39.16,38.344,38.606,1198949.21,72.90554232007517
2026-04-08 00:00:00+00:00,38.609,38.863,38.259,38.409,403323.29,69.26759300201832
2026-04-08 01:00:00+00:00,38.409,38.434,38.104,38.263,136228.31,66.61459569646765
2026-04-08 02:00:00+00:00,38.269,38.62,38.221,38.6,207271.97,69.5168061907775
2026-04-08 03:00:00+00:00,38.599,38.652,38.273,38.296,83255.0,64.10327259918645
2026-04-08 04:00:00+00:00,38.298,38.908,38.258,38.858,312145.11,68.92160754668758
2026-04-08 05:00:00+00:00,38.851,39.283,38.835,39.111,449959.28,70.82045277451675
2026-04-08 06:00:00+00:00,39.111,39.288,38.972,39.025,197429.94,69.27111603670015
2026-04-08 07:00:00+00:00,39.027,39.419,38.82,39.396,270515.12,72.10613493004661
2026-04-08 08:00:00+00:00,39.408,39.566,39.261,39.509,245412.82,72.9254659149331
2026-04-08 09:00:00+00:00,39.512,39.701,39.236,39.48,223160.15,72.3382163319638
2026-04-08 10:00:00+00:00,39.485,39.541,39.18,39.21,129511.78,66.93390779528487
2026-04-08 11:00:00+00:00,39.206,39.455,39.1,39.273,140893.15,67.54321912202596
2026-04-08 12:00:00+00:00,39.273,39.75,39.1,39.675,293591.95,71.19119389715307
2026-04-08 13:00:00+00:00,39.675,39.792,39.177,39.252,375642.54,63.148386984736135
2026-04-08 14:00:00+00:00,39.253,39.341,38.503,38.6,560674.12,53.1761968293578
2026-04-08 15:00:00+00:00,38.594,38.928,38.53,38.861,354409.16,56.160683598923875
2026-04-08 16:00:00+00:00,38.86,38.971,38.44,38.571,431162.64,52.18092338139209
2026-04-08 17:00:00+00:00,38.571,38.88,38.487,38.632,390151.37,52.93640883066665
2026-04-08 18:00:00+00:00,38.631,38.631,37.76,37.793,556284.84,42.89773975635545
2026-04-08 19:00:00+00:00,37.8,38.092,37.751,38.081,308197.6,46.638540469520656
2026-04-08 20:00:00+00:00,38.087,38.237,37.911,38.231,171808.33,48.52979770746334
2026-04-08 21:00:00+00:00,38.237,39.673,38.233,39.559,1171119.67,61.52969748406067
2026-04-08 22:00:00+00:00,39.562,39.563,38.65,38.743,568615.19,52.718691114193525
2026-04-08 23:00:00+00:00,38.743,38.886,38.5,38.759,402587.76,52.86123004226356
2026-04-09 00:00:00+00:00,38.758,38.8,38.194,38.195,362684.46,47.43288614317004
2026-04-09 01:00:00+00:00,38.196,38.482,38.15,38.428,100032.47,49.72958502804165
2026-04-09 02:00:00+00:00,38.427,38.679,38.286,38.618,151504.95,51.58710438663742
2026-04-09 03:00:00+00:00,38.617,38.699,38.347,38.682,98935.21,52.22744406323593
2026-04-09 04:00:00+00:00,38.687,38.816,38.4,38.412,109221.94,49.266890136366676
2026-04-09 05:00:00+00:00,38.412,38.684,38.227,38.636,96054.95,51.71245007422054
2026-04-09 06:00:00+00:00,38.639,38.8,38.5,38.764,97389.82,53.103596981686884
2026-04-09 07:00:00+00:00,38.764,38.882,38.664,38.739,111487.42,52.78374229053672
2026-04-09 08:00:00+00:00,38.739,39.104,38.697,39.067,159726.6,56.486861658220974
2026-04-09 09:00:00+00:00,39.079,39.289,38.89,39.174,241485.91,57.65363605869243
2026-04-09 10:00:00+00:00,39.174,39.298,39.051,39.097,127706.53,56.47994874789923
2026-04-09 11:00:00+00:00,39.096,39.109,38.747,38.819,152203.56,52.33732064759146
2026-04-09 12:00:00+00:00,38.819,39.236,38.812,39.174,157622.25,56.70442349795214
2026-04-09 13:00:00+00:00,39.174,39.242,38.75,38.925,229890.42,53.033930023308635
2026-04-09 14:00:00+00:00,38.918,39.35,38.775,39.346,176236.34,57.985818510688745
2026-04-09 15:00:00+00:00,39.346,39.815,39.194,39.563,446930.44,60.308787048196116
2026-04-09 16:00:00+00:00,39.562,39.817,39.361,39.568,250466.73,60.363167312980835
2026-04-09 17:00:00+00:00,39.566,40.162,39.531,40.109,459049.92,65.81989502471306
2026-04-09 18:00:00+00:00,40.108,40.136,39.685,39.98,227781.96,63.572498282036676
2026-04-09 19:00:00+00:00,39.98,40.282,39.931,40.028,273121.66,64.06418253648431
2026-04-09 20:00:00+00:00,40.039,40.299,39.833,40.135,190285.21,65.19206135797029
2026-04-09 21:00:00+00:00,40.138,40.273,39.782,39.952,212733.71,61.62939763435104
2026-04-09 22:00:00+00:00,39.952,40.399,39.5,39.55,305095.72,54.5739416473047
2026-04-09 23:00:00+00:00,39.556,39.678,39.32,39.458,196922.08,53.076379305017625
2026-04-10 00:00:00+00:00,39.474,40.049,39.425,39.866,224613.54,58.513438360207424
2026-04-10 01:00:00+00:00,39.863,40.699,39.624,40.583,593470.3,65.97478319302829
2026-04-10 02:00:00+00:00,40.585,40.95,40.13,40.322,690820.95,61.62962839089949
2026-04-10 03:00:00+00:00,40.322,40.41,40.1,40.133,276035.33,58.618904296048086
2026-04-10 04:00:00+00:00,40.133,40.805,40.133,40.733,274771.7,64.54107712942569
2026-04-10 05:00:00+00:00,40.734,40.734,40.414,40.493,120516.37,60.7932534361437
2026-04-10 06:00:00+00:00,40.493,40.625,40.089,40.343,186846.34,58.50653840003432
2026-04-10 07:00:00+00:00,40.338,40.501,40.004,40.034,189730.93,54.00039027265357
2026-04-10 08:00:00+00:00,40.04,40.475,40.029,40.425,164877.84,58.36970665341683
2026-04-10 09:00:00+00:00,40.424,41.101,40.368,40.959,313100.88,63.472711323954634
2026-04-10 10:00:00+00:00,40.958,40.998,40.829,40.9,107545.02,62.560258401403495
2026-04-10 11:00:00+00:00,40.904,41.181,40.9,41.126,292375.55,64.65619358046439
2026-04-10 12:00:00+00:00,41.129,41.478,41.012,41.174,291919.02,65.10303166902904
2026-04-10 13:00:00+00:00,41.178,41.632,41.121,41.51,257943.39,68.13952183102717
2026-04-10 14:00:00+00:00,41.511,42.143,41.498,42.039,554189.66,72.23564367306723
2026-04-10 15:00:00+00:00,42.039,42.232,41.68,41.71,428203.92,66.50868744903015
2026-04-10 16:00:00+00:00,41.71,42.236,41.71,42.079,306324.48,69.43556061101289
2026-04-10 17:00:00+00:00,42.079,42.2,41.904,42.195,217883.18,70.31385841142139
2026-04-10 18:00:00+00:00,42.195,42.2,41.922,41.947,217099.54,65.95049113953107
2026-04-10 19:00:00+00:00,41.941,42.033,41.559,41.689,353502.64,61.66341569871001
2026-04-10 20:00:00+00:00,41.669,41.844,41.391,41.574,296427.88,59.79751283884868
2026-04-10 21:00:00+00:00,41.573,41.687,41.272,41.625,169623.87,60.37022977485549
2026-04-10 22:00:00+00:00,41.626,41.775,41.422,41.749,165320.17,61.79531209688454
2026-04-10 23:00:00+00:00,41.75,41.75,41.523,41.598,59245.7,59.01238694833451
2026-04-11 00:00:00+00:00,41.596,41.922,41.48,41.806,143624.84,61.57914033891668
2026-04-11 01:00:00+00:00,41.805,42.15,41.636,42.078,113505.27,64.69289162493669
2026-04-11 02:00:00+00:00,42.078,42.097,41.73,41.769,83214.42,58.85722000020916
2026-04-11 03:00:00+00:00,41.771,41.928,41.74,41.848,57951.76,59.8542924004289
2026-04-11 04:00:00+00:00,41.848,41.996,41.675,41.973,101552.31,61.44637601891062
2026-04-11 05:00:00+00:00,41.973,41.984,41.57,41.812,47254.07,58.242558669299186
2026-04-11 06:00:00+00:00,41.817,42.2,41.785,42.163,130866.59,62.796815463881224
2026-04-11 07:00:00+00:00,42.163,42.698,42.091,42.529,352269.51,66.85607005016821
2026-04-11 08:00:00+00:00,42.53,42.568,42.249,42.264,144875.25,61.61408643639508
2026-04-11 09:00:00+00:00,42.265,42.572,42.239,42.507,107081.33,64.37265249125923
2026-04-11 10:00:00+00:00,42.508,42.515,42.102,42.236,132017.26,59.258107700211
2026-04-11 11:00:00+00:00,42.237,42.483,42.126,42.413,90559.46,61.414455799263614
2026-04-11 12:00:00+00:00,42.414,42.555,42.281,42.371,93674.55,60.59490758420652
2026-04-11 13:00:00+00:00,42.372,42.387,41.907,42.165,249138.47,56.60501310964964
2026-04-11 14:00:00+00:00,42.166,42.288,41.77,41.874,223712.3,51.45117220826912
2026-04-11 15:00:00+00:00,41.863,42.056,41.77,41.887,116962.66,51.66290673857006
2026-04-11 16:00:00+00:00,41.886,42.283,41.881,42.193,169874.84,56.474804881363504
2026-04-11 17:00:00+00:00,42.193,42.569,42.02,42.566,211954.56,61.50528147021075
2026-04-11 18:00:00+00:00,42.565,42.867,42.298,42.63,290686.68,62.3101929930989
2026-04-11 19:00:00+00:00,42.632,43.173,42.496,43.028,568420.47,66.93976379035394
2026-04-11 20:00:00+00:00,43.028,43.043,42.485,42.559,182960.37,57.912366024648634
2026-04-11 21:00:00+00:00,42.56,42.668,42.405,42.558,116137.61,57.8944382209585
2026-04-11 22:00:00+00:00,42.558,43.093,42.257,42.308,411865.28,53.44043566846013
2026-04-11 23:00:00+00:00,42.3,42.385,42.07,42.279,122989.32,52.93172326895501
2026-04-12 00:00:00+00:00,42.279,42.787,42.253,42.748,174280.5,59.62547086201858
2026-04-12 01:00:00+00:00,42.752,42.823,41.073,41.11,787214.04,38.84666727918581
2026-04-12 02:00:00+00:00,41.11,41.475,40.986,41.28,391073.2,41.13929674637461
2026-04-12 03:00:00+00:00,41.276,41.292,41.004,41.055,124954.93,39.052496760351254
2026-04-12 04:00:00+00:00,41.056,41.064,40.637,40.852,339157.03,37.21816807468288
2026-04-12 05:00:00+00:00,40.86,41.123,40.788,40.942,125391.59,38.59525526307981
2026-04-12 06:00:00+00:00,40.942,40.962,40.657,40.73,149637.32,36.560919657522085
2026-04-12 07:00:00+00:00,40.73,40.843,40.507,40.762,173794.9,37.0998580332103
2026-04-12 08:00:00+00:00,40.765,40.88,40.727,40.785,66270.72,37.5107710863657
2026-04-12 09:00:00+00:00,40.788,40.943,40.69,40.914,96238.3,39.8829241961632
2026-04-12 10:00:00+00:00,40.917,40.938,40.456,40.511,191112.25,35.36617789468532
2026-04-12 11:00:00+00:00,40.504,40.63,40.345,40.403,143955.76,34.24683651791956
2026-04-12 12:00:00+00:00,40.403,40.546,40.281,40.301,193023.51,33.17877592942834
2026-04-12 13:00:00+00:00,40.304,40.561,40.229,40.242,191726.65,32.546486295687316
2026-04-12 14:00:00+00:00,40.242,40.862,40.19,40.523,297233.67,38.55265865213272
2026-04-12 15:00:00+00:00,40.521,40.883,40.482,40.813,133412.24,44.08603100847374
2026-04-12 16:00:00+00:00,40.813,41.355,40.789,41.073,383626.08,48.55862429041338
2026-04-12 17:00:00+00:00,41.08,41.221,40.98,41.153,79881.93,49.88691026921395
2026-04-12 18:00:00+00:00,41.153,41.343,40.912,40.965,199149.73,46.82687299343966
2026-04-12 19:00:00+00:00,40.964,41.154,40.892,41.09,101062.63,49.064055036183674
2026-04-12 20:00:00+00:00,41.089,41.248,40.932,41.118,154802.93,49.57583180513503
2026-04-12 21:00:00+00:00,41.118,41.203,40.739,40.856,109300.85,45.01788520064745
2026-04-12 22:00:00+00:00,40.855,40.97,40.411,40.967,291835.78,47.23139381909255
2026-04-12 23:00:00+00:00,40.967,40.977,40.741,40.849,163858.43,45.15042610525648
2026-04-13 00:00:00+00:00,40.848,41.145,40.784,41.1,80472.66,50.17877474405363
2026-04-13 01:00:00+00:00,41.104,41.999,41.089,41.909,314375.42,62.205349198201496
2026-04-13 02:00:00+00:00,41.913,41.938,41.555,41.64,144512.39,57.256116537706305
2026-04-13 03:00:00+00:00,41.64,41.814,41.539,41.553,82926.01,55.71224052978837
2026-04-13 04:00:00+00:00,41.55,41.691,41.276,41.307,118002.06,51.484866645263196
2026-04-13 05:00:00+00:00,41.306,41.334,41.041,41.16,87106.41,49.08790310888747
2026-04-13 06:00:00+00:00,41.167,41.683,41.151,41.506,123770.5,54.461930749576325
2026-04-13 07:00:00+00:00,41.507,41.543,41.082,41.251,94251.85,50.25194565862503
2026-04-13 08:00:00+00:00,41.25,41.4,41.104,41.339,77094.7,51.6412262828299
2026-04-13 09:00:00+00:00,41.348,41.807,41.348,41.633,153687.57,56.056502151119076
2026-04-13 10:00:00+00:00,41.633,41.672,41.428,41.569,95071.26,54.88179874500749
2026-04-13 11:00:00+00:00,41.57,41.87,41.546,41.835,92944.6,58.750842667938365
2026-04-13 12:00:00+00:00,41.835,41.92,41.528,41.872,137121.54,59.27399535481662
2026-04-13 13:00:00+00:00,41.894,42.705,41.891,42.703,462258.64,68.83434239509681
2026-04-13 14:00:00+00:00,42.705,42.883,42.22,42.701,363958.32,68.79248651159013
2026-04-13 15:00:00+00:00,42.699,42.725,41.965,42.456,303549.64,63.68388892266383
2026-04-13 16:00:00+00:00,42.447,43.201,42.194,43.166,658255.35,70.51688282175286
2026-04-13 17:00:00+00:00,43.157,43.602,42.954,43.265,534123.82,71.32699731478601
2026-04-13 18:00:00+00:00,43.269,43.875,43.212,43.808,384369.13,75.33083744684966
2026-04-13 19:00:00+00:00,43.817,43.999,43.554,43.641,540298.01,72.0008506957542
2026-04-13 20:00:00+00:00,43.624,43.656,43.153,43.437,426811.06,68.04392885795812
2026-04-13 21:00:00+00:00,43.445,43.839,43.346,43.502,214637.68,68.63539185894368
2026-04-13 22:00:00+00:00,43.502,44.611,43.49,44.483,769925.38,75.88868762386238
2026-04-13 23:00:00+00:00,44.485,44.617,44.201,44.339,442746.04,73.21224811699652
2026-04-14 00:00:00+00:00,44.326,44.854,44.134,44.7,469484.39,75.54112367872014
2026-04-14 01:00:00+00:00,44.707,44.94,44.463,44.849,291080.16,76.45112884777164
2026-04-14 02:00:00+00:00,44.849,45.0,44.535,44.726,340058.76,74.0034040824392
2026-04-14 03:00:00+00:00,44.717,44.805,44.343,44.683,168469.85,73.12200057990808
2026-04-14 04:00:00+00:00,44.682,45.0,44.447,44.966,192664.25,75.21431373726476
2026-04-14 05:00:00+00:00,44.955,45.0,44.418,44.807,437171.04,71.8310389966199
2026-04-14 06:00:00+00:00,44.807,44.924,44.66,44.78,124436.16,71.24497862954915
2026-04-14 07:00:00+00:00,44.78,44.853,44.478,44.52,103215.81,65.68715307494821
2026-04-14 08:00:00+00:00,44.519,45.34,44.409,45.006,415117.08,70.34417484334949
2026-04-14 09:00:00+00:00,45.021,45.117,44.768,44.901,264032.32,68.19082221224613
2026-04-14 10:00:00+00:00,44.891,45.062,44.792,44.869,93496.85,67.51253010695467
2026-04-14 11:00:00+00:00,44.874,45.014,44.628,44.8,107536.98,65.98833075151776
2026-04-14 12:00:00+00:00,44.801,45.093,44.707,44.935,135676.7,67.53277393338351
2026-04-14 13:00:00+00:00,44.936,45.198,44.341,44.451,451386.25,57.458879058594505
2026-04-14 14:00:00+00:00,44.448,44.606,43.625,43.74,999493.74,46.488180201368586
2026-04-14 15:00:00+00:00,43.715,43.973,43.298,43.515,724697.81,43.64804176294652
2026-04-14 16:00:00+00:00,43.525,43.901,43.173,43.3,535855.71,41.066242031294266
2026-04-14 17:00:00+00:00,43.289,43.471,43.132,43.435,652337.23,43.33281356085267
2026-04-14 18:00:00+00:00,43.432,43.537,43.086,43.399,331013.98,42.859438701764965
2026-04-14 19:00:00+00:00,43.4,43.643,43.163,43.395,286005.11,42.80348747287023
2026-04-14 20:00:00+00:00,43.395,43.526,43.081,43.104,208908.15,38.83185569699871
2026-04-14 21:00:00+00:00,43.101,43.298,42.922,43.27,268564.67,42.13052763965217
2026-04-14 22:00:00+00:00,43.271,43.476,43.252,43.367,228124.61,44.02993434674592
2026-04-14 23:00:00+00:00,43.367,43.541,43.316,43.532,146220.88,47.204347842347275
2026-04-15 00:00:00+00:00,43.532,43.808,43.438,43.773,235852.91,51.5286001377516
2026-04-15 01:00:00+00:00,43.773,44.285,43.74,44.263,205933.03,58.89954577433245
2026-04-15 02:00:00+00:00,44.265,44.533,43.96,44.191,354787.22,57.51552118821193
2026-04-15 03:00:00+00:00,44.198,44.213,43.801,43.991,173537.58,53.73809238325829
2026-04-15 04:00:00+00:00,43.977,44.104,43.586,43.864,238024.2,51.42830579967288
2026-04-15 05:00:00+00:00,43.852,43.962,43.311,43.32,179823.16,42.918592281255215
2026-04-15 06:00:00+00:00,43.313,43.6,43.221,43.414,151050.35,44.62369418658032
2026-04-15 07:00:00+00:00,43.415,43.544,43.133,43.342,163065.67,43.550596885568744
2026-04-15 08:00:00+00:00,43.343,43.7,43.229,43.536,184094.18,47.23267166795831
2026-04-15 09:00:00+00:00,43.54,43.811,43.4,43.788,121854.57,51.644909789969475
2026-04-15 10:00:00+00:00,43.791,44.02,43.49,43.776,167935.27,51.42439970526644
2026-04-15 11:00:00+00:00,43.782,44.236,43.715,44.214,138687.11,58.40536939666171
2026-04-15 12:00:00+00:00,44.215,44.48,44.182,44.273,186543.01,59.25481668969812
2026-04-15 13:00:00+00:00,44.271,44.62,43.997,44.237,261526.98,58.47017972126652
2026-04-15 14:00:00+00:00,44.237,44.72,44.198,44.576,264832.12,63.38678011807722
2026-04-15 15:00:00+00:00,44.601,44.749,44.28,44.575,280783.2,63.36295005267514
2026-04-15 16:00:00+00:00,44.569,45.028,44.415,44.501,378125.01,61.519811669484504
2026-04-15 17:00:00+00:00,44.501,44.665,44.203,44.32,275261.09,57.141508838578225
2026-04-15 18:00:00+00:00,44.317,44.859,44.204,44.78,334722.19,64.12868963914019
2026-04-15 19:00:00+00:00,44.779,45.462,44.723,44.848,392208.61,65.03613462933052
2026-04-15 20:00:00+00:00,44.859,44.899,44.233,44.49,336779.23,56.87824129686502
2026-04-15 21:00:00+00:00,44.488,44.921,44.483,44.788,150038.55,61.23696188710652
2026-04-15 22:00:00+00:00,44.789,45.015,44.633,44.646,172365.25,58.21721359718616
2026-04-15 23:00:00+00:00,44.646,44.723,44.444,44.639,131507.39,58.06520524459285
2026-04-16 00:00:00+00:00,44.639,44.695,44.35,44.446,112624.72,53.88740867269349
2026-04-16 01:00:00+00:00,44.447,44.532,44.088,44.491,163770.57,54.70571261440425
2026-04-16 02:00:00+00:00,44.491,44.902,44.363,44.681,142203.0,58.0876307953931
2026-04-16 03:00:00+00:00,44.68,45.215,44.662,44.842,278005.94,60.761205249174964
2026-04-16 04:00:00+00:00,44.842,45.23,44.819,45.137,124578.61,65.14810124906786
2026-04-16 05:00:00+00:00,45.132,45.763,44.94,45.542,356779.39,70.09177701969233
2026-04-16 06:00:00+00:00,45.542,45.688,45.292,45.445,142042.69,67.61785327262439
2026-04-16 07:00:00+00:00,45.445,45.519,45.09,45.277,115437.91,63.44134044073413
2026-04-16 08:00:00+00:00,45.277,45.359,44.994,45.257,171926.67,62.94290988843435
2026-04-16 09:00:00+00:00,45.257,45.391,45.103,45.312,206451.19,63.78552999079072
2026-04-16 10:00:00+00:00,45.31,45.391,45.091,45.382,213495.04,64.88007619980287
2026-04-16 11:00:00+00:00,45.382,45.391,44.453,44.617,290688.67,47.856783926120016
2026-04-16 12:00:00+00:00,44.618,45.097,44.567,45.008,191015.9,54.43705781431149
2026-04-16 13:00:00+00:00,45.037,45.1,44.26,44.65,339874.82,48.41287696986088
2026-04-16 14:00:00+00:00,44.65,44.758,44.26,44.472,408252.12,45.7046479746955
2026-04-16 15:00:00+00:00,44.473,45.06,44.438,44.737,493365.42,50.17349484637687
2026-04-16 16:00:00+00:00,44.738,44.863,43.793,43.98,469187.81,40.03623201739571
2026-04-16 17:00:00+00:00,43.979,44.053,43.523,43.74,328858.96,37.45261272385545
2026-04-16 18:00:00+00:00,43.74,44.07,43.46,44.02,350106.43,42.14353952009276
2026-04-16 19:00:00+00:00,44.017,44.236,43.684,44.127,369102.98,43.87578792189565
2026-04-16 20:00:00+00:00,44.129,44.168,43.42,43.655,335721.16,38.41228306829089
2026-04-16 21:00:00+00:00,43.657,43.729,43.305,43.65,250125.86,38.357793582266524
2026-04-16 22:00:00+00:00,43.649,43.716,43.408,43.588,126720.64,37.644689893111284
2026-04-16 23:00:00+00:00,43.589,44.012,43.546,43.813,163089.81,41.86833427741237
2026-04-17 00:00:00+00:00,43.814,44.367,43.677,43.948,206232.37,44.30591447317433
2026-04-17 01:00:00+00:00,43.948,43.973,43.668,43.798,167005.88,42.18907315553085
2026-04-17 02:00:00+00:00,43.797,43.805,43.2,43.302,232854.84,36.0547797258034
2026-04-17 03:00:00+00:00,43.306,43.503,43.17,43.289,139678.11,35.90741448576938
2026-04-17 04:00:00+00:00,43.292,43.648,43.259,43.517,92443.67,40.50066860116387
2026-04-17 05:00:00+00:00,43.517,43.6,43.289,43.518,90874.73,40.52080248775944
2026-04-17 06:00:00+00:00,43.518,43.913,43.451,43.752,182322.83,45.194297884149755
2026-04-17 07:00:00+00:00,43.753,43.952,43.478,43.915,174658.18,48.244904869322184
2026-04-17 08:00:00+00:00,43.916,44.36,43.749,44.158,324569.28,52.49055160355858
2026-04-17 09:00:00+00:00,44.158,44.466,43.977,44.255,317876.86,54.10889040373146
2026-04-17 10:00:00+00:00,44.255,44.284,43.251,43.364,598813.48,40.47154370461618
2026-04-17 11:00:00+00:00,43.364,43.651,43.351,43.65,177217.43,45.24222150756466
2026-04-17 12:00:00+00:00,43.65,44.146,43.554,44.145,246297.64,52.35866831930521
2026-04-17 13:00:00+00:00,44.133,44.979,44.044,44.945,639729.09,61.14708214266299
2026-04-17 14:00:00+00:00,44.945,45.079,44.456,44.934,626678.43,60.98050897965442
2026-04-17 15:00:00+00:00,44.934,45.309,44.687,45.276,395392.6,64.24203050015011
2026-04-17 16:00:00+00:00,45.276,45.5,45.088,45.158,440999.58,62.306877877528095
2026-04-17 17:00:00+00:00,45.146,45.222,44.414,44.584,437395.44,53.81482880515736
2026-04-17 18:00:00+00:00,44.587,44.693,43.991,44.126,615845.72,48.17301670472694
2026-04-17 19:00:00+00:00,44.125,44.438,43.953,44.418,174390.33,51.65308284662366
2026-04-17 20:00:00+00:00,44.407,44.694,44.109,44.669,212757.11,54.482429707829226
2026-04-17 21:00:00+00:00,44.667,44.8,44.391,44.571,98705.34,53.17399006486238
2026-04-17 22:00:00+00:00,44.57,44.861,44.488,44.7,113507.43,54.71566749759204
2026-04-17 23:00:00+00:00,44.699,44.738,44.352,44.622,174368.67,53.5672616793255
2026-04-18 00:00:00+00:00,44.622,44.874,44.468,44.866,163103.14,56.633579493503966
2026-04-18 01:00:00+00:00,44.865,45.21,44.742,44.961,163588.65,57.802010548225695
2026-04-18 02:00:00+00:00,44.96,45.21,44.94,45.163,94681.88,60.25419566532939
2026-04-18 03:00:00+00:00,45.162,45.456,45.065,45.14,204291.85,59.827884907099644
2026-04-18 04:00:00+00:00,45.139,45.18,44.854,45.013,162377.86,57.41239497667269
2026-04-18 05:00:00+00:00,45.004,45.08,44.802,44.818,119102.91,53.819404673671805
2026-04-18 06:00:00+00:00,44.815,44.945,44.744,44.825,99895.8,53.93086198938258
2026-04-18 07:00:00+00:00,44.829,44.842,44.604,44.609,112021.66,49.92660892993861
2026-04-18 08:00:00+00:00,44.616,44.997,44.326,44.997,229714.15,56.215413067567745
2026-04-18 09:00:00+00:00,44.996,45.108,44.598,44.786,126385.41,52.36392405946322
2026-04-18 10:00:00+00:00,44.786,44.79,44.379,44.478,124639.81,47.27254761331941
2026-04-18 11:00:00+00:00,44.478,44.489,44.05,44.306,251026.72,44.66102310289858
2026-04-18 12:00:00+00:00,44.306,44.486,43.97,44.231,178092.53,43.53172531284932
2026-04-18 13:00:00+00:00,44.227,44.327,44.006,44.074,282317.41,41.18408118480147
2026-04-18 14:00:00+00:00,44.086,44.432,44.056,44.361,121178.32,46.829122673218244
2026-04-18 15:00:00+00:00,44.361,44.627,44.263,44.587,108282.93,50.831094432386855
2026-04-18 16:00:00+00:00,44.579,44.701,44.106,44.239,162101.44,45.19075455824168
2026-04-18 17:00:00+00:00,44.239,44.291,44.118,44.181,40157.5,44.30829604805879
2026-04-18 18:00:00+00:00,44.184,44.284,44.0,44.174,150310.33,44.19612426622861
2026-04-18 19:00:00+00:00,44.167,44.312,43.733,43.995,249902.52,41.31571923011003
2026-04-18 20:00:00+00:00,44.0,44.157,43.903,44.125,61465.88,44.16197814950803
2026-04-18 21:00:00+00:00,44.122,44.203,43.933,44.182,109673.8,45.4121361505774
2026-04-18 22:00:00+00:00,44.182,44.257,44.062,44.19,84625.63,45.596240313451155
2026-04-18 23:00:00+00:00,44.187,44.286,43.717,43.781,171258.28,38.455489788220106
2026-04-19 00:00:00+00:00,43.78,43.933,43.4,43.653,295523.11,36.52749413142932
2026-04-19 01:00:00+00:00,43.653,43.708,43.35,43.576,157422.71,35.378410957190724
2026-04-19 02:00:00+00:00,43.575,43.64,43.1,43.335,416439.72,31.986748090230137
2026-04-19 03:00:00+00:00,43.332,43.415,43.148,43.34,233208.92,32.132118592722534
2026-04-19 04:00:00+00:00,43.34,43.633,43.325,43.6,172389.25,39.38709310417166
2026-04-19 05:00:00+00:00,43.596,43.643,43.428,43.45,68746.87,36.934071470157406
2026-04-19 06:00:00+00:00,43.45,43.45,43.197,43.45,66145.65,36.934071470157406
2026-04-19 07:00:00+00:00,43.449,43.45,42.888,43.141,271269.54,32.150313028342424
2026-04-19 08:00:00+00:00,43.14,43.333,43.08,43.301,80599.71,36.72066992990963
2026-04-19 09:00:00+00:00,43.3,43.327,42.681,42.913,240431.69,31.227361492854357
2026-04-19 10:00:00+00:00,42.921,43.063,42.83,43.043,128890.32,34.74947777828734
2026-04-19 11:00:00+00:00,43.043,43.412,42.911,43.397,254446.73,43.269644651368196
2026-04-19 12:00:00+00:00,43.396,43.53,43.14,43.501,137563.19,45.52032280389357
2026-04-19 13:00:00+00:00,43.501,43.925,43.466,43.589,302068.5,47.42115149341632
2026-04-19 14:00:00+00:00,43.588,43.652,43.392,43.567,155483.16,46.97984056400548
2026-04-19 15:00:00+00:00,43.564,43.656,43.267,43.371,124423.47,43.128963268832855
2026-04-19 16:00:00+00:00,43.371,43.39,43.072,43.168,153786.94,39.51613550448696
2026-04-19 17:00:00+00:00,43.164,43.182,41.844,41.888,1067745.56,25.188402525373036
2026-04-19 18:00:00+00:00,41.887,41.95,41.377,41.437,907752.13,22.14209971604612
2026-04-19 19:00:00+00:00,41.437,41.67,41.437,41.555,215286.23,24.70783804790527
2026-04-19 20:00:00+00:00,41.552,41.63,41.214,41.403,258168.85,23.627704464369245
2026-04-19 21:00:00+00:00,41.403,41.529,41.02,41.074,216719.48,21.442668688682147
2026-04-19 22:00:00+00:00,41.073,41.367,40.84,41.072,446926.08,21.429694751583057
2026-04-19 23:00:00+00:00,41.069,41.08,40.5,40.69,529305.73,19.057856563135743
2026-04-20 00:00:00+00:00,40.69,41.317,40.676,41.19,420145.69,29.98162367600071
2026-04-20 01:00:00+00:00,41.19,41.61,41.19,41.572,309783.76,36.9793746329442
2026-04-20 02:00:00+00:00,41.575,41.577,41.003,41.013,186077.27,31.94763371269454
2026-04-20 03:00:00+00:00,41.015,41.408,40.9,41.232,222667.59,35.64230801869563
2026-04-20 04:00:00+00:00,41.235,41.27,40.947,40.991,139651.24,33.48766462473826
2026-04-20 05:00:00+00:00,40.991,41.156,40.717,41.069,274170.71,34.860183598267255
2026-04-20 06:00:00+00:00,41.069,41.482,40.973,41.134,231988.29,36.04457966028545
2026-04-20 07:00:00+00:00,41.15,41.568,40.782,40.91,313975.87,33.76607289044965
2026-04-20 08:00:00+00:00,40.91,41.066,40.712,40.871,218627.22,33.37054696521018
2026-04-20 09:00:00+00:00,40.879,41.24,40.842,41.022,162420.8,36.473303486479246
2026-04-20 10:00:00+00:00,41.023,41.233,40.938,40.952,164203.87,35.64463393036324
2026-04-20 11:00:00+00:00,40.958,41.221,40.915,41.19,92038.07,40.587172901264275
2026-04-20 12:00:00+00:00,41.198,41.568,41.147,41.415,251023.21,44.89581265070581
2026-04-20 13:00:00+00:00,41.42,41.441,41.011,41.172,206545.75,41.403556787260136
2026-04-20 14:00:00+00:00,41.172,41.79,40.872,40.97,417423.89,38.70810302902591
2026-04-20 15:00:00+00:00,40.975,41.613,40.585,41.192,677596.03,43.092876457049584
2026-04-20 16:00:00+00:00,41.199,41.256,40.73,40.767,392449.7,37.55400826023817
2026-04-20 17:00:00+00:00,40.76,41.543,40.67,41.258,534087.59,46.163364917166945
2026-04-20 18:00:00+00:00,41.258,41.633,41.169,41.41,370381.94,48.529144597941254
2026-04-20 19:00:00+00:00,41.41,41.478,41.144,41.321,104605.93,47.22068659057859
2026-04-20 20:00:00+00:00,41.318,41.565,41.145,41.447,243221.16,49.3046518959497
2026-04-20 21:00:00+00:00,41.447,41.575,40.956,40.996,220001.99,42.79171174176458
2026-04-20 22:00:00+00:00,40.996,41.129,40.8,40.959,139016.42,42.298061312937534
2026-04-20 23:00:00+00:00,40.943,40.943,40.561,40.705,215964.38,38.97412348484493
2026-04-21 00:00:00+00:00,40.7,40.716,40.359,40.57,493873.95,37.296534207476796
2026-04-21 01:00:00+00:00,40.57,40.983,40.487,40.836,201243.07,42.5443056707092
2026-04-21 02:00:00+00:00,40.844,40.888,40.652,40.819,137571.66,42.30064673500279
2026-04-21 03:00:00+00:00,40.819,41.428,40.719,41.262,282145.84,50.29019857624563
2026-04-21 04:00:00+00:00,41.261,41.38,40.9,41.133,266373.59,48.197315386433374
2026-04-21 05:00:00+00:00,41.133,41.321,40.983,41.015,109869.61,46.29924409623519
2026-04-21 06:00:00+00:00,41.022,41.141,40.746,40.959,139054.27,45.38576206945248
2026-04-21 07:00:00+00:00,40.957,40.979,40.613,40.906,240054.5,44.491074251059786
2026-04-21 08:00:00+00:00,40.911,41.199,40.798,40.939,178884.89,45.215234123664274
2026-04-21 09:00:00+00:00,40.934,40.947,40.573,40.788,227742.53,42.48408393997565
2026-04-21 10:00:00+00:00,40.799,41.256,40.784,41.09,198015.15,49.105438637429835
2026-04-21 11:00:00+00:00,41.094,41.105,40.817,40.869,106028.49,45.02090008629197
2026-04-21 12:00:00+00:00,40.868,40.897,40.476,40.728,291540.99,42.58700408938224
2026-04-21 13:00:00+00:00,40.73,40.777,40.12,40.427,587880.0,37.8791775761452
2026-04-21 14:00:00+00:00,40.43,40.69,40.1,40.1,350322.02,33.54119473770257
2026-04-21 15:00:00+00:00,40.1,40.335,39.8,40.006,569752.26,32.39277607483585
2026-04-21 16:00:00+00:00,40.007,40.1,39.58,39.995,525562.56,32.25360483727354
2026-04-21 17:00:00+00:00,39.996,40.007,39.502,39.511,536270.77,26.798019233658437
2026-04-21 18:00:00+00:00,39.512,39.609,39.036,39.269,670486.88,24.561027718473753
2026-04-21 19:00:00+00:00,39.268,39.364,38.886,38.951,523498.74,21.96617603547091
2026-04-21 20:00:00+00:00,38.95,39.74,38.89,39.357,689356.33,31.863731552140194
2026-04-21 21:00:00+00:00,39.344,39.5,39.134,39.394,164789.87,32.70147487936333
2026-04-21 22:00:00+00:00,39.387,39.609,39.36,39.518,133509.51,35.5609505255685
2026-04-21 23:00:00+00:00,39.524,39.906,39.514,39.764,234585.78,40.92375364928233
2026-04-22 00:00:00+00:00,39.762,40.076,39.695,39.939,215296.07,44.46454769538898
2026-04-22 01:00:00+00:00,39.939,39.995,39.624,39.793,98950.19,42.19247478619137
2026-04-22 02:00:00+00:00,39.792,40.668,39.772,40.439,599281.78,53.511693590200686
2026-04-22 03:00:00+00:00,40.438,40.691,39.934,40.101,342899.64,48.19432412247057
2026-04-22 04:00:00+00:00,40.104,40.342,39.952,40.342,135784.64,51.86694889319843
2026-04-22 05:00:00+00:00,40.342,40.681,40.23,40.29,249908.48,51.0263959100186
2026-04-22 06:00:00+00:00,40.29,40.522,40.182,40.489,150186.67,54.09253677830409
2026-04-22 07:00:00+00:00,40.489,40.669,40.292,40.394,195703.13,52.40573493860964
2026-04-22 08:00:00+00:00,40.405,40.615,40.307,40.51,101892.78,54.28050168016755
2026-04-22 09:00:00+00:00,40.515,40.65,40.464,40.515,102633.93,54.36394611898321
2026-04-22 10:00:00+00:00,40.519,41.046,40.459,40.998,377908.89,61.646204726649
2026-04-22 11:00:00+00:00,40.997,41.094,40.759,41.058,261873.95,62.44784889236018
2026-04-22 12:00:00+00:00,41.058,41.28,40.972,41.189,383170.38,64.20689565750226
2026-04-22 13:00:00+00:00,41.189,41.528,41.101,41.274,350148.95,65.34134873442379
2026-04-22 14:00:00+00:00,41.274,41.398,41.221,41.221,50498.35,63.97968185395481
